direction,lag,condition,win_true,win_rate,lose_true,lose_rate,lift,p,BY_reject
LONG,0,ADX_Rising:==0,118,0.466403162055336,324,0.46551724137931033,1.0019030888596108,1.0,
LONG,0,ADX_Rising:==1,135,0.5335968379446641,372,0.5344827586206896,0.9983424709932425,1.0,
LONG,0,ADX_Value:hi,26,0.10276679841897234,31,0.04454022988505747,2.3072803774066046,0.001707258602158682,
LONG,0,ADX_Value:lo,66,0.2608695652173913,226,0.32471264367816094,0.8033859176606386,0.06725538694178096,
LONG,0,ATR_1M:hi,233,0.9209486166007905,515,0.7399425287356322,1.2446218197167966,1.621079069844173e-10,
LONG,0,ATR_1M:lo,0,0.0,0,0.0,inf,1.0,
LONG,0,AT_Lookback_LT:hi,28,0.11067193675889328,124,0.1781609195402299,0.6211908708402397,0.012222329513912038,
LONG,0,AT_Lookback_LT:lo,0,0.0,0,0.0,inf,1.0,
LONG,0,AT_Lookback_ST:hi,112,0.4426877470355731,179,0.257183908045977,1.7212886700377592,8.152403769949792e-08,
LONG,0,AT_Lookback_ST:lo,0,0.0,0,0.0,inf,1.0,
LONG,0,AT_Regime_LT:==0,74,0.2924901185770751,341,0.4899425287356322,0.5969886291191914,5.590851862076533e-08,
LONG,0,AT_Regime_LT:==1,179,0.7075098814229249,355,0.5100574712643678,1.3871179647052274,5.590851862076533e-08,
LONG,0,AT_Regime_ST:==0,62,0.2450592885375494,320,0.45977011494252873,0.53300395256917,1.6330248532394737e-09,
LONG,0,AT_Regime_ST:==1,191,0.7549407114624506,376,0.5402298850574713,1.397443444621983,1.6330248532394737e-09,
LONG,0,AT_Score_LT:hi,9,0.03557312252964427,31,0.04454022988505747,0.798673976794594,0.7148184756411577,
LONG,0,AT_Score_LT:lo,63,0.2490118577075099,99,0.14224137931034483,1.7506288178224936,0.00019258626152445513,
LONG,0,AT_Score_ST:hi,5,0.019762845849802372,15,0.021551724137931036,0.91699604743083,1.0,
LONG,0,AT_Score_ST:lo,66,0.2608695652173913,87,0.125,2.0869565217391304,1.3120057734334509e-06,
LONG,0,AT_Slope_LT:hi,38,0.15019762845849802,171,0.24568965517241378,0.61133069828722,0.0014242495330562281,
LONG,0,AT_Slope_LT:lo,141,0.5573122529644269,219,0.3146551724137931,1.7711841464074938,1.8864304147907086e-11,
LONG,0,AT_Slope_ST:hi,31,0.1225296442687747,150,0.21551724137931033,0.5685375494071147,0.0010471569304087798,
LONG,0,AT_Slope_ST:lo,159,0.6284584980237155,271,0.38936781609195403,1.6140483934483614,6.666425117158409e-11,
LONG,0,Bar_Range:hi,218,0.8616600790513834,498,0.7155172413793104,1.2042478213248249,2.3027141633958132e-06,
LONG,0,Bar_Range:lo,0,0.0,0,0.0,inf,1.0,
LONG,0,Bars_Since_Flip:hi,94,0.3715415019762846,154,0.22126436781609196,1.679174580360351,5.7641844281329804e-06,
LONG,0,Bars_Since_Flip:lo,54,0.2134387351778656,251,0.36063218390804597,0.5918460545171094,1.4287453536636212e-05,
LONG,0,Body_Size:hi,173,0.6837944664031621,465,0.6681034482758621,1.0234859110034427,0.6959306814753241,
LONG,0,Body_Size:lo,6,0.023715415019762844,25,0.035919540229885055,0.6602371541501976,0.41448036831073387,
LONG,0,D2D_ATR:hi,222,0.8774703557312253,423,0.6077586206896551,1.4437810108485412,9.916403487233389e-17,
LONG,0,D2D_ATR:lo,0,0.0,3,0.004310344827586207,0.0,0.5690654733557869,
LONG,0,D2D_ATR_MA:hi,196,0.7747035573122529,375,0.5387931034482759,1.4378498023715414,2.7686420007731287e-11,
LONG,0,D2D_ATR_MA:lo,0,0.0,38,0.05459770114942529,0.0,7.328034189475798e-06,
LONG,0,D2D_DirStep:==-1,67,0.2648221343873518,145,0.20833333333333334,1.2711462450592885,0.07769244804954271,
LONG,0,D2D_DirStep:==1,186,0.7351778656126482,551,0.7916666666666666,0.9286457249843978,0.07769244804954271,
LONG,0,D2D_Dn_Count:hi,0,0.0,0,0.0,inf,1.0,
LONG,0,D2D_Dn_Count:lo,0,0.0,0,0.0,inf,1.0,
LONG,0,D2D_Dynamic_Sensitivity:hi,0,0.0,0,0.0,inf,1.0,
LONG,0,D2D_Dynamic_Sensitivity:lo,39,0.1541501976284585,154,0.22126436781609196,0.6966788152558904,0.02279561610170907,
LONG,0,D2D_Persist:hi,28,0.11067193675889328,70,0.10057471264367816,1.100395256916996,0.6314834493182216,
LONG,0,D2D_Persist:lo,19,0.07509881422924901,50,0.07183908045977011,1.0453754940711462,0.8877611723118313,
LONG,0,D2D_Signal:==-1,0,0.0,0,0.0,inf,1.0,
LONG,0,D2D_Signal:==0,135,0.5335968379446641,289,0.41522988505747127,1.2850636650847274,0.0014727807879769408,
LONG,0,D2D_Signal:==1,118,0.466403162055336,407,0.5847701149425287,0.7975837857260782,0.0014727807879769408,
LONG,0,D2D_Up_Count:hi,120,0.4743083003952569,407,0.5847701149425287,0.8111021549756727,0.003086909204371318,
LONG,0,D2D_Up_Count:lo,0,0.0,0,0.0,inf,1.0,
LONG,0,DailyOpen_Dist_ATR:hi,24,0.09486166007905138,62,0.08908045977011494,1.0648986357261252,0.7985388602693595,
LONG,0,DailyOpen_Dist_ATR:lo,110,0.43478260869565216,229,0.3290229885057471,1.3214353521928992,0.0035467868081206525,
LONG,0,DailyOpen_Side:==-1,152,0.6007905138339921,308,0.4425287356321839,1.3576305117807093,1.9340451283939032e-05,
LONG,0,DailyOpen_Side:==0,0,0.0,1,0.0014367816091954023,0.0,1.0,
LONG,0,DailyOpen_Side:==1,101,0.39920948616600793,387,0.5560344827586207,0.7179581456628981,2.001744152273309e-05,
LONG,0,Dist_To_PoC_ATR:hi,12,0.04743083003952569,75,0.10775862068965517,0.4401581027667984,0.0033581278524084154,
LONG,0,Dist_To_PoC_ATR:lo,59,0.233201581027668,136,0.19540229885057472,1.193443385259242,0.20454257043762675,
LONG,0,EMA_Oscillator:hi,81,0.3201581027667984,161,0.23132183908045978,1.384037512581936,0.006945945797853019,
LONG,0,EMA_Oscillator:lo,41,0.16205533596837945,78,0.11206896551724138,1.4460322286409244,0.04586154791026392,
LONG,0,Efficiency_Ratio:hi,86,0.33992094861660077,208,0.2988505747126437,1.1374277896017024,0.23433767072046074,
LONG,0,Efficiency_Ratio:lo,26,0.10276679841897234,86,0.1235632183908046,0.8316940895302877,0.4265970678682105,
LONG,0,Harmonic_D2D_Concordance:==0,222,0.8774703557312253,558,0.8017241379310345,1.0944791533851843,0.007085342578389763,
LONG,0,Harmonic_D2D_Concordance:==1,31,0.1225296442687747,138,0.19827586206896552,0.6179755971816463,0.007085342578389763,
LONG,0,Harmonic_LLEMA:hi,29,0.11462450592885376,128,0.1839080459770115,0.6232707509881423,0.01027185069459878,
LONG,0,Harmonic_LLEMA:lo,6,0.023715415019762844,9,0.01293103448275862,1.83399209486166,0.24581036744283458,
LONG,0,Harmonic_OBVf_Concordance:==0,228,0.9011857707509882,614,0.882183908045977,1.021539570753563,0.48630884981083194,
LONG,0,Harmonic_OBVf_Concordance:==1,25,0.09881422924901186,82,0.11781609195402298,0.8387158970403934,0.48630884981083194,
LONG,0,KAMA_Dist:hi,130,0.5138339920948617,287,0.41235632183908044,1.2460921898885846,0.006172106874291551,
LONG,0,KAMA_Dist:lo,27,0.1067193675889328,44,0.06321839080459771,1.6881063600431188,0.03532413295318668,
LONG,0,KAMA_Dist_ATR:hi,19,0.07509881422924901,64,0.09195402298850575,0.816699604743083,0.5158061445046203,
LONG,0,KAMA_Dist_ATR:lo,4,0.015810276679841896,4,0.005747126436781609,2.75098814229249,0.21993046288038703,
LONG,0,KAMA_Slope:hi,63,0.2490118577075099,174,0.25,0.9960474308300395,1.0,
LONG,0,KAMA_Slope:lo,11,0.043478260869565216,14,0.020114942528735632,2.1614906832298137,0.0640674531301249,
LONG,0,Lower_Wick:hi,88,0.34782608695652173,248,0.3563218390804598,0.9761570827489481,0.8184231867068787,
LONG,0,Lower_Wick:lo,41,0.16205533596837945,116,0.16666666666666666,0.9723320158102767,0.921458755264354,
LONG,0,Micro_Amihud:hi,86,0.33992094861660077,229,0.3290229885057471,1.033122184441721,0.7557005554430313,
LONG,0,Micro_Amihud:lo,35,0.1383399209486166,83,0.11925287356321838,1.160055240725749,0.43717270524137053,
LONG,0,Micro_AutoCorr:hi,71,0.28063241106719367,168,0.2413793103448276,1.162619988706945,0.23649466852029205,
LONG,0,Micro_AutoCorr:lo,36,0.1422924901185771,131,0.1882183908045977,0.7559967413933562,0.10244758917372024,
LONG,0,Micro_BarEntropy:hi,44,0.17391304347826086,94,0.13505747126436782,1.2876965772432931,0.1449578815011729,
LONG,0,Micro_BarEntropy:lo,68,0.26877470355731226,217,0.3117816091954023,0.8620608003497203,0.22963576730176066,
LONG,0,Micro_BarOverlap:hi,25,0.09881422924901186,88,0.12643678160919541,0.7815307222421846,0.259454384979577,
LONG,0,Micro_BarOverlap:lo,101,0.39920948616600793,271,0.38936781609195403,1.0252760235112233,0.8216032371944846,
LONG,0,Micro_CSSpread:hi,57,0.22529644268774704,148,0.21264367816091953,1.0595021899369725,0.7212916613972955,
LONG,0,Micro_CSSpread:lo,48,0.18972332015810275,140,0.20114942528735633,0.9431959345002823,0.7823606749318721,
LONG,0,Micro_Entropy:hi,33,0.13043478260869565,94,0.13505747126436782,0.96577243293247,0.9143512802854856,
LONG,0,Micro_Entropy:lo,59,0.233201581027668,160,0.22988505747126436,1.0144268774703558,0.9306577812682924,
LONG,0,Micro_FailedBreak:hi,127,0.5019762845849802,390,0.5603448275862069,0.8958346001824263,0.12166328587836128,
LONG,0,Micro_FailedBreak:lo,0,0.0,0,0.0,inf,1.0,
LONG,0,Micro_FractalDim:hi,40,0.15810276679841898,146,0.20977011494252873,0.7536953814499974,0.07945180971482067,
LONG,0,Micro_FractalDim:lo,42,0.16600790513833993,93,0.1336206896551724,1.2423817416804797,0.20863241860197507,
LONG,0,Micro_GarmanKlass:hi,217,0.857707509881423,452,0.6494252873563219,1.3207177585784742,1.269642437751282e-10,
LONG,0,Micro_GarmanKlass:lo,0,0.0,0,0.0,inf,1.0,
LONG,0,Micro_HLAsymmetry:hi,183,0.7233201581027668,474,0.6810344827586207,1.0620903587331767,0.23304207146119074,
LONG,0,Micro_HLAsymmetry:lo,42,0.16600790513833993,78,0.11206896551724138,1.481301307388264,0.0353317177094594,
LONG,0,Micro_Hurst:hi,74,0.2924901185770751,106,0.15229885057471265,1.92050115594004,2.447608101632839e-06,
LONG,0,Micro_Hurst:lo,30,0.11857707509881422,112,0.16091954022988506,0.7368718238283456,0.1224833033795033,
LONG,0,Micro_IBSP:hi,90,0.3557312252964427,340,0.4885057471264368,0.7282027435480121,0.00029668856514824876,
LONG,0,Micro_IBSP:lo,13,0.05138339920948617,34,0.04885057471264368,1.0518484073471286,0.8664242084259526,
LONG,0,Micro_Lambda:hi,90,0.3557312252964427,289,0.41522988505747127,0.8567091100564848,0.09988255338955145,
LONG,0,Micro_Lambda:lo,27,0.1067193675889328,69,0.09913793103448276,1.0764736208970613,0.7163533238161639,
LONG,0,Micro_LogReturn:hi,187,0.7391304347826086,525,0.7543103448275862,0.9798757763975154,0.6716300170529037,
LONG,0,Micro_LogReturn:lo,24,0.09486166007905138,58,0.08333333333333333,1.1383399209486167,0.601625427896922,
LONG,0,Micro_MicroGap:hi,38,0.15019762845849802,119,0.17097701149425287,0.878466801740459,0.48986045475905504,
LONG,0,Micro_MicroGap:lo,38,0.15019762845849802,73,0.10488505747126436,1.4320212247549948,0.06704179646015708,
LONG,0,Micro_MomoTransfer:hi,82,0.3241106719367589,237,0.34051724137931033,0.9518186821433933,0.6976795479605011,
LONG,0,Micro_MomoTransfer:lo,46,0.18181818181818182,157,0.22557471264367815,0.8060220034742328,0.15300608113523687,
LONG,0,Micro_OrderFlowDelta:hi,160,0.6324110671936759,469,0.6738505747126436,0.9385034174132163,0.24450800758201516,
LONG,0,Micro_OrderFlowDelta:lo,33,0.13043478260869565,75,0.10775862068965517,1.2104347826086956,0.3552148019435303,
LONG,0,Micro_PriceAccel:hi,131,0.5177865612648221,392,0.5632183908045977,0.9193353230620311,0.2376703857748606,
LONG,0,Micro_PriceAccel:lo,44,0.17391304347826086,108,0.15517241379310345,1.1207729468599033,0.4848488830518736,
LONG,0,Micro_RangeAccel:hi,113,0.44664031620553357,308,0.4425287356321839,1.0092911041527641,0.9411426129470304,
LONG,0,Micro_RangeAccel:lo,92,0.36363636363636365,172,0.2471264367816092,1.4714587737843552,0.0005606111754428941,
LONG,0,Micro_RangeVelocity:hi,118,0.466403162055336,325,0.46695402298850575,0.998820310124658,1.0,
LONG,0,Micro_RangeVelocity:lo,76,0.30039525691699603,165,0.23706896551724138,1.2671218109953286,0.05244956846003873,
LONG,0,Micro_Rejection:hi,33,0.13043478260869565,102,0.14655172413793102,0.8900255754475704,0.599505383783453,
LONG,0,Micro_Rejection:lo,63,0.2490118577075099,88,0.12643678160919541,1.9694574200503052,1.3022388834262848e-05,
LONG,0,Micro_RollProxy:hi,152,0.6007905138339921,374,0.5373563218390804,1.1180486567605843,0.08948028279476704,
LONG,0,Micro_RollProxy:lo,68,0.26877470355731226,212,0.3045977011494253,0.882392422999478,0.2964389499652904,
LONG,0,Micro_ThrustEff:hi,138,0.5454545454545454,408,0.5862068965517241,0.93048128342246,0.2662134221275106,
LONG,0,Micro_ThrustEff:lo,16,0.06324110671936758,22,0.031609195402298854,2.0007186489399924,0.0379922648743288,
LONG,0,Micro_TickIntensity:hi,36,0.1422924901185771,83,0.11925287356321838,1.193199676175056,0.3751394208401107,
LONG,0,Micro_TickIntensity:lo,90,0.3557312252964427,263,0.37787356321839083,0.9414027863358331,0.5444410003242974,
LONG,0,Micro_VPIN:hi,63,0.2490118577075099,179,0.257183908045977,0.9682248768962396,0.8662857234245995,
LONG,0,Micro_VPIN:lo,41,0.16205533596837945,112,0.16091954022988506,1.0070581592320724,1.0,
LONG,0,Micro_VolAccel:hi,86,0.33992094861660077,225,0.3232758620689655,1.0514888010540184,0.6394289733946452,
LONG,0,Micro_VolAccel:lo,53,0.20948616600790515,159,0.22844827586206898,0.9169960474308301,0.5970571482604057,
LONG,0,Micro_VolOfVol:hi,102,0.4031620553359684,230,0.33045977011494254,1.2200034370166695,0.045228718062235884,
LONG,0,Micro_VolOfVol:lo,49,0.19367588932806323,136,0.19540229885057472,0.9911648453847941,1.0,
LONG,0,Micro_WickImbalance:hi,52,0.20553359683794467,170,0.2442528735632184,0.8414787258777029,0.22562307097724232,
LONG,0,Micro_WickImbalance:lo,102,0.4031620553359684,235,0.33764367816091956,1.1940459170801445,0.06587691236733968,
LONG,0,Momentum_Value:hi,161,0.6363636363636364,361,0.5186781609195402,1.2268949886678417,0.0014840311427863743,
LONG,0,Momentum_Value:lo,54,0.2134387351778656,153,0.21982758620689655,0.9709369913973495,0.8593643303553734,
LONG,0,MultiDay_Position:hi,34,0.13438735177865613,182,0.2614942528735632,0.5139208617469487,2.3973356190212852e-05,
LONG,0,MultiDay_Position:lo,106,0.4189723320158103,199,0.2859195402298851,1.4653504677537887,0.00015387934694980682,
LONG,0,MultiDay_Slope:hi,35,0.1383399209486166,121,0.17385057471264367,0.7957403717374972,0.19964055848511475,
LONG,0,MultiDay_Slope:lo,53,0.20948616600790515,177,0.2543103448275862,0.8237422120988813,0.17064499253571613,
LONG,0,OBV_Macd:hi,32,0.12648221343873517,141,0.2025862068965517,0.6243377344209906,0.007605574850804444,
LONG,0,OBV_Macd:lo,149,0.5889328063241107,219,0.3146551724137931,1.87167686393416,4.41460355027234e-14,
LONG,0,OBV_Velocity:hi,78,0.308300395256917,156,0.22413793103448276,1.3754940711462451,0.010468760317340543,
LONG,0,OBV_Velocity:lo,32,0.12648221343873517,60,0.08620689655172414,1.4671936758893278,0.08156864765622007,
LONG,0,OBVf_DirStepCount:hi,0,0.0,5,0.007183908045977011,0.0,0.3325930622115817,
LONG,0,OBVf_DirStepCount:lo,38,0.15019762845849802,103,0.14798850574712644,1.014927664146744,0.9181299385833783,
LONG,0,OBVf_Signal:==-1,106,0.4189723320158103,370,0.5316091954022989,0.788120927251362,0.0025772595192185164,
LONG,0,OBVf_Signal:==1,147,0.5810276679841897,326,0.46839080459770116,1.2404762482116443,0.0025772595192185164,
LONG,0,OBVf_Trend_Dir:==-1,106,0.4189723320158103,370,0.5316091954022989,0.788120927251362,0.0025772595192185164,
LONG,0,OBVf_Trend_Dir:==1,147,0.5810276679841897,326,0.46839080459770116,1.2404762482116443,0.0025772595192185164,
LONG,0,OR_High_Dist_ATR:hi,62,0.2450592885375494,130,0.1867816091954023,1.3120097294010338,0.05487305012796555,
LONG,0,OR_High_Dist_ATR:lo,0,0.0,0,0.0,inf,1.0,
LONG,0,OR_High_Side:==-1,163,0.6442687747035574,306,0.4396551724137931,1.4653956444237777,3.07652945588177e-08,
LONG,0,OR_High_Side:==0,35,0.1383399209486166,188,0.27011494252873564,0.5121520477672189,1.3758873960277824e-05,
LONG,0,OR_High_Side:==1,55,0.21739130434782608,202,0.29022988505747127,0.7490314248816186,0.025886969955207135,
LONG,0,OR_Low_Dist_ATR:hi,47,0.1857707509881423,130,0.1867816091954023,0.9945880206749773,1.0,
LONG,0,OR_Low_Dist_ATR:lo,0,0.0,0,0.0,inf,1.0,
LONG,0,OR_Low_Side:==-1,115,0.45454545454545453,160,0.22988505747126436,1.9772727272727273,5.790949826253551e-11,
LONG,0,OR_Low_Side:==0,35,0.1383399209486166,186,0.2672413793103448,0.5176590590335332,1.9517563514808597e-05,
LONG,0,OR_Low_Side:==1,103,0.40711462450592883,350,0.5028735632183908,0.8095765104460756,0.010069299144394826,
LONG,0,OR_Position:hi,66,0.2608695652173913,246,0.35344827586206895,0.7380699893955461,0.007831327897427558,
LONG,0,OR_Position:lo,121,0.4782608695652174,178,0.2557471264367816,1.8700537371763557,1.794069298762766e-10,
LONG,0,PoC_Side:==-1,6,0.023715415019762844,4,0.005747126436781609,4.126482213438735,0.02634106338668256,
LONG,0,PoC_Side:==0,1,0.003952569169960474,16,0.022988505747126436,0.1719367588932806,0.05378209228856949,
LONG,0,PoC_Side:==1,246,0.9723320158102767,676,0.9712643678160919,1.0010992352129477,1.0,
LONG,0,PrevDay_Close_Dist_ATR:hi,23,0.09090909090909091,70,0.10057471264367816,0.9038961038961039,0.7123493842255602,
LONG,0,PrevDay_Close_Dist_ATR:lo,110,0.43478260869565216,233,0.33477011494252873,1.2987497667475276,0.005875689808509498,
LONG,0,PrevDay_Close_Side:==-1,162,0.6403162055335968,322,0.46264367816091956,1.384037512581936,1.2113311857516582e-06,
LONG,0,PrevDay_Close_Side:==0,0,0.0,0,0.0,inf,1.0,
LONG,0,PrevDay_Close_Side:==1,91,0.35968379446640314,374,0.5373563218390804,0.6693580774027181,1.2113311857516582e-06,
LONG,0,PrevDay_High_Dist_ATR:hi,25,0.09881422924901186,69,0.09913793103448276,0.9967348341639456,1.0,
LONG,0,PrevDay_High_Dist_ATR:lo,102,0.4031620553359684,265,0.3807471264367816,1.0588709075993736,0.54696298512628,
LONG,0,PrevDay_High_Side:==-1,232,0.9169960474308301,534,0.7672413793103449,1.1951858595727671,4.8950462162881425e-08,
LONG,0,PrevDay_High_Side:==0,0,0.0,0,0.0,inf,1.0,
LONG,0,PrevDay_High_Side:==1,21,0.08300395256916997,162,0.23275862068965517,0.3566095740008784,4.8950462162881425e-08,
LONG,0,PrevDay_Low_Dist_ATR:hi,5,0.019762845849802372,58,0.08333333333333333,0.23715415019762848,0.0001883403644021037,
LONG,0,PrevDay_Low_Dist_ATR:lo,138,0.5454545454545454,277,0.39798850574712646,1.37052838857893,6.218187236152557e-05,
LONG,0,PrevDay_Low_Side:==-1,80,0.31620553359683795,126,0.1810344827586207,1.7466591379634857,1.6829013257079324e-05,
LONG,0,PrevDay_Low_Side:==0,0,0.0,0,0.0,inf,1.0,
LONG,0,PrevDay_Low_Side:==1,173,0.6837944664031621,570,0.8189655172413793,0.8349490326607032,1.6829013257079324e-05,
LONG,0,RangeOsc_State:==-1,106,0.4189723320158103,162,0.23275862068965517,1.800029278290148,3.827423490225607e-08,
LONG,0,RangeOsc_State:==-2,54,0.2134387351778656,117,0.16810344827586207,1.269686834904226,0.1261609008590913,
LONG,0,RangeOsc_State:==1,49,0.19367588932806323,289,0.41522988505747127,0.46643051547519726,9.018230345672728e-11,
LONG,0,RangeOsc_State:==2,44,0.17391304347826086,128,0.1839080459770115,0.9456521739130435,0.7753489497255672,
LONG,0,RangeOsc_Val:hi,24,0.09486166007905138,139,0.1997126436781609,0.4749907583814371,9.20494886587531e-05,
LONG,0,RangeOsc_Val:lo,61,0.24110671936758893,72,0.10344827586206896,2.3306982872200264,2.5699146018545816e-07,
LONG,0,Round_1000_Dist_ATR:hi,0,0.0,10,0.014367816091954023,0.0,0.07058816610077778,
LONG,0,Round_1000_Dist_ATR:lo,163,0.6442687747035574,332,0.47701149425287354,1.350635744559265,4.999197561443148e-06,
LONG,0,Round_100_Dist_ATR:hi,0,0.0,3,0.004310344827586207,0.0,0.5690654733557869,
LONG,0,Round_100_Dist_ATR:lo,137,0.541501976284585,249,0.3577586206896552,1.5135958855183578,4.950541478726926e-07,
LONG,0,Round_500_Dist_ATR:hi,0,0.0,7,0.010057471264367816,0.0,0.19933201744101364,
LONG,0,Round_500_Dist_ATR:lo,139,0.549407114624506,285,0.40948275862068967,1.3417100062408989,0.00016045540974246426,
LONG,0,ST_Flip_Event:==-1,0,0.0,2,0.0028735632183908046,0.0,1.0,
LONG,0,ST_Flip_Event:==0,241,0.9525691699604744,603,0.8663793103448276,1.0994828230389555,9.402444853659379e-05,
LONG,0,ST_Flip_Event:==1,12,0.04743083003952569,91,0.1307471264367816,0.3627676671154932,0.00013717032681894928,
LONG,0,Session_High_Dist_ATR:hi,41,0.16205533596837945,55,0.07902298850574713,2.0507366151634927,0.00035991276917655984,
LONG,0,Session_High_Dist_ATR:lo,62,0.2450592885375494,217,0.3117816091954023,0.7859966120835685,0.052986385841686114,
LONG,0,Session_High_Side:==-1,253,1.0,693,0.9956896551724138,1.0043290043290043,0.5690654733557869,
LONG,0,Session_High_Side:==0,0,0.0,3,0.004310344827586207,0.0,0.5690654733557869,
LONG,0,Session_Low_Dist_ATR:hi,9,0.03557312252964427,62,0.08908045977011494,0.399336988397297,0.004911472965965555,
LONG,0,Session_Low_Dist_ATR:lo,71,0.28063241106719367,153,0.21982758620689655,1.2766023405409594,0.05716412797432771,
LONG,0,Session_Low_Side:==0,0,0.0,0,0.0,inf,1.0,
LONG,0,Session_Low_Side:==1,253,1.0,696,1.0,1.0,1.0,
LONG,0,Slope_Accel_LT:hi,37,0.14624505928853754,82,0.11781609195402298,1.241299527619782,0.2675103033642673,
LONG,0,Slope_Accel_LT:lo,30,0.11857707509881422,18,0.02586206896551724,4.58498023715415,9.052441156550484e-08,
LONG,0,Slope_Accel_ST:hi,73,0.2885375494071146,310,0.4454022988505747,0.6478133367333928,1.3351798075024806e-05,
LONG,0,Slope_Accel_ST:lo,56,0.22134387351778656,111,0.15948275862068967,1.38788590962504,0.03361813279551137,
LONG,0,Slope_EMA_LT:hi,38,0.15019762845849802,171,0.24568965517241378,0.61133069828722,0.0014242495330562281,
LONG,0,Slope_EMA_LT:lo,140,0.5533596837944664,219,0.3146551724137931,1.7586225567166605,5.04327124568855e-11,
LONG,0,Slope_EMA_ST:hi,22,0.08695652173913043,60,0.08620689655172414,1.008695652173913,1.0,
LONG,0,Slope_EMA_ST:lo,164,0.6482213438735178,274,0.3936781609195402,1.6465768442918556,4.856979701458678e-12,
LONG,0,Sqz_State:==-1,157,0.6205533596837944,443,0.6364942528735632,0.974955165552869,0.6487964490201932,
LONG,0,Sqz_State:==1,96,0.3794466403162055,253,0.3635057471264368,1.0438532081426048,0.6487964490201932,
LONG,0,Sqz_Val:hi,122,0.48221343873517786,285,0.40948275862068967,1.1776159767006449,0.053685848587354035,
LONG,0,Sqz_Val:lo,59,0.233201581027668,171,0.24568965517241378,0.9491713473406839,0.7322419963031681,
LONG,0,TChan_A15:hi,137,0.541501976284585,267,0.38362068965517243,1.4115557134609404,1.606703214007409e-05,
LONG,0,TChan_A15:lo,4,0.015810276679841896,57,0.08189655172413793,0.1930517994591221,7.146650451971101e-05,
LONG,0,Trend_Concordance:==0,106,0.4189723320158103,370,0.5316091954022989,0.788120927251362,0.0025772595192185164,
LONG,0,Trend_Concordance:==1,147,0.5810276679841897,326,0.46839080459770116,1.2404762482116443,0.0025772595192185164,
LONG,0,Trend_Conflict:==0,147,0.5810276679841897,326,0.46839080459770116,1.2404762482116443,0.0025772595192185164,
LONG,0,Trend_Conflict:==1,106,0.4189723320158103,370,0.5316091954022989,0.788120927251362,0.0025772595192185164,
LONG,0,Upper_Wick:hi,142,0.5612648221343873,236,0.3390804597701149,1.6552555771420916,9.848671620301253e-10,
LONG,0,Upper_Wick:lo,19,0.07509881422924901,94,0.13505747126436782,0.5560507947186948,0.012312848465934204,
LONG,0,VAH_Dist_ATR:hi,13,0.05138339920948617,78,0.11206896551724138,0.45849802371541504,0.004028311219587308,
LONG,0,VAH_Dist_ATR:lo,63,0.2490118577075099,137,0.1968390804597701,1.2650529413461817,0.0874588163127115,
LONG,0,VAH_Side:==-1,8,0.03162055335968379,4,0.005747126436781609,5.50197628458498,0.004081312602522387,
LONG,0,VAH_Side:==0,1,0.003952569169960474,16,0.022988505747126436,0.1719367588932806,0.05378209228856949,
LONG,0,VAH_Side:==1,244,0.9644268774703557,676,0.9712643678160919,0.9929602170404846,0.6695854469263718,
LONG,0,VAL_Dist_ATR:hi,12,0.04743083003952569,72,0.10344827586206896,0.458498023715415,0.006408052377541723,
LONG,0,VAL_Dist_ATR:lo,75,0.2964426877470356,150,0.21551724137931033,1.3754940711462451,0.012162280874757113,
LONG,0,VAL_Side:==-1,0,0.0,0,0.0,inf,1.0,
LONG,0,VAL_Side:==0,0,0.0,13,0.01867816091954023,0.0,0.025418929076192955,
LONG,0,VAL_Side:==1,253,1.0,683,0.9813218390804598,1.0190336749633968,0.025418929076192955,
LONG,0,VA_Position:hi,53,0.20948616600790515,170,0.2442528735632184,0.8576610090676587,0.2988829375522762,
LONG,0,VA_Position:lo,28,0.11067193675889328,83,0.11925287356321838,0.9280441925805991,0.819364599519398,
LONG,0,VWAP_Dist_ATR:hi,24,0.09486166007905138,56,0.08045977011494253,1.178994918125353,0.5091101808245322,
LONG,0,VWAP_Dist_ATR:lo,86,0.33992094861660077,239,0.34339080459770116,0.9898953147998081,0.9384903695471286,
LONG,0,VWAP_Side:==-1,155,0.6126482213438735,276,0.39655172413793105,1.5449389929541157,4.612655432975753e-09,
LONG,0,VWAP_Side:==0,0,0.0,13,0.01867816091954023,0.0,0.025418929076192955,
LONG,0,VWAP_Side:==1,98,0.38735177865612647,407,0.5847701149425287,0.6624000932301327,1.0133773549998847e-07,
LONG,0,VWAP_Sigma:hi,115,0.45454545454545453,230,0.33045977011494254,1.375494071146245,0.0005791960961544153,
LONG,0,VWAP_Sigma:lo,19,0.07509881422924901,91,0.1307471264367816,0.5743821395995309,0.021300666639140993,
LONG,0,VWAP_Sigma_ATR:hi,15,0.05928853754940711,35,0.05028735632183908,1.1789949181253527,0.6222970157167123,
LONG,0,VWAP_Sigma_ATR:lo,106,0.4189723320158103,286,0.4109195402298851,1.019597003786727,0.8234845394868899,
LONG,0,VWAP_Z:hi,9,0.03557312252964427,60,0.08620689655172414,0.4126482213438735,0.006903505921371671,
LONG,0,VWAP_Z:lo,5,0.019762845849802372,3,0.004310344827586207,4.58498023715415,0.03511658091164082,
LONG,0,Volume:hi,202,0.7984189723320159,391,0.5617816091954023,1.4212266105961202,9.627325188158146e-12,
LONG,0,Volume:lo,1,0.003952569169960474,11,0.015804597701149427,0.25008983111749905,0.19898481549991276,
LONG,0,Volume_Avg_10:hi,174,0.6877470355731226,356,0.5114942528735632,1.3445840920193632,1.3999922837116265e-06,
LONG,0,Volume_Avg_10:lo,4,0.015810276679841896,65,0.09339080459770115,0.16929157798723016,7.5201831439247634e-06,
LONG,0,Volume_Ratio_10:hi,63,0.2490118577075099,199,0.2859195402298851,0.870915844042346,0.2860326880280184,
LONG,0,Volume_Ratio_10:lo,15,0.05928853754940711,64,0.09195402298850575,0.6447628458498024,0.11263966293011415,
LONG,0,WeeklyOpen_Dist_ATR:hi,19,0.07509881422924901,63,0.09051724137931035,0.8296630905326557,0.5148148731971864,
LONG,0,WeeklyOpen_Dist_ATR:lo,120,0.4743083003952569,281,0.40373563218390807,1.1747992066729493,0.05367648274428653,
LONG,0,WeeklyOpen_Side:==-1,100,0.3952569169960474,188,0.27011494252873564,1.4632915650491969,0.00031328417872073606,
LONG,0,WeeklyOpen_Side:==0,0,0.0,0,0.0,inf,1.0,
LONG,0,WeeklyOpen_Side:==1,153,0.6047430830039525,508,0.7298850574712644,0.8285456412810057,0.00031328417872073606,
LONG,1,ADX_Rising:==0,112,0.4426877470355731,297,0.4267241379310345,1.0374096698207371,0.7109731516613182,False
LONG,1,ADX_Rising:==1,141,0.5573122529644269,399,0.5732758620689655,0.9721537044191506,0.7109731516613182,False
LONG,1,ADX_Value:hi,26,0.10276679841897234,26,0.03735632183908046,2.75098814229249,0.0002743746025234535,True
LONG,1,ADX_Value:lo,59,0.233201581027668,189,0.27155172413793105,0.8587740761653805,0.24333664973333152,False
LONG,1,ATR_1M:hi,215,0.849802371541502,476,0.6839080459770115,1.2425681735144651,1.675647815070564e-07,True
LONG,1,ATR_1M:lo,0,0.0,1,0.0014367816091954023,0.0,1.0,False
LONG,1,AT_Lookback_LT:hi,28,0.11067193675889328,124,0.1781609195402299,0.6211908708402397,0.012222329513912038,False
LONG,1,AT_Lookback_LT:lo,0,0.0,0,0.0,inf,1.0,False
LONG,1,AT_Lookback_ST:hi,92,0.36363636363636365,228,0.3275862068965517,1.1100478468899522,0.31316873159207936,False
LONG,1,AT_Lookback_ST:lo,0,0.0,0,0.0,inf,1.0,False
LONG,1,AT_Regime_LT:==0,75,0.2964426877470356,342,0.49137931034482757,0.6032868733097566,8.63215936527291e-08,True
LONG,1,AT_Regime_LT:==1,178,0.7035573122529645,354,0.5086206896551724,1.3832652240905743,8.63215936527291e-08,True
LONG,1,AT_Regime_ST:==0,86,0.33992094861660077,361,0.5186781609195402,0.6553600560585987,1.108300467185566e-06,True
LONG,1,AT_Regime_ST:==1,167,0.6600790513833992,335,0.4813218390804598,1.371388118695062,1.108300467185566e-06,True
LONG,1,AT_Score_LT:hi,9,0.03557312252964427,33,0.04741379310344827,0.7502694933524974,0.48129094339791645,False
LONG,1,AT_Score_LT:lo,62,0.2450592885375494,95,0.13649425287356323,1.7953817349698356,0.00011125166071589154,True
LONG,1,AT_Score_ST:hi,7,0.02766798418972332,31,0.04454022988505747,0.6211908708402397,0.26809720266849263,False
LONG,1,AT_Score_ST:lo,50,0.1976284584980237,90,0.12931034482758622,1.52832674571805,0.012661751677282701,False
LONG,1,AT_Slope_LT:hi,38,0.15019762845849802,171,0.24568965517241378,0.61133069828722,0.0014242495330562281,True
LONG,1,AT_Slope_LT:lo,141,0.5573122529644269,220,0.3160919540229885,1.7631333093783688,3.140014245918338e-11,True
LONG,1,AT_Slope_ST:hi,60,0.23715415019762845,209,0.30028735632183906,0.7897573614236814,0.061067740114164576,False
LONG,1,AT_Slope_ST:lo,128,0.5059288537549407,238,0.34195402298850575,1.4795230345102466,5.746739108694426e-06,True
LONG,1,Bar_Range:hi,188,0.7430830039525692,382,0.5488505747126436,1.3538894522277178,5.69718474466244e-08,True
LONG,1,Bar_Range:lo,0,0.0,18,0.02586206896551724,0.0,0.005547320691884211,False
LONG,1,Bars_Since_Flip:hi,85,0.3359683794466403,140,0.20114942528735633,1.6702428006775834,3.086488722327634e-05,True
LONG,1,Bars_Since_Flip:lo,70,0.2766798418972332,248,0.3563218390804598,0.7764885885502997,0.024027956513886124,False
LONG,1,Body_Size:hi,136,0.5375494071146245,305,0.4382183908045977,1.2266701224648482,0.007996231040095456,False
LONG,1,Body_Size:lo,10,0.039525691699604744,81,0.11637931034482758,0.3396281657151223,0.000248363146505462,True
LONG,1,D2D_ATR:hi,223,0.8814229249011858,436,0.6264367816091954,1.4070421003009757,2.066842406543775e-15,True
LONG,1,D2D_ATR:lo,0,0.0,3,0.004310344827586207,0.0,0.5690654733557869,False
LONG,1,D2D_ATR_MA:hi,202,0.7984189723320159,380,0.5459770114942529,1.46236738090285,4.649983894915015e-13,True
LONG,1,D2D_ATR_MA:lo,0,0.0,29,0.041666666666666664,0.0,0.00015624079997680359,True
LONG,1,D2D_DirStep:==-1,57,0.22529644268774704,152,0.21839080459770116,1.0316205533596838,0.8594288292202329,False
LONG,1,D2D_DirStep:==1,196,0.7747035573122529,544,0.7816091954022989,0.9911648453847941,0.8594288292202329,False
LONG,1,D2D_Dn_Count:hi,4,0.015810276679841896,21,0.03017241379310345,0.5239977413890456,0.2602275924128805,False
LONG,1,D2D_Dn_Count:lo,0,0.0,0,0.0,inf,1.0,False
LONG,1,D2D_Dynamic_Sensitivity:hi,0,0.0,0,0.0,inf,1.0,False
LONG,1,D2D_Dynamic_Sensitivity:lo,34,0.13438735177865613,112,0.16091954022988506,0.8351214003387917,0.360089544780301,False
LONG,1,D2D_Persist:hi,40,0.15810276679841898,99,0.14224137931034483,1.1115103605222183,0.5348264349319006,False
LONG,1,D2D_Persist:lo,21,0.08300395256916997,57,0.08189655172413793,1.0135219471603911,1.0,False
LONG,1,D2D_Signal:==-1,4,0.015810276679841896,21,0.03017241379310345,0.5239977413890456,0.2602275924128805,False
LONG,1,D2D_Signal:==0,249,0.9841897233201581,675,0.9698275862068966,1.0148089591567853,0.2602275924128805,False
LONG,1,D2D_Signal:==1,0,0.0,0,0.0,inf,1.0,False
LONG,1,D2D_Up_Count:hi,1,0.003952569169960474,0,0.0,inf,0.2665964172813488,False
LONG,1,D2D_Up_Count:lo,0,0.0,0,0.0,inf,1.0,False
LONG,1,DailyOpen_Dist_ATR:hi,24,0.09486166007905138,72,0.10344827586206896,0.91699604743083,0.8077120118630758,False
LONG,1,DailyOpen_Dist_ATR:lo,106,0.4189723320158103,227,0.3261494252873563,1.284602392436141,0.008937659648221416,False
LONG,1,DailyOpen_Side:==-1,148,0.5849802371541502,314,0.4511494252873563,1.296644092545505,0.0003119678691675727,True
LONG,1,DailyOpen_Side:==0,0,0.0,0,0.0,inf,1.0,False
LONG,1,DailyOpen_Side:==1,105,0.4150197628458498,382,0.5488505747126436,0.7561616621484594,0.0003119678691675727,True
LONG,1,Dist_To_PoC_ATR:hi,11,0.043478260869565216,83,0.11925287356321838,0.3645887899423782,0.00032094371500156665,True
LONG,1,Dist_To_PoC_ATR:lo,60,0.23715415019762845,140,0.20114942528735633,1.1789949181253527,0.24227835805845804,False
LONG,1,EMA_Oscillator:hi,117,0.4624505928853755,239,0.34339080459770116,1.3467180445532274,0.0010877976145041795,True
LONG,1,EMA_Oscillator:lo,34,0.13438735177865613,74,0.10632183908045977,1.26396752483709,0.24776871201308187,False
LONG,1,Efficiency_Ratio:hi,88,0.34782608695652173,213,0.30603448275862066,1.136558481322719,0.23691952162050897,False
LONG,1,Efficiency_Ratio:lo,35,0.1383399209486166,98,0.14080459770114942,0.9824957651044608,1.0,False
LONG,1,Harmonic_D2D_Concordance:==0,205,0.8102766798418972,541,0.7772988505747126,1.04242619070233,0.28427409732578,False
LONG,1,Harmonic_D2D_Concordance:==1,48,0.18972332015810275,155,0.22270114942528735,0.8519189085809001,0.28427409732578,False
LONG,1,Harmonic_LLEMA:hi,43,0.16996047430830039,138,0.19827586206896552,0.8571919573809932,0.3510675866338252,False
LONG,1,Harmonic_LLEMA:lo,5,0.019762845849802372,14,0.020114942528735632,0.9824957651044608,1.0,False
LONG,1,Harmonic_OBVf_Concordance:==0,215,0.849802371541502,594,0.853448275862069,0.9957280313011538,0.9176178406784965,False
LONG,1,Harmonic_OBVf_Concordance:==1,38,0.15019762845849802,102,0.14655172413793102,1.0248779353638688,0.9176178406784965,False
LONG,1,KAMA_Dist:hi,126,0.4980237154150198,285,0.40948275862068967,1.2162263365924693,0.017672700371927766,False
LONG,1,KAMA_Dist:lo,23,0.09090909090909091,52,0.07471264367816093,1.2167832167832167,0.4159794912657963,False
LONG,1,KAMA_Dist_ATR:hi,25,0.09881422924901186,92,0.13218390804597702,0.7475511256229592,0.18137708175937745,False
LONG,1,KAMA_Dist_ATR:lo,3,0.011857707509881422,5,0.007183908045977011,1.650592885375494,0.4458186867663557,False
LONG,1,KAMA_Slope:hi,69,0.2727272727272727,172,0.2471264367816092,1.1035940803382662,0.4480283072301731,False
LONG,1,KAMA_Slope:lo,9,0.03557312252964427,21,0.03017241379310345,1.178994918125353,0.6768346623188677,False
LONG,1,Lower_Wick:hi,129,0.5098814229249012,274,0.3936781609195402,1.2951732494734718,0.0017821738135237412,True
LONG,1,Lower_Wick:lo,22,0.08695652173913043,67,0.09626436781609195,0.9033095392602206,0.7074507218546724,False
LONG,1,Micro_Amihud:hi,86,0.33992094861660077,230,0.33045977011494254,1.028630348857192,0.8153433415924323,False
LONG,1,Micro_Amihud:lo,38,0.15019762845849802,76,0.10919540229885058,1.375494071146245,0.0909038599094215,False
LONG,1,Micro_AutoCorr:hi,64,0.25296442687747034,135,0.1939655172413793,1.3041721563460693,0.05799785937168969,False
LONG,1,Micro_AutoCorr:lo,50,0.1976284584980237,145,0.20833333333333334,0.9486166007905138,0.7853155711364981,False
LONG,1,Micro_BarEntropy:hi,62,0.2450592885375494,153,0.21982758620689655,1.1147795086414012,0.43031075006616437,False
LONG,1,Micro_BarEntropy:lo,39,0.1541501976284585,151,0.21695402298850575,0.7105201162212391,0.034805236886494964,False
LONG,1,Micro_BarOverlap:hi,66,0.2608695652173913,172,0.2471264367816092,1.0556117290192113,0.6725514655661813,False
LONG,1,Micro_BarOverlap:lo,43,0.16996047430830039,115,0.16522988505747127,1.028630348857192,0.8444488179814457,False
LONG,1,Micro_CSSpread:hi,58,0.22924901185770752,155,0.22270114942528735,1.0294020145352545,0.8604032036936564,False
LONG,1,Micro_CSSpread:lo,41,0.16205533596837945,127,0.1824712643678161,0.8881142821574181,0.5017327680842496,False
LONG,1,Micro_Entropy:hi,31,0.1225296442687747,91,0.1307471264367816,0.9371498067150241,0.8264996856601838,False
LONG,1,Micro_Entropy:lo,60,0.23715415019762845,155,0.22270114942528735,1.0648986357261252,0.6612942974123088,False
LONG,1,Micro_FailedBreak:hi,55,0.21739130434782608,125,0.17959770114942528,1.2104347826086956,0.19106376230081445,False
LONG,1,Micro_FailedBreak:lo,37,0.14624505928853754,111,0.15948275862068967,0.9169960474308299,0.685962819466198,False
LONG,1,Micro_FractalDim:hi,23,0.09090909090909091,117,0.16810344827586207,0.5407925407925408,0.002610067610335181,False
LONG,1,Micro_FractalDim:lo,65,0.25691699604743085,151,0.21695402298850575,1.1842001937020654,0.22017556604140615,False
LONG,1,Micro_GarmanKlass:hi,190,0.7509881422924901,394,0.5660919540229885,1.326618647298409,1.6784907218466677e-07,True
LONG,1,Micro_GarmanKlass:lo,1,0.003952569169960474,18,0.02586206896551724,0.152832674571805,0.034329007558684316,False
LONG,1,Micro_HLAsymmetry:hi,161,0.6363636363636364,393,0.5646551724137931,1.1269951422623177,0.0528151297716392,False
LONG,1,Micro_HLAsymmetry:lo,28,0.11067193675889328,90,0.12931034482758622,0.8558629776021079,0.5048019614746698,False
LONG,1,Micro_Hurst:hi,70,0.2766798418972332,124,0.1781609195402299,1.5529771771005993,0.001381289191003058,True
LONG,1,Micro_Hurst:lo,28,0.11067193675889328,129,0.1853448275862069,0.5971137053037963,0.005637425998449104,False
LONG,1,Micro_IBSP:hi,62,0.2450592885375494,145,0.20833333333333334,1.176284584980237,0.2478300883999741,False
LONG,1,Micro_IBSP:lo,35,0.1383399209486166,139,0.1997126436781609,0.6926948559729292,0.036549575231116,False
LONG,1,Micro_Lambda:hi,51,0.2015810276679842,139,0.1997126436781609,1.009355361560554,1.0,False
LONG,1,Micro_Lambda:lo,38,0.15019762845849802,139,0.1997126436781609,0.7520687007706088,0.09005580380727762,False
LONG,1,Micro_LogReturn:hi,109,0.4308300395256917,219,0.3146551724137931,1.3692132763008285,0.0011605877114704566,True
LONG,1,Micro_LogReturn:lo,77,0.30434782608695654,218,0.3132183908045977,0.9716792979656962,0.8124256705393542,False
LONG,1,Micro_MicroGap:hi,43,0.16996047430830039,96,0.13793103448275862,1.2322134387351777,0.2147309087202875,False
LONG,1,Micro_MicroGap:lo,40,0.15810276679841898,77,0.11063218390804598,1.429084749242852,0.05738525129590575,False
LONG,1,Micro_MomoTransfer:hi,43,0.16996047430830039,81,0.11637931034482758,1.4604011125750256,0.03805113174245861,False
LONG,1,Micro_MomoTransfer:lo,28,0.11067193675889328,100,0.14367816091954022,0.7702766798418973,0.19893101122358547,False
LONG,1,Micro_OrderFlowDelta:hi,108,0.4268774703557312,242,0.34770114942528735,1.2277137163949956,0.027447060655810297,False
LONG,1,Micro_OrderFlowDelta:lo,83,0.32806324110671936,234,0.33620689655172414,0.9757778453430627,0.8763379365092353,False
LONG,1,Micro_PriceAccel:hi,56,0.22134387351778656,92,0.13218390804597702,1.6745145213954287,0.0011642162320237054,True
LONG,1,Micro_PriceAccel:lo,136,0.5375494071146245,435,0.625,0.8600790513833992,0.01644026751658474,False
LONG,1,Micro_RangeAccel:hi,67,0.2648221343873518,169,0.24281609195402298,1.0906284351100406,0.49755013381902846,False
LONG,1,Micro_RangeAccel:lo,126,0.4980237154150198,328,0.47126436781609193,1.0567820302708957,0.5084504193283044,False
LONG,1,Micro_RangeVelocity:hi,61,0.24110671936758893,155,0.22270114942528735,1.0826469463215607,0.5414067903902919,False
LONG,1,Micro_RangeVelocity:lo,129,0.5098814229249012,325,0.46695402298850575,1.0919306780176345,0.27035488030600185,False
LONG,1,Micro_Rejection:hi,49,0.19367588932806323,146,0.20977011494252873,0.9232768422762466,0.6498035536269988,False
LONG,1,Micro_Rejection:lo,47,0.1857707509881423,127,0.1824712643678161,1.018082225887772,0.924516724140312,False
LONG,1,Micro_RollProxy:hi,112,0.4426877470355731,280,0.40229885057471265,1.100395256916996,0.2646777637931039,False
LONG,1,Micro_RollProxy:lo,101,0.39920948616600793,282,0.4051724137931034,0.985282987133126,0.8813288918159885,False
LONG,1,Micro_ThrustEff:hi,123,0.48616600790513836,338,0.48563218390804597,1.0010992352129477,1.0,False
LONG,1,Micro_ThrustEff:lo,12,0.04743083003952569,32,0.04597701149425287,1.0316205533596838,1.0,False
LONG,1,Micro_TickIntensity:hi,48,0.18972332015810275,137,0.1968390804597701,0.9638498600732812,0.8532630109805305,False
LONG,1,Micro_TickIntensity:lo,59,0.233201581027668,149,0.21408045977011494,1.0893174523171605,0.5352754116669902,False
LONG,1,Micro_VPIN:hi,69,0.2727272727272727,179,0.257183908045977,1.0604367699339765,0.6761870780932482,False
LONG,1,Micro_VPIN:lo,41,0.16205533596837945,110,0.15804597701149425,1.0253683075817464,0.9200942967452248,False
LONG,1,Micro_VolAccel:hi,47,0.1857707509881423,155,0.22270114942528735,0.8341705979854648,0.24390970889796643,False
LONG,1,Micro_VolAccel:lo,100,0.3952569169960474,227,0.3261494252873563,1.2118890494680574,0.053432993591002814,False
LONG,1,Micro_VolOfVol:hi,100,0.3952569169960474,225,0.3232758620689655,1.22266139657444,0.044222274018518894,False
LONG,1,Micro_VolOfVol:lo,51,0.2015810276679842,142,0.20402298850574713,0.9880309525134999,1.0,False
LONG,1,Micro_WickImbalance:hi,55,0.21739130434782608,164,0.23563218390804597,0.9225874867444327,0.6014858390733535,False
LONG,1,Micro_WickImbalance:lo,105,0.4150197628458498,224,0.3218390804597701,1.2895256916996047,0.008712393047195472,False
LONG,1,Momentum_Value:hi,150,0.5928853754940712,357,0.5129310344827587,1.1558773707111303,0.03277479146401914,False
LONG,1,Momentum_Value:lo,44,0.17391304347826086,147,0.21120689655172414,0.8234250221827861,0.23398140076795676,False
LONG,1,MultiDay_Position:hi,37,0.14624505928853754,183,0.2629310344827586,0.55621071729411,0.00012318232219554103,True
LONG,1,MultiDay_Position:lo,102,0.4031620553359684,197,0.28304597701149425,1.4243694949940813,0.000507334453199814,True
LONG,1,MultiDay_Slope:hi,34,0.13438735177865613,123,0.17672413793103448,0.7604357466499566,0.13827558516806007,False
LONG,1,MultiDay_Slope:lo,54,0.2134387351778656,186,0.2672413793103448,0.798673976794594,0.10838755939961747,False
LONG,1,OBV_Macd:hi,29,0.11462450592885376,143,0.20545977011494254,0.5578927001851903,0.0011481826370597578,True
LONG,1,OBV_Macd:lo,144,0.5691699604743083,208,0.2988505747126437,1.9045302523563392,5.447978521828368e-14,True
LONG,1,OBV_Velocity:hi,84,0.33201581027667987,216,0.3103448275862069,1.069828722002635,0.5285508091662283,False
LONG,1,OBV_Velocity:lo,14,0.05533596837944664,52,0.07471264367816093,0.7406506536941319,0.3862390438741419,False
LONG,1,OBVf_DirStepCount:hi,2,0.007905138339920948,9,0.01293103448275862,0.61133069828722,0.7367594444992868,False
LONG,1,OBVf_DirStepCount:lo,26,0.10276679841897234,85,0.1221264367816092,0.8414787258777029,0.49310757813251815,False
LONG,1,OBVf_Signal:==-1,100,0.3952569169960474,323,0.4640804597701149,0.8516991152608329,0.0648869733363136,False
LONG,1,OBVf_Signal:==1,153,0.6047430830039525,373,0.5359195402298851,1.1284214095730587,0.0648869733363136,False
LONG,1,OBVf_Trend_Dir:==-1,100,0.3952569169960474,323,0.4640804597701149,0.8516991152608329,0.0648869733363136,False
LONG,1,OBVf_Trend_Dir:==1,153,0.6047430830039525,373,0.5359195402298851,1.1284214095730587,0.0648869733363136,False
LONG,1,OR_High_Dist_ATR:hi,62,0.2450592885375494,141,0.2025862068965517,1.2096543604406695,0.17916795967421395,False
LONG,1,OR_High_Dist_ATR:lo,0,0.0,0,0.0,inf,1.0,False
LONG,1,OR_High_Side:==-1,160,0.6324110671936759,306,0.4396551724137931,1.4384251724405177,1.6496697195923882e-07,True
LONG,1,OR_High_Side:==0,36,0.1422924901185771,189,0.27155172413793105,0.5239977413890458,2.180467820524416e-05,True
LONG,1,OR_High_Side:==1,57,0.22529644268774704,201,0.28879310344827586,0.7801309657247361,0.05767069811315925,False
LONG,1,OR_Low_Dist_ATR:hi,46,0.18181818181818182,135,0.1939655172413793,0.9373737373737374,0.7093563104337961,False
LONG,1,OR_Low_Dist_ATR:lo,0,0.0,0,0.0,inf,1.0,False
LONG,1,OR_Low_Side:==-1,111,0.43873517786561267,158,0.22701149425287356,1.9326562265472558,4.351810286397062e-10,True
LONG,1,OR_Low_Side:==0,35,0.1383399209486166,186,0.2672413793103448,0.5176590590335332,1.9517563514808597e-05,True
LONG,1,OR_Low_Side:==1,107,0.42292490118577075,352,0.5057471264367817,0.8362378727991375,0.027472287634530742,False
LONG,1,OR_Position:hi,65,0.25691699604743085,246,0.35344827586206895,0.726887110768341,0.004908036803577057,False
LONG,1,OR_Position:lo,119,0.47035573122529645,176,0.25287356321839083,1.8600431189363995,4.2694380960350937e-10,True
LONG,1,PoC_Side:==-1,2,0.007905138339920948,13,0.01867816091954023,0.42322894496807534,0.3776270893951728,False
LONG,1,PoC_Side:==0,0,0.0,9,0.01293103448275862,0.0,0.12265122496180861,False
LONG,1,PoC_Side:==1,251,0.9920948616600791,674,0.9683908045977011,1.0244777799931974,0.037065236381794014,False
LONG,1,PrevDay_Close_Dist_ATR:hi,24,0.09486166007905138,82,0.11781609195402298,0.8051672611587776,0.35273066727083824,False
LONG,1,PrevDay_Close_Dist_ATR:lo,105,0.4150197628458498,223,0.3204022988505747,1.2953083181197824,0.008591843681123958,False
LONG,1,PrevDay_Close_Side:==-1,156,0.616600790513834,325,0.46695402298850575,1.3204743083003951,5.174299677469484e-05,True
LONG,1,PrevDay_Close_Side:==0,0,0.0,0,0.0,inf,1.0,False
LONG,1,PrevDay_Close_Side:==1,97,0.383399209486166,371,0.5330459770114943,0.7192610506802467,5.174299677469484e-05,True
LONG,1,PrevDay_High_Dist_ATR:hi,24,0.09486166007905138,84,0.1206896551724138,0.7859966120835685,0.2992265573924296,False
LONG,1,PrevDay_High_Dist_ATR:lo,93,0.3675889328063241,258,0.3706896551724138,0.9916352605938045,0.9395683880484276,False
LONG,1,PrevDay_High_Side:==-1,230,0.9090909090909091,530,0.7614942528735632,1.1938250428816466,1.2369166668940687e-07,True
LONG,1,PrevDay_High_Side:==0,0,0.0,0,0.0,inf,1.0,False
LONG,1,PrevDay_High_Side:==1,23,0.09090909090909091,166,0.23850574712643677,0.3811610076670318,1.2369166668940687e-07,True
LONG,1,PrevDay_Low_Dist_ATR:hi,10,0.039525691699604744,69,0.09913793103448276,0.39869393366557826,0.003151596362748218,False
LONG,1,PrevDay_Low_Dist_ATR:lo,136,0.5375494071146245,272,0.39080459770114945,1.375494071146245,6.123326403646504e-05,True
LONG,1,PrevDay_Low_Side:==-1,78,0.308300395256917,127,0.1824712643678161,1.6895832684946002,5.465986546167484e-05,True
LONG,1,PrevDay_Low_Side:==0,0,0.0,0,0.0,inf,1.0,False
LONG,1,PrevDay_Low_Side:==1,175,0.691699604743083,569,0.8175287356321839,0.8460859840091138,5.465986546167484e-05,True
LONG,1,RangeOsc_State:==-1,102,0.4031620553359684,161,0.23132183908045978,1.7428620528809564,3.224128651001329e-07,True
LONG,1,RangeOsc_State:==-2,51,0.2015810276679842,119,0.17097701149425287,1.178994918125353,0.29264389649761635,False
LONG,1,RangeOsc_State:==1,60,0.23715415019762845,279,0.40086206896551724,0.5916103531811806,2.6907252294340937e-06,True
LONG,1,RangeOsc_State:==2,40,0.15810276679841898,137,0.1968390804597701,0.8032082167277343,0.18789674896857633,False
LONG,1,RangeOsc_Val:hi,34,0.13438735177865613,145,0.20833333333333334,0.6450592885375493,0.011090944774254308,False
LONG,1,RangeOsc_Val:lo,58,0.22924901185770752,78,0.11206896551724138,2.045606567345698,1.3972001550666147e-05,True
LONG,1,Round_1000_Dist_ATR:hi,2,0.007905138339920948,23,0.033045977011494254,0.23921636019934694,0.03691123316823278,False
LONG,1,Round_1000_Dist_ATR:lo,166,0.6561264822134387,314,0.4511494252873563,1.4543440497469853,2.1419835193569666e-08,True
LONG,1,Round_100_Dist_ATR:hi,0,0.0,10,0.014367816091954023,0.0,0.07058816610077778,False
LONG,1,Round_100_Dist_ATR:lo,129,0.5098814229249012,242,0.34770114942528735,1.4664358279162448,8.435636214246162e-06,True
LONG,1,Round_500_Dist_ATR:hi,0,0.0,12,0.017241379310344827,0.0,0.04332404306316628,False
LONG,1,Round_500_Dist_ATR:lo,135,0.5335968379446641,273,0.3922413793103448,1.3603787516830996,0.00011379509901905327,True
LONG,1,ST_Flip_Event:==-1,0,0.0,1,0.0014367816091954023,0.0,1.0,False
LONG,1,ST_Flip_Event:==0,229,0.9051383399209486,653,0.9382183908045977,0.9647416302985915,0.08592935899175987,False
LONG,1,ST_Flip_Event:==1,24,0.09486166007905138,42,0.0603448275862069,1.571993224167137,0.08219755272765565,False
LONG,1,Session_High_Dist_ATR:hi,42,0.16600790513833993,71,0.10201149425287356,1.6273450982575295,0.009011301980812835,False
LONG,1,Session_High_Dist_ATR:lo,66,0.2608695652173913,222,0.31896551724137934,0.8178613396004699,0.09365425332712693,False
LONG,1,Session_High_Side:==-1,253,1.0,695,0.9985632183908046,1.0014388489208632,1.0,False
LONG,1,Session_High_Side:==0,0,0.0,1,0.0014367816091954023,0.0,1.0,False
LONG,1,Session_Low_Dist_ATR:hi,10,0.039525691699604744,68,0.09770114942528736,0.4045570797488956,0.0030839633582853826,False
LONG,1,Session_Low_Dist_ATR:lo,65,0.25691699604743085,148,0.21264367816091953,1.2082042516825127,0.15937594643425124,False
LONG,1,Session_Low_Side:==0,0,0.0,0,0.0,inf,1.0,False
LONG,1,Session_Low_Side:==1,253,1.0,696,1.0,1.0,1.0,False
LONG,1,Slope_Accel_LT:hi,47,0.1857707509881423,98,0.14080459770114942,1.3193514559974189,0.10226657955745114,False
LONG,1,Slope_Accel_LT:lo,22,0.08695652173913043,15,0.021551724137931036,4.034782608695652,2.6195905095222642e-05,True
LONG,1,Slope_Accel_ST:hi,93,0.3675889328063241,324,0.46551724137931033,0.7896354852876591,0.007741564487133143,False
LONG,1,Slope_Accel_ST:lo,36,0.1422924901185771,93,0.1336206896551724,1.0648986357261254,0.7482805007843246,False
LONG,1,Slope_EMA_LT:hi,38,0.15019762845849802,172,0.2471264367816092,0.607776450041364,0.0014078472229637378,True
LONG,1,Slope_EMA_LT:lo,141,0.5573122529644269,218,0.3132183908045977,1.7793088443267941,1.750606732279211e-11,True
LONG,1,Slope_EMA_ST:hi,33,0.13043478260869565,109,0.15660919540229884,0.8328679696848824,0.3549102413226474,False
LONG,1,Slope_EMA_ST:lo,145,0.5731225296442688,273,0.3922413793103448,1.4611475481040699,9.542822731063415e-07,True
LONG,1,Sqz_State:==-1,173,0.6837944664031621,460,0.6609195402298851,1.0346107578621757,0.5337831973029216,False
LONG,1,Sqz_State:==1,80,0.31620553359683795,236,0.3390804597701149,0.9325383533194883,0.5337831973029216,False
LONG,1,Sqz_Val:hi,149,0.5889328063241107,343,0.492816091954023,1.195035665310732,0.010076045103482714,False
LONG,1,Sqz_Val:lo,53,0.20948616600790515,150,0.21551724137931033,0.9720158102766799,0.9286863062326125,False
LONG,1,TChan_A15:hi,139,0.549407114624506,268,0.3850574712643678,1.4268184767860306,8.016815469108476e-06,True
LONG,1,TChan_A15:lo,3,0.011857707509881422,57,0.08189655172413793,0.14478884959434157,1.4977038992802821e-05,True
LONG,1,Trend_Concordance:==0,98,0.38735177865612647,310,0.4454022988505747,0.8696672191763356,0.11958451186343264,False
LONG,1,Trend_Concordance:==1,155,0.6126482213438735,386,0.5545977011494253,1.1046714042884351,0.11958451186343264,False
LONG,1,Trend_Conflict:==0,155,0.6126482213438735,386,0.5545977011494253,1.1046714042884351,0.11958451186343264,False
LONG,1,Trend_Conflict:==1,98,0.38735177865612647,310,0.4454022988505747,0.8696672191763356,0.11958451186343264,False
LONG,1,Upper_Wick:hi,129,0.5098814229249012,263,0.37787356321839083,1.3493439937480276,0.0003357228899203375,True
LONG,1,Upper_Wick:lo,21,0.08300395256916997,95,0.13649425287356323,0.6081131682962346,0.025247512945580135,False
LONG,1,VAH_Dist_ATR:hi,12,0.04743083003952569,84,0.1206896551724138,0.39299830604178426,0.0005956318878538635,True
LONG,1,VAH_Dist_ATR:lo,62,0.2450592885375494,137,0.1968390804597701,1.2449727359279883,0.12502844833909355,False
LONG,1,VAH_Side:==-1,3,0.011857707509881422,17,0.02442528735632184,0.4854684956986747,0.31078374745021453,False
LONG,1,VAH_Side:==0,0,0.0,5,0.007183908045977011,0.0,0.3325930622115817,False
LONG,1,VAH_Side:==1,250,0.9881422924901185,674,0.9683908045977011,1.020396195212348,0.11025333800198849,False
LONG,1,VAL_Dist_ATR:hi,11,0.043478260869565216,80,0.11494252873563218,0.3782608695652174,0.0006711310449452973,True
LONG,1,VAL_Dist_ATR:lo,74,0.2924901185770751,152,0.21839080459770116,1.3392968587476595,0.0199952337529321,False
LONG,1,VAL_Side:==-1,0,0.0,0,0.0,inf,1.0,False
LONG,1,VAL_Side:==0,0,0.0,7,0.010057471264367816,0.0,0.19933201744101364,False
LONG,1,VAL_Side:==1,253,1.0,689,0.9899425287356322,1.0101596516690856,0.19933201744101364,False
LONG,1,VA_Position:hi,53,0.20948616600790515,169,0.24281609195402298,0.8627359262810769,0.2991431056463665,False
LONG,1,VA_Position:lo,22,0.08695652173913043,88,0.12643678160919541,0.6877470355731224,0.10813031616998171,False
LONG,1,VWAP_Dist_ATR:hi,25,0.09881422924901186,64,0.09195402298850575,1.074604743083004,0.8012037381839385,False
LONG,1,VWAP_Dist_ATR:lo,90,0.3557312252964427,232,0.3333333333333333,1.0671936758893281,0.5355434399577131,False
LONG,1,VWAP_Side:==-1,154,0.6086956521739131,286,0.4109195402298851,1.481301307388264,7.038612167000453e-08,True
LONG,1,VWAP_Side:==0,0,0.0,0,0.0,inf,1.0,False
LONG,1,VWAP_Side:==1,99,0.391304347826087,410,0.5890804597701149,0.6642629904559916,7.038612167000453e-08,True
LONG,1,VWAP_Sigma:hi,115,0.45454545454545453,231,0.33189655172413796,1.369539551357733,0.0005976013010514507,True
LONG,1,VWAP_Sigma:lo,18,0.07114624505928854,91,0.1307471264367816,0.5441515006732399,0.011025613309590582,False
LONG,1,VWAP_Sigma_ATR:hi,22,0.08695652173913043,43,0.0617816091954023,1.4074823053589485,0.19096914743648222,False
LONG,1,VWAP_Sigma_ATR:lo,96,0.3794466403162055,273,0.3922413793103448,0.9673804456413152,0.7633904749150777,False
LONG,1,VWAP_Z:hi,14,0.05533596837944664,58,0.08333333333333333,0.6640316205533597,0.1670243528039502,False
LONG,1,VWAP_Z:lo,3,0.011857707509881422,2,0.0028735632183908046,4.126482213438735,0.12122207779529551,False
LONG,1,Volume:hi,197,0.7786561264822134,397,0.5704022988505747,1.365099909399548,2.53507472072908e-09,True
LONG,1,Volume:lo,4,0.015810276679841896,17,0.02442528735632184,0.6472913275982329,0.6179589459283823,False
LONG,1,Volume_Avg_10:hi,179,0.7075098814229249,361,0.5186781609195402,1.3640633724940603,1.8565763486833665e-07,True
LONG,1,Volume_Avg_10:lo,3,0.011857707509881422,46,0.06609195402298851,0.1794122701495102,0.00036458532055338305,True
LONG,1,Volume_Ratio_10:hi,53,0.20948616600790515,176,0.25287356321839083,0.8284225655767158,0.1712217753315623,False
LONG,1,Volume_Ratio_10:lo,21,0.08300395256916997,86,0.1235632183908046,0.6717529184667709,0.0828585336501236,False
LONG,1,WeeklyOpen_Dist_ATR:hi,22,0.08695652173913043,72,0.10344827586206896,0.8405797101449275,0.539019169020057,False
LONG,1,WeeklyOpen_Dist_ATR:lo,114,0.4505928853754941,270,0.3879310344827586,1.1615283267457182,0.08577905684515491,False
LONG,1,WeeklyOpen_Side:==-1,98,0.38735177865612647,195,0.2801724137931034,1.382547886895713,0.0019216321663054839,True
LONG,1,WeeklyOpen_Side:==0,0,0.0,0,0.0,inf,1.0,False
LONG,1,WeeklyOpen_Side:==1,155,0.6126482213438735,501,0.7198275862068966,0.8511041158789141,0.0019216321663054839,True
LONG,2,ADX_Rising:==0,121,0.4782608695652174,302,0.4339080459770115,1.1022171033688455,0.2376740537891607,False
LONG,2,ADX_Rising:==1,132,0.5217391304347826,394,0.5660919540229885,0.9216508497020525,0.2376740537891607,False
LONG,2,ADX_Value:hi,26,0.10276679841897234,33,0.04741379310344827,2.1674452030183256,0.0034240859946990344,False
LONG,2,ADX_Value:lo,53,0.20948616600790515,173,0.24856321839080459,0.8427882748063699,0.22816740083309273,False
LONG,2,ATR_1M:hi,208,0.8221343873517787,422,0.6063218390804598,1.3559372834048293,1.3671072921746078e-10,True
LONG,2,ATR_1M:lo,0,0.0,6,0.008620689655172414,0.0,0.35066246503216913,False
LONG,2,AT_Lookback_LT:hi,28,0.11067193675889328,122,0.1752873563218391,0.6313743277392599,0.015689425157035426,False
LONG,2,AT_Lookback_LT:lo,0,0.0,0,0.0,inf,1.0,False
LONG,2,AT_Lookback_ST:hi,98,0.38735177865612647,168,0.2413793103448276,1.6047430830039524,1.4138887223773545e-05,True
LONG,2,AT_Lookback_ST:lo,0,0.0,0,0.0,inf,1.0,False
LONG,2,AT_Regime_LT:==0,76,0.30039525691699603,343,0.492816091954023,0.6095483930444001,1.3234974830616626e-07,True
LONG,2,AT_Regime_LT:==1,177,0.6996047430830039,353,0.507183908045977,1.3793906549171975,1.3234974830616626e-07,True
LONG,2,AT_Regime_ST:==0,100,0.3952569169960474,387,0.5560344827586207,0.7108496491711861,1.3895468975458243e-05,True
LONG,2,AT_Regime_ST:==1,153,0.6047430830039525,309,0.44396551724137934,1.362139759775893,1.3895468975458243e-05,True
LONG,2,AT_Score_LT:hi,9,0.03557312252964427,36,0.05172413793103448,0.6877470355731226,0.38791160656727774,False
LONG,2,AT_Score_LT:lo,63,0.2490118577075099,94,0.13505747126436782,1.8437473719619881,6.758201778501426e-05,True
LONG,2,AT_Score_ST:hi,11,0.043478260869565216,32,0.04597701149425287,0.9456521739130435,1.0,False
LONG,2,AT_Score_ST:lo,54,0.2134387351778656,80,0.11494252873563218,1.8569169960474308,0.00020557149406485537,True
LONG,2,AT_Slope_LT:hi,38,0.15019762845849802,173,0.24856321839080459,0.6042632913706047,0.0010751379029482156,True
LONG,2,AT_Slope_LT:lo,142,0.5612648221343873,219,0.3146551724137931,1.7837457360983269,1.0809814615307671e-11,True
LONG,2,AT_Slope_ST:hi,70,0.2766798418972332,279,0.40086206896551724,0.6902120787113775,0.00045217917720575575,True
LONG,2,AT_Slope_ST:lo,117,0.4624505928853755,211,0.3031609195402299,1.5254294438304328,7.130741003456167e-06,True
LONG,2,Bar_Range:hi,186,0.7351778656126482,340,0.4885057471264368,1.5049523366658915,7.565649010962214e-12,True
LONG,2,Bar_Range:lo,1,0.003952569169960474,21,0.03017241379310345,0.1309994353472614,0.013845078894088175,False
LONG,2,Bars_Since_Flip:hi,77,0.30434782608695654,127,0.1824712643678161,1.6679219445395412,8.079411344096905e-05,True
LONG,2,Bars_Since_Flip:lo,73,0.2885375494071146,233,0.33477011494252873,0.8618975724779047,0.18287614842862127,False
LONG,2,Body_Size:hi,134,0.5296442687747036,257,0.3692528735632184,1.4343673582381078,1.05459323308236e-05,True
LONG,2,Body_Size:lo,17,0.06719367588932806,75,0.10775862068965517,0.6235573122529645,0.06352901193111332,False
LONG,2,D2D_ATR:hi,220,0.8695652173913043,440,0.632183908045977,1.3754940711462451,1.8992066391805863e-13,True
LONG,2,D2D_ATR:lo,0,0.0,5,0.007183908045977011,0.0,0.3325930622115817,False
LONG,2,D2D_ATR_MA:hi,207,0.8181818181818182,393,0.5646551724137931,1.4489937543372657,1.5041451757303354e-13,True
LONG,2,D2D_ATR_MA:lo,0,0.0,21,0.03017241379310345,0.0,0.0020043682483151786,False
LONG,2,D2D_DirStep:==-1,58,0.22924901185770752,169,0.24281609195402298,0.9441261080057067,0.7307855551855573,False
LONG,2,D2D_DirStep:==1,195,0.7707509881422925,527,0.757183908045977,1.0179178135617373,0.7307855551855573,False
LONG,2,D2D_Dn_Count:hi,3,0.011857707509881422,16,0.022988505747126436,0.5158102766798419,0.43131623559767435,False
LONG,2,D2D_Dn_Count:lo,0,0.0,0,0.0,inf,1.0,False
LONG,2,D2D_Dynamic_Sensitivity:hi,0,0.0,0,0.0,inf,1.0,False
LONG,2,D2D_Dynamic_Sensitivity:lo,25,0.09881422924901186,80,0.11494252873563218,0.8596837944664032,0.5587530422885643,False
LONG,2,D2D_Persist:hi,45,0.17786561264822134,128,0.1839080459770115,0.9671442687747036,0.9242712277580034,False
LONG,2,D2D_Persist:lo,17,0.06719367588932806,64,0.09195402298850575,0.7307312252964427,0.29275096429719016,False
LONG,2,D2D_Signal:==-1,3,0.011857707509881422,16,0.022988505747126436,0.5158102766798419,0.43131623559767435,False
LONG,2,D2D_Signal:==0,250,0.9881422924901185,680,0.9770114942528736,1.0113926993722389,0.43131623559767435,False
LONG,2,D2D_Signal:==1,0,0.0,0,0.0,inf,1.0,False
LONG,2,D2D_Up_Count:hi,1,0.003952569169960474,1,0.0014367816091954023,2.75098814229249,0.4623254325005669,False
LONG,2,D2D_Up_Count:lo,0,0.0,0,0.0,inf,1.0,False
LONG,2,DailyOpen_Dist_ATR:hi,19,0.07509881422924901,77,0.11063218390804598,0.6788152558903546,0.11482372292504875,False
LONG,2,DailyOpen_Dist_ATR:lo,105,0.4150197628458498,218,0.3132183908045977,1.3250172244986764,0.00411420368354877,False
LONG,2,DailyOpen_Side:==-1,149,0.5889328063241107,307,0.4410919540229885,1.3351701407217624,6.954225721094396e-05,True
LONG,2,DailyOpen_Side:==0,0,0.0,0,0.0,inf,1.0,False
LONG,2,DailyOpen_Side:==1,104,0.41106719367588934,389,0.5589080459770115,0.7354826909985064,6.954225721094396e-05,True
LONG,2,Dist_To_PoC_ATR:hi,15,0.05928853754940711,98,0.14080459770114942,0.4210696136161975,0.000401021051106863,True
LONG,2,Dist_To_PoC_ATR:lo,50,0.1976284584980237,136,0.19540229885057472,1.0113926993722389,0.9265871615113677,False
LONG,2,EMA_Oscillator:hi,137,0.541501976284585,292,0.41954022988505746,1.2907033407331203,0.0009049827410935549,True
LONG,2,EMA_Oscillator:lo,30,0.11857707509881422,78,0.11206896551724138,1.0580723624201884,0.8172660490620065,False
LONG,2,Efficiency_Ratio:hi,78,0.308300395256917,199,0.2859195402298851,1.0782767592905236,0.5187450252980574,False
LONG,2,Efficiency_Ratio:lo,30,0.11857707509881422,107,0.15373563218390804,0.7713050866240626,0.2097649869630071,False
LONG,2,Harmonic_D2D_Concordance:==0,197,0.7786561264822134,534,0.7672413793103449,1.0148776479992894,0.7935202410998897,False
LONG,2,Harmonic_D2D_Concordance:==1,56,0.22134387351778656,162,0.23275862068965517,0.9509588640023423,0.7935202410998897,False
LONG,2,Harmonic_LLEMA:hi,53,0.20948616600790515,139,0.1997126436781609,1.0489379247590072,0.7840371410967653,False
LONG,2,Harmonic_LLEMA:lo,5,0.019762845849802372,18,0.02586206896551724,0.764163372859025,0.8115136085889613,False
LONG,2,Harmonic_OBVf_Concordance:==0,205,0.8102766798418972,562,0.8074712643678161,1.0034743223664777,1.0,False
LONG,2,Harmonic_OBVf_Concordance:==1,48,0.18972332015810275,134,0.1925287356321839,0.985428588283877,1.0,False
LONG,2,KAMA_Dist:hi,127,0.5019762845849802,265,0.3807471264367816,1.318398090834514,0.0010158040538932817,True
LONG,2,KAMA_Dist:lo,21,0.08300395256916997,61,0.08764367816091954,0.9470614916088901,0.8964551169027781,False
LONG,2,KAMA_Dist_ATR:hi,41,0.16205533596837945,107,0.15373563218390804,1.0541169517195523,0.7619474772231306,False
LONG,2,KAMA_Dist_ATR:lo,4,0.015810276679841896,11,0.015804597701149427,1.0003593244699962,1.0,False
LONG,2,KAMA_Slope:hi,72,0.2845849802371542,169,0.24281609195402298,1.1720186168346705,0.205987471167882,False
LONG,2,KAMA_Slope:lo,10,0.039525691699604744,31,0.04454022988505747,0.887415529771771,0.857466087765732,False
LONG,2,Lower_Wick:hi,115,0.45454545454545453,285,0.40948275862068967,1.1100478468899522,0.23433411005641458,False
LONG,2,Lower_Wick:lo,21,0.08300395256916997,68,0.09770114942528736,0.8495698674726808,0.5313785462761091,False
LONG,2,Micro_Amihud:hi,80,0.31620553359683795,207,0.2974137931034483,1.0631838231082087,0.5768186985646737,False
LONG,2,Micro_Amihud:lo,38,0.15019762845849802,90,0.12931034482758622,1.161528326745718,0.39250116123053724,False
LONG,2,Micro_AutoCorr:hi,57,0.22529644268774704,128,0.1839080459770115,1.2250494071146245,0.16482059402944704,False
LONG,2,Micro_AutoCorr:lo,42,0.16600790513833993,123,0.17672413793103448,0.9393618046852407,0.7715267908862702,False
LONG,2,Micro_BarEntropy:hi,51,0.2015810276679842,152,0.21839080459770116,0.9230289161639276,0.6544969498632942,False
LONG,2,Micro_BarEntropy:lo,46,0.18181818181818182,143,0.20545977011494254,0.8849332485696122,0.46253385897680865,False
LONG,2,Micro_BarOverlap:hi,56,0.22134387351778656,174,0.25,0.8853754940711462,0.3921554555109705,False
LONG,2,Micro_BarOverlap:lo,31,0.1225296442687747,118,0.16954022988505746,0.7227172238226034,0.08634552593430359,False
LONG,2,Micro_CSSpread:hi,54,0.2134387351778656,164,0.23563218390804597,0.9058131688036248,0.4867024491155265,False
LONG,2,Micro_CSSpread:lo,45,0.17786561264822134,134,0.1925287356321839,0.9238393015161348,0.6400016423623653,False
LONG,2,Micro_Entropy:hi,34,0.13438735177865613,87,0.125,1.075098814229249,0.7413493734610477,False
LONG,2,Micro_Entropy:lo,57,0.22529644268774704,141,0.2025862068965517,1.1121015894373898,0.47008083194356054,False
LONG,2,Micro_FailedBreak:hi,55,0.21739130434782608,102,0.14655172413793102,1.4833759590792839,0.013239266729244985,False
LONG,2,Micro_FailedBreak:lo,52,0.20553359683794467,129,0.1853448275862069,1.1089254527070502,0.5132207723616451,False
LONG,2,Micro_FractalDim:hi,24,0.09486166007905138,112,0.16091954022988506,0.5894974590626765,0.011612149897112185,False
LONG,2,Micro_FractalDim:lo,72,0.2845849802371542,211,0.3031609195402299,0.9387258115879588,0.6303443750420462,False
LONG,2,Micro_GarmanKlass:hi,188,0.7430830039525692,357,0.5129310344827587,1.44869963795795,1.2928521603636473e-10,True
LONG,2,Micro_GarmanKlass:lo,2,0.007905138339920948,24,0.034482758620689655,0.2292490118577075,0.024219190086635055,False
LONG,2,Micro_HLAsymmetry:hi,107,0.42292490118577075,198,0.28448275862068967,1.4866451071984668,8.042484060798348e-05,True
LONG,2,Micro_HLAsymmetry:lo,60,0.23715415019762845,215,0.3089080459770115,0.767717621104881,0.03526055255258107,False
LONG,2,Micro_Hurst:hi,61,0.24110671936758893,129,0.1853448275862069,1.3008548579832704,0.06635972629244191,False
LONG,2,Micro_Hurst:lo,33,0.13043478260869565,116,0.16666666666666666,0.782608695652174,0.19037312188160693,False
LONG,2,Micro_IBSP:hi,59,0.233201581027668,142,0.20402298850574713,1.143016199966598,0.3248560871178714,False
LONG,2,Micro_IBSP:lo,42,0.16600790513833993,132,0.1896551724137931,0.875314408911247,0.4483221740262565,False
LONG,2,Micro_Lambda:hi,56,0.22134387351778656,121,0.17385057471264367,1.2731845947799953,0.10897462616450276,False
LONG,2,Micro_Lambda:lo,51,0.2015810276679842,144,0.20689655172413793,0.974308300395257,0.9276548981711479,False
LONG,2,Micro_LogReturn:hi,104,0.41106719367588934,179,0.257183908045977,1.5983394793207764,9.170662733431832e-06,True
LONG,2,Micro_LogReturn:lo,84,0.33201581027667987,209,0.30028735632183906,1.105660305993154,0.3821238129765482,False
LONG,2,Micro_MicroGap:hi,45,0.17786561264822134,95,0.13649425287356323,1.303099646349074,0.1207123412125653,False
LONG,2,Micro_MicroGap:lo,34,0.13438735177865613,94,0.13505747126436782,0.9950382642334539,1.0,False
LONG,2,Micro_MomoTransfer:hi,43,0.16996047430830039,117,0.16810344827586207,1.0110469240904023,1.0,False
LONG,2,Micro_MomoTransfer:lo,52,0.20553359683794467,125,0.17959770114942528,1.144411067193676,0.39634861577443886,False
LONG,2,Micro_OrderFlowDelta:hi,99,0.391304347826087,214,0.3074712643678161,1.2726533929297035,0.01903297755346358,False
LONG,2,Micro_OrderFlowDelta:lo,93,0.3675889328063241,221,0.3175287356321839,1.1576556435891474,0.16031382261435062,False
LONG,2,Micro_PriceAccel:hi,82,0.3241106719367589,200,0.28735632183908044,1.127905138339921,0.29645403787501023,False
LONG,2,Micro_PriceAccel:lo,93,0.3675889328063241,223,0.3204022988505747,1.1472730817632357,0.18561895753581747,False
LONG,2,Micro_RangeAccel:hi,115,0.45454545454545453,256,0.367816091954023,1.2357954545454546,0.01621834391667895,False
LONG,2,Micro_RangeAccel:lo,70,0.2766798418972332,177,0.2543103448275862,1.0879614122060697,0.5037474301245054,False
LONG,2,Micro_RangeVelocity:hi,74,0.2924901185770751,154,0.22126436781609196,1.321903393049638,0.02556091984085686,False
LONG,2,Micro_RangeVelocity:lo,97,0.383399209486166,241,0.34626436781609193,1.1072441900513343,0.3190221214028293,False
LONG,2,Micro_Rejection:hi,39,0.1541501976284585,168,0.2413793103448276,0.6386222473178994,0.004340216005778069,False
LONG,2,Micro_Rejection:lo,45,0.17786561264822134,139,0.1997126436781609,0.8906076719651946,0.5157692186938334,False
LONG,2,Micro_RollProxy:hi,91,0.35968379446640314,232,0.3333333333333333,1.0790513833992095,0.48571917545921073,False
LONG,2,Micro_RollProxy:lo,109,0.4308300395256917,221,0.3175287356321839,1.3568222059270652,0.0015459646621216482,True
LONG,2,Micro_ThrustEff:hi,106,0.4189723320158103,256,0.367816091954023,1.1390810276679844,0.15208892912341487,False
LONG,2,Micro_ThrustEff:lo,7,0.02766798418972332,52,0.07471264367816093,0.3703253268470659,0.006093483433071159,False
LONG,2,Micro_TickIntensity:hi,50,0.1976284584980237,149,0.21408045977011494,0.9231503833196275,0.6521669438823507,False
LONG,2,Micro_TickIntensity:lo,58,0.22924901185770752,118,0.16954022988505746,1.352180612313258,0.03819473095628439,False
LONG,2,Micro_VPIN:hi,70,0.2766798418972332,178,0.2557471264367816,1.081849269440867,0.5587027496519514,False
LONG,2,Micro_VPIN:lo,53,0.20948616600790515,115,0.16522988505747127,1.2678467090565388,0.12396997130102602,False
LONG,2,Micro_VolAccel:hi,65,0.25691699604743085,159,0.22844827586206898,1.1246177940189426,0.38744158111131116,False
LONG,2,Micro_VolAccel:lo,68,0.26877470355731226,186,0.2672413793103448,1.0057376004080072,1.0,False
LONG,2,Micro_VolOfVol:hi,93,0.3675889328063241,225,0.3232758620689655,1.137075098814229,0.2136550371669658,False
LONG,2,Micro_VolOfVol:lo,51,0.2015810276679842,146,0.20977011494252873,0.9609616113487466,0.856416624584551,False
LONG,2,Micro_WickImbalance:hi,61,0.24110671936758893,180,0.25862068965517243,0.9322793148880104,0.61354372188087,False
LONG,2,Micro_WickImbalance:lo,109,0.4308300395256917,230,0.33045977011494254,1.303729163086441,0.004641542832476861,False
LONG,2,Momentum_Value:hi,154,0.6086956521739131,349,0.5014367816091954,1.2139030771147379,0.004078825167830941,False
LONG,2,Momentum_Value:lo,42,0.16600790513833993,133,0.1910919540229885,0.8687330975660496,0.395994691267428,False
LONG,2,MultiDay_Position:hi,34,0.13438735177865613,184,0.26436781609195403,0.5083347654236123,1.7009157973186208e-05,True
LONG,2,MultiDay_Position:lo,103,0.40711462450592883,200,0.28735632183908044,1.4167588932806325,0.0006868884315127893,True
LONG,2,MultiDay_Slope:hi,38,0.15019762845849802,125,0.17959770114942528,0.836300395256917,0.33051231991098406,False
LONG,2,MultiDay_Slope:lo,57,0.22529644268774704,185,0.26580459770114945,0.847601751949578,0.2382858254360708,False
LONG,2,OBV_Macd:hi,31,0.1225296442687747,142,0.20402298850574713,0.6005678338807549,0.004209352129706,False
LONG,2,OBV_Macd:lo,144,0.5691699604743083,200,0.28735632183908044,1.9807114624505933,5.293166381399452e-15,True
LONG,2,OBV_Velocity:hi,108,0.4268774703557312,250,0.35919540229885055,1.1884268774703557,0.05877041204814643,False
LONG,2,OBV_Velocity:lo,10,0.039525691699604744,50,0.07183908045977011,0.5501976284584981,0.07197173598263566,False
LONG,2,OBVf_DirStepCount:hi,2,0.007905138339920948,17,0.02442528735632184,0.32364566379911647,0.12309658974341744,False
LONG,2,OBVf_DirStepCount:lo,33,0.13043478260869565,79,0.11350574712643678,1.1491469455145844,0.49522677987920993,False
LONG,2,OBVf_Signal:==-1,85,0.3359683794466403,278,0.3994252873563218,0.8411294679671283,0.0824055145858083,False
LONG,2,OBVf_Signal:==1,168,0.6640316205533597,418,0.6005747126436781,1.105660305993154,0.0824055145858083,False
LONG,2,OBVf_Trend_Dir:==-1,85,0.3359683794466403,278,0.3994252873563218,0.8411294679671283,0.0824055145858083,False
LONG,2,OBVf_Trend_Dir:==1,168,0.6640316205533597,418,0.6005747126436781,1.105660305993154,0.0824055145858083,False
LONG,2,OR_High_Dist_ATR:hi,69,0.2727272727272727,143,0.20545977011494254,1.327399872854418,0.03417828307631739,False
LONG,2,OR_High_Dist_ATR:lo,0,0.0,0,0.0,inf,1.0,False
LONG,2,OR_High_Side:==-1,158,0.6245059288537549,311,0.4468390804597701,1.3976081237370206,1.6534864361248565e-06,True
LONG,2,OR_High_Side:==0,35,0.1383399209486166,187,0.2686781609195402,0.5148908287713218,1.9205374189169846e-05,True
LONG,2,OR_High_Side:==1,60,0.23715415019762845,198,0.28448275862068967,0.8336327703916636,0.16096648961368565,False
LONG,2,OR_Low_Dist_ATR:hi,47,0.1857707509881423,141,0.2025862068965517,0.9169960474308302,0.6452042319573104,False
LONG,2,OR_Low_Dist_ATR:lo,0,0.0,0,0.0,inf,1.0,False
LONG,2,OR_Low_Side:==-1,111,0.43873517786561267,162,0.23275862068965517,1.8849363197189286,1.4702953349018999e-09,True
LONG,2,OR_Low_Side:==0,35,0.1383399209486166,186,0.2672413793103448,0.5176590590335332,1.9517563514808597e-05,True
LONG,2,OR_Low_Side:==1,107,0.42292490118577075,348,0.5,0.8458498023715415,0.03962101036903411,False
LONG,2,OR_Position:hi,69,0.2727272727272727,242,0.34770114942528735,0.7843726521412472,0.03457713582982825,False
LONG,2,OR_Position:lo,115,0.45454545454545453,180,0.25862068965517243,1.7575757575757573,2.1911773371963866e-08,True
LONG,2,PoC_Side:==-1,3,0.011857707509881422,12,0.017241379310344827,0.6877470355731224,0.7705009370968967,False
LONG,2,PoC_Side:==0,1,0.003952569169960474,4,0.005747126436781609,0.6877470355731224,1.0,False
LONG,2,PoC_Side:==1,249,0.9841897233201581,680,0.9770114942528736,1.00734712857475,0.6154147079223973,False
LONG,2,PrevDay_Close_Dist_ATR:hi,22,0.08695652173913043,89,0.1278735632183908,0.680019540791402,0.08739767306740678,False
LONG,2,PrevDay_Close_Dist_ATR:lo,101,0.39920948616600793,214,0.3074712643678161,1.298363562483839,0.01000251673910307,False
LONG,2,PrevDay_Close_Side:==-1,156,0.616600790513834,324,0.46551724137931033,1.3245498462889767,3.879611261250366e-05,True
LONG,2,PrevDay_Close_Side:==0,0,0.0,0,0.0,inf,1.0,False
LONG,2,PrevDay_Close_Side:==1,97,0.383399209486166,372,0.5344827586206896,0.7173275532321817,3.879611261250366e-05,True
LONG,2,PrevDay_High_Dist_ATR:hi,27,0.1067193675889328,85,0.1221264367816092,0.8738432922576145,0.5703167762026722,False
LONG,2,PrevDay_High_Dist_ATR:lo,89,0.35177865612648224,243,0.34913793103448276,1.007563558288196,0.9388026619436429,False
LONG,2,PrevDay_High_Side:==-1,228,0.9011857707509882,532,0.764367816091954,1.178994918125353,1.3940125460028542e-06,True
LONG,2,PrevDay_High_Side:==0,0,0.0,0,0.0,inf,1.0,False
LONG,2,PrevDay_High_Side:==1,25,0.09881422924901186,164,0.23563218390804597,0.4193579485201967,1.3940125460028542e-06,True
LONG,2,PrevDay_Low_Dist_ATR:hi,8,0.03162055335968379,81,0.11637931034482758,0.27170253257209775,2.4359900557496754e-05,True
LONG,2,PrevDay_Low_Dist_ATR:lo,138,0.5454545454545454,257,0.3692528735632184,1.4771842943049167,1.6968509118893453e-06,True
LONG,2,PrevDay_Low_Side:==-1,79,0.31225296442687744,129,0.1853448275862069,1.6847136685357107,5.8950990620641096e-05,True
LONG,2,PrevDay_Low_Side:==0,0,0.0,0,0.0,inf,1.0,False
LONG,2,PrevDay_Low_Side:==1,174,0.6877470355731226,567,0.8146551724137931,0.8442185833490181,5.8950990620641096e-05,True
LONG,2,RangeOsc_State:==-1,104,0.41106719367588934,160,0.22988505747126436,1.7881422924901187,8.208041909951972e-08,True
LONG,2,RangeOsc_State:==-2,54,0.2134387351778656,123,0.17672413793103448,1.2077508917381663,0.2204235493282874,False
LONG,2,RangeOsc_State:==1,66,0.2608695652173913,272,0.39080459770114945,0.6675191815856777,0.00022517902067581042,True
LONG,2,RangeOsc_State:==2,29,0.11462450592885376,141,0.2025862068965517,0.5658060718190229,0.0015370083928714462,True
LONG,2,RangeOsc_Val:hi,42,0.16600790513833993,138,0.19827586206896552,0.8372572606977144,0.3030016389513339,False
LONG,2,RangeOsc_Val:lo,58,0.22924901185770752,76,0.10919540229885058,2.099438319117953,7.4375771900141e-06,True
LONG,2,Round_1000_Dist_ATR:hi,3,0.011857707509881422,32,0.04597701149425287,0.25790513833992096,0.010915296995207683,False
LONG,2,Round_1000_Dist_ATR:lo,156,0.616600790513834,308,0.4425287356321839,1.3933576305117807,2.410845401457289e-06,True
LONG,2,Round_100_Dist_ATR:hi,1,0.003952569169960474,15,0.021551724137931036,0.18339920948616598,0.08428868405445311,False
LONG,2,Round_100_Dist_ATR:lo,126,0.4980237154150198,221,0.3175287356321839,1.568436678411103,4.565528365267552e-07,True
LONG,2,Round_500_Dist_ATR:hi,1,0.003952569169960474,28,0.040229885057471264,0.09824957651044607,0.0021635879768901966,False
LONG,2,Round_500_Dist_ATR:lo,132,0.5217391304347826,263,0.37787356321839083,1.3807240866258885,7.866131609497918e-05,True
LONG,2,ST_Flip_Event:==-1,0,0.0,1,0.0014367816091954023,0.0,1.0,False
LONG,2,ST_Flip_Event:==0,239,0.9446640316205533,668,0.9597701149425287,0.9842607275567442,0.37141146867556607,False
LONG,2,ST_Flip_Event:==1,14,0.05533596837944664,27,0.03879310344827586,1.4264382960035134,0.2801919284188878,False
LONG,2,Session_High_Dist_ATR:hi,46,0.18181818181818182,79,0.11350574712643678,1.6018411967779056,0.008875911070347466,False
LONG,2,Session_High_Dist_ATR:lo,67,0.2648221343873518,203,0.2916666666666667,0.9079616036137775,0.4641203256908041,False
LONG,2,Session_High_Side:==-1,252,0.9960474308300395,694,0.9971264367816092,0.9989178845211925,1.0,False
LONG,2,Session_High_Side:==0,1,0.003952569169960474,2,0.0028735632183908046,1.375494071146245,1.0,False
LONG,2,Session_Low_Dist_ATR:hi,13,0.05138339920948617,81,0.11637931034482758,0.4415166154296589,0.0029451567612632725,False
LONG,2,Session_Low_Dist_ATR:lo,60,0.23715415019762845,131,0.1882183908045977,1.2599945689889267,0.09998665394823411,False
LONG,2,Session_Low_Side:==0,0,0.0,0,0.0,inf,1.0,False
LONG,2,Session_Low_Side:==1,253,1.0,696,1.0,1.0,1.0,False
LONG,2,Slope_Accel_LT:hi,52,0.20553359683794467,103,0.14798850574712644,1.388848382516597,0.03721922584865731,False
LONG,2,Slope_Accel_LT:lo,16,0.06324110671936758,18,0.02586206896551724,2.44532279314888,0.009481212946388467,False
LONG,2,Slope_Accel_ST:hi,103,0.40711462450592883,360,0.5172413793103449,0.7870882740447956,0.003266756796508818,False
LONG,2,Slope_Accel_ST:lo,34,0.13438735177865613,81,0.11637931034482758,1.1547357634314157,0.49967183496085815,False
LONG,2,Slope_EMA_LT:hi,38,0.15019762845849802,172,0.2471264367816092,0.607776450041364,0.0014078472229637378,True
LONG,2,Slope_EMA_LT:lo,142,0.5612648221343873,218,0.3132183908045977,1.7919280559886863,6.500554626002597e-12,True
LONG,2,Slope_EMA_ST:hi,47,0.1857707509881423,160,0.22988505747126436,0.8081027667984191,0.15557954990464082,False
LONG,2,Slope_EMA_ST:lo,132,0.5217391304347826,253,0.3635057471264368,1.4352981611960818,1.3947364311962613e-05,True
LONG,2,Sqz_State:==-1,172,0.6798418972332015,467,0.6709770114942529,1.0132119067972338,0.8148167878459218,False
LONG,2,Sqz_State:==1,81,0.3201581027667984,229,0.3290229885057471,0.9730569411602257,0.8148167878459218,False
LONG,2,Sqz_Val:hi,155,0.6126482213438735,381,0.5474137931034483,1.1191684043447139,0.07596280612171716,False
LONG,2,Sqz_Val:lo,49,0.19367588932806323,133,0.1910919540229885,1.0135219471603911,0.9259123844835093,False
LONG,2,TChan_A15:hi,141,0.5573122529644269,268,0.3850574712643678,1.4473482390419445,2.7881883432485428e-06,True
LONG,2,TChan_A15:lo,3,0.011857707509881422,57,0.08189655172413793,0.14478884959434157,1.4977038992802821e-05,True
LONG,2,Trend_Concordance:==0,82,0.3241106719367589,251,0.36063218390804597,0.8987291938963514,0.3177790710625719,False
LONG,2,Trend_Concordance:==1,171,0.6758893280632411,445,0.639367816091954,1.0571212861393613,0.3177790710625719,False
LONG,2,Trend_Conflict:==0,171,0.6758893280632411,445,0.639367816091954,1.0571212861393613,0.3177790710625719,False
LONG,2,Trend_Conflict:==1,82,0.3241106719367589,251,0.36063218390804597,0.8987291938963514,0.3177790710625719,False
LONG,2,Upper_Wick:hi,120,0.4743083003952569,259,0.37212643678160917,1.2745891006760572,0.005495756794951835,False
LONG,2,Upper_Wick:lo,17,0.06719367588932806,101,0.14511494252873564,0.4630376081086369,0.0011526810465996447,True
LONG,2,VAH_Dist_ATR:hi,15,0.05928853754940711,98,0.14080459770114942,0.4210696136161975,0.000401021051106863,True
LONG,2,VAH_Dist_ATR:lo,53,0.20948616600790515,138,0.19827586206896552,1.0565389242137824,0.7146243580297127,False
LONG,2,VAH_Side:==-1,3,0.011857707509881422,13,0.01867816091954023,0.634843417452113,0.5797922939621413,False
LONG,2,VAH_Side:==0,1,0.003952569169960474,6,0.008620689655172414,0.458498023715415,0.6820915733557031,False
LONG,2,VAH_Side:==1,249,0.9841897233201581,677,0.9727011494252874,1.0118110006363812,0.47322251838211415,False
LONG,2,VAL_Dist_ATR:hi,15,0.05928853754940711,94,0.13505747126436782,0.43898746951475903,0.0008035056784782011,True
LONG,2,VAL_Dist_ATR:lo,67,0.2648221343873518,144,0.20689655172413793,1.2799736495388672,0.06378120932156023,False
LONG,2,VAL_Side:==-1,1,0.003952569169960474,3,0.004310344827586207,0.91699604743083,1.0,False
LONG,2,VAL_Side:==0,0,0.0,2,0.0028735632183908046,0.0,1.0,False
LONG,2,VAL_Side:==1,252,0.9960474308300395,691,0.992816091954023,1.003254720488723,1.0,False
LONG,2,VA_Position:hi,53,0.20948616600790515,171,0.24568965517241378,0.8526454476111227,0.26190308743743806,False
LONG,2,VA_Position:lo,27,0.1067193675889328,91,0.1307471264367816,0.8162272510098597,0.37365002306326933,False
LONG,2,VWAP_Dist_ATR:hi,26,0.10276679841897234,78,0.11206896551724138,0.9169960474308301,0.72592349991829,False
LONG,2,VWAP_Dist_ATR:lo,80,0.31620553359683795,218,0.3132183908045977,1.0095369329513726,0.9370758029198902,False
LONG,2,VWAP_Side:==-1,150,0.5928853754940712,286,0.4109195402298851,1.4428259487548025,7.439065764022628e-07,True
LONG,2,VWAP_Side:==0,0,0.0,0,0.0,inf,1.0,False
LONG,2,VWAP_Side:==1,103,0.40711462450592883,410,0.5890804597701149,0.6911018991612841,7.439065764022628e-07,True
LONG,2,VWAP_Sigma:hi,115,0.45454545454545453,231,0.33189655172413796,1.369539551357733,0.0005976013010514507,True
LONG,2,VWAP_Sigma:lo,18,0.07114624505928854,89,0.1278735632183908,0.5563796242838744,0.014563715566656565,False
LONG,2,VWAP_Sigma_ATR:hi,23,0.09090909090909091,64,0.09195402298850575,0.9886363636363636,1.0,False
LONG,2,VWAP_Sigma_ATR:lo,99,0.391304347826087,242,0.34770114942528735,1.125404240028746,0.22163430447968924,False
LONG,2,VWAP_Z:hi,17,0.06719367588932806,58,0.08333333333333333,0.8063241106719368,0.4966165062353928,False
LONG,2,VWAP_Z:lo,3,0.011857707509881422,4,0.005747126436781609,2.0632411067193677,0.3915165431821465,False
LONG,2,Volume:hi,197,0.7786561264822134,387,0.5560344827586207,1.4003738088672366,1.8335176389932465e-10,True
LONG,2,Volume:lo,4,0.015810276679841896,27,0.03879310344827586,0.40755379885814663,0.0975719462958192,False
LONG,2,Volume_Avg_10:hi,187,0.7391304347826086,369,0.5301724137931034,1.3941322021915872,5.036439651583614e-09,True
LONG,2,Volume_Avg_10:lo,2,0.007905138339920948,36,0.05172413793103448,0.152832674571805,0.0011420496376887855,True
LONG,2,Volume_Ratio_10:hi,51,0.2015810276679842,135,0.1939655172413793,1.0392621870882741,0.7822307368303216,False
LONG,2,Volume_Ratio_10:lo,26,0.10276679841897234,88,0.12643678160919541,0.8127919511318721,0.3668695402245106,False
LONG,2,WeeklyOpen_Dist_ATR:hi,23,0.09090909090909091,82,0.11781609195402298,0.771618625277162,0.29210493332475607,False
LONG,2,WeeklyOpen_Dist_ATR:lo,113,0.44664031620553357,255,0.36637931034482757,1.2190653336433388,0.028816508089884438,False
LONG,2,WeeklyOpen_Side:==-1,95,0.37549407114624506,192,0.27586206896551724,1.3611660079051384,0.003956236867236551,False
LONG,2,WeeklyOpen_Side:==0,0,0.0,0,0.0,inf,1.0,False
LONG,2,WeeklyOpen_Side:==1,158,0.6245059288537549,504,0.7241379310344828,0.862412949369471,0.003956236867236551,False
LONG,3,ADX_Rising:==0,123,0.48616600790513836,324,0.46551724137931033,1.044356609574001,0.6068716756540411,False
LONG,3,ADX_Rising:==1,130,0.5138339920948617,372,0.5344827586206896,0.9613668239194187,0.6068716756540411,False
LONG,3,ADX_Value:hi,30,0.11857707509881422,37,0.05316091954022988,2.2305309261831,0.0008904467030289792,True
LONG,3,ADX_Value:lo,51,0.2015810276679842,174,0.25,0.8063241106719368,0.14210583883108985,False
LONG,3,ATR_1M:hi,201,0.7944664031620553,395,0.5675287356321839,1.3998699154450394,7.290357627227169e-11,True
LONG,3,ATR_1M:lo,0,0.0,12,0.017241379310344827,0.0,0.04332404306316628,False
LONG,3,AT_Lookback_LT:hi,30,0.11857707509881422,123,0.17672413793103448,0.6709727176323147,0.03572288303831109,False
LONG,3,AT_Lookback_LT:lo,0,0.0,0,0.0,inf,1.0,False
LONG,3,AT_Lookback_ST:hi,83,0.32806324110671936,143,0.20545977011494254,1.596727383288648,0.00014046688452628285,True
LONG,3,AT_Lookback_ST:lo,0,0.0,0,0.0,inf,1.0,False
LONG,3,AT_Regime_LT:==0,77,0.30434782608695654,341,0.4899425287356322,0.6211908708402397,3.051272069056243e-07,True
LONG,3,AT_Regime_LT:==1,176,0.6956521739130435,355,0.5100574712643678,1.3638701775872626,3.051272069056243e-07,True
LONG,3,AT_Regime_ST:==0,114,0.4505928853754941,410,0.5890804597701149,0.7649088981008387,0.00016476816333235465,True
LONG,3,AT_Regime_ST:==1,139,0.549407114624506,286,0.4109195402298851,1.3370187125127837,0.00016476816333235465,True
LONG,3,AT_Score_LT:hi,9,0.03557312252964427,38,0.05459770114942529,0.6515498231745371,0.3094471076079556,False
LONG,3,AT_Score_LT:lo,63,0.2490118577075099,96,0.13793103448275862,1.8053359683794468,0.00011200858889380831,True
LONG,3,AT_Score_ST:hi,20,0.07905138339920949,33,0.04741379310344827,1.6672655407833274,0.07733596724623075,False
LONG,3,AT_Score_ST:lo,44,0.17391304347826086,86,0.1235632183908046,1.4074823053589485,0.054318938383371165,False
LONG,3,AT_Slope_LT:hi,38,0.15019762845849802,173,0.24856321839080459,0.6042632913706047,0.0010751379029482156,True
LONG,3,AT_Slope_LT:lo,141,0.5573122529644269,217,0.3117816091954023,1.7875084242545671,1.045494931002545e-11,True
LONG,3,AT_Slope_ST:hi,91,0.35968379446640314,308,0.4425287356321839,0.812791951131872,0.02559536228853715,False
LONG,3,AT_Slope_ST:lo,103,0.40711462450592883,189,0.27155172413793105,1.499215760085325,9.249960254151634e-05,True
LONG,3,Bar_Range:hi,175,0.691699604743083,341,0.4899425287356322,1.4117974337278174,2.8468164179495013e-08,True
LONG,3,Bar_Range:lo,1,0.003952569169960474,32,0.04597701149425287,0.0859683794466403,0.0005287742577891465,True
LONG,3,Bars_Since_Flip:hi,72,0.2845849802371542,115,0.16522988505747127,1.7223577934352983,6.899450405938414e-05,True
LONG,3,Bars_Since_Flip:lo,75,0.2964426877470356,209,0.30028735632183906,0.9871967017796018,0.9362429035494297,False
LONG,3,Body_Size:hi,131,0.5177865612648221,273,0.3922413793103448,1.3200712331147115,0.0006296199760224526,True
LONG,3,Body_Size:lo,26,0.10276679841897234,86,0.1235632183908046,0.8316940895302877,0.4265970678682105,False
LONG,3,D2D_ATR:hi,216,0.8537549407114624,427,0.6135057471264368,1.391600559098777,2.784100626285902e-13,True
LONG,3,D2D_ATR:lo,0,0.0,7,0.010057471264367816,0.0,0.19933201744101364,False
LONG,3,D2D_ATR_MA:hi,209,0.8260869565217391,400,0.5747126436781609,1.4373913043478261,1.8373112701018506e-13,True
LONG,3,D2D_ATR_MA:lo,0,0.0,19,0.027298850574712645,0.0,0.003392786629144289,False
LONG,3,D2D_DirStep:==-1,58,0.22924901185770752,204,0.29310344827586204,0.7821436875145316,0.058808368204255564,False
LONG,3,D2D_DirStep:==1,195,0.7707509881422925,492,0.7068965517241379,1.0903306661525114,0.058808368204255564,False
LONG,3,D2D_Dn_Count:hi,5,0.019762845849802372,12,0.017241379310344827,1.1462450592885376,0.7848489967850909,False
LONG,3,D2D_Dn_Count:lo,0,0.0,0,0.0,inf,1.0,False
LONG,3,D2D_Dynamic_Sensitivity:hi,0,0.0,0,0.0,inf,1.0,False
LONG,3,D2D_Dynamic_Sensitivity:lo,18,0.07114624505928854,66,0.09482758620689655,0.7502694933524974,0.3015908610054209,False
LONG,3,D2D_Persist:hi,61,0.24110671936758893,157,0.22557471264367815,1.0688552654767,0.6626508703048803,False
LONG,3,D2D_Persist:lo,16,0.06324110671936758,64,0.09195402298850575,0.6877470355731224,0.18664142758502417,False
LONG,3,D2D_Signal:==-1,5,0.019762845849802372,12,0.017241379310344827,1.1462450592885376,0.7848489967850909,False
LONG,3,D2D_Signal:==0,248,0.9802371541501976,684,0.9827586206896551,0.9974342972054643,0.7848489967850909,False
LONG,3,D2D_Signal:==1,0,0.0,0,0.0,inf,1.0,False
LONG,3,D2D_Up_Count:hi,1,0.003952569169960474,2,0.0028735632183908046,1.375494071146245,1.0,False
LONG,3,D2D_Up_Count:lo,0,0.0,0,0.0,inf,1.0,False
LONG,3,DailyOpen_Dist_ATR:hi,25,0.09881422924901186,82,0.11781609195402298,0.8387158970403934,0.48630884981083194,False
LONG,3,DailyOpen_Dist_ATR:lo,103,0.40711462450592883,205,0.29454022988505746,1.3822037983225681,0.001290997918631391,True
LONG,3,DailyOpen_Side:==-1,144,0.5691699604743083,311,0.4468390804597701,1.2737694292286772,0.0009373573554834902,True
LONG,3,DailyOpen_Side:==0,0,0.0,0,0.0,inf,1.0,False
LONG,3,DailyOpen_Side:==1,109,0.4308300395256917,385,0.5531609195402298,0.7788511883373544,0.0009373573554834902,True
LONG,3,Dist_To_PoC_ATR:hi,20,0.07905138339920949,100,0.14367816091954022,0.5501976284584981,0.007835323310402181,False
LONG,3,Dist_To_PoC_ATR:lo,53,0.20948616600790515,128,0.1839080459770115,1.1390810276679844,0.40052124511645404,False
LONG,3,EMA_Oscillator:hi,148,0.5849802371541502,312,0.4482758620689655,1.3049559136515656,0.0002332800791120948,True
LONG,3,EMA_Oscillator:lo,30,0.11857707509881422,84,0.1206896551724138,0.9824957651044607,1.0,False
LONG,3,Efficiency_Ratio:hi,84,0.33201581027667987,200,0.28735632183908044,1.155415019762846,0.19972320094361765,False
LONG,3,Efficiency_Ratio:lo,48,0.18972332015810275,111,0.15948275862068967,1.18961649396432,0.2802174565692755,False
LONG,3,Harmonic_D2D_Concordance:==0,198,0.782608695652174,520,0.7471264367816092,1.0474916387959867,0.26770950895142825,False
LONG,3,Harmonic_D2D_Concordance:==1,55,0.21739130434782608,176,0.25287356321839083,0.8596837944664031,0.26770950895142825,False
LONG,3,Harmonic_LLEMA:hi,48,0.18972332015810275,136,0.19540229885057472,0.9709369913973493,0.9260478636296949,False
LONG,3,Harmonic_LLEMA:lo,6,0.023715415019762844,18,0.02586206896551724,0.91699604743083,1.0,False
LONG,3,Harmonic_OBVf_Concordance:==0,205,0.8102766798418972,551,0.7916666666666666,1.023507385063449,0.5844692486043099,False
LONG,3,Harmonic_OBVf_Concordance:==1,48,0.18972332015810275,145,0.20833333333333334,0.9106719367588931,0.5844692486043099,False
LONG,3,KAMA_Dist:hi,134,0.5296442687747036,279,0.40086206896551724,1.321263122104637,0.0004906800926473739,True
LONG,3,KAMA_Dist:lo,26,0.10276679841897234,67,0.09626436781609195,1.0675476373075337,0.8050529828505812,False
LONG,3,KAMA_Dist_ATR:hi,48,0.18972332015810275,149,0.21408045977011494,0.8862243679868423,0.469097219646158,False
LONG,3,KAMA_Dist_ATR:lo,4,0.015810276679841896,19,0.027298850574712645,0.5791553983773663,0.47322251838211415,False
LONG,3,KAMA_Slope:hi,77,0.30434782608695654,166,0.23850574712643677,1.276060764798324,0.04362544089982735,False
LONG,3,KAMA_Slope:lo,12,0.04743083003952569,32,0.04597701149425287,1.0316205533596838,1.0,False
LONG,3,Lower_Wick:hi,109,0.4308300395256917,259,0.37212643678160917,1.1577517664474186,0.11356390756784648,False
LONG,3,Lower_Wick:lo,26,0.10276679841897234,73,0.10488505747126436,0.9798039958849966,1.0,False
LONG,3,Micro_Amihud:hi,50,0.1976284584980237,117,0.16810344827586207,1.1756359582446538,0.29044238735641026,False
LONG,3,Micro_Amihud:lo,68,0.26877470355731226,145,0.20833333333333334,1.2901185770750987,0.053008188718793495,False
LONG,3,Micro_AutoCorr:hi,59,0.233201581027668,125,0.17959770114942528,1.2984664031620554,0.07738032461438457,False
LONG,3,Micro_AutoCorr:lo,39,0.1541501976284585,129,0.1853448275862069,0.8316940895302877,0.2907892642494864,False
LONG,3,Micro_BarEntropy:hi,58,0.22924901185770752,144,0.20689655172413793,1.1080368906455864,0.47352952196229603,False
LONG,3,Micro_BarEntropy:lo,47,0.1857707509881423,132,0.1896551724137931,0.9795185052102049,0.9254932090780683,False
LONG,3,Micro_BarOverlap:hi,55,0.21739130434782608,136,0.19540229885057472,1.1125319693094629,0.46460045064003674,False
LONG,3,Micro_BarOverlap:lo,45,0.17786561264822134,126,0.1810344827586207,0.9824957651044608,1.0,False
LONG,3,Micro_CSSpread:hi,57,0.22529644268774704,156,0.22413793103448276,1.005168744299179,1.0,False
LONG,3,Micro_CSSpread:lo,50,0.1976284584980237,132,0.1896551724137931,1.0420409629895797,0.7802731977624981,False
LONG,3,Micro_Entropy:hi,46,0.18181818181818182,86,0.1235632183908046,1.4714587737843552,0.025762691013454127,False
LONG,3,Micro_Entropy:lo,49,0.19367588932806323,136,0.19540229885057472,0.9911648453847941,1.0,False
LONG,3,Micro_FailedBreak:hi,54,0.2134387351778656,116,0.16666666666666666,1.2806324110671936,0.10388017491606805,False
LONG,3,Micro_FailedBreak:lo,38,0.15019762845849802,143,0.20545977011494254,0.7310318140357666,0.061542175163460125,False
LONG,3,Micro_FractalDim:hi,31,0.1225296442687747,109,0.15660919540229884,0.7823911230373137,0.21450666576052996,False
LONG,3,Micro_FractalDim:lo,80,0.31620553359683795,199,0.2859195402298851,1.105924881323614,0.37605761515006275,False
LONG,3,Micro_GarmanKlass:hi,183,0.7233201581027668,355,0.5100574712643678,1.418115014195847,3.843387873674255e-09,True
LONG,3,Micro_GarmanKlass:lo,2,0.007905138339920948,30,0.04310344827586207,0.18339920948616598,0.006915054380160209,False
LONG,3,Micro_HLAsymmetry:hi,103,0.40711462450592883,202,0.29022988505747127,1.4027315775055766,0.0009347044340385995,True
LONG,3,Micro_HLAsymmetry:lo,71,0.28063241106719367,211,0.3031609195402299,0.9256879530936815,0.5214113939953564,False
LONG,3,Micro_Hurst:hi,50,0.1976284584980237,138,0.19827586206896552,0.9967348341639456,1.0,False
LONG,3,Micro_Hurst:lo,35,0.1383399209486166,104,0.14942528735632185,0.9258133171176649,0.7555432273587853,False
LONG,3,Micro_IBSP:hi,59,0.233201581027668,141,0.2025862068965517,1.1511226978387017,0.32246881542978423,False
LONG,3,Micro_IBSP:lo,38,0.15019762845849802,141,0.2025862068965517,0.7414010596249264,0.07463661518680151,False
LONG,3,Micro_Lambda:hi,44,0.17391304347826086,129,0.1853448275862069,0.9383215369059655,0.7755098586224893,False
LONG,3,Micro_Lambda:lo,47,0.1857707509881423,150,0.21551724137931033,0.8619762845849803,0.3654239665695058,False
LONG,3,Micro_LogReturn:hi,105,0.4150197628458498,202,0.29022988505747127,1.4299690838649082,0.0003991294864215053,True
LONG,3,Micro_LogReturn:lo,69,0.2727272727272727,215,0.3089080459770115,0.882875264270613,0.2980937636483011,False
LONG,3,Micro_MicroGap:hi,36,0.1422924901185771,88,0.12643678160919541,1.1254042400287458,0.5150678039338484,False
LONG,3,Micro_MicroGap:lo,44,0.17391304347826086,100,0.14367816091954022,1.2104347826086956,0.2610006881254566,False
LONG,3,Micro_MomoTransfer:hi,44,0.17391304347826086,137,0.1968390804597701,0.8835290384005078,0.45580425282903453,False
LONG,3,Micro_MomoTransfer:lo,51,0.2015810276679842,149,0.21408045977011494,0.9416133909860201,0.7192941040675332,False
LONG,3,Micro_OrderFlowDelta:hi,112,0.4426877470355731,205,0.29454022988505746,1.502978887496385,2.5357717681800373e-05,True
LONG,3,Micro_OrderFlowDelta:lo,85,0.3359683794466403,237,0.34051724137931033,0.9866413168559565,0.9382564376329501,False
LONG,3,Micro_PriceAccel:hi,102,0.4031620553359684,199,0.2859195402298851,1.410054223687608,0.0006972075932961295,True
LONG,3,Micro_PriceAccel:lo,81,0.3201581027667984,204,0.29310344827586204,1.092304115322018,0.4242612790016394,False
LONG,3,Micro_RangeAccel:hi,101,0.39920948616600793,227,0.3261494252873563,1.2240079399627382,0.037522897086199866,False
LONG,3,Micro_RangeAccel:lo,83,0.32806324110671936,174,0.25,1.3122529644268774,0.020569105539334383,False
LONG,3,Micro_RangeVelocity:hi,76,0.30039525691699603,186,0.2672413793103448,1.1240596710442432,0.3249410106362648,False
LONG,3,Micro_RangeVelocity:lo,102,0.4031620553359684,197,0.28304597701149425,1.4243694949940813,0.000507334453199814,True
LONG,3,Micro_Rejection:hi,40,0.15810276679841898,146,0.20977011494252873,0.7536953814499974,0.07945180971482067,False
LONG,3,Micro_Rejection:lo,48,0.18972332015810275,141,0.2025862068965517,0.936506601631486,0.7134534769810341,False
LONG,3,Micro_RollProxy:hi,79,0.31225296442687744,229,0.3290229885057471,0.9490308438476275,0.6390124254386045,False
LONG,3,Micro_RollProxy:lo,103,0.40711462450592883,203,0.2916666666666667,1.395821569734613,0.0009567405560346584,True
LONG,3,Micro_ThrustEff:hi,63,0.2490118577075099,125,0.17959770114942528,1.3864980237154152,0.02115772335552723,False
LONG,3,Micro_ThrustEff:lo,17,0.06719367588932806,163,0.23419540229885058,0.2869128737360266,5.983296049216074e-10,True
LONG,3,Micro_TickIntensity:hi,53,0.20948616600790515,144,0.20689655172413793,1.0125164690382082,0.9280718612497321,False
LONG,3,Micro_TickIntensity:lo,54,0.2134387351778656,125,0.17959770114942528,1.1884268774703557,0.2601547418732871,False
LONG,3,Micro_VPIN:hi,58,0.22924901185770752,183,0.2629310344827586,0.8718978811637401,0.31221960431886364,False
LONG,3,Micro_VPIN:lo,49,0.19367588932806323,136,0.19540229885057472,0.9911648453847941,1.0,False
LONG,3,Micro_VolAccel:hi,67,0.2648221343873518,172,0.2471264367816092,1.071605846125563,0.6119881081489905,False
LONG,3,Micro_VolAccel:lo,63,0.2490118577075099,143,0.20545977011494254,1.211973796954034,0.15494237797356908,False
LONG,3,Micro_VolOfVol:hi,95,0.37549407114624506,214,0.3074712643678161,1.2212330538214327,0.05047726831083767,False
LONG,3,Micro_VolOfVol:lo,46,0.18181818181818182,145,0.20833333333333334,0.8727272727272727,0.4101985451471073,False
LONG,3,Micro_WickImbalance:hi,66,0.2608695652173913,176,0.25287356321839083,1.0316205533596836,0.8010252942591787,False
LONG,3,Micro_WickImbalance:lo,119,0.47035573122529645,226,0.32471264367816094,1.4485291545699395,5.012202305189944e-05,True
LONG,3,Momentum_Value:hi,159,0.6284584980237155,354,0.5086206896551724,1.235613318148322,0.001174350085388063,True
LONG,3,Momentum_Value:lo,33,0.13043478260869565,133,0.1910919540229885,0.6825760052304675,0.03325755143032695,False
LONG,3,MultiDay_Position:hi,39,0.1541501976284585,181,0.2600574712643678,0.5927543511016968,0.0004966515078025155,True
LONG,3,MultiDay_Position:lo,102,0.4031620553359684,201,0.28879310344827586,1.3960238334021593,0.0012121067628497297,True
LONG,3,MultiDay_Slope:hi,37,0.14624505928853754,133,0.1910919540229885,0.7653124907129483,0.12558099131091632,False
LONG,3,MultiDay_Slope:lo,58,0.22924901185770752,188,0.27011494252873564,0.8487091077285343,0.2102203444335748,False
LONG,3,OBV_Macd:hi,32,0.12648221343873517,144,0.20689655172413793,0.61133069828722,0.004542092077913139,False
LONG,3,OBV_Macd:lo,134,0.5296442687747036,191,0.2744252873563218,1.930012623388449,6.459663082335599e-13,True
LONG,3,OBV_Velocity:hi,100,0.3952569169960474,247,0.35488505747126436,1.1137603814949353,0.2541309590003331,False
LONG,3,OBV_Velocity:lo,15,0.05928853754940711,55,0.07902298850574713,0.7502694933524973,0.3293406685319313,False
LONG,3,OBVf_DirStepCount:hi,3,0.011857707509881422,30,0.04310344827586207,0.275098814229249,0.01648966004490652,False
LONG,3,OBVf_DirStepCount:lo,32,0.12648221343873517,95,0.13649425287356323,0.926648637403786,0.7469228592275947,False
LONG,3,OBVf_Signal:==-1,74,0.2924901185770751,237,0.34051724137931033,0.8589583229098914,0.18368073977756202,False
LONG,3,OBVf_Signal:==1,179,0.7075098814229249,459,0.6594827586206896,1.0728254411118863,0.18368073977756202,False
LONG,3,OBVf_Trend_Dir:==-1,74,0.2924901185770751,237,0.34051724137931033,0.8589583229098914,0.18368073977756202,False
LONG,3,OBVf_Trend_Dir:==1,179,0.7075098814229249,459,0.6594827586206896,1.0728254411118863,0.18368073977756202,False
LONG,3,OR_High_Dist_ATR:hi,72,0.2845849802371542,150,0.21551724137931033,1.3204743083003954,0.030097857003328635,False
LONG,3,OR_High_Dist_ATR:lo,0,0.0,0,0.0,inf,1.0,False
LONG,3,OR_High_Side:==-1,154,0.6086956521739131,309,0.44396551724137934,1.3710426340227944,7.289637948804553e-06,True
LONG,3,OR_High_Side:==0,35,0.1383399209486166,186,0.2672413793103448,0.5176590590335332,1.9517563514808597e-05,True
LONG,3,OR_High_Side:==1,64,0.25296442687747034,201,0.28879310344827586,0.8759365229190018,0.2885375432842806,False
LONG,3,OR_Low_Dist_ATR:hi,50,0.1976284584980237,143,0.20545977011494254,0.9618839658365349,0.8553816155843792,False
LONG,3,OR_Low_Dist_ATR:lo,0,0.0,0,0.0,inf,1.0,False
LONG,3,OR_Low_Side:==-1,109,0.4308300395256917,162,0.23275862068965517,1.8509735031474164,5.96340097704693e-09,True
LONG,3,OR_Low_Side:==0,35,0.1383399209486166,186,0.2672413793103448,0.5176590590335332,1.9517563514808597e-05,True
LONG,3,OR_Low_Side:==1,109,0.4308300395256917,348,0.5,0.8616600790513834,0.06623492370147571,False
LONG,3,OR_Position:hi,72,0.2845849802371542,234,0.33620689655172414,0.8464578899361509,0.1364832842008551,False
LONG,3,OR_Position:lo,112,0.4426877470355731,184,0.26436781609195403,1.6745145213954287,3.3304201167172377e-07,True
LONG,3,PoC_Side:==-1,2,0.007905138339920948,12,0.017241379310344827,0.458498023715415,0.3754444577736611,False
LONG,3,PoC_Side:==0,0,0.0,5,0.007183908045977011,0.0,0.3325930622115817,False
LONG,3,PoC_Side:==1,251,0.9920948616600791,679,0.9755747126436781,1.0169337609947202,0.12309658974341744,False
LONG,3,PrevDay_Close_Dist_ATR:hi,27,0.1067193675889328,96,0.13793103448275862,0.7737154150197628,0.22990773192986436,False
LONG,3,PrevDay_Close_Dist_ATR:lo,95,0.37549407114624506,214,0.3074712643678161,1.2212330538214327,0.05047726831083767,False
LONG,3,PrevDay_Close_Side:==-1,152,0.6007905138339921,326,0.46839080459770116,1.282669317878707,0.0003203606772588087,True
LONG,3,PrevDay_Close_Side:==0,0,0.0,0,0.0,inf,1.0,False
LONG,3,PrevDay_Close_Side:==1,101,0.39920948616600793,370,0.5316091954022989,0.750945411814977,0.0003203606772588087,True
LONG,3,PrevDay_High_Dist_ATR:hi,30,0.11857707509881422,97,0.13936781609195403,0.8508210749358216,0.45116823383609217,False
LONG,3,PrevDay_High_Dist_ATR:lo,89,0.35177865612648224,236,0.3390804597701149,1.0374489180679307,0.7570645441528456,False
LONG,3,PrevDay_High_Side:==-1,227,0.8972332015810277,537,0.771551724137931,1.1628944288647958,7.569460600095696e-06,True
LONG,3,PrevDay_High_Side:==0,0,0.0,0,0.0,inf,1.0,False
LONG,3,PrevDay_High_Side:==1,26,0.10276679841897234,159,0.22844827586206898,0.449847117607577,7.569460600095696e-06,True
LONG,3,PrevDay_Low_Dist_ATR:hi,8,0.03162055335968379,92,0.13218390804597702,0.23921636019934694,1.925929768084904e-06,True
LONG,3,PrevDay_Low_Dist_ATR:lo,129,0.5098814229249012,247,0.35488505747126436,1.4367508921284666,1.8566674751916123e-05,True
LONG,3,PrevDay_Low_Side:==-1,79,0.31225296442687744,128,0.1839080459770115,1.697875494071146,3.980411717401489e-05,True
LONG,3,PrevDay_Low_Side:==0,0,0.0,0,0.0,inf,1.0,False
LONG,3,PrevDay_Low_Side:==1,174,0.6877470355731226,568,0.8160919540229885,0.8427322830262206,3.980411717401489e-05,True
LONG,3,RangeOsc_State:==-1,100,0.3952569169960474,158,0.22701149425287356,1.7411317356281584,6.159811789228634e-07,True
LONG,3,RangeOsc_State:==-2,57,0.22529644268774704,132,0.1896551724137931,1.1879266978081209,0.23271625152655856,False
LONG,3,RangeOsc_State:==1,67,0.2648221343873518,264,0.3793103448275862,0.6981674452030184,0.0011879390046176223,True
LONG,3,RangeOsc_State:==2,29,0.11462450592885376,142,0.20402298850574713,0.5618215220174804,0.0015446399209410114,True
LONG,3,RangeOsc_Val:hi,41,0.16205533596837945,146,0.20977011494252873,0.7725377659862472,0.11656489320603206,False
LONG,3,RangeOsc_Val:lo,52,0.20553359683794467,85,0.1221264367816092,1.6829574517554058,0.001686893851110189,True
LONG,3,Round_1000_Dist_ATR:hi,3,0.011857707509881422,45,0.06465517241379311,0.18339920948616598,0.00036783691865417917,True
LONG,3,Round_1000_Dist_ATR:lo,150,0.5928853754940712,306,0.4396551724137931,1.3485235991629854,3.690030216139462e-05,True
LONG,3,Round_100_Dist_ATR:hi,1,0.003952569169960474,28,0.040229885057471264,0.09824957651044607,0.0021635879768901966,False
LONG,3,Round_100_Dist_ATR:lo,118,0.466403162055336,212,0.3045977011494253,1.5312103810873294,5.129245411508951e-06,True
LONG,3,Round_500_Dist_ATR:hi,2,0.007905138339920948,32,0.04597701149425287,0.1719367588932806,0.002831069216516171,False
LONG,3,Round_500_Dist_ATR:lo,127,0.5019762845849802,250,0.35919540229885055,1.397501976284585,9.215432494232238e-05,True
LONG,3,ST_Flip_Event:==-1,0,0.0,3,0.004310344827586207,0.0,0.5690654733557869,False
LONG,3,ST_Flip_Event:==0,239,0.9446640316205533,667,0.9583333333333334,0.9857363808214469,0.3794855205979246,False
LONG,3,ST_Flip_Event:==1,14,0.05533596837944664,26,0.03735632183908046,1.4813013073882637,0.2717269286560656,False
LONG,3,Session_High_Dist_ATR:hi,46,0.18181818181818182,94,0.13505747126436782,1.3462282398452612,0.07865602532987284,False
LONG,3,Session_High_Dist_ATR:lo,62,0.2450592885375494,201,0.28879310344827586,0.848563506577783,0.19042720094715632,False
LONG,3,Session_High_Side:==-1,253,1.0,694,0.9971264367816092,1.0028818443804035,1.0,False
LONG,3,Session_High_Side:==0,0,0.0,2,0.0028735632183908046,0.0,1.0,False
LONG,3,Session_Low_Dist_ATR:hi,15,0.05928853754940711,81,0.11637931034482758,0.5094422485726834,0.010191535047588195,False
LONG,3,Session_Low_Dist_ATR:lo,52,0.20553359683794467,124,0.1781609195402299,1.1536401887033023,0.3457097501051979,False
LONG,3,Session_Low_Side:==0,0,0.0,0,0.0,inf,1.0,False
LONG,3,Session_Low_Side:==1,253,1.0,696,1.0,1.0,1.0,False
LONG,3,Slope_Accel_LT:hi,58,0.22924901185770752,106,0.15229885057471265,1.5052576627638152,0.006573270266341609,False
LONG,3,Slope_Accel_LT:lo,12,0.04743083003952569,15,0.021551724137931036,2.200790513833992,0.04526731768619143,False
LONG,3,Slope_Accel_ST:hi,125,0.49407114624505927,372,0.5344827586206896,0.9243911768455948,0.27152551550386217,False
LONG,3,Slope_Accel_ST:lo,24,0.09486166007905138,74,0.10632183908045977,0.89221237047324,0.7174792203680107,False
LONG,3,Slope_EMA_LT:hi,38,0.15019762845849802,172,0.2471264367816092,0.607776450041364,0.0014078472229637378,True
LONG,3,Slope_EMA_LT:lo,141,0.5573122529644269,217,0.3117816091954023,1.7875084242545671,1.045494931002545e-11,True
LONG,3,Slope_EMA_ST:hi,69,0.2727272727272727,217,0.3117816091954023,0.8747381650607455,0.26324781814394443,False
LONG,3,Slope_EMA_ST:lo,119,0.47035573122529645,231,0.33189655172413796,1.4171757096658282,0.000136069207165603,True
LONG,3,Sqz_State:==-1,172,0.6798418972332015,456,0.6551724137931034,1.0376534220927813,0.4862852892663986,False
LONG,3,Sqz_State:==1,81,0.3201581027667984,240,0.3448275862068966,0.9284584980237153,0.4862852892663986,False
LONG,3,Sqz_Val:hi,160,0.6324110671936759,409,0.5876436781609196,1.0761811803589203,0.23087981292881654,False
LONG,3,Sqz_Val:lo,44,0.17391304347826086,120,0.1724137931034483,1.008695652173913,1.0,False
LONG,3,TChan_A15:hi,142,0.5612648221343873,269,0.3864942528735632,1.4521944840354408,1.964127928249668e-06,True
LONG,3,TChan_A15:lo,2,0.007905138339920948,57,0.08189655172413793,0.09652589972956105,2.4933556899495606e-06,True
LONG,3,Trend_Concordance:==0,68,0.26877470355731226,200,0.28735632183908044,0.9353359683794467,0.6248140875230102,False
LONG,3,Trend_Concordance:==1,185,0.7312252964426877,496,0.7126436781609196,1.0260742062986101,0.6248140875230102,False
LONG,3,Trend_Conflict:==0,185,0.7312252964426877,496,0.7126436781609196,1.0260742062986101,0.6248140875230102,False
LONG,3,Trend_Conflict:==1,68,0.26877470355731226,200,0.28735632183908044,0.9353359683794467,0.6248140875230102,False
LONG,3,Upper_Wick:hi,125,0.49407114624505927,246,0.35344827586206895,1.3978598284006556,0.00011956785266978848,True
LONG,3,Upper_Wick:lo,18,0.07114624505928854,87,0.125,0.5691699604743083,0.019149281444350567,False
LONG,3,VAH_Dist_ATR:hi,20,0.07905138339920949,103,0.14798850574712644,0.5341724548140757,0.004431355895732385,False
LONG,3,VAH_Dist_ATR:lo,52,0.20553359683794467,133,0.1910919540229885,1.0755743112722518,0.6433900999790721,False
LONG,3,VAH_Side:==-1,2,0.007905138339920948,22,0.031609195402298854,0.25008983111749905,0.037065236381794014,False
LONG,3,VAH_Side:==0,0,0.0,4,0.005747126436781609,0.0,0.5784798287652094,False
LONG,3,VAH_Side:==1,251,0.9920948616600791,670,0.9626436781609196,1.0305940652468881,0.015857947159648677,False
LONG,3,VAL_Dist_ATR:hi,19,0.07509881422924901,92,0.13218390804597702,0.568138855473449,0.01615103827559335,False
LONG,3,VAL_Dist_ATR:lo,55,0.21739130434782608,131,0.1882183908045977,1.1549950215731828,0.31096671629834327,False
LONG,3,VAL_Side:==-1,1,0.003952569169960474,2,0.0028735632183908046,1.375494071146245,1.0,False
LONG,3,VAL_Side:==0,0,0.0,4,0.005747126436781609,0.0,0.5784798287652094,False
LONG,3,VAL_Side:==1,252,0.9960474308300395,690,0.9913793103448276,1.0047087128372572,0.6820915733557031,False
LONG,3,VA_Position:hi,57,0.22529644268774704,167,0.23994252873563218,0.938960024614802,0.6663746973030578,False
LONG,3,VA_Position:lo,23,0.09090909090909091,94,0.13505747126436782,0.6731141199226306,0.07403977013416832,False
LONG,3,VWAP_Dist_ATR:hi,33,0.13043478260869565,82,0.11781609195402298,1.1071049840933191,0.5762186692423297,False
LONG,3,VWAP_Dist_ATR:lo,76,0.30039525691699603,211,0.3031609195402299,0.9908772455650675,1.0,False
LONG,3,VWAP_Side:==-1,149,0.5889328063241107,290,0.4166666666666667,1.4134387351778657,3.237140751312468e-06,True
LONG,3,VWAP_Side:==0,0,0.0,0,0.0,inf,1.0,False
LONG,3,VWAP_Side:==1,104,0.41106719367588934,406,0.5833333333333334,0.704686617730096,3.237140751312468e-06,True
LONG,3,VWAP_Sigma:hi,115,0.45454545454545453,231,0.33189655172413796,1.369539551357733,0.0005976013010514507,True
LONG,3,VWAP_Sigma:lo,18,0.07114624505928854,89,0.1278735632183908,0.5563796242838744,0.014563715566656565,False
LONG,3,VWAP_Sigma_ATR:hi,28,0.11067193675889328,76,0.10919540229885058,1.0135219471603911,1.0,False
LONG,3,VWAP_Sigma_ATR:lo,96,0.3794466403162055,230,0.33045977011494254,1.1482385289568653,0.1647642886801568,False
LONG,3,VWAP_Z:hi,17,0.06719367588932806,60,0.08620689655172414,0.7794466403162055,0.41987647737411266,False
LONG,3,VWAP_Z:lo,1,0.003952569169960474,8,0.011494252873563218,0.3438735177865612,0.45804905938158663,False
LONG,3,Volume:hi,194,0.766798418972332,379,0.5445402298850575,1.408157518746024,3.4341568266760663e-10,True
LONG,3,Volume:lo,4,0.015810276679841896,37,0.05316091954022988,0.29740412349108003,0.010766932774100811,False
LONG,3,Volume_Avg_10:hi,192,0.758893280632411,372,0.5344827586206896,1.4198648476348337,2.5524619889346576e-10,True
LONG,3,Volume_Avg_10:lo,2,0.007905138339920948,30,0.04310344827586207,0.18339920948616598,0.006915054380160209,False
LONG,3,Volume_Ratio_10:hi,45,0.17786561264822134,113,0.16235632183908047,1.0955262513554163,0.5561708146416477,False
LONG,3,Volume_Ratio_10:lo,24,0.09486166007905138,101,0.14511494252873564,0.653700152623958,0.05025319894527826,False
LONG,3,WeeklyOpen_Dist_ATR:hi,25,0.09881422924901186,94,0.13505747126436782,0.7316457825245984,0.1501505247127402,False
LONG,3,WeeklyOpen_Dist_ATR:lo,110,0.43478260869565216,255,0.36637931034482757,1.186700767263427,0.059415514313731196,False
LONG,3,WeeklyOpen_Side:==-1,95,0.37549407114624506,196,0.28160919540229884,1.3333871097846253,0.006733205175495178,False
LONG,3,WeeklyOpen_Side:==0,0,0.0,0,0.0,inf,1.0,False
LONG,3,WeeklyOpen_Side:==1,158,0.6245059288537549,500,0.7183908045977011,0.8693122529644268,0.006733205175495178,False
LONG,4,ADX_Rising:==0,119,0.47035573122529645,333,0.47844827586206895,0.9830858526510701,0.8831614846052218,False
LONG,4,ADX_Rising:==1,134,0.5296442687747036,363,0.521551724137931,1.0155162839316632,0.8831614846052218,False
LONG,4,ADX_Value:hi,33,0.13043478260869565,42,0.0603448275862069,2.1614906832298133,0.0009320504808820325,True
LONG,4,ADX_Value:lo,54,0.2134387351778656,185,0.26580459770114945,0.8029911334259159,0.10834666904490878,False
LONG,4,ATR_1M:hi,192,0.758893280632411,384,0.5517241379310345,1.375494071146245,5.642783137550618e-09,True
LONG,4,ATR_1M:lo,1,0.003952569169960474,22,0.031609195402298854,0.12504491555874953,0.014395448463235913,False
LONG,4,AT_Lookback_LT:hi,30,0.11857707509881422,123,0.17672413793103448,0.6709727176323147,0.03572288303831109,False
LONG,4,AT_Lookback_LT:lo,0,0.0,0,0.0,inf,1.0,False
LONG,4,AT_Lookback_ST:hi,75,0.2964426877470356,129,0.1853448275862069,1.5994117106351686,0.0003366246646234675,True
LONG,4,AT_Lookback_ST:lo,0,0.0,0,0.0,inf,1.0,False
LONG,4,AT_Regime_LT:==0,78,0.308300395256917,342,0.49137931034482757,0.6274183482421469,4.574260017742223e-07,True
LONG,4,AT_Regime_LT:==1,175,0.691699604743083,354,0.5086206896551724,1.359951765257587,4.574260017742223e-07,True
LONG,4,AT_Regime_ST:==0,125,0.49407114624505927,429,0.6163793103448276,0.8015699715304457,0.0008040045144505116,True
LONG,4,AT_Regime_ST:==1,128,0.5059288537549407,267,0.38362068965517243,1.3188257760802948,0.0008040045144505116,True
LONG,4,AT_Score_LT:hi,10,0.039525691699604744,39,0.05603448275862069,0.7053815749467923,0.40657784973975797,False
LONG,4,AT_Score_LT:lo,62,0.2450592885375494,95,0.13649425287356323,1.7953817349698356,0.00011125166071589154,True
LONG,4,AT_Score_ST:hi,25,0.09881422924901186,52,0.07471264367816093,1.3225904530252355,0.22862854115720443,False
LONG,4,AT_Score_ST:lo,40,0.15810276679841898,91,0.1307471264367816,1.2092255570516441,0.2880961430691011,False
LONG,4,AT_Slope_LT:hi,37,0.14624505928853754,173,0.24856321839080459,0.5883616258082204,0.0007437483342641209,True
LONG,4,AT_Slope_LT:lo,141,0.5573122529644269,214,0.3074712643678161,1.8125669535665474,5.278668139047581e-12,True
LONG,4,AT_Slope_ST:hi,104,0.41106719367588934,322,0.46264367816091956,0.8885179093118601,0.161660240442562,False
LONG,4,AT_Slope_ST:lo,89,0.35177865612648224,176,0.25287356321839083,1.3911246855910888,0.003202126934957354,False
LONG,4,Bar_Range:hi,169,0.6679841897233202,355,0.5100574712643678,1.3096253409786784,1.74336448170153e-05,True
LONG,4,Bar_Range:lo,2,0.007905138339920948,31,0.04454022988505747,0.17748310595435418,0.00433924774767478,False
LONG,4,Bars_Since_Flip:hi,66,0.2608695652173913,103,0.14798850574712644,1.76276910088645,0.00011176496383913076,True
LONG,4,Bars_Since_Flip:lo,71,0.28063241106719367,177,0.2543103448275862,1.1035037180947278,0.4521143534515101,False
LONG,4,Body_Size:hi,128,0.5059288537549407,268,0.3850574712643678,1.3139047843785028,0.0010359553395497482,True
LONG,4,Body_Size:lo,20,0.07905138339920949,77,0.11063218390804598,0.714542374621426,0.18252746390664004,False
LONG,4,D2D_ATR:hi,216,0.8537549407114624,420,0.603448275862069,1.4147939017504234,5.40641678649361e-14,True
LONG,4,D2D_ATR:lo,0,0.0,8,0.011494252873563218,0.0,0.1179216912555818,False
LONG,4,D2D_ATR_MA:hi,210,0.8300395256916996,407,0.5847701149425287,1.4194287712074274,4.5285508468436296e-13,True
LONG,4,D2D_ATR_MA:lo,0,0.0,15,0.021551724137931036,0.0,0.015444764769776888,False
LONG,4,D2D_DirStep:==-1,64,0.25296442687747034,213,0.30603448275862066,0.8265879864165229,0.1249964587115879,False
LONG,4,D2D_DirStep:==1,189,0.7470355731225297,483,0.6939655172413793,1.0764736208970613,0.1249964587115879,False
LONG,4,D2D_Dn_Count:hi,3,0.011857707509881422,14,0.020114942528735632,0.5894974590626765,0.5812104595316816,False
LONG,4,D2D_Dn_Count:lo,0,0.0,0,0.0,inf,1.0,False
LONG,4,D2D_Dynamic_Sensitivity:hi,0,0.0,0,0.0,inf,1.0,False
LONG,4,D2D_Dynamic_Sensitivity:lo,15,0.05928853754940711,43,0.0617816091954023,0.9596470263811011,1.0,False
LONG,4,D2D_Persist:hi,72,0.2845849802371542,182,0.2614942528735632,1.0883030013464798,0.5072698736758365,False
LONG,4,D2D_Persist:lo,17,0.06719367588932806,61,0.08764367816091954,0.76666882654053,0.3511481570777021,False
LONG,4,D2D_Signal:==-1,3,0.011857707509881422,14,0.020114942528735632,0.5894974590626765,0.5812104595316816,False
LONG,4,D2D_Signal:==0,250,0.9881422924901185,682,0.9798850574712644,1.0084267383770125,0.5812104595316816,False
LONG,4,D2D_Signal:==1,0,0.0,0,0.0,inf,1.0,False
LONG,4,D2D_Up_Count:hi,0,0.0,6,0.008620689655172414,0.0,0.35066246503216913,False
LONG,4,D2D_Up_Count:lo,0,0.0,0,0.0,inf,1.0,False
LONG,4,DailyOpen_Dist_ATR:hi,29,0.11462450592885376,91,0.1307471264367816,0.876688528862442,0.5810304368228693,False
LONG,4,DailyOpen_Dist_ATR:lo,91,0.35968379446640314,203,0.2916666666666667,1.2332015810276677,0.047479060253512236,False
LONG,4,DailyOpen_Side:==-1,145,0.5731225296442688,314,0.4511494252873563,1.2703607663452583,0.0009461035403301101,True
LONG,4,DailyOpen_Side:==0,0,0.0,0,0.0,inf,1.0,False
LONG,4,DailyOpen_Side:==1,108,0.4268774703557312,382,0.5488505747126436,0.7777662810669868,0.0009461035403301101,True
LONG,4,Dist_To_PoC_ATR:hi,20,0.07905138339920949,101,0.14511494252873564,0.5447501271866317,0.005943931000761941,False
LONG,4,Dist_To_PoC_ATR:lo,46,0.18181818181818182,124,0.1781609195402299,1.0205278592375366,0.9237945331922157,False
LONG,4,EMA_Oscillator:hi,148,0.5849802371541502,317,0.45545977011494254,1.2843730128053266,0.0004263616178869636,True
LONG,4,EMA_Oscillator:lo,27,0.1067193675889328,93,0.1336206896551724,0.798673976794594,0.3201492401707047,False
LONG,4,Efficiency_Ratio:hi,72,0.2845849802371542,175,0.2514367816091954,1.1318351214003388,0.3158960326059299,False
LONG,4,Efficiency_Ratio:lo,41,0.16205533596837945,122,0.1752873563218391,0.924512408475345,0.6972940899951336,False
LONG,4,Harmonic_D2D_Concordance:==0,177,0.6996047430830039,504,0.7241379310344828,0.966120835686053,0.4638414114585211,False
LONG,4,Harmonic_D2D_Concordance:==1,76,0.30039525691699603,192,0.27586206896551724,1.0889328063241106,0.4638414114585211,False
LONG,4,Harmonic_LLEMA:hi,63,0.2490118577075099,148,0.21264367816091953,1.1710287362461276,0.2512318850554968,False
LONG,4,Harmonic_LLEMA:lo,9,0.03557312252964427,28,0.040229885057471264,0.8842461885940147,0.8508992162886765,False
LONG,4,Harmonic_OBVf_Concordance:==0,190,0.7509881422924901,532,0.764367816091954,0.9824957651044607,0.6678189037864051,False
LONG,4,Harmonic_OBVf_Concordance:==1,63,0.2490118577075099,164,0.23563218390804597,1.0567820302708957,0.6678189037864051,False
LONG,4,KAMA_Dist:hi,137,0.541501976284585,271,0.38936781609195403,1.3907209427825502,3.225537824130003e-05,True
LONG,4,KAMA_Dist:lo,24,0.09486166007905138,85,0.1221264367816092,0.7767495931178795,0.2998610011610045,False
LONG,4,KAMA_Dist_ATR:hi,60,0.23715415019762845,162,0.23275862068965517,1.0188844971453668,0.93091895244929,False
LONG,4,KAMA_Dist_ATR:lo,7,0.02766798418972332,25,0.035919540229885055,0.7702766798418973,0.6848970851612386,False
LONG,4,KAMA_Slope:hi,81,0.3201581027667984,172,0.2471264367816092,1.2955234856144866,0.03069690581786427,False
LONG,4,KAMA_Slope:lo,14,0.05533596837944664,44,0.06321839080459771,0.8753144089112468,0.7598571090851476,False
LONG,4,Lower_Wick:hi,108,0.4268774703557312,261,0.375,1.1383399209486165,0.15302926245747078,False
LONG,4,Lower_Wick:lo,18,0.07114624505928854,79,0.11350574712643678,0.626807424826137,0.06844491124433022,False
LONG,4,Micro_Amihud:hi,50,0.1976284584980237,124,0.1781609195402299,1.1092694122147138,0.5071851403296369,False
LONG,4,Micro_Amihud:lo,56,0.22134387351778656,155,0.22270114942528735,0.9939053933443835,1.0,False
LONG,4,Micro_AutoCorr:hi,54,0.2134387351778656,131,0.1882183908045977,1.133995112090034,0.4046307420831996,False
LONG,4,Micro_AutoCorr:lo,39,0.1541501976284585,129,0.1853448275862069,0.8316940895302877,0.2907892642494864,False
LONG,4,Micro_BarEntropy:hi,45,0.17786561264822134,145,0.20833333333333334,0.8537549407114624,0.3144119493271964,False
LONG,4,Micro_BarEntropy:lo,53,0.20948616600790515,128,0.1839080459770115,1.1390810276679844,0.40052124511645404,False
LONG,4,Micro_BarOverlap:hi,52,0.20553359683794467,147,0.21120689655172414,0.9731386625796564,0.9281745687263607,False
LONG,4,Micro_BarOverlap:lo,39,0.1541501976284585,116,0.16666666666666666,0.924901185770751,0.6918717614960395,False
LONG,4,Micro_CSSpread:hi,64,0.25296442687747034,156,0.22413793103448276,1.1286105199148677,0.3843774401494642,False
LONG,4,Micro_CSSpread:lo,47,0.1857707509881423,130,0.1867816091954023,0.9945880206749773,1.0,False
LONG,4,Micro_Entropy:hi,43,0.16996047430830039,115,0.16522988505747127,1.028630348857192,0.8444488179814457,False
LONG,4,Micro_Entropy:lo,46,0.18181818181818182,124,0.1781609195402299,1.0205278592375366,0.9237945331922157,False
LONG,4,Micro_FailedBreak:hi,57,0.22529644268774704,120,0.1724137931034483,1.3067193675889328,0.07320510782228654,False
LONG,4,Micro_FailedBreak:lo,41,0.16205533596837945,133,0.1910919540229885,0.8480489761954293,0.34311244205785496,False
LONG,4,Micro_FractalDim:hi,29,0.11462450592885376,103,0.14798850574712644,0.7745500594804099,0.2041889026406261,False
LONG,4,Micro_FractalDim:lo,75,0.2964426877470356,202,0.29022988505747127,1.0214064884749345,0.8718439514446101,False
LONG,4,Micro_GarmanKlass:hi,172,0.6798418972332015,368,0.5287356321839081,1.28578793607149,3.185064604176947e-05,True
LONG,4,Micro_GarmanKlass:lo,3,0.011857707509881422,31,0.04454022988505747,0.2662246589315313,0.016404975486526818,False
LONG,4,Micro_HLAsymmetry:hi,107,0.42292490118577075,178,0.2557471264367816,1.6536838832881824,1.344414703010167e-06,True
LONG,4,Micro_HLAsymmetry:lo,70,0.2766798418972332,221,0.3175287356321839,0.8713537102283906,0.23365191181952738,False
LONG,4,Micro_Hurst:hi,47,0.1857707509881423,152,0.21839080459770116,0.8506344913667568,0.3211820750900335,False
LONG,4,Micro_Hurst:lo,39,0.1541501976284585,112,0.16091954022988506,0.9579333709768493,0.8414623754078137,False
LONG,4,Micro_IBSP:hi,65,0.25691699604743085,135,0.1939655172413793,1.3245498462889769,0.038599938149535364,False
LONG,4,Micro_IBSP:lo,44,0.17391304347826086,141,0.2025862068965517,0.8584643848288622,0.35471432911154144,False
LONG,4,Micro_Lambda:hi,47,0.1857707509881423,132,0.1896551724137931,0.9795185052102049,0.9254932090780683,False
LONG,4,Micro_Lambda:lo,46,0.18181818181818182,143,0.20545977011494254,0.8849332485696122,0.46253385897680865,False
LONG,4,Micro_LogReturn:hi,105,0.4150197628458498,176,0.25287356321839083,1.6412145167085876,2.7238745304351734e-06,True
LONG,4,Micro_LogReturn:lo,74,0.2924901185770751,222,0.31896551724137934,0.9169960474308299,0.4759557171963905,False
LONG,4,Micro_MicroGap:hi,32,0.12648221343873517,81,0.11637931034482758,1.086810130288391,0.6520582783795907,False
LONG,4,Micro_MicroGap:lo,37,0.14624505928853754,109,0.15660919540229884,0.9338216629800196,0.7604974734866561,False
LONG,4,Micro_MomoTransfer:hi,50,0.1976284584980237,131,0.1882183908045977,1.0499954741574389,0.7793321016029648,False
LONG,4,Micro_MomoTransfer:lo,52,0.20553359683794467,142,0.20402298850574713,1.0074041084451373,1.0,False
LONG,4,Micro_OrderFlowDelta:hi,106,0.4189723320158103,212,0.3045977011494253,1.3754940711462451,0.0010953387393382906,True
LONG,4,Micro_OrderFlowDelta:lo,84,0.33201581027667987,234,0.33620689655172414,0.9875342049255094,0.9380942035195121,False
LONG,4,Micro_PriceAccel:hi,85,0.3359683794466403,199,0.2859195402298851,1.1750451864063398,0.14910183699401497,False
LONG,4,Micro_PriceAccel:lo,86,0.33992094861660077,224,0.3218390804597701,1.0561829474872952,0.6387069962319354,False
LONG,4,Micro_RangeAccel:hi,96,0.3794466403162055,188,0.27011494252873564,1.4047599024472288,0.001344133593906527,True
LONG,4,Micro_RangeAccel:lo,84,0.33201581027667987,191,0.2744252873563218,1.2098586594375351,0.08950001081827674,False
LONG,4,Micro_RangeVelocity:hi,74,0.2924901185770751,184,0.26436781609195403,1.1063756659219797,0.40961204929380596,False
LONG,4,Micro_RangeVelocity:lo,91,0.35968379446640314,208,0.2988505747126437,1.2035573122529644,0.08214616166842212,False
LONG,4,Micro_Rejection:hi,50,0.1976284584980237,155,0.22270114942528735,0.8874155297717711,0.42358669135990223,False
LONG,4,Micro_Rejection:lo,44,0.17391304347826086,142,0.20402298850574713,0.8524188609920391,0.3550441282383892,False
LONG,4,Micro_RollProxy:hi,92,0.36363636363636365,222,0.31896551724137934,1.14004914004914,0.21204932301343293,False
LONG,4,Micro_RollProxy:lo,99,0.391304347826087,222,0.31896551724137934,1.226792009400705,0.043541059779965294,False
LONG,4,Micro_ThrustEff:hi,63,0.2490118577075099,123,0.17672413793103448,1.4090427070278608,0.016049303677835493,False
LONG,4,Micro_ThrustEff:lo,35,0.1383399209486166,161,0.23132183908045978,0.5980409004983674,0.0014882505024871287,True
LONG,4,Micro_TickIntensity:hi,61,0.24110671936758893,157,0.22557471264367815,1.0688552654767,0.6626508703048803,False
LONG,4,Micro_TickIntensity:lo,40,0.15810276679841898,125,0.17959770114942528,0.8803162055335969,0.49793158605002064,False
LONG,4,Micro_VPIN:hi,57,0.22529644268774704,171,0.24568965517241378,0.9169960474308301,0.5482059791614544,False
LONG,4,Micro_VPIN:lo,57,0.22529644268774704,136,0.19540229885057472,1.1529876772843524,0.31672416652078794,False
LONG,4,Micro_VolAccel:hi,48,0.18972332015810275,150,0.21551724137931033,0.8803162055335968,0.4169496550803765,False
LONG,4,Micro_VolAccel:lo,65,0.25691699604743085,158,0.22701149425287356,1.1317356281583029,0.3418327195398224,False
LONG,4,Micro_VolOfVol:hi,90,0.3557312252964427,209,0.30028735632183906,1.1846360421355222,0.1140503490302264,False
LONG,4,Micro_VolOfVol:lo,47,0.1857707509881423,130,0.1867816091954023,0.9945880206749773,1.0,False
LONG,4,Micro_WickImbalance:hi,63,0.2490118577075099,173,0.24856321839080459,1.0018049304302132,1.0,False
LONG,4,Micro_WickImbalance:lo,110,0.43478260869565216,235,0.33764367816091956,1.2876965772432931,0.007486105171434793,False
LONG,4,Momentum_Value:hi,164,0.6482213438735178,347,0.4985632183908046,1.3001788338212346,4.894175359019142e-05,True
LONG,4,Momentum_Value:lo,38,0.15019762845849802,135,0.1939655172413793,0.7743522178304787,0.1290527533175158,False
LONG,4,MultiDay_Position:hi,40,0.15810276679841898,188,0.27011494252873564,0.5853166260196787,0.00029550206318657094,True
LONG,4,MultiDay_Position:lo,103,0.40711462450592883,208,0.2988505747126437,1.3622681666159926,0.0022432236572774993,False
LONG,4,MultiDay_Slope:hi,40,0.15810276679841898,139,0.1997126436781609,0.7916512639690619,0.15979611909095232,False
LONG,4,MultiDay_Slope:lo,58,0.22924901185770752,188,0.27011494252873564,0.8487091077285343,0.2102203444335748,False
LONG,4,OBV_Macd:hi,37,0.14624505928853754,143,0.20545977011494254,0.7117941347190359,0.03978426390117171,False
LONG,4,OBV_Macd:lo,126,0.4980237154150198,185,0.26580459770114945,1.873645977993804,5.387903240231825e-11,True
LONG,4,OBV_Velocity:hi,90,0.3557312252964427,225,0.3232758620689655,1.100395256916996,0.35062460468110146,False
LONG,4,OBV_Velocity:lo,16,0.06324110671936758,46,0.06609195402298851,0.9568654407973878,1.0,False
LONG,4,OBVf_DirStepCount:hi,11,0.043478260869565216,34,0.04885057471264368,0.8900255754475702,0.8632574447160586,False
LONG,4,OBVf_DirStepCount:lo,32,0.12648221343873517,97,0.13936781609195403,0.907542479931543,0.668877732457992,False
LONG,4,OBVf_Signal:==-1,71,0.28063241106719367,223,0.3204022988505747,0.8758751484429005,0.26654764852511076,False
LONG,4,OBVf_Signal:==1,182,0.7193675889328063,473,0.6795977011494253,1.058519750311275,0.26654764852511076,False
LONG,4,OBVf_Trend_Dir:==-1,71,0.28063241106719367,223,0.3204022988505747,0.8758751484429005,0.26654764852511076,False
LONG,4,OBVf_Trend_Dir:==1,182,0.7193675889328063,473,0.6795977011494253,1.058519750311275,0.26654764852511076,False
LONG,4,OR_High_Dist_ATR:hi,82,0.3241106719367589,151,0.21695402298850575,1.4939140905164516,0.0008733431764165155,True
LONG,4,OR_High_Dist_ATR:lo,0,0.0,0,0.0,inf,1.0,False
LONG,4,OR_High_Side:==-1,150,0.5928853754940712,311,0.4468390804597701,1.3268431554465387,7.218972749359825e-05,True
LONG,4,OR_High_Side:==0,37,0.14624505928853754,188,0.27011494252873564,0.5414178790682028,4.763292287190022e-05,True
LONG,4,OR_High_Side:==1,66,0.2608695652173913,197,0.28304597701149425,0.9216508497020525,0.5130724066398588,False
LONG,4,OR_Low_Dist_ATR:hi,53,0.20948616600790515,150,0.21551724137931033,0.9720158102766799,0.9286863062326125,False
LONG,4,OR_Low_Dist_ATR:lo,0,0.0,0,0.0,inf,1.0,False
LONG,4,OR_Low_Side:==-1,105,0.4150197628458498,164,0.23563218390804597,1.761303383784826,1.495018704012171e-07,True
LONG,4,OR_Low_Side:==0,36,0.1422924901185771,188,0.27011494252873564,0.5267849634177109,3.0199551900904548e-05,True
LONG,4,OR_Low_Side:==1,112,0.4426877470355731,344,0.4942528735632184,0.8956705579556944,0.16353251830412818,False
LONG,4,OR_Position:hi,76,0.30039525691699603,230,0.33045977011494254,0.9090221687575184,0.38904621376509674,False
LONG,4,OR_Position:lo,111,0.43873517786561267,181,0.2600574712643678,1.687070076212522,2.9885302779740696e-07,True
LONG,4,PoC_Side:==-1,2,0.007905138339920948,16,0.022988505747126436,0.3438735177865612,0.1798308906019266,False
LONG,4,PoC_Side:==0,0,0.0,6,0.008620689655172414,0.0,0.35066246503216913,False
LONG,4,PoC_Side:==1,251,0.9920948616600791,674,0.9683908045977011,1.0244777799931974,0.037065236381794014,False
LONG,4,PrevDay_Close_Dist_ATR:hi,29,0.11462450592885376,106,0.15229885057471265,0.7526288313819076,0.17153602714971528,False
LONG,4,PrevDay_Close_Dist_ATR:lo,86,0.33992094861660077,198,0.28448275862068967,1.1948736375613844,0.10891251059214441,False
LONG,4,PrevDay_Close_Side:==-1,153,0.6047430830039525,332,0.47701149425287354,1.267774655935997,0.0005497312266593648,True
LONG,4,PrevDay_Close_Side:==0,0,0.0,0,0.0,inf,1.0,False
LONG,4,PrevDay_Close_Side:==1,100,0.3952569169960474,364,0.5229885057471264,0.7557659731572776,0.0005497312266593648,True
LONG,4,PrevDay_High_Dist_ATR:hi,35,0.1383399209486166,104,0.14942528735632185,0.9258133171176649,0.7555432273587853,False
LONG,4,PrevDay_High_Dist_ATR:lo,84,0.33201581027667987,228,0.3275862068965517,1.0135219471603911,0.9377375497472051,False
LONG,4,PrevDay_High_Side:==-1,226,0.8932806324110671,539,0.7744252873563219,1.153475547603159,2.5922488022525742e-05,True
LONG,4,PrevDay_High_Side:==0,0,0.0,0,0.0,inf,1.0,False
LONG,4,PrevDay_High_Side:==1,27,0.1067193675889328,157,0.22557471264367815,0.473099871604441,2.5922488022525742e-05,True
LONG,4,PrevDay_Low_Dist_ATR:hi,12,0.04743083003952569,97,0.13936781609195403,0.3403284299743286,4.429955363633545e-05,True
LONG,4,PrevDay_Low_Dist_ATR:lo,119,0.47035573122529645,236,0.3390804597701149,1.3871508005627389,0.0002664631031616539,True
LONG,4,PrevDay_Low_Side:==-1,78,0.308300395256917,130,0.1867816091954023,1.650592885375494,9.191821986704361e-05,True
LONG,4,PrevDay_Low_Side:==0,0,0.0,0,0.0,inf,1.0,False
LONG,4,PrevDay_Low_Side:==1,175,0.691699604743083,566,0.8132183908045977,0.8505705386946746,9.191821986704361e-05,True
LONG,4,RangeOsc_State:==-1,100,0.3952569169960474,161,0.23132183908045978,1.7086882871381925,1.0797478023348749e-06,True
LONG,4,RangeOsc_State:==-2,47,0.1857707509881423,141,0.2025862068965517,0.9169960474308302,0.6452042319573104,False
LONG,4,RangeOsc_State:==1,73,0.2885375494071146,261,0.375,0.769433465085639,0.013968962216118142,False
LONG,4,RangeOsc_State:==2,33,0.13043478260869565,133,0.1910919540229885,0.6825760052304675,0.03325755143032695,False
LONG,4,RangeOsc_Val:hi,42,0.16600790513833993,141,0.2025862068965517,0.8194432764275503,0.22690972046783464,False
LONG,4,RangeOsc_Val:lo,58,0.22924901185770752,80,0.11494252873563218,1.9944664031620554,2.55649678539226e-05,True
LONG,4,Round_1000_Dist_ATR:hi,4,0.015810276679841896,57,0.08189655172413793,0.1930517994591221,7.146650451971101e-05,True
LONG,4,Round_1000_Dist_ATR:lo,145,0.5731225296442688,293,0.4209770114942529,1.361410514103792,3.623618851960404e-05,True
LONG,4,Round_100_Dist_ATR:hi,3,0.011857707509881422,38,0.05459770114942529,0.21718327439151236,0.003219350299723071,False
LONG,4,Round_100_Dist_ATR:lo,103,0.40711462450592883,226,0.32471264367816094,1.2537689321067542,0.02065145960611706,False
LONG,4,Round_500_Dist_ATR:hi,4,0.015810276679841896,37,0.05316091954022988,0.29740412349108003,0.010766932774100811,False
LONG,4,Round_500_Dist_ATR:lo,120,0.4743083003952569,241,0.34626436781609193,1.36978662686763,0.000377749002186716,True
LONG,4,ST_Flip_Event:==-1,0,0.0,6,0.008620689655172414,0.0,0.35066246503216913,False
LONG,4,ST_Flip_Event:==0,242,0.9565217391304348,665,0.9554597701149425,1.001111474338019,1.0,False
LONG,4,ST_Flip_Event:==1,11,0.043478260869565216,25,0.035919540229885055,1.2104347826086956,0.5686060678915377,False
LONG,4,Session_High_Dist_ATR:hi,49,0.19367588932806323,108,0.15517241379310345,1.248133509003074,0.16704572340814894,False
LONG,4,Session_High_Dist_ATR:lo,61,0.24110671936758893,193,0.27729885057471265,0.8694832988592844,0.2818558959763297,False
LONG,4,Session_High_Side:==-1,252,0.9960474308300395,694,0.9971264367816092,0.9989178845211925,1.0,False
LONG,4,Session_High_Side:==0,1,0.003952569169960474,2,0.0028735632183908046,1.375494071146245,1.0,False
LONG,4,Session_Low_Dist_ATR:hi,16,0.06324110671936758,84,0.1206896551724138,0.5239977413890456,0.011627553343652113,False
LONG,4,Session_Low_Dist_ATR:lo,43,0.16996047430830039,130,0.1867816091954023,0.9099422316813621,0.6345540173362878,False
LONG,4,Session_Low_Side:==0,0,0.0,0,0.0,inf,1.0,False
LONG,4,Session_Low_Side:==1,253,1.0,696,1.0,1.0,1.0,False
LONG,4,Slope_Accel_LT:hi,62,0.2450592885375494,116,0.16666666666666666,1.4703557312252966,0.008295639204418575,False
LONG,4,Slope_Accel_LT:lo,11,0.043478260869565216,16,0.022988505747126436,1.891304347826087,0.11976380457122426,False
LONG,4,Slope_Accel_ST:hi,131,0.5177865612648221,352,0.5057471264367817,1.0238052461372618,0.7692049712655766,False
LONG,4,Slope_Accel_ST:lo,17,0.06719367588932806,83,0.11925287356321838,0.5634554026382209,0.02267367149959245,False
LONG,4,Slope_EMA_LT:hi,38,0.15019762845849802,174,0.25,0.6007905138339921,0.0010675276695724376,True
LONG,4,Slope_EMA_LT:lo,141,0.5573122529644269,218,0.3132183908045977,1.7793088443267941,1.750606732279211e-11,True
LONG,4,Slope_EMA_ST:hi,85,0.3359683794466403,260,0.3735632183908046,0.8993615080571603,0.3211987824554707,False
LONG,4,Slope_EMA_ST:lo,102,0.4031620553359684,211,0.3031609195402299,1.3298615664162747,0.004872759606675716,False
LONG,4,Sqz_State:==-1,172,0.6798418972332015,447,0.6422413793103449,1.0585457728731729,0.3163750183183327,False
LONG,4,Sqz_State:==1,81,0.3201581027667984,249,0.3577586206896552,0.8948997571312919,0.3163750183183327,False
LONG,4,Sqz_Val:hi,161,0.6363636363636364,405,0.5818965517241379,1.0936026936026937,0.13518081608951932,False
LONG,4,Sqz_Val:lo,40,0.15810276679841898,112,0.16091954022988506,0.9824957651044608,1.0,False
LONG,4,TChan_A15:hi,147,0.5810276679841897,270,0.3879310344827586,1.497760210803689,1.3734945667382957e-07,True
LONG,4,TChan_A15:lo,1,0.003952569169960474,55,0.07902298850574713,0.05001796622349982,5.076010778588535e-07,True
LONG,4,Trend_Concordance:==0,64,0.25296442687747034,182,0.2614942528735632,0.9673804456413152,0.8669778414008866,False
LONG,4,Trend_Concordance:==1,189,0.7470355731225297,514,0.7385057471264368,1.011550114578367,0.8669778414008866,False
LONG,4,Trend_Conflict:==0,189,0.7470355731225297,514,0.7385057471264368,1.011550114578367,0.8669778414008866,False
LONG,4,Trend_Conflict:==1,64,0.25296442687747034,182,0.2614942528735632,0.9673804456413152,0.8669778414008866,False
LONG,4,Upper_Wick:hi,102,0.4031620553359684,258,0.3706896551724138,1.0875999632319147,0.3650354847716848,False
LONG,4,Upper_Wick:lo,24,0.09486166007905138,83,0.11925287356321838,0.7954664507833706,0.35305869226273956,False
LONG,4,VAH_Dist_ATR:hi,20,0.07905138339920949,107,0.15373563218390804,0.5142033910827085,0.002433769273144028,False
LONG,4,VAH_Dist_ATR:lo,46,0.18181818181818182,127,0.1824712643678161,0.9964209019327129,1.0,False
LONG,4,VAH_Side:==-1,3,0.011857707509881422,26,0.03735632183908046,0.3174217087260565,0.05290819625304924,False
LONG,4,VAH_Side:==0,0,0.0,2,0.0028735632183908046,0.0,1.0,False
LONG,4,VAH_Side:==1,250,0.9881422924901185,668,0.9597701149425287,1.0295614304986864,0.03655290497577242,False
LONG,4,VAL_Dist_ATR:hi,19,0.07509881422924901,101,0.14511494252873564,0.5175126208273001,0.0039040802302541013,False
LONG,4,VAL_Dist_ATR:lo,53,0.20948616600790515,127,0.1824712643678161,1.1480501696181258,0.35026709945451495,False
LONG,4,VAL_Side:==-1,0,0.0,6,0.008620689655172414,0.0,0.35066246503216913,False
LONG,4,VAL_Side:==0,0,0.0,1,0.0014367816091954023,0.0,1.0,False
LONG,4,VAL_Side:==1,253,1.0,689,0.9899425287356322,1.0101596516690856,0.19933201744101364,False
LONG,4,VA_Position:hi,59,0.233201581027668,170,0.2442528735632184,0.9547547082073936,0.7969444009277764,False
LONG,4,VA_Position:lo,24,0.09486166007905138,97,0.13936781609195403,0.6806568599486572,0.07805773937257908,False
LONG,4,VWAP_Dist_ATR:hi,34,0.13438735177865613,93,0.1336206896551724,1.0057376004080072,1.0,False
LONG,4,VWAP_Dist_ATR:lo,68,0.26877470355731226,190,0.27298850574712646,0.9845641772415227,0.9343542350849814,False
LONG,4,VWAP_Side:==-1,150,0.5928853754940712,294,0.4224137931034483,1.4035653787206583,3.452486245710341e-06,True
LONG,4,VWAP_Side:==0,0,0.0,0,0.0,inf,1.0,False
LONG,4,VWAP_Side:==1,103,0.40711462450592883,402,0.5775862068965517,0.7048551707863843,3.452486245710341e-06,True
LONG,4,VWAP_Sigma:hi,115,0.45454545454545453,231,0.33189655172413796,1.369539551357733,0.0005976013010514507,True
LONG,4,VWAP_Sigma:lo,18,0.07114624505928854,89,0.1278735632183908,0.5563796242838744,0.014563715566656565,False
LONG,4,VWAP_Sigma_ATR:hi,33,0.13043478260869565,85,0.1221264367816092,1.0680306905370844,0.7391234898449384,False
LONG,4,VWAP_Sigma_ATR:lo,90,0.3557312252964427,231,0.33189655172413796,1.071813561932139,0.5348541782189089,False
LONG,4,VWAP_Z:hi,17,0.06719367588932806,58,0.08333333333333333,0.8063241106719368,0.4966165062353928,False
LONG,4,VWAP_Z:lo,2,0.007905138339920948,13,0.01867816091954023,0.42322894496807534,0.3776270893951728,False
LONG,4,Volume:hi,192,0.758893280632411,382,0.5488505747126436,1.3826956107857542,2.5332182261443977e-09,True
LONG,4,Volume:lo,3,0.011857707509881422,44,0.06321839080459771,0.1875673733381243,0.000561554139578885,True
LONG,4,Volume_Avg_10:hi,196,0.7747035573122529,371,0.5330459770114943,1.4533522261167873,6.8575697753844626e-12,True
LONG,4,Volume_Avg_10:lo,2,0.007905138339920948,30,0.04310344827586207,0.18339920948616598,0.006915054380160209,False
LONG,4,Volume_Ratio_10:hi,32,0.12648221343873517,88,0.12643678160919541,1.0003593244699962,1.0,False
LONG,4,Volume_Ratio_10:lo,33,0.13043478260869565,120,0.1724137931034483,0.7565217391304347,0.13440866787310107,False
LONG,4,WeeklyOpen_Dist_ATR:hi,28,0.11067193675889328,98,0.14080459770114942,0.7859966120835686,0.27906540416243153,False
LONG,4,WeeklyOpen_Dist_ATR:lo,108,0.4268774703557312,245,0.35201149425287354,1.2126804872146488,0.04021287428517949,False
LONG,4,WeeklyOpen_Side:==-1,97,0.383399209486166,194,0.27873563218390807,1.375494071146245,0.0024538030383969033,False
LONG,4,WeeklyOpen_Side:==0,0,0.0,0,0.0,inf,1.0,False
LONG,4,WeeklyOpen_Side:==1,156,0.616600790513834,502,0.7212643678160919,0.8548887454136025,0.0024538030383969033,False
LONG,5,ADX_Rising:==0,118,0.466403162055336,341,0.4899425287356322,0.9519548410278998,0.5569239944936578,False
LONG,5,ADX_Rising:==1,135,0.5335968379446641,355,0.5100574712643678,1.0461504203084118,0.5569239944936578,False
LONG,5,ADX_Value:hi,37,0.14624505928853754,57,0.08189655172413793,1.7857291449968795,0.004581839251427373,False
LONG,5,ADX_Value:lo,58,0.22924901185770752,194,0.27873563218390807,0.8224603724379609,0.13507685271491804,False
LONG,5,ATR_1M:hi,188,0.7430830039525692,364,0.5229885057471264,1.4208400295356818,8.030400347954233e-10,True
LONG,5,ATR_1M:lo,1,0.003952569169960474,28,0.040229885057471264,0.09824957651044607,0.0021635879768901966,False
LONG,5,AT_Lookback_LT:hi,30,0.11857707509881422,123,0.17672413793103448,0.6709727176323147,0.03572288303831109,False
LONG,5,AT_Lookback_LT:lo,0,0.0,0,0.0,inf,1.0,False
LONG,5,AT_Lookback_ST:hi,69,0.2727272727272727,122,0.1752873563218391,1.555886736214605,0.0013094256077808807,True
LONG,5,AT_Lookback_ST:lo,0,0.0,0,0.0,inf,1.0,False
LONG,5,AT_Regime_LT:==0,80,0.31620553359683795,343,0.492816091954023,0.641629887415158,1.4306411302862682e-06,True
LONG,5,AT_Regime_LT:==1,173,0.6837944664031621,353,0.507183908045977,1.3482179847495774,1.4306411302862682e-06,True
LONG,5,AT_Regime_ST:==0,134,0.5296442687747036,440,0.632183908045977,0.8378009342436221,0.005405088722444708,False
LONG,5,AT_Regime_ST:==1,119,0.47035573122529645,256,0.367816091954023,1.2787796442687747,0.005405088722444708,False
LONG,5,AT_Score_LT:hi,10,0.039525691699604744,43,0.0617816091954023,0.6397646842540675,0.20475554451938716,False
LONG,5,AT_Score_LT:lo,62,0.2450592885375494,97,0.13936781609195403,1.7583635548673646,0.0001798218987591361,True
LONG,5,AT_Score_ST:hi,35,0.1383399209486166,74,0.10632183908045977,1.3011430402734752,0.16928875405971872,False
LONG,5,AT_Score_ST:lo,38,0.15019762845849802,91,0.1307471264367816,1.1487642791990618,0.4539794274204214,False
LONG,5,AT_Slope_LT:hi,37,0.14624505928853754,172,0.2471264367816092,0.5917823329350124,0.0007493381280842127,True
LONG,5,AT_Slope_LT:lo,141,0.5573122529644269,211,0.3031609195402299,1.8383380476930857,1.6786675218980314e-12,True
LONG,5,AT_Slope_ST:hi,114,0.4505928853754941,330,0.47413793103448276,0.9503413582464966,0.5563243343392632,False
LONG,5,AT_Slope_ST:lo,85,0.3359683794466403,164,0.23563218390804597,1.4258170249686688,0.0026026281991703053,False
LONG,5,Bar_Range:hi,174,0.6877470355731226,333,0.47844827586206895,1.4374532635402202,8.429697097618705e-09,True
LONG,5,Bar_Range:lo,1,0.003952569169960474,29,0.041666666666666664,0.09486166007905138,0.001350269789824039,True
LONG,5,Bars_Since_Flip:hi,62,0.2450592885375494,96,0.13793103448275862,1.7766798418972332,0.0001640705301240088,True
LONG,5,Bars_Since_Flip:lo,63,0.2490118577075099,131,0.1882183908045977,1.322994297438373,0.045174482027630566,False
LONG,5,Body_Size:hi,119,0.47035573122529645,261,0.375,1.2542819499341238,0.008762878071610372,False
LONG,5,Body_Size:lo,21,0.08300395256916997,68,0.09770114942528736,0.8495698674726808,0.5313785462761091,False
LONG,5,D2D_ATR:hi,216,0.8537549407114624,409,0.5876436781609196,1.4528445934845424,2.0566563006101007e-15,True
LONG,5,D2D_ATR:lo,1,0.003952569169960474,11,0.015804597701149427,0.25008983111749905,0.19898481549991276,False
LONG,5,D2D_ATR_MA:hi,214,0.8458498023715415,409,0.5876436781609196,1.4393923287300558,1.5877248394017087e-14,True
LONG,5,D2D_ATR_MA:lo,0,0.0,13,0.01867816091954023,0.0,0.025418929076192955,False
LONG,5,D2D_DirStep:==-1,64,0.25296442687747034,231,0.33189655172413796,0.762178532929521,0.021437368135655874,False
LONG,5,D2D_DirStep:==1,189,0.7470355731225297,465,0.6681034482758621,1.1181435675124314,0.021437368135655874,False
LONG,5,D2D_Dn_Count:hi,7,0.02766798418972332,17,0.02442528735632184,1.1327598232969076,0.8157202883108778,False
LONG,5,D2D_Dn_Count:lo,0,0.0,0,0.0,inf,1.0,False
LONG,5,D2D_Dynamic_Sensitivity:hi,0,0.0,0,0.0,inf,1.0,False
LONG,5,D2D_Dynamic_Sensitivity:lo,7,0.02766798418972332,37,0.05316091954022988,0.52045721610939,0.11638648528167059,False
LONG,5,D2D_Persist:hi,79,0.31225296442687744,216,0.3103448275862069,1.0061484409310495,1.0,False
LONG,5,D2D_Persist:lo,16,0.06324110671936758,61,0.08764367816091954,0.72157066027344,0.28172894069191473,False
LONG,5,D2D_Signal:==-1,7,0.02766798418972332,17,0.02442528735632184,1.1327598232969076,0.8157202883108778,False
LONG,5,D2D_Signal:==0,246,0.9723320158102767,679,0.9755747126436781,0.9966761163533913,0.8157202883108778,False
LONG,5,D2D_Signal:==1,0,0.0,0,0.0,inf,1.0,False
LONG,5,D2D_Up_Count:hi,3,0.011857707509881422,1,0.0014367816091954023,8.25296442687747,0.060241349852971374,False
LONG,5,D2D_Up_Count:lo,0,0.0,0,0.0,inf,1.0,False
LONG,5,DailyOpen_Dist_ATR:hi,29,0.11462450592885376,105,0.15086206896551724,0.7597967250141163,0.1712485949535143,False
LONG,5,DailyOpen_Dist_ATR:lo,86,0.33992094861660077,194,0.27873563218390807,1.2195102074080109,0.07650756063212404,False
LONG,5,DailyOpen_Side:==-1,148,0.5849802371541502,317,0.45545977011494254,1.2843730128053266,0.0004263616178869636,True
LONG,5,DailyOpen_Side:==0,0,0.0,0,0.0,inf,1.0,False
LONG,5,DailyOpen_Side:==1,105,0.4150197628458498,379,0.5445402298850575,0.7621471106615079,0.0004263616178869636,True
LONG,5,Dist_To_PoC_ATR:hi,22,0.08695652173913043,111,0.15948275862068967,0.54524089306698,0.004160973052665001,False
LONG,5,Dist_To_PoC_ATR:lo,43,0.16996047430830039,115,0.16522988505747127,1.028630348857192,0.8444488179814457,False
LONG,5,EMA_Oscillator:hi,153,0.6047430830039525,310,0.4454022988505747,1.3577457605508096,1.4441909329317505e-05,True
LONG,5,EMA_Oscillator:lo,28,0.11067193675889328,101,0.14511494252873564,0.7626501780612843,0.19864524889019952,False
LONG,5,Efficiency_Ratio:hi,70,0.2766798418972332,165,0.23706896551724138,1.1670858785483291,0.23374435275096372,False
LONG,5,Efficiency_Ratio:lo,40,0.15810276679841898,131,0.1882183908045977,0.8399963793259512,0.33943544439650497,False
LONG,5,Harmonic_D2D_Concordance:==0,167,0.6600790513833992,496,0.7126436781609196,0.9262399591992859,0.1286166595142356,False
LONG,5,Harmonic_D2D_Concordance:==1,86,0.33992094861660077,200,0.28735632183908044,1.1829249011857708,0.1286166595142356,False
LONG,5,Harmonic_LLEMA:hi,73,0.2885375494071146,138,0.19827586206896552,1.4552328578793607,0.0036042550698925134,False
LONG,5,Harmonic_LLEMA:lo,8,0.03162055335968379,41,0.05890804597701149,0.5367781741058517,0.0992917639230678,False
LONG,5,Harmonic_OBVf_Concordance:==0,177,0.6996047430830039,526,0.7557471264367817,0.9257127398969025,0.09367365636153942,False
LONG,5,Harmonic_OBVf_Concordance:==1,76,0.30039525691699603,170,0.2442528735632184,1.2298535224366425,0.09367365636153942,False
LONG,5,KAMA_Dist:hi,142,0.5612648221343873,264,0.3793103448275862,1.479698167445203,6.322512537594949e-07,True
LONG,5,KAMA_Dist:lo,28,0.11067193675889328,96,0.13793103448275862,0.8023715415019763,0.3267872614161107,False
LONG,5,KAMA_Dist_ATR:hi,68,0.26877470355731226,172,0.2471264367816092,1.0875999632319147,0.5002366813988789,False
LONG,5,KAMA_Dist_ATR:lo,5,0.019762845849802372,35,0.05028735632183908,0.3929983060417843,0.04337246566115879,False
LONG,5,KAMA_Slope:hi,88,0.34782608695652173,162,0.23275862068965517,1.4943639291465378,0.00046423759181701124,True
LONG,5,KAMA_Slope:lo,12,0.04743083003952569,58,0.08333333333333333,0.5691699604743083,0.0678302135138332,False
LONG,5,Lower_Wick:hi,109,0.4308300395256917,248,0.3563218390804598,1.209103659314038,0.04071917198390258,False
LONG,5,Lower_Wick:lo,23,0.09090909090909091,85,0.1221264367816092,0.7443850267379679,0.20408580889727135,False
LONG,5,Micro_Amihud:hi,49,0.19367588932806323,125,0.17959770114942528,1.0783873517786562,0.6356908007731337,False
LONG,5,Micro_Amihud:lo,58,0.22924901185770752,139,0.1997126436781609,1.1478943327551399,0.3208145963663735,False
LONG,5,Micro_AutoCorr:hi,51,0.2015810276679842,143,0.20545977011494254,0.9811216451532656,0.9276984271132839,False
LONG,5,Micro_AutoCorr:lo,42,0.16600790513833993,132,0.1896551724137931,0.875314408911247,0.4483221740262565,False
LONG,5,Micro_BarEntropy:hi,59,0.233201581027668,146,0.20977011494252873,1.111700687638746,0.47550029588129594,False
LONG,5,Micro_BarEntropy:lo,47,0.1857707509881423,137,0.1968390804597701,0.9437696546550879,0.7806545037390702,False
LONG,5,Micro_BarOverlap:hi,50,0.1976284584980237,156,0.22413793103448276,0.8817269686834904,0.4231508233724941,False
LONG,5,Micro_BarOverlap:lo,50,0.1976284584980237,116,0.16666666666666666,1.1857707509881423,0.2879007989797221,False
LONG,5,Micro_CSSpread:hi,61,0.24110671936758893,154,0.22126436781609196,1.0896771212976746,0.5396191832685487,False
LONG,5,Micro_CSSpread:lo,46,0.18181818181818182,134,0.1925287356321839,0.944369063772049,0.7789177483411674,False
LONG,5,Micro_Entropy:hi,32,0.12648221343873517,99,0.14224137931034483,0.8892082884177744,0.5951113742968488,False
LONG,5,Micro_Entropy:lo,49,0.19367588932806323,113,0.16235632183908047,1.1929063625870089,0.28308950858561566,False
LONG,5,Micro_FailedBreak:hi,54,0.2134387351778656,132,0.1896551724137931,1.125404240028746,0.40706019042297953,False
LONG,5,Micro_FailedBreak:lo,48,0.18972332015810275,152,0.21839080459770116,0.8687330975660494,0.3686483876952864,False
LONG,5,Micro_FractalDim:hi,34,0.13438735177865613,100,0.14367816091954022,0.9353359683794467,0.7528741135955579,False
LONG,5,Micro_FractalDim:lo,81,0.3201581027667984,201,0.28879310344827586,1.1086071618193616,0.3770233983124601,False
LONG,5,Micro_GarmanKlass:hi,180,0.7114624505928854,335,0.4813218390804598,1.4781428824258156,2.791715396766482e-10,True
LONG,5,Micro_GarmanKlass:lo,2,0.007905138339920948,35,0.05028735632183908,0.1571993224167137,0.0018547862637256387,True
LONG,5,Micro_HLAsymmetry:hi,102,0.4031620553359684,188,0.27011494252873564,1.4925573963501808,0.00012431336500587343,True
LONG,5,Micro_HLAsymmetry:lo,74,0.2924901185770751,219,0.3146551724137931,0.9295576371216633,0.5261723334590829,False
LONG,5,Micro_Hurst:hi,47,0.1857707509881423,149,0.21408045977011494,0.8677613603204499,0.3654187204738658,False
LONG,5,Micro_Hurst:lo,45,0.17786561264822134,116,0.16666666666666666,1.0671936758893281,0.6960981160587182,False
LONG,5,Micro_IBSP:hi,56,0.22134387351778656,144,0.20689655172413793,1.069828722002635,0.6529306419151226,False
LONG,5,Micro_IBSP:lo,44,0.17391304347826086,157,0.22557471264367815,0.7709775685405705,0.08842805858959332,False
LONG,5,Micro_Lambda:hi,52,0.20553359683794467,139,0.1997126436781609,1.0291466431597807,0.8549339829485607,False
LONG,5,Micro_Lambda:lo,56,0.22134387351778656,118,0.16954022988505746,1.3055536946472834,0.07192746383448051,False
LONG,5,Micro_LogReturn:hi,85,0.3359683794466403,194,0.27873563218390807,1.2053298561590806,0.09105725346674182,False
LONG,5,Micro_LogReturn:lo,76,0.30039525691699603,217,0.3117816091954023,0.9634797180379226,0.751340856309975,False
LONG,5,Micro_MicroGap:hi,37,0.14624505928853754,81,0.11637931034482758,1.2566242131459522,0.22221009478403603,False
LONG,5,Micro_MicroGap:lo,42,0.16600790513833993,97,0.13936781609195403,1.1911495049101504,0.3010768981232537,False
LONG,5,Micro_MomoTransfer:hi,41,0.16205533596837945,133,0.1910919540229885,0.8480489761954293,0.34311244205785496,False
LONG,5,Micro_MomoTransfer:lo,54,0.2134387351778656,144,0.20689655172413793,1.0316205533596838,0.8567030560107987,False
LONG,5,Micro_OrderFlowDelta:hi,95,0.37549407114624506,226,0.32471264367816094,1.1563888208751616,0.1624580234813782,False
LONG,5,Micro_OrderFlowDelta:lo,87,0.3438735177865613,229,0.3290229885057471,1.0451352330980204,0.6971018197280205,False
LONG,5,Micro_PriceAccel:hi,77,0.30434782608695654,204,0.29310344827586204,1.0383631713554988,0.7481139641376253,False
LONG,5,Micro_PriceAccel:lo,88,0.34782608695652173,200,0.28735632183908044,1.2104347826086956,0.07913145755104545,False
LONG,5,Micro_RangeAccel:hi,103,0.40711462450592883,213,0.30603448275862066,1.3302900406390916,0.003953614063060765,False
LONG,5,Micro_RangeAccel:lo,75,0.2964426877470356,198,0.28448275862068967,1.0420409629895795,0.7458226763621776,False
LONG,5,Micro_RangeVelocity:hi,83,0.32806324110671936,191,0.2744252873563218,1.1954555801585167,0.12363532587602458,False
LONG,5,Micro_RangeVelocity:lo,79,0.31225296442687744,211,0.3031609195402299,1.029990821047899,0.8112173100417452,False
LONG,5,Micro_Rejection:hi,45,0.17786561264822134,135,0.1939655172413793,0.9169960474308301,0.639835531215676,False
LONG,5,Micro_Rejection:lo,52,0.20553359683794467,131,0.1882183908045977,1.0919952931237364,0.5768614836432272,False
LONG,5,Micro_RollProxy:hi,91,0.35968379446640314,204,0.29310344827586204,1.2271564752383166,0.05689541558866272,False
LONG,5,Micro_RollProxy:lo,95,0.37549407114624506,239,0.34339080459770116,1.0934890105346717,0.3577473073213162,False
LONG,5,Micro_ThrustEff:hi,66,0.2608695652173913,117,0.16810344827586207,1.551839464882943,0.0020545229146442774,False
LONG,5,Micro_ThrustEff:lo,31,0.1225296442687747,159,0.22844827586206898,0.5363561786859572,0.00023106875217949362,True
LONG,5,Micro_TickIntensity:hi,59,0.233201581027668,153,0.21982758620689655,1.060838564674882,0.6602942590517276,False
LONG,5,Micro_TickIntensity:lo,53,0.20948616600790515,138,0.19827586206896552,1.0565389242137824,0.7146243580297127,False
LONG,5,Micro_VPIN:hi,59,0.233201581027668,159,0.22844827586206898,1.0208069207248862,0.8619839430878236,False
LONG,5,Micro_VPIN:lo,51,0.2015810276679842,150,0.21551724137931033,0.9353359683794467,0.7193750454872523,False
LONG,5,Micro_VolAccel:hi,63,0.2490118577075099,149,0.21408045977011494,1.1631694829827308,0.25325792198686037,False
LONG,5,Micro_VolAccel:lo,44,0.17391304347826086,156,0.22413793103448276,0.7759197324414715,0.10514519797461172,False
LONG,5,Micro_VolOfVol:hi,91,0.35968379446640314,199,0.2859195402298851,1.2579895525056108,0.03155152540696853,False
LONG,5,Micro_VolOfVol:lo,37,0.14624505928853754,127,0.1824712643678161,0.801468986337182,0.20768061682411132,False
LONG,5,Micro_WickImbalance:hi,66,0.2608695652173913,179,0.257183908045977,1.014330823415108,0.9332057634290108,False
LONG,5,Micro_WickImbalance:lo,116,0.45849802371541504,218,0.3132183908045977,1.4638285527794903,4.466540262096094e-05,True
LONG,5,Momentum_Value:hi,167,0.6600790513833992,357,0.5129310344827587,1.2868768060583915,6.410921795683497e-05,True
LONG,5,Momentum_Value:lo,38,0.15019762845849802,129,0.1853448275862069,0.8103686000551521,0.24719372632459077,False
LONG,5,MultiDay_Position:hi,43,0.16996047430830039,187,0.2686781609195402,0.6325801610619095,0.0015120198405894026,True
LONG,5,MultiDay_Position:lo,104,0.41106719367588934,207,0.2974137931034483,1.3821389700406714,0.0013122989438562986,True
LONG,5,MultiDay_Slope:hi,41,0.16205533596837945,141,0.2025862068965517,0.7999327222268944,0.1915546237728282,False
LONG,5,MultiDay_Slope:lo,56,0.22134387351778656,189,0.27155172413793105,0.8151075977162933,0.1311397538589479,False
LONG,5,OBV_Macd:hi,33,0.13043478260869565,141,0.2025862068965517,0.6438482886216467,0.010470335051992442,False
LONG,5,OBV_Macd:lo,123,0.48616600790513836,175,0.2514367816091954,1.9335516657255787,1.853562334867363e-11,True
LONG,5,OBV_Velocity:hi,104,0.41106719367588934,186,0.2672413793103448,1.53818691827107,3.2064768922960416e-05,True
LONG,5,OBV_Velocity:lo,12,0.04743083003952569,64,0.09195402298850575,0.5158102766798419,0.02965589468597648,False
LONG,5,OBVf_DirStepCount:hi,18,0.07114624505928854,49,0.07040229885057471,1.010567072678874,1.0,False
LONG,5,OBVf_DirStepCount:lo,32,0.12648221343873517,112,0.16091954022988506,0.7859966120835685,0.21956824687467535,False
LONG,5,OBVf_Signal:==-1,66,0.2608695652173913,216,0.3103448275862069,0.8405797101449275,0.14873384066905965,False
LONG,5,OBVf_Signal:==1,187,0.7391304347826086,480,0.6896551724137931,1.0717391304347825,0.14873384066905965,False
LONG,5,OBVf_Trend_Dir:==-1,66,0.2608695652173913,216,0.3103448275862069,0.8405797101449275,0.14873384066905965,False
LONG,5,OBVf_Trend_Dir:==1,187,0.7391304347826086,480,0.6896551724137931,1.0717391304347825,0.14873384066905965,False
LONG,5,OR_High_Dist_ATR:hi,85,0.3359683794466403,167,0.23994252873563218,1.4002035454782136,0.0036123404304894136,False
LONG,5,OR_High_Dist_ATR:lo,0,0.0,0,0.0,inf,1.0,False
LONG,5,OR_High_Side:==-1,147,0.5810276679841897,311,0.4468390804597701,1.3003062923376079,0.0003099458517032382,True
LONG,5,OR_High_Side:==0,36,0.1422924901185771,189,0.27155172413793105,0.5239977413890458,2.180467820524416e-05,True
LONG,5,OR_High_Side:==1,70,0.2766798418972332,196,0.28160919540229884,0.9824957651044608,0.9349077542656409,False
LONG,5,OR_Low_Dist_ATR:hi,53,0.20948616600790515,148,0.21264367816091953,0.9851511590642027,1.0,False
LONG,5,OR_Low_Dist_ATR:lo,0,0.0,0,0.0,inf,1.0,False
LONG,5,OR_Low_Side:==-1,108,0.4268774703557312,166,0.23850574712643677,1.789799514262584,3.062041866301339e-08,True
LONG,5,OR_Low_Side:==0,35,0.1383399209486166,189,0.27155172413793105,0.5094422485726834,1.3649194532496585e-05,True
LONG,5,OR_Low_Side:==1,110,0.43478260869565216,341,0.4899425287356322,0.887415529771771,0.14177225256659468,False
LONG,5,OR_Position:hi,76,0.30039525691699603,230,0.33045977011494254,0.9090221687575184,0.38904621376509674,False
LONG,5,OR_Position:lo,112,0.4426877470355731,186,0.2672413793103448,1.656508988907306,5.349020689050827e-07,True
LONG,5,PoC_Side:==-1,2,0.007905138339920948,17,0.02442528735632184,0.32364566379911647,0.12309658974341744,False
LONG,5,PoC_Side:==0,1,0.003952569169960474,5,0.007183908045977011,0.550197628458498,1.0,False
LONG,5,PoC_Side:==1,250,0.9881422924901185,674,0.9683908045977011,1.020396195212348,0.11025333800198849,False
LONG,5,PrevDay_Close_Dist_ATR:hi,31,0.1225296442687747,110,0.15804597701149425,0.7752784764642472,0.1814246013731367,False
LONG,5,PrevDay_Close_Dist_ATR:lo,80,0.31620553359683795,196,0.28160919540229884,1.1228523029765267,0.33206345171333074,False
LONG,5,PrevDay_Close_Side:==-1,157,0.6205533596837944,334,0.47988505747126436,1.29312915670635,0.0001313311051587282,True
LONG,5,PrevDay_Close_Side:==0,0,0.0,0,0.0,inf,1.0,False
LONG,5,PrevDay_Close_Side:==1,96,0.3794466403162055,362,0.5201149425287356,0.7295438167405499,0.0001313311051587282,True
LONG,5,PrevDay_High_Dist_ATR:hi,33,0.13043478260869565,111,0.15948275862068967,0.8178613396004699,0.3065104846659279,False
LONG,5,PrevDay_High_Dist_ATR:lo,84,0.33201581027667987,222,0.31896551724137934,1.04091443221878,0.695509173046303,False
LONG,5,PrevDay_High_Side:==-1,226,0.8932806324110671,542,0.7787356321839081,1.1470909966016656,5.2034927478453695e-05,True
LONG,5,PrevDay_High_Side:==0,0,0.0,0,0.0,inf,1.0,False
LONG,5,PrevDay_High_Side:==1,27,0.1067193675889328,154,0.22126436781609196,0.4823161028694625,5.2034927478453695e-05,True
LONG,5,PrevDay_Low_Dist_ATR:hi,9,0.03557312252964427,107,0.15373563218390804,0.23139152598721882,8.563407315886938e-08,True
LONG,5,PrevDay_Low_Dist_ATR:lo,112,0.4426877470355731,228,0.3275862068965517,1.351362596213855,0.0012886736179377274,True
LONG,5,PrevDay_Low_Side:==-1,80,0.31620553359683795,131,0.1882183908045977,1.6799927586519023,4.5493886133944366e-05,True
LONG,5,PrevDay_Low_Side:==0,0,0.0,0,0.0,inf,1.0,False
LONG,5,PrevDay_Low_Side:==1,173,0.6837944664031621,565,0.8117816091954023,0.8423379621532757,4.5493886133944366e-05,True
LONG,5,RangeOsc_State:==-1,93,0.3675889328063241,181,0.2600574712643678,1.4134911449348155,0.0015565317177964702,True
LONG,5,RangeOsc_State:==-2,55,0.21739130434782608,118,0.16954022988505746,1.2822402358142964,0.10574046221252509,False
LONG,5,RangeOsc_State:==1,74,0.2924901185770751,257,0.3692528735632184,0.7921133172359699,0.030989648342805053,False
LONG,5,RangeOsc_State:==2,31,0.1225296442687747,140,0.20114942528735633,0.6091473743647656,0.0054720854963334654,False
LONG,5,RangeOsc_Val:hi,44,0.17391304347826086,137,0.1968390804597701,0.8835290384005078,0.45580425282903453,False
LONG,5,RangeOsc_Val:lo,52,0.20553359683794467,92,0.13218390804597702,1.5549063412957553,0.007582675328737095,False
LONG,5,Round_1000_Dist_ATR:hi,5,0.019762845849802372,55,0.07902298850574713,0.2500898311174991,0.00043221623041720433,True
LONG,5,Round_1000_Dist_ATR:lo,139,0.549407114624506,290,0.4166666666666667,1.3185770750988144,0.0003010646198167873,True
LONG,5,Round_100_Dist_ATR:hi,5,0.019762845849802372,40,0.05747126436781609,0.3438735177865613,0.014844088045646651,False
LONG,5,Round_100_Dist_ATR:lo,105,0.4150197628458498,224,0.3218390804597701,1.2895256916996047,0.008712393047195472,False
LONG,5,Round_500_Dist_ATR:hi,3,0.011857707509881422,42,0.0603448275862069,0.19649915302089213,0.0008722324884456599,True
LONG,5,Round_500_Dist_ATR:lo,110,0.43478260869565216,239,0.34339080459770116,1.2661451700927777,0.011913283825621292,False
LONG,5,ST_Flip_Event:==-1,0,0.0,7,0.010057471264367816,0.0,0.19933201744101364,False
LONG,5,ST_Flip_Event:==0,244,0.9644268774703557,671,0.9640804597701149,1.0003593244699964,1.0,False
LONG,5,ST_Flip_Event:==1,9,0.03557312252964427,18,0.02586206896551724,1.3754940711462451,0.5071328779906494,False
LONG,5,Session_High_Dist_ATR:hi,54,0.2134387351778656,107,0.15373563218390804,1.3883491559233128,0.03960176745496362,False
LONG,5,Session_High_Dist_ATR:lo,63,0.2490118577075099,181,0.2600574712643678,0.9575262594719718,0.8011109816756802,False
LONG,5,Session_High_Side:==-1,251,0.9920948616600791,692,0.9942528735632183,0.9978295140396172,0.6601047093814378,False
LONG,5,Session_High_Side:==0,2,0.007905138339920948,4,0.005747126436781609,1.375494071146245,0.6601047093814378,False
LONG,5,Session_Low_Dist_ATR:hi,15,0.05928853754940711,91,0.1307471264367816,0.4534595838943665,0.001555648557418828,True
LONG,5,Session_Low_Dist_ATR:lo,37,0.14624505928853754,124,0.1781609195402299,0.8208593650388881,0.28209893072434417,False
LONG,5,Session_Low_Side:==0,0,0.0,0,0.0,inf,1.0,False
LONG,5,Session_Low_Side:==1,253,1.0,696,1.0,1.0,1.0,False
LONG,5,Slope_Accel_LT:hi,66,0.2608695652173913,111,0.15948275862068967,1.6357226792009398,0.0006509439349479365,True
LONG,5,Slope_Accel_LT:lo,11,0.043478260869565216,24,0.034482758620689655,1.2608695652173914,0.5592371684585606,False
LONG,5,Slope_Accel_ST:hi,126,0.4980237154150198,327,0.4698275862068966,1.060013779598941,0.4627784118505278,False
LONG,5,Slope_Accel_ST:lo,16,0.06324110671936758,84,0.1206896551724138,0.5239977413890456,0.011627553343652113,False
LONG,5,Slope_EMA_LT:hi,38,0.15019762845849802,174,0.25,0.6007905138339921,0.0010675276695724376,True
LONG,5,Slope_EMA_LT:lo,141,0.5573122529644269,216,0.3103448275862069,1.7957839262187087,9.662179420415687e-12,True
LONG,5,Slope_EMA_ST:hi,99,0.391304347826087,287,0.41235632183908044,0.9489471292228451,0.6010498964543671,False
LONG,5,Slope_EMA_ST:lo,94,0.3715415019762846,191,0.2744252873563218,1.3538894522277178,0.004994520898229665,False
LONG,5,Sqz_State:==-1,163,0.6442687747035574,446,0.6408045977011494,1.0054059802548787,0.9391186338938979,False
LONG,5,Sqz_State:==1,90,0.3557312252964427,250,0.35919540229885055,0.9903557312252965,0.9391186338938979,False
LONG,5,Sqz_Val:hi,164,0.6482213438735178,396,0.5689655172413793,1.1392981195352736,0.03044567596199891,False
LONG,5,Sqz_Val:lo,37,0.14624505928853754,107,0.15373563218390804,0.9512762735030106,0.8381326422894924,False
LONG,5,TChan_A15:hi,148,0.5849802371541502,269,0.3864942528735632,1.5135548143467974,6.023001750119837e-08,True
LONG,5,TChan_A15:lo,1,0.003952569169960474,53,0.07614942528735633,0.05190543664702811,8.678316492304435e-07,True
LONG,5,Trend_Concordance:==0,54,0.2134387351778656,170,0.2442528735632184,0.8738432922576145,0.3426024165074406,False
LONG,5,Trend_Concordance:==1,199,0.7865612648221344,526,0.7557471264367817,1.0407730804490598,0.3426024165074406,False
LONG,5,Trend_Conflict:==0,199,0.7865612648221344,526,0.7557471264367817,1.0407730804490598,0.3426024165074406,False
LONG,5,Trend_Conflict:==1,54,0.2134387351778656,170,0.2442528735632184,0.8738432922576145,0.3426024165074406,False
LONG,5,Upper_Wick:hi,123,0.48616600790513836,231,0.33189655172413796,1.4648118679739233,2.0004020268960718e-05,True
LONG,5,Upper_Wick:lo,25,0.09881422924901186,92,0.13218390804597702,0.7475511256229592,0.18137708175937745,False
LONG,5,VAH_Dist_ATR:hi,22,0.08695652173913043,112,0.16091954022988506,0.5403726708074534,0.0031368383499264436,False
LONG,5,VAH_Dist_ATR:lo,42,0.16600790513833993,122,0.1752873563218391,0.9470614916088901,0.7716472474703355,False
LONG,5,VAH_Side:==-1,4,0.015810276679841896,27,0.03879310344827586,0.40755379885814663,0.0975719462958192,False
LONG,5,VAH_Side:==0,0,0.0,3,0.004310344827586207,0.0,0.5690654733557869,False
LONG,5,VAH_Side:==1,249,0.9841897233201581,666,0.9568965517241379,1.0285225937399851,0.04819565363638464,False
LONG,5,VAL_Dist_ATR:hi,18,0.07114624505928854,106,0.15229885057471265,0.46714892982325307,0.0007067642408571497,True
LONG,5,VAL_Dist_ATR:lo,44,0.17391304347826086,120,0.1724137931034483,1.008695652173913,1.0,False
LONG,5,VAL_Side:==-1,1,0.003952569169960474,5,0.007183908045977011,0.550197628458498,1.0,False
LONG,5,VAL_Side:==0,0,0.0,3,0.004310344827586207,0.0,0.5690654733557869,False
LONG,5,VAL_Side:==1,252,0.9960474308300395,688,0.9885057471264368,1.0076293777001564,0.45804905938158663,False
LONG,5,VA_Position:hi,61,0.24110671936758893,169,0.24281609195402298,0.9929602170404846,1.0,False
LONG,5,VA_Position:lo,27,0.1067193675889328,98,0.14080459770114942,0.7579253045091554,0.19296863331794045,False
LONG,5,VWAP_Dist_ATR:hi,31,0.1225296442687747,92,0.13218390804597702,0.9269633957724694,0.7438720059207142,False
LONG,5,VWAP_Dist_ATR:lo,63,0.2490118577075099,190,0.27298850574712646,0.9121697524443519,0.5067711016835214,False
LONG,5,VWAP_Side:==-1,151,0.5968379446640316,298,0.4281609195402299,1.3939570788126376,4.842864192042236e-06,True
LONG,5,VWAP_Side:==0,0,0.0,0,0.0,inf,1.0,False
LONG,5,VWAP_Side:==1,102,0.4031620553359684,398,0.5718390804597702,0.705027111843804,4.842864192042236e-06,True
LONG,5,VWAP_Sigma:hi,115,0.45454545454545453,231,0.33189655172413796,1.369539551357733,0.0005976013010514507,True
LONG,5,VWAP_Sigma:lo,17,0.06719367588932806,89,0.1278735632183908,0.5254696451569925,0.007390222916294029,False
LONG,5,VWAP_Sigma_ATR:hi,31,0.1225296442687747,95,0.13649425287356323,0.8976908674849178,0.6652828237313857,False
LONG,5,VWAP_Sigma_ATR:lo,86,0.33992094861660077,221,0.3175287356321839,1.0705202725663083,0.5306083442123619,False
LONG,5,VWAP_Z:hi,20,0.07905138339920949,54,0.07758620689655173,1.0188844971453668,1.0,False
LONG,5,VWAP_Z:lo,1,0.003952569169960474,17,0.02442528735632184,0.16182283189955823,0.05526298264180171,False
LONG,5,Volume:hi,195,0.7707509881422925,379,0.5445402298850575,1.415416062657086,1.310251876866511e-10,True
LONG,5,Volume:lo,2,0.007905138339920948,50,0.07183908045977011,0.1100395256916996,1.76778900441486e-05,True
LONG,5,Volume_Avg_10:hi,194,0.766798418972332,377,0.5416666666666666,1.4156278504104591,2.161371918159935e-10,True
LONG,5,Volume_Avg_10:lo,2,0.007905138339920948,27,0.03879310344827586,0.20377689942907332,0.010492559374257013,False
LONG,5,Volume_Ratio_10:hi,30,0.11857707509881422,79,0.11350574712643678,1.044679041376895,0.8186093149824953,False
LONG,5,Volume_Ratio_10:lo,30,0.11857707509881422,137,0.1968390804597701,0.6024061625458007,0.005063276947855448,False
LONG,5,WeeklyOpen_Dist_ATR:hi,31,0.1225296442687747,107,0.15373563218390804,0.7970152561781981,0.252697307522984,False
LONG,5,WeeklyOpen_Dist_ATR:lo,108,0.4268774703557312,244,0.3505747126436782,1.21765048921143,0.03350792828847038,False
LONG,5,WeeklyOpen_Side:==-1,96,0.3794466403162055,197,0.28304597701149425,1.3405830541120762,0.005374377632780423,False
LONG,5,WeeklyOpen_Side:==0,0,0.0,0,0.0,inf,1.0,False
LONG,5,WeeklyOpen_Side:==1,157,0.6205533596837944,499,0.7169540229885057,0.8655413593986392,0.005374377632780423,False
LONG,6,ADX_Rising:==0,119,0.47035573122529645,352,0.5057471264367817,0.9300215594681998,0.3408784309292404,False
LONG,6,ADX_Rising:==1,134,0.5296442687747036,344,0.4942528735632184,1.071605846125563,0.3408784309292404,False
LONG,6,ADX_Value:hi,39,0.1541501976284585,60,0.08620689655172414,1.7881422924901185,0.003742078811854328,False
LONG,6,ADX_Value:lo,56,0.22134387351778656,202,0.29022988505747127,0.7626501780612843,0.03902723683522881,False
LONG,6,ATR_1M:hi,183,0.7233201581027668,359,0.5158045977011494,1.4023142898036929,9.153514323795183e-09,True
LONG,6,ATR_1M:lo,1,0.003952569169960474,44,0.06321839080459771,0.06252245777937476,1.700851754434554e-05,True
LONG,6,AT_Lookback_LT:hi,31,0.1225296442687747,123,0.17672413793103448,0.6933384748867252,0.04671286730975826,False
LONG,6,AT_Lookback_LT:lo,0,0.0,0,0.0,inf,1.0,False
LONG,6,AT_Lookback_ST:hi,65,0.25691699604743085,108,0.15517241379310345,1.6556873078612209,0.0005792242418811964,True
LONG,6,AT_Lookback_ST:lo,0,0.0,0,0.0,inf,1.0,False
LONG,6,AT_Regime_LT:==0,81,0.3201581027667984,342,0.49137931034482757,0.6515498231745371,2.9976586101050716e-06,True
LONG,6,AT_Regime_LT:==1,172,0.6798418972332015,354,0.5086206896551724,1.3366383064245997,2.9976586101050716e-06,True
LONG,6,AT_Regime_ST:==0,141,0.5573122529644269,458,0.6580459770114943,0.8469199302690854,0.004897056954532457,False
LONG,6,AT_Regime_ST:==1,112,0.4426877470355731,238,0.34195402298850575,1.2945826551964659,0.004897056954532457,False
LONG,6,AT_Score_LT:hi,10,0.039525691699604744,45,0.06465517241379311,0.61133069828722,0.1594803199498961,False
LONG,6,AT_Score_LT:lo,62,0.2450592885375494,95,0.13649425287356323,1.7953817349698356,0.00011125166071589154,True
LONG,6,AT_Score_ST:hi,47,0.1857707509881423,88,0.12643678160919541,1.4692777578153071,0.026915482524951788,False
LONG,6,AT_Score_ST:lo,36,0.1422924901185771,83,0.11925287356321838,1.193199676175056,0.3751394208401107,False
LONG,6,AT_Slope_LT:hi,37,0.14624505928853754,171,0.24568965517241378,0.5952430483322931,0.0009878947926541916,True
LONG,6,AT_Slope_LT:lo,141,0.5573122529644269,210,0.3017241379310345,1.8470920383963862,1.5270568301108923e-12,True
LONG,6,AT_Slope_ST:hi,121,0.4782608695652174,336,0.4827586206896552,0.9906832298136646,0.9414683061886397,False
LONG,6,AT_Slope_ST:lo,73,0.2885375494071146,149,0.21408045977011494,1.3477995596466563,0.019163973408804554,False
LONG,6,Bar_Range:hi,173,0.6837944664031621,324,0.46551724137931033,1.468891816717904,2.182609035228353e-09,True
LONG,6,Bar_Range:lo,0,0.0,36,0.05172413793103448,0.0,2.0770057246627292e-05,True
LONG,6,Bars_Since_Flip:hi,58,0.22924901185770752,88,0.12643678160919541,1.8131512756018684,0.00022318093152783633,True
LONG,6,Bars_Since_Flip:lo,50,0.1976284584980237,123,0.17672413793103448,1.1182878627205244,0.505712636087939,False
LONG,6,Body_Size:hi,109,0.4308300395256917,256,0.367816091954023,1.1713191699604744,0.08287895962707675,False
LONG,6,Body_Size:lo,19,0.07509881422924901,82,0.11781609195402298,0.637424081750699,0.07345719430921371,False
LONG,6,D2D_ATR:hi,213,0.841897233201581,397,0.5704022988505747,1.4759709680309834,1.2019460227523235e-15,True
LONG,6,D2D_ATR:lo,1,0.003952569169960474,14,0.020114942528735632,0.19649915302089213,0.13554921632997172,False
LONG,6,D2D_ATR_MA:hi,214,0.8458498023715415,410,0.5890804597701149,1.4358816157331535,1.684680320765043e-14,True
LONG,6,D2D_ATR_MA:lo,0,0.0,14,0.020114942528735632,0.0,0.027327335442260733,False
LONG,6,D2D_DirStep:==-1,70,0.2766798418972332,243,0.34913793103448276,0.7924657200019519,0.04219974569157688,False
LONG,6,D2D_DirStep:==1,183,0.7233201581027668,453,0.6508620689655172,1.111326335628092,0.04219974569157688,False
LONG,6,D2D_Dn_Count:hi,1,0.003952569169960474,12,0.017241379310344827,0.2292490118577075,0.20305859166826407,False
LONG,6,D2D_Dn_Count:lo,0,0.0,0,0.0,inf,1.0,False
LONG,6,D2D_Dynamic_Sensitivity:hi,0,0.0,0,0.0,inf,1.0,False
LONG,6,D2D_Dynamic_Sensitivity:lo,7,0.02766798418972332,29,0.041666666666666664,0.6640316205533597,0.44169416456019117,False
LONG,6,D2D_Persist:hi,92,0.36363636363636365,233,0.33477011494252873,1.0862270776433867,0.43927573180129786,False
LONG,6,D2D_Persist:lo,13,0.05138339920948617,59,0.08477011494252873,0.6061499296576673,0.09641043434208482,False
LONG,6,D2D_Signal:==-1,1,0.003952569169960474,11,0.015804597701149427,0.25008983111749905,0.19898481549991276,False
LONG,6,D2D_Signal:==0,252,0.9960474308300395,685,0.9841954022988506,1.0120423530769453,0.19898481549991276,False
LONG,6,D2D_Signal:==1,0,0.0,0,0.0,inf,1.0,False
LONG,6,D2D_Up_Count:hi,1,0.003952569169960474,4,0.005747126436781609,0.6877470355731224,1.0,False
LONG,6,D2D_Up_Count:lo,0,0.0,0,0.0,inf,1.0,False
LONG,6,DailyOpen_Dist_ATR:hi,36,0.1422924901185771,101,0.14511494252873564,0.9805502289359371,1.0,False
LONG,6,DailyOpen_Dist_ATR:lo,87,0.3438735177865613,188,0.27011494252873564,1.2730636615928013,0.029026623609701204,False
LONG,6,DailyOpen_Side:==-1,146,0.5770750988142292,315,0.4525862068965517,1.2750611707133446,0.0007288419799246592,True
LONG,6,DailyOpen_Side:==0,1,0.003952569169960474,0,0.0,inf,0.2665964172813488,False
LONG,6,DailyOpen_Side:==1,106,0.4189723320158103,381,0.5474137931034483,0.7653667797454172,0.0005455042574711064,True
LONG,6,Dist_To_PoC_ATR:hi,21,0.08300395256916997,114,0.16379310344827586,0.5067609735801956,0.001517389592091808,True
LONG,6,Dist_To_PoC_ATR:lo,37,0.14624505928853754,117,0.16810344827586207,0.8699706091010438,0.4858850392957787,False
LONG,6,EMA_Oscillator:hi,156,0.616600790513834,315,0.4525862068965517,1.362394127611519,9.873560815867644e-06,True
LONG,6,EMA_Oscillator:lo,29,0.11462450592885376,104,0.14942528735632185,0.7671024627546367,0.20424368514530325,False
LONG,6,Efficiency_Ratio:hi,72,0.2845849802371542,143,0.20545977011494254,1.3851129108046105,0.011085336705759912,False
LONG,6,Efficiency_Ratio:lo,48,0.18972332015810275,117,0.16810344827586207,1.1286105199148677,0.43954001400668063,False
LONG,6,Harmonic_D2D_Concordance:==0,171,0.6758893280632411,470,0.6752873563218391,1.0008914304936505,1.0,False
LONG,6,Harmonic_D2D_Concordance:==1,82,0.3241106719367589,226,0.32471264367816094,0.9981461401238239,1.0,False
LONG,6,Harmonic_LLEMA:hi,68,0.26877470355731226,157,0.22557471264367815,1.1915107877445181,0.16832205103378817,False
LONG,6,Harmonic_LLEMA:lo,9,0.03557312252964427,45,0.06465517241379311,0.5501976284584981,0.11187567366150947,False
LONG,6,Harmonic_OBVf_Concordance:==0,179,0.7075098814229249,500,0.7183908045977011,0.9848537549407116,0.7453771779731841,False
LONG,6,Harmonic_OBVf_Concordance:==1,74,0.2924901185770751,196,0.28160919540229884,1.038638380253287,0.7453771779731841,False
LONG,6,KAMA_Dist:hi,138,0.5454545454545454,266,0.382183908045977,1.4272043745727956,8.088427065802267e-06,True
LONG,6,KAMA_Dist:lo,34,0.13438735177865613,100,0.14367816091954022,0.9353359683794467,0.7528741135955579,False
LONG,6,KAMA_Dist_ATR:hi,73,0.2885375494071146,180,0.25862068965517243,1.1156785243741765,0.3620435786028494,False
LONG,6,KAMA_Dist_ATR:lo,9,0.03557312252964427,46,0.06609195402298851,0.5382368104485307,0.08420873037466184,False
LONG,6,KAMA_Slope:hi,87,0.3438735177865613,171,0.24568965517241378,1.3996255460786353,0.003001708926392699,False
LONG,6,KAMA_Slope:lo,16,0.06324110671936758,59,0.08477011494252873,0.7460306826555906,0.34079771141906867,False
LONG,6,Lower_Wick:hi,128,0.5059288537549407,238,0.34195402298850575,1.4795230345102466,5.746739108694426e-06,True
LONG,6,Lower_Wick:lo,24,0.09486166007905138,64,0.09195402298850575,1.0316205533596838,0.8995407231209942,False
LONG,6,Micro_Amihud:hi,44,0.17391304347826086,120,0.1724137931034483,1.008695652173913,1.0,False
LONG,6,Micro_Amihud:lo,61,0.24110671936758893,146,0.20977011494252873,1.1493854567112458,0.3281942851819285,False
LONG,6,Micro_AutoCorr:hi,38,0.15019762845849802,147,0.21120689655172414,0.7111397918851334,0.04122659395944518,False
LONG,6,Micro_AutoCorr:lo,46,0.18181818181818182,127,0.1824712643678161,0.9964209019327129,1.0,False
LONG,6,Micro_BarEntropy:hi,62,0.2450592885375494,147,0.21120689655172414,1.1602807130757442,0.28784180673579085,False
LONG,6,Micro_BarEntropy:lo,40,0.15810276679841898,140,0.20114942528735633,0.7859966120835686,0.1599226716707484,False
LONG,6,Micro_BarOverlap:hi,55,0.21739130434782608,150,0.21551724137931033,1.008695652173913,1.0,False
LONG,6,Micro_BarOverlap:lo,36,0.1422924901185771,126,0.1810344827586207,0.7859966120835686,0.17278541569559075,False
LONG,6,Micro_CSSpread:hi,64,0.25296442687747034,154,0.22126436781609196,1.1432677993942815,0.337054069800879,False
LONG,6,Micro_CSSpread:lo,49,0.19367588932806323,132,0.1896551724137931,1.021200143729788,0.9255899060368021,False
LONG,6,Micro_Entropy:hi,26,0.10276679841897234,100,0.14367816091954022,0.7152569169960475,0.10562023572239104,False
LONG,6,Micro_Entropy:lo,42,0.16600790513833993,113,0.16235632183908047,1.022491167931722,0.9209584398502919,False
LONG,6,Micro_FailedBreak:hi,53,0.20948616600790515,147,0.21120689655172414,0.9918528676292652,1.0,False
LONG,6,Micro_FailedBreak:lo,47,0.1857707509881423,134,0.1925287356321839,0.9648988260279631,0.8521787317747311,False
LONG,6,Micro_FractalDim:hi,35,0.1383399209486166,108,0.15517241379310345,0.8915239350021958,0.6079401825939992,False
LONG,6,Micro_FractalDim:lo,69,0.2727272727272727,190,0.27298850574712646,0.9990430622009567,1.0,False
LONG,6,Micro_GarmanKlass:hi,185,0.7312252964426877,344,0.4942528735632184,1.479455832337531,5.55325198048296e-11,True
LONG,6,Micro_GarmanKlass:lo,2,0.007905138339920948,39,0.05603448275862069,0.14107631498935846,0.00045972474472858913,True
LONG,6,Micro_HLAsymmetry:hi,90,0.3557312252964427,193,0.27729885057471265,1.282844211431731,0.02449515454962225,False
LONG,6,Micro_HLAsymmetry:lo,86,0.33992094861660077,203,0.2916666666666667,1.165443252399774,0.174997552084016,False
LONG,6,Micro_Hurst:hi,40,0.15810276679841898,138,0.19827586206896552,0.7973878673311565,0.1878487613982818,False
LONG,6,Micro_Hurst:lo,64,0.25296442687747034,133,0.1910919540229885,1.3237837677196944,0.04617374632395853,False
LONG,6,Micro_IBSP:hi,51,0.2015810276679842,157,0.22557471264367815,0.8936330908083886,0.4779738175105901,False
LONG,6,Micro_IBSP:lo,47,0.1857707509881423,130,0.1867816091954023,0.9945880206749773,1.0,False
LONG,6,Micro_Lambda:hi,37,0.14624505928853754,140,0.20114942528735633,0.7270468661773009,0.059469484999151306,False
LONG,6,Micro_Lambda:lo,51,0.2015810276679842,143,0.20545977011494254,0.9811216451532656,0.9276984271132839,False
LONG,6,Micro_LogReturn:hi,86,0.33992094861660077,192,0.27586206896551724,1.2322134387351777,0.06344859644831463,False
LONG,6,Micro_LogReturn:lo,83,0.32806324110671936,183,0.2629310344827586,1.24771593338949,0.050223776288568195,False
LONG,6,Micro_MicroGap:hi,32,0.12648221343873517,91,0.1307471264367816,0.9673804456413152,0.9132879565275506,False
LONG,6,Micro_MicroGap:lo,38,0.15019762845849802,67,0.09626436781609195,1.5602619314494721,0.025646613863396818,False
LONG,6,Micro_MomoTransfer:hi,44,0.17391304347826086,115,0.16522988505747127,1.0525519848771265,0.7683731832270757,False
LONG,6,Micro_MomoTransfer:lo,60,0.23715415019762845,128,0.1839080459770115,1.2895256916996047,0.07988650980375273,False
LONG,6,Micro_OrderFlowDelta:hi,87,0.3438735177865613,228,0.3275862068965517,1.0497191595589765,0.6407170572629025,False
LONG,6,Micro_OrderFlowDelta:lo,88,0.34782608695652173,209,0.30028735632183906,1.1583107967547328,0.178388676390613,False
LONG,6,Micro_PriceAccel:hi,81,0.3201581027667984,209,0.30028735632183906,1.06617243792197,0.5772934056770129,False
LONG,6,Micro_PriceAccel:lo,87,0.3438735177865613,201,0.28879310344827586,1.190726210843018,0.11046799173602592,False
LONG,6,Micro_RangeAccel:hi,79,0.31225296442687744,203,0.2916666666666667,1.0705815923207227,0.5740399989165359,False
LONG,6,Micro_RangeAccel:lo,82,0.3241106719367589,199,0.2859195402298851,1.1335730033567044,0.26104162232630446,False
LONG,6,Micro_RangeVelocity:hi,71,0.28063241106719367,188,0.27011494252873564,1.0389370111849296,0.7424083995515006,False
LONG,6,Micro_RangeVelocity:lo,86,0.33992094861660077,216,0.3103448275862069,1.0953008344312691,0.3872084950584988,False
LONG,6,Micro_Rejection:hi,60,0.23715415019762845,148,0.21264367816091953,1.11526546309155,0.42539893946605073,False
LONG,6,Micro_Rejection:lo,52,0.20553359683794467,122,0.1752873563218391,1.17255232294434,0.2973204303971799,False
LONG,6,Micro_RollProxy:hi,79,0.31225296442687744,208,0.2988505747126437,1.044846457889936,0.6901859488118471,False
LONG,6,Micro_RollProxy:lo,105,0.4150197628458498,222,0.31896551724137934,1.301143040273475,0.006833135985949541,False
LONG,6,Micro_ThrustEff:hi,57,0.22529644268774704,125,0.17959770114942528,1.2544505928853755,0.11417958449143355,False
LONG,6,Micro_ThrustEff:lo,44,0.17391304347826086,144,0.20689655172413793,0.8405797101449275,0.2706807195414675,False
LONG,6,Micro_TickIntensity:hi,57,0.22529644268774704,149,0.21408045977011494,1.0523914369843754,0.7221186331171087,False
LONG,6,Micro_TickIntensity:lo,42,0.16600790513833993,136,0.19540229885057472,0.8495698674726808,0.3471395600567097,False
LONG,6,Micro_VPIN:hi,67,0.2648221343873518,151,0.21695402298850575,1.220637122739052,0.13775993089267463,False
LONG,6,Micro_VPIN:lo,53,0.20948616600790515,141,0.2025862068965517,1.034059372634766,0.8555920879967398,False
LONG,6,Micro_VolAccel:hi,46,0.18181818181818182,149,0.21408045977011494,0.8492983526540574,0.31762589647342654,False
LONG,6,Micro_VolAccel:lo,53,0.20948616600790515,165,0.23706896551724138,0.8836507366151636,0.38447294309037783,False
LONG,6,Micro_VolOfVol:hi,79,0.31225296442687744,193,0.27729885057471265,1.1260521411456306,0.29252675990030097,False
LONG,6,Micro_VolOfVol:lo,42,0.16600790513833993,119,0.17097701149425287,0.9709369913973496,0.9221850717647518,False
LONG,6,Micro_WickImbalance:hi,67,0.2648221343873518,191,0.2744252873563218,0.9650063116942245,0.8048219008757429,False
LONG,6,Micro_WickImbalance:lo,109,0.4308300395256917,224,0.3218390804597701,1.3386504799548278,0.00209891371809735,False
LONG,6,Momentum_Value:hi,164,0.6482213438735178,353,0.507183908045977,1.2780794768724317,0.00012286502644502737,True
LONG,6,Momentum_Value:lo,39,0.1541501976284585,120,0.1724137931034483,0.8940711462450592,0.5558459566840233,False
LONG,6,MultiDay_Position:hi,39,0.1541501976284585,189,0.27155172413793105,0.5676642198381329,0.0001476680801170559,True
LONG,6,MultiDay_Position:lo,106,0.4189723320158103,209,0.30028735632183906,1.3952380051818372,0.000783151439192894,True
LONG,6,MultiDay_Slope:hi,40,0.15810276679841898,143,0.20545977011494254,0.769507172669228,0.11374141965164866,False
LONG,6,MultiDay_Slope:lo,59,0.233201581027668,188,0.27011494252873564,0.8633420233790262,0.2770448168228119,False
LONG,6,OBV_Macd:hi,36,0.1422924901185771,145,0.20833333333333334,0.68300395256917,0.024694311319389387,False
LONG,6,OBV_Macd:lo,124,0.4901185770750988,173,0.24856321839080459,1.9718065297356577,5.487801869416782e-12,True
LONG,6,OBV_Velocity:hi,95,0.37549407114624506,209,0.30028735632183906,1.2504491555874955,0.0335214483386672,False
LONG,6,OBV_Velocity:lo,17,0.06719367588932806,64,0.09195402298850575,0.7307312252964427,0.29275096429719016,False
LONG,6,OBVf_DirStepCount:hi,24,0.09486166007905138,61,0.08764367816091954,1.0823559904101598,0.7019058848022007,False
LONG,6,OBVf_DirStepCount:lo,36,0.1422924901185771,102,0.14655172413793102,0.9709369913973496,0.9173333775157456,False
LONG,6,OBVf_Signal:==-1,63,0.2490118577075099,212,0.3045977011494253,0.8175106271906928,0.10560587323169102,False
LONG,6,OBVf_Signal:==1,190,0.7509881422924901,484,0.6954022988505747,1.079933361643746,0.10560587323169102,False
LONG,6,OBVf_Trend_Dir:==-1,63,0.2490118577075099,212,0.3045977011494253,0.8175106271906928,0.10560587323169102,False
LONG,6,OBVf_Trend_Dir:==1,190,0.7509881422924901,484,0.6954022988505747,1.079933361643746,0.10560587323169102,False
LONG,6,OR_High_Dist_ATR:hi,85,0.3359683794466403,160,0.22988505747126436,1.4614624505928855,0.0013902689719797112,True
LONG,6,OR_High_Dist_ATR:lo,0,0.0,0,0.0,inf,1.0,False
LONG,6,OR_High_Side:==-1,150,0.5928853754940712,304,0.4367816091954023,1.3573954649469524,2.6546516828832592e-05,True
LONG,6,OR_High_Side:==0,36,0.1422924901185771,191,0.2744252873563218,0.5185108540446579,1.543387442162279e-05,True
LONG,6,OR_High_Side:==1,67,0.2648221343873518,201,0.28879310344827586,0.9169960474308302,0.5143354498271163,False
LONG,6,OR_Low_Dist_ATR:hi,58,0.22924901185770752,157,0.22557471264367815,1.0162886130762065,0.9301758452844555,False
LONG,6,OR_Low_Dist_ATR:lo,0,0.0,0,0.0,inf,1.0,False
LONG,6,OR_Low_Side:==-1,108,0.4268774703557312,166,0.23850574712643677,1.789799514262584,3.062041866301339e-08,True
LONG,6,OR_Low_Side:==0,36,0.1422924901185771,191,0.2744252873563218,0.5185108540446579,1.543387442162279e-05,True
LONG,6,OR_Low_Side:==1,109,0.4308300395256917,339,0.4870689655172414,0.8845360103536325,0.14134937134867273,False
LONG,6,OR_Position:hi,77,0.30434782608695654,233,0.33477011494252873,0.9091248367232694,0.39028487649573185,False
LONG,6,OR_Position:lo,114,0.4505928853754941,183,0.2629310344827586,1.7137303181494201,6.367980446486506e-08,True
LONG,6,PoC_Side:==-1,4,0.015810276679841896,18,0.02586206896551724,0.61133069828722,0.4688350427489445,False
LONG,6,PoC_Side:==0,1,0.003952569169960474,4,0.005747126436781609,0.6877470355731224,1.0,False
LONG,6,PoC_Side:==1,248,0.9802371541501976,674,0.9683908045977011,1.0122330256506493,0.38604327697611485,False
LONG,6,PrevDay_Close_Dist_ATR:hi,34,0.13438735177865613,117,0.16810344827586207,0.7994324516063647,0.22922058376706309,False
LONG,6,PrevDay_Close_Dist_ATR:lo,79,0.31225296442687744,186,0.2672413793103448,1.1684304475328318,0.19042457801327795,False
LONG,6,PrevDay_Close_Side:==-1,157,0.6205533596837944,331,0.4755747126436782,1.3048493605435678,9.516133721206393e-05,True
LONG,6,PrevDay_Close_Side:==0,0,0.0,0,0.0,inf,1.0,False
LONG,6,PrevDay_Close_Side:==1,96,0.3794466403162055,365,0.5244252873563219,0.7235475661919973,9.516133721206393e-05,True
LONG,6,PrevDay_High_Dist_ATR:hi,36,0.1422924901185771,112,0.16091954022988506,0.8842461885940147,0.5440958676136951,False
LONG,6,PrevDay_High_Dist_ATR:lo,80,0.31620553359683795,202,0.29022988505747127,1.0895002543732635,0.46983781564514093,False
LONG,6,PrevDay_High_Side:==-1,227,0.8972332015810277,537,0.771551724137931,1.1628944288647958,7.569460600095696e-06,True
LONG,6,PrevDay_High_Side:==0,0,0.0,0,0.0,inf,1.0,False
LONG,6,PrevDay_High_Side:==1,26,0.10276679841897234,159,0.22844827586206898,0.449847117607577,7.569460600095696e-06,True
LONG,6,PrevDay_Low_Dist_ATR:hi,12,0.04743083003952569,107,0.15373563218390804,0.3085220346496251,3.946648725908217e-06,True
LONG,6,PrevDay_Low_Dist_ATR:lo,107,0.42292490118577075,218,0.3132183908045977,1.3502556478224608,0.001955338411670398,False
LONG,6,PrevDay_Low_Side:==-1,81,0.3201581027667984,128,0.1839080459770115,1.7408596837944663,1.3097871545854224e-05,True
LONG,6,PrevDay_Low_Side:==0,0,0.0,0,0.0,inf,1.0,False
LONG,6,PrevDay_Low_Side:==1,172,0.6798418972332015,568,0.8160919540229885,0.8330457050604019,1.3097871545854224e-05,True
LONG,6,RangeOsc_State:==-1,97,0.383399209486166,180,0.25862068965517243,1.4824769433465086,0.0002681129342857588,True
LONG,6,RangeOsc_State:==-2,51,0.2015810276679842,118,0.16954022988505746,1.1889864004823476,0.2513036474194067,False
LONG,6,RangeOsc_State:==1,67,0.2648221343873518,262,0.3764367816091954,0.7034969676854842,0.0015326184171696835,True
LONG,6,RangeOsc_State:==2,38,0.15019762845849802,136,0.19540229885057472,0.7686584515229016,0.12887868496738153,False
LONG,6,RangeOsc_Val:hi,44,0.17391304347826086,137,0.1968390804597701,0.8835290384005078,0.45580425282903453,False
LONG,6,RangeOsc_Val:lo,54,0.2134387351778656,88,0.12643678160919541,1.6881063600431188,0.0013525830300083089,True
LONG,6,Round_1000_Dist_ATR:hi,9,0.03557312252964427,63,0.09051724137931035,0.3929983060417843,0.003478177020380226,False
LONG,6,Round_1000_Dist_ATR:lo,132,0.5217391304347826,280,0.40229885057471265,1.296894409937888,0.001120277485133444,True
LONG,6,Round_100_Dist_ATR:hi,3,0.011857707509881422,55,0.07902298850574713,0.15005389867049945,2.417563071117841e-05,True
LONG,6,Round_100_Dist_ATR:lo,103,0.40711462450592883,223,0.3204022988505747,1.2706357787270246,0.01352991838667364,False
LONG,6,Round_500_Dist_ATR:hi,1,0.003952569169960474,56,0.08045977011494253,0.04912478825522303,5.32120045745426e-07,True
LONG,6,Round_500_Dist_ATR:lo,106,0.4189723320158103,233,0.33477011494252873,1.251522502502163,0.017694774263818824,False
LONG,6,ST_Flip_Event:==-1,2,0.007905138339920948,5,0.007183908045977011,1.100395256916996,1.0,False
LONG,6,ST_Flip_Event:==0,242,0.9565217391304348,668,0.9597701149425287,0.9966154647227284,0.8536268343389617,False
LONG,6,ST_Flip_Event:==1,9,0.03557312252964427,23,0.033045977011494254,1.0764736208970613,0.8401123938025988,False
LONG,6,Session_High_Dist_ATR:hi,52,0.20553359683794467,116,0.16666666666666666,1.2332015810276682,0.17830090153882566,False
LONG,6,Session_High_Dist_ATR:lo,59,0.233201581027668,176,0.25287356321839083,0.9222062522457779,0.5528639349577112,False
LONG,6,Session_High_Side:==-1,252,0.9960474308300395,694,0.9971264367816092,0.9989178845211925,1.0,False
LONG,6,Session_High_Side:==0,1,0.003952569169960474,2,0.0028735632183908046,1.375494071146245,1.0,False
LONG,6,Session_Low_Dist_ATR:hi,14,0.05533596837944664,97,0.13936781609195403,0.3970498349700501,0.00022614512917478529,True
LONG,6,Session_Low_Dist_ATR:lo,38,0.15019762845849802,123,0.17672413793103448,0.8498987756675985,0.3789911568090123,False
LONG,6,Session_Low_Side:==0,0,0.0,0,0.0,inf,1.0,False
LONG,6,Session_Low_Side:==1,253,1.0,696,1.0,1.0,1.0,False
LONG,6,Slope_Accel_LT:hi,75,0.2964426877470356,111,0.15948275862068967,1.85877577181925,5.21367729957e-06,True
LONG,6,Slope_Accel_LT:lo,10,0.039525691699604744,27,0.03879310344827586,1.0188844971453668,1.0,False
LONG,6,Slope_Accel_ST:hi,123,0.48616600790513836,285,0.40948275862068967,1.187268566673601,0.03793838191864655,False
LONG,6,Slope_Accel_ST:lo,20,0.07905138339920949,89,0.1278735632183908,0.6181995825376383,0.03828947427938621,False
LONG,6,Slope_EMA_LT:hi,38,0.15019762845849802,172,0.2471264367816092,0.607776450041364,0.0014078472229637378,True
LONG,6,Slope_EMA_LT:lo,141,0.5573122529644269,214,0.3074712643678161,1.8125669535665474,5.278668139047581e-12,True
LONG,6,Slope_EMA_ST:hi,111,0.43873517786561267,314,0.4511494252873563,0.9724830694091288,0.7679527922435183,False
LONG,6,Slope_EMA_ST:lo,89,0.35177865612648224,174,0.25,1.407114624505929,0.002385954915345564,False
LONG,6,Sqz_State:==-1,159,0.6284584980237155,442,0.6350574712643678,0.9896088566165293,0.8790056761832956,False
LONG,6,Sqz_State:==1,94,0.3715415019762846,254,0.3649425287356322,1.018082225887772,0.8790056761832956,False
LONG,6,Sqz_Val:hi,169,0.6679841897233202,386,0.5545977011494253,1.204448176288681,0.0017515703743798587,True
LONG,6,Sqz_Val:lo,34,0.13438735177865613,107,0.15373563218390804,0.8741457648406044,0.5357719640811871,False
LONG,6,TChan_A15:hi,146,0.5770750988142292,279,0.40086206896551724,1.439585192740873,1.532659406698062e-06,True
LONG,6,TChan_A15:lo,1,0.003952569169960474,52,0.07471264367816093,0.05290361812100942,1.3925535057009448e-06,True
LONG,6,Trend_Concordance:==0,52,0.20553359683794467,155,0.22270114942528735,0.9229121509626419,0.5949464707489505,False
LONG,6,Trend_Concordance:==1,201,0.7944664031620553,541,0.7772988505747126,1.0220861674691137,0.5949464707489505,False
LONG,6,Trend_Conflict:==0,201,0.7944664031620553,541,0.7772988505747126,1.0220861674691137,0.5949464707489505,False
LONG,6,Trend_Conflict:==1,52,0.20553359683794467,155,0.22270114942528735,0.9229121509626419,0.5949464707489505,False
LONG,6,Upper_Wick:hi,108,0.4268774703557312,223,0.3204022988505747,1.332317127208919,0.0026640062332704386,False
LONG,6,Upper_Wick:lo,29,0.11462450592885376,82,0.11781609195402298,0.9729104405668564,1.0,False
LONG,6,VAH_Dist_ATR:hi,22,0.08695652173913043,114,0.16379310344827586,0.5308924485125858,0.002326349274136258,False
LONG,6,VAH_Dist_ATR:lo,38,0.15019762845849802,121,0.17385057471264367,0.8639466893149969,0.432116291111314,False
LONG,6,VAH_Side:==-1,6,0.023715415019762844,26,0.03735632183908046,0.634843417452113,0.41589329718583906,False
LONG,6,VAH_Side:==0,0,0.0,5,0.007183908045977011,0.0,0.3325930622115817,False
LONG,6,VAH_Side:==1,247,0.9762845849802372,665,0.9554597701149425,1.021795595708639,0.18404181145501222,False
LONG,6,VAL_Dist_ATR:hi,19,0.07509881422924901,106,0.15229885057471265,0.49310164814676705,0.0015576219502328906,True
LONG,6,VAL_Dist_ATR:lo,42,0.16600790513833993,118,0.16954022988505746,0.9791652709854627,0.9222827379766129,False
LONG,6,VAL_Side:==-1,1,0.003952569169960474,5,0.007183908045977011,0.550197628458498,1.0,False
LONG,6,VAL_Side:==0,0,0.0,4,0.005747126436781609,0.0,0.5784798287652094,False
LONG,6,VAL_Side:==1,252,0.9960474308300395,687,0.9870689655172413,1.009096087129123,0.3050725602323428,False
LONG,6,VA_Position:hi,62,0.2450592885375494,167,0.23994252873563218,1.021324939054697,0.8641623023103777,False
LONG,6,VA_Position:lo,24,0.09486166007905138,100,0.14367816091954022,0.6602371541501976,0.0502229298000601,False
LONG,6,VWAP_Dist_ATR:hi,31,0.1225296442687747,94,0.13505747126436782,0.9072407703305021,0.6650235687147916,False
LONG,6,VWAP_Dist_ATR:lo,68,0.26877470355731226,180,0.25862068965517243,1.039262187088274,0.8021274875165258,False
LONG,6,VWAP_Side:==-1,152,0.6007905138339921,299,0.4295977011494253,1.398495644242336,3.4189768368373912e-06,True
LONG,6,VWAP_Side:==0,0,0.0,0,0.0,inf,1.0,False
LONG,6,VWAP_Side:==1,101,0.39920948616600793,397,0.5704022988505747,0.6998735576109358,3.4189768368373912e-06,True
LONG,6,VWAP_Sigma:hi,115,0.45454545454545453,231,0.33189655172413796,1.369539551357733,0.0005976013010514507,True
LONG,6,VWAP_Sigma:lo,18,0.07114624505928854,88,0.12643678160919541,0.5627021200143729,0.019262249939223375,False
LONG,6,VWAP_Sigma_ATR:hi,33,0.13043478260869565,98,0.14080459770114942,0.9263531499556344,0.7498821353115532,False
LONG,6,VWAP_Sigma_ATR:lo,84,0.33201581027667987,210,0.3017241379310345,1.1003952569169961,0.38314594132482827,False
LONG,6,VWAP_Z:hi,18,0.07114624505928854,61,0.08764367816091954,0.8117669928076201,0.506471694158416,False
LONG,6,VWAP_Z:lo,3,0.011857707509881422,17,0.02442528735632184,0.4854684956986747,0.31078374745021453,False
LONG,6,Volume:hi,197,0.7786561264822134,362,0.5201149425287356,1.49708470726967,2.70730275995556e-13,True
LONG,6,Volume:lo,3,0.011857707509881422,51,0.07327586206896551,0.16182283189955823,9.525014418241304e-05,True
LONG,6,Volume_Avg_10:hi,193,0.7628458498023716,381,0.5474137931034483,1.3935451744421277,9.67751922455311e-10,True
LONG,6,Volume_Avg_10:lo,2,0.007905138339920948,26,0.03735632183908046,0.21161447248403767,0.015857947159648677,False
LONG,6,Volume_Ratio_10:hi,21,0.08300395256916997,56,0.08045977011494253,1.0316205533596838,0.893492586014214,False
LONG,6,Volume_Ratio_10:lo,34,0.13438735177865613,167,0.23994252873563218,0.5600814181912854,0.00031926435476553887,True
LONG,6,WeeklyOpen_Dist_ATR:hi,36,0.1422924901185771,109,0.15660919540229884,0.9085832396562354,0.6117697810180551,False
LONG,6,WeeklyOpen_Dist_ATR:lo,106,0.4189723320158103,241,0.34626436781609193,1.2099781870664066,0.04737692608277308,False
LONG,6,WeeklyOpen_Side:==-1,97,0.383399209486166,198,0.28448275862068967,1.3477063121331896,0.004273156947393776,False
LONG,6,WeeklyOpen_Side:==0,0,0.0,0,0.0,inf,1.0,False
LONG,6,WeeklyOpen_Side:==1,156,0.616600790513834,498,0.7155172413793104,0.8617553216819848,0.004273156947393776,False
LONG,7,ADX_Rising:==0,118,0.466403162055336,352,0.5057471264367817,0.9222062522457779,0.30424236069029514,False
LONG,7,ADX_Rising:==1,135,0.5335968379446641,344,0.4942528735632184,1.079602904678739,0.30424236069029514,False
LONG,7,ADX_Value:hi,40,0.15810276679841898,66,0.09482758620689655,1.6672655407833274,0.009949753914862119,False
LONG,7,ADX_Value:lo,61,0.24110671936758893,211,0.3031609195402299,0.7953093681509095,0.06244945508361527,False
LONG,7,ATR_1M:hi,175,0.691699604743083,343,0.492816091954023,1.4035653787206583,4.33815609233948e-08,True
LONG,7,ATR_1M:lo,1,0.003952569169960474,50,0.07183908045977011,0.0550197628458498,2.3366874052122567e-06,True
LONG,7,AT_Lookback_LT:hi,28,0.11067193675889328,124,0.1781609195402299,0.6211908708402397,0.012222329513912038,False
LONG,7,AT_Lookback_LT:lo,0,0.0,0,0.0,inf,1.0,False
LONG,7,AT_Lookback_ST:hi,64,0.25296442687747034,104,0.14942528735632185,1.6929157798723014,0.00035078509566487375,True
LONG,7,AT_Lookback_ST:lo,0,0.0,0,0.0,inf,1.0,False
LONG,7,AT_Regime_LT:==0,82,0.3241106719367589,348,0.5,0.6482213438735178,1.5022698798694248e-06,True
LONG,7,AT_Regime_LT:==1,171,0.6758893280632411,348,0.5,1.3517786561264822,1.5022698798694248e-06,True
LONG,7,AT_Regime_ST:==0,145,0.5731225296442688,460,0.6609195402298851,0.8671593057226328,0.014523025398284286,False
LONG,7,AT_Regime_ST:==1,108,0.4268774703557312,236,0.3390804597701149,1.258926776981309,0.014523025398284286,False
LONG,7,AT_Score_LT:hi,10,0.039525691699604744,47,0.06752873563218391,0.5853166260196787,0.12313165875105858,False
LONG,7,AT_Score_LT:lo,60,0.23715415019762845,93,0.1336206896551724,1.7748310595435421,0.00020672169316693915,True
LONG,7,AT_Score_ST:hi,52,0.20553359683794467,101,0.14511494252873564,1.4163503306852425,0.028174694541704896,False
LONG,7,AT_Score_ST:lo,36,0.1422924901185771,82,0.11781609195402298,1.2077508917381665,0.3178524338496823,False
LONG,7,AT_Slope_LT:hi,38,0.15019762845849802,172,0.2471264367816092,0.607776450041364,0.0014078472229637378,True
LONG,7,AT_Slope_LT:lo,141,0.5573122529644269,207,0.2974137931034483,1.8738614882282179,4.718423272400767e-13,True
LONG,7,AT_Slope_ST:hi,128,0.5059288537549407,338,0.48563218390804597,1.0417943260752625,0.6075289845600105,False
LONG,7,AT_Slope_ST:lo,67,0.2648221343873518,141,0.2025862068965517,1.3072071314439495,0.05063911822804729,False
LONG,7,Bar_Range:hi,159,0.6284584980237155,310,0.4454022988505747,1.410990692337116,7.791233973968456e-07,True
LONG,7,Bar_Range:lo,2,0.007905138339920948,41,0.05890804597701149,0.13419454352646293,0.0002910387331319268,True
LONG,7,Bars_Since_Flip:hi,55,0.21739130434782608,82,0.11781609195402298,1.8451749734888654,0.00022861199838136503,True
LONG,7,Bars_Since_Flip:lo,50,0.1976284584980237,123,0.17672413793103448,1.1182878627205244,0.505712636087939,False
LONG,7,Body_Size:hi,116,0.45849802371541504,241,0.34626436781609193,1.324127072638709,0.0018759257871624128,True
LONG,7,Body_Size:lo,32,0.12648221343873517,92,0.13218390804597702,0.9568654407973878,0.9133133358873194,False
LONG,7,D2D_ATR:hi,205,0.8102766798418972,392,0.5632183908045977,1.4386545131886748,9.013658238912341e-13,True
LONG,7,D2D_ATR:lo,1,0.003952569169960474,14,0.020114942528735632,0.19649915302089213,0.13554921632997172,False
LONG,7,D2D_ATR_MA:hi,213,0.841897233201581,407,0.5847701149425287,1.4397063250818192,2.0132236424248584e-14,True
LONG,7,D2D_ATR_MA:lo,0,0.0,13,0.01867816091954023,0.0,0.025418929076192955,False
LONG,7,D2D_DirStep:==-1,83,0.32806324110671936,264,0.3793103448275862,0.8648939992813511,0.1700071953179685,False
LONG,7,D2D_DirStep:==1,170,0.6719367588932806,432,0.6206896551724138,1.082564778216952,0.1700071953179685,False
LONG,7,D2D_Dn_Count:hi,5,0.019762845849802372,12,0.017241379310344827,1.1462450592885376,0.7848489967850909,False
LONG,7,D2D_Dn_Count:lo,0,0.0,0,0.0,inf,1.0,False
LONG,7,D2D_Dynamic_Sensitivity:hi,0,0.0,0,0.0,inf,1.0,False
LONG,7,D2D_Dynamic_Sensitivity:lo,3,0.011857707509881422,23,0.033045977011494254,0.3588245402990204,0.11245599989842614,False
LONG,7,D2D_Persist:hi,98,0.38735177865612647,248,0.3563218390804598,1.0870840239704194,0.40175602925304466,False
LONG,7,D2D_Persist:lo,16,0.06324110671936758,55,0.07902298850574713,0.8002874595759971,0.48618940849782244,False
LONG,7,D2D_Signal:==-1,5,0.019762845849802372,12,0.017241379310344827,1.1462450592885376,0.7848489967850909,False
LONG,7,D2D_Signal:==0,248,0.9802371541501976,683,0.9813218390804598,0.9988946695293376,1.0,False
LONG,7,D2D_Signal:==1,0,0.0,1,0.0014367816091954023,0.0,1.0,False
LONG,7,D2D_Up_Count:hi,1,0.003952569169960474,4,0.005747126436781609,0.6877470355731224,1.0,False
LONG,7,D2D_Up_Count:lo,0,0.0,0,0.0,inf,1.0,False
LONG,7,DailyOpen_Dist_ATR:hi,39,0.1541501976284585,110,0.15804597701149425,0.9753503413582465,0.919956460501594,False
LONG,7,DailyOpen_Dist_ATR:lo,83,0.32806324110671936,184,0.26436781609195403,1.2409348685341124,0.06037015483573348,False
LONG,7,DailyOpen_Side:==-1,145,0.5731225296442688,311,0.4468390804597701,1.2826150502649873,0.0007095977670440454,True
LONG,7,DailyOpen_Side:==0,1,0.003952569169960474,0,0.0,inf,0.2665964172813488,False
LONG,7,DailyOpen_Side:==1,107,0.42292490118577075,385,0.5531609195402298,0.7645603408449259,0.00041750807100350996,True
LONG,7,Dist_To_PoC_ATR:hi,21,0.08300395256916997,116,0.16666666666666666,0.49802371541501983,0.0011196289652277572,True
LONG,7,Dist_To_PoC_ATR:lo,36,0.1422924901185771,110,0.15804597701149425,0.9003233920229968,0.611357638755378,False
LONG,7,EMA_Oscillator:hi,154,0.6086956521739131,308,0.4425287356321839,1.3754940711462451,6.993846165406526e-06,True
LONG,7,EMA_Oscillator:lo,32,0.12648221343873517,107,0.15373563218390804,0.8227254257323334,0.3499965767000325,False
LONG,7,Efficiency_Ratio:hi,70,0.2766798418972332,141,0.2025862068965517,1.3657387940459171,0.017171406658082408,False
LONG,7,Efficiency_Ratio:lo,37,0.14624505928853754,138,0.19827586206896552,0.7375837772813197,0.07231705355316914,False
LONG,7,Harmonic_D2D_Concordance:==0,155,0.6126482213438735,463,0.6652298850574713,0.9209571534672484,0.14348457373634568,False
LONG,7,Harmonic_D2D_Concordance:==1,98,0.38735177865612647,233,0.33477011494252873,1.1570679740114336,0.14348457373634568,False
LONG,7,Harmonic_LLEMA:hi,81,0.3201581027667984,166,0.23850574712643677,1.342349635696938,0.012201735249117975,False
LONG,7,Harmonic_LLEMA:lo,13,0.05138339920948617,48,0.06896551724137931,0.7450592885375494,0.3718712196631243,False
LONG,7,Harmonic_OBVf_Concordance:==0,166,0.6561264822134387,487,0.6997126436781609,0.9377084838204381,0.2055810300741544,False
LONG,7,Harmonic_OBVf_Concordance:==1,87,0.3438735177865613,209,0.30028735632183906,1.145148174064338,0.2055810300741544,False
LONG,7,KAMA_Dist:hi,138,0.5454545454545454,270,0.3879310344827586,1.406060606060606,1.6631782347966227e-05,True
LONG,7,KAMA_Dist:lo,34,0.13438735177865613,104,0.14942528735632185,0.8993615080571602,0.6036456185596255,False
LONG,7,KAMA_Dist_ATR:hi,86,0.33992094861660077,195,0.2801724137931034,1.213256308908483,0.07739280032006848,False
LONG,7,KAMA_Dist_ATR:lo,13,0.05138339920948617,58,0.08333333333333333,0.6166007905138341,0.1239468797085367,False
LONG,7,KAMA_Slope:hi,90,0.3557312252964427,187,0.2686781609195402,1.324004988269113,0.00986405092027487,False
LONG,7,KAMA_Slope:lo,17,0.06719367588932806,62,0.08908045977011494,0.7543032003060054,0.35200937116824516,False
LONG,7,Lower_Wick:hi,99,0.391304347826087,234,0.33620689655172414,1.1638795986622075,0.12416406544832792,False
LONG,7,Lower_Wick:lo,26,0.10276679841897234,84,0.1206896551724138,0.8514963297571994,0.49257349541375195,False
LONG,7,Micro_Amihud:hi,46,0.18181818181818182,120,0.1724137931034483,1.0545454545454545,0.7719965111310757,False
LONG,7,Micro_Amihud:lo,71,0.28063241106719367,153,0.21982758620689655,1.2766023405409594,0.05716412797432771,False
LONG,7,Micro_AutoCorr:hi,40,0.15810276679841898,160,0.22988505747126436,0.6877470355731226,0.019047950667689773,False
LONG,7,Micro_AutoCorr:lo,50,0.1976284584980237,127,0.1824712643678161,1.0830661977529488,0.6375559418695328,False
LONG,7,Micro_BarEntropy:hi,49,0.19367588932806323,139,0.1997126436781609,0.9697727983621008,0.9266356883011476,False
LONG,7,Micro_BarEntropy:lo,45,0.17786561264822134,141,0.2025862068965517,0.8779749390295182,0.459437745240064,False
LONG,7,Micro_BarOverlap:hi,60,0.23715415019762845,146,0.20977011494252873,1.1305430721749958,0.37397888333650275,False
LONG,7,Micro_BarOverlap:lo,36,0.1422924901185771,117,0.16810344827586207,0.8464578899361509,0.3698867194282857,False
LONG,7,Micro_CSSpread:hi,61,0.24110671936758893,159,0.22844827586206898,1.0554105451562383,0.7279323131986455,False
LONG,7,Micro_CSSpread:lo,48,0.18972332015810275,137,0.1968390804597701,0.9638498600732812,0.8532630109805305,False
LONG,7,Micro_Entropy:hi,30,0.11857707509881422,109,0.15660919540229884,0.7571526997135294,0.1477780966786031,False
LONG,7,Micro_Entropy:lo,48,0.18972332015810275,106,0.15229885057471265,1.2457304795286746,0.16510147872808073,False
LONG,7,Micro_FailedBreak:hi,48,0.18972332015810275,136,0.19540229885057472,0.9709369913973493,0.9260478636296949,False
LONG,7,Micro_FailedBreak:lo,50,0.1976284584980237,141,0.2025862068965517,0.9755277100327979,0.9271271063714114,False
LONG,7,Micro_FractalDim:hi,47,0.1857707509881423,135,0.1939655172413793,0.9577514273166448,0.8521389840326464,False
LONG,7,Micro_FractalDim:lo,47,0.1857707509881423,127,0.1824712643678161,1.018082225887772,0.924516724140312,False
LONG,7,Micro_GarmanKlass:hi,173,0.6837944664031621,319,0.4583333333333333,1.491915199425081,8.260599616141971e-10,True
LONG,7,Micro_GarmanKlass:lo,3,0.011857707509881422,54,0.07758620689655173,0.152832674571805,3.780427267585179e-05,True
LONG,7,Micro_HLAsymmetry:hi,91,0.35968379446640314,208,0.2988505747126437,1.2035573122529644,0.08214616166842212,False
LONG,7,Micro_HLAsymmetry:lo,81,0.3201581027667984,189,0.27155172413793105,1.1789949181253527,0.14399693120737028,False
LONG,7,Micro_Hurst:hi,32,0.12648221343873517,134,0.1925287356321839,0.6569523921892514,0.020121618205769794,False
LONG,7,Micro_Hurst:lo,53,0.20948616600790515,134,0.1925287356321839,1.0880773995634476,0.5801423865771315,False
LONG,7,Micro_IBSP:hi,58,0.22924901185770752,162,0.23275862068965517,0.9849216805738545,0.9309314793686954,False
LONG,7,Micro_IBSP:lo,52,0.20553359683794467,143,0.20545977011494254,1.0003593244699964,1.0,False
LONG,7,Micro_Lambda:hi,48,0.18972332015810275,135,0.1939655172413793,0.978129117259552,0.9260464333315293,False
LONG,7,Micro_Lambda:lo,61,0.24110671936758893,157,0.22557471264367815,1.0688552654767,0.6626508703048803,False
LONG,7,Micro_LogReturn:hi,77,0.30434782608695654,199,0.2859195402298851,1.0644526982739786,0.5728046393560832,False
LONG,7,Micro_LogReturn:lo,81,0.3201581027667984,184,0.26436781609195403,1.2110328235091938,0.10164402873345262,False
LONG,7,Micro_MicroGap:hi,32,0.12648221343873517,84,0.1206896551724138,1.0479954827780913,0.8229564980354445,False
LONG,7,Micro_MicroGap:lo,37,0.14624505928853754,93,0.1336206896551724,1.0944791533851843,0.6693737400845436,False
LONG,7,Micro_MomoTransfer:hi,40,0.15810276679841898,132,0.1896551724137931,0.8336327703916637,0.2949061537261476,False
LONG,7,Micro_MomoTransfer:lo,60,0.23715415019762845,136,0.19540229885057472,1.2136712392466866,0.17383133580809432,False
LONG,7,Micro_OrderFlowDelta:hi,89,0.35177865612648224,230,0.33045977011494254,1.064512802887094,0.5353489373389447,False
LONG,7,Micro_OrderFlowDelta:lo,96,0.3794466403162055,211,0.3031609195402299,1.2516344154506116,0.028166736161858528,False
LONG,7,Micro_PriceAccel:hi,89,0.35177865612648224,197,0.28304597701149425,1.2428322064164044,0.04553619429544199,False
LONG,7,Micro_PriceAccel:lo,83,0.32806324110671936,197,0.28304597701149425,1.1590457655343993,0.19777472259484272,False
LONG,7,Micro_RangeAccel:hi,87,0.3438735177865613,213,0.30603448275862066,1.123643044034961,0.2700951654755934,False
LONG,7,Micro_RangeAccel:lo,82,0.3241106719367589,192,0.27586206896551724,1.174901185770751,0.16837344231646828,False
LONG,7,Micro_RangeVelocity:hi,79,0.31225296442687744,176,0.25287356321839083,1.2348185411426515,0.069198207528174,False
LONG,7,Micro_RangeVelocity:lo,92,0.36363636363636365,204,0.29310344827586204,1.2406417112299466,0.03971623738619344,False
LONG,7,Micro_Rejection:hi,46,0.18181818181818182,147,0.21120689655172414,0.8608534322820037,0.36189197802159545,False
LONG,7,Micro_Rejection:lo,69,0.2727272727272727,129,0.1853448275862069,1.471458773784355,0.004972087799071176,False
LONG,7,Micro_RollProxy:hi,86,0.33992094861660077,196,0.28160919540229884,1.207066225699766,0.09160123594631642,False
LONG,7,Micro_RollProxy:lo,101,0.39920948616600793,203,0.2916666666666667,1.3687182382834557,0.002121415098408642,False
LONG,7,Micro_ThrustEff:hi,52,0.20553359683794467,130,0.1867816091954023,1.1003952569169961,0.5151321239476692,False
LONG,7,Micro_ThrustEff:lo,44,0.17391304347826086,135,0.1939655172413793,0.8966183574879227,0.512511333309968,False
LONG,7,Micro_TickIntensity:hi,66,0.2608695652173913,172,0.2471264367816092,1.0556117290192113,0.6725514655661813,False
LONG,7,Micro_TickIntensity:lo,45,0.17786561264822134,112,0.16091954022988506,1.1053077357425183,0.5537292786176498,False
LONG,7,Micro_VPIN:hi,61,0.24110671936758893,153,0.21982758620689655,1.0967991939858948,0.4835962721277841,False
LONG,7,Micro_VPIN:lo,57,0.22529644268774704,144,0.20689655172413793,1.0889328063241106,0.5309034193676517,False
LONG,7,Micro_VolAccel:hi,53,0.20948616600790515,150,0.21551724137931033,0.9720158102766799,0.9286863062326125,False
LONG,7,Micro_VolAccel:lo,67,0.2648221343873518,151,0.21695402298850575,1.220637122739052,0.13775993089267463,False
LONG,7,Micro_VolOfVol:hi,78,0.308300395256917,190,0.27298850574712646,1.1293530268358642,0.29002140282964506,False
LONG,7,Micro_VolOfVol:lo,39,0.1541501976284585,114,0.16379310344827586,0.9411275223632203,0.765225346409707,False
LONG,7,Micro_WickImbalance:hi,64,0.25296442687747034,184,0.26436781609195403,0.9568654407973878,0.7391272213355169,False
LONG,7,Micro_WickImbalance:lo,108,0.4268774703557312,207,0.2974137931034483,1.4352981611960818,0.00024076353598371679,True
LONG,7,Momentum_Value:hi,165,0.6521739130434783,358,0.514367816091954,1.267913529268885,0.00016421363484481747,True
LONG,7,Momentum_Value:lo,38,0.15019762845849802,116,0.16666666666666666,0.9011857707509882,0.6187101813858078,False
LONG,7,MultiDay_Position:hi,39,0.1541501976284585,188,0.27011494252873564,0.5706837103691867,0.00020161805835278715,True
LONG,7,MultiDay_Position:lo,105,0.4150197628458498,212,0.3045977011494253,1.362517711984488,0.0018187246176628,True
LONG,7,MultiDay_Slope:hi,42,0.16600790513833993,146,0.20977011494252873,0.7913801505224972,0.14149909371768032,False
LONG,7,MultiDay_Slope:lo,59,0.233201581027668,191,0.2744252873563218,0.8497816774620782,0.21222209157952013,False
LONG,7,OBV_Macd:hi,36,0.1422924901185771,148,0.21264367816091953,0.6691592778549301,0.015702102278328373,False
LONG,7,OBV_Macd:lo,118,0.466403162055336,171,0.24568965517241378,1.8983426946813677,1.9562582197321766e-10,True
LONG,7,OBV_Velocity:hi,93,0.3675889328063241,166,0.23850574712643677,1.5412162483927807,0.00010560583397393784,True
LONG,7,OBV_Velocity:lo,19,0.07509881422924901,66,0.09482758620689655,0.7919511318720804,0.37153272305326,False
LONG,7,OBVf_DirStepCount:hi,32,0.12648221343873517,81,0.11637931034482758,1.086810130288391,0.6520582783795907,False
LONG,7,OBVf_DirStepCount:lo,31,0.1225296442687747,107,0.15373563218390804,0.7970152561781981,0.252697307522984,False
LONG,7,OBVf_Signal:==-1,62,0.2450592885375494,214,0.3074712643678161,0.7970152561781981,0.06339498061970318,False
LONG,7,OBVf_Signal:==1,191,0.7549407114624506,482,0.6925287356321839,1.090121857215489,0.06339498061970318,False
LONG,7,OBVf_Trend_Dir:==-1,62,0.2450592885375494,214,0.3074712643678161,0.7970152561781981,0.06339498061970318,False
LONG,7,OBVf_Trend_Dir:==1,191,0.7549407114624506,482,0.6925287356321839,1.090121857215489,0.06339498061970318,False
LONG,7,OR_High_Dist_ATR:hi,89,0.35177865612648224,170,0.2442528735632184,1.4402232039060685,0.0012877591571850895,True
LONG,7,OR_High_Dist_ATR:lo,0,0.0,0,0.0,inf,1.0,False
LONG,7,OR_High_Side:==-1,150,0.5928853754940712,306,0.4396551724137931,1.3485235991629854,3.690030216139462e-05,True
LONG,7,OR_High_Side:==0,36,0.1422924901185771,192,0.27586206896551724,0.5158102766798419,1.5415789600119366e-05,True
LONG,7,OR_High_Side:==1,67,0.2648221343873518,198,0.28448275862068967,0.9308899269373578,0.5678795103695229,False
LONG,7,OR_Low_Dist_ATR:hi,55,0.21739130434782608,158,0.22701149425287356,0.957622454595487,0.7922245796149737,False
LONG,7,OR_Low_Dist_ATR:lo,0,0.0,0,0.0,inf,1.0,False
LONG,7,OR_Low_Side:==-1,106,0.4189723320158103,169,0.24281609195402298,1.7254718525621537,2.8384198552717815e-07,True
LONG,7,OR_Low_Side:==0,36,0.1422924901185771,193,0.27729885057471265,0.5131376845726925,1.0893176356748475e-05,True
LONG,7,OR_Low_Side:==1,111,0.43873517786561267,334,0.47988505747126436,0.9142505502828336,0.2705913972426649,False
LONG,7,OR_Position:hi,75,0.2964426877470356,228,0.3275862068965517,0.904930309964635,0.3869195723565228,False
LONG,7,OR_Position:lo,116,0.45849802371541504,188,0.27011494252873564,1.6974182154570685,7.36717767846061e-08,True
LONG,7,PoC_Side:==-1,4,0.015810276679841896,23,0.033045977011494254,0.4784327203986939,0.18939194337259088,False
LONG,7,PoC_Side:==0,1,0.003952569169960474,3,0.004310344827586207,0.91699604743083,1.0,False
LONG,7,PoC_Side:==1,248,0.9802371541501976,670,0.9626436781609196,1.0182762078933396,0.21792455425798446,False
LONG,7,PrevDay_Close_Dist_ATR:hi,39,0.1541501976284585,126,0.1810344827586207,0.8514963297571994,0.38343418448228694,False
LONG,7,PrevDay_Close_Dist_ATR:lo,79,0.31225296442687744,180,0.25862068965517243,1.2073781291172594,0.11724419880671275,False
LONG,7,PrevDay_Close_Side:==-1,156,0.616600790513834,329,0.47270114942528735,1.3044199094152842,9.662896198004399e-05,True
LONG,7,PrevDay_Close_Side:==0,0,0.0,0,0.0,inf,1.0,False
LONG,7,PrevDay_Close_Side:==1,97,0.383399209486166,367,0.5272988505747126,0.727100408180849,9.662896198004399e-05,True
LONG,7,PrevDay_High_Dist_ATR:hi,36,0.1422924901185771,122,0.1752873563218391,0.8117669928076201,0.23871609418550738,False
LONG,7,PrevDay_High_Dist_ATR:lo,79,0.31225296442687744,200,0.28735632183908044,1.0866403162055336,0.46891971049432535,False
LONG,7,PrevDay_High_Side:==-1,226,0.8932806324110671,536,0.7701149425287356,1.159931567459147,1.2868626299232117e-05,True
LONG,7,PrevDay_High_Side:==0,0,0.0,0,0.0,inf,1.0,False
LONG,7,PrevDay_High_Side:==1,27,0.1067193675889328,160,0.22988505747126436,0.4642292490118577,1.2868626299232117e-05,True
LONG,7,PrevDay_Low_Dist_ATR:hi,12,0.04743083003952569,116,0.16666666666666666,0.2845849802371542,4.894249610995565e-07,True
LONG,7,PrevDay_Low_Dist_ATR:lo,105,0.4150197628458498,208,0.2988505747126437,1.3887199756764972,0.0010157148476707767,True
LONG,7,PrevDay_Low_Side:==-1,80,0.31620553359683795,129,0.1853448275862069,1.7060391580108465,2.8936451782682488e-05,True
LONG,7,PrevDay_Low_Side:==0,0,0.0,0,0.0,inf,1.0,False
LONG,7,PrevDay_Low_Side:==1,173,0.6837944664031621,567,0.8146551724137931,0.8393667524102307,2.8936451782682488e-05,True
LONG,7,RangeOsc_State:==-1,94,0.3715415019762846,183,0.2629310344827586,1.41307587636882,0.001595879148199325,True
LONG,7,RangeOsc_State:==-2,47,0.1857707509881423,111,0.15948275862068967,1.16483281700673,0.37506340278638295,False
LONG,7,RangeOsc_State:==1,69,0.2727272727272727,262,0.3764367816091954,0.7244968771686329,0.0033743787414726905,False
LONG,7,RangeOsc_State:==2,43,0.16996047430830039,140,0.20114942528735633,0.8449463579898362,0.30675149264844337,False
LONG,7,RangeOsc_Val:hi,43,0.16996047430830039,140,0.20114942528735633,0.8449463579898362,0.30675149264844337,False
LONG,7,RangeOsc_Val:lo,54,0.2134387351778656,93,0.1336206896551724,1.597347953589188,0.0032696649589552275,False
LONG,7,Round_1000_Dist_ATR:hi,8,0.03162055335968379,65,0.09339080459770115,0.3385831559744603,0.0008943348189942033,True
LONG,7,Round_1000_Dist_ATR:lo,131,0.5177865612648221,271,0.38936781609195403,1.3298134562373292,0.00047221659537713325,True
LONG,7,Round_100_Dist_ATR:hi,4,0.015810276679841896,61,0.08764367816091954,0.18039266506836,2.998388436028875e-05,True
LONG,7,Round_100_Dist_ATR:lo,93,0.3675889328063241,203,0.2916666666666667,1.2603049124788255,0.02677574610404758,False
LONG,7,Round_500_Dist_ATR:hi,4,0.015810276679841896,53,0.07614942528735633,0.20762174658811244,0.00027852301973857333,True
LONG,7,Round_500_Dist_ATR:lo,96,0.3794466403162055,228,0.3275862068965517,1.1583107967547326,0.1418312599693739,False
LONG,7,ST_Flip_Event:==-1,2,0.007905138339920948,11,0.015804597701149427,0.5001796622349981,0.5313865693246419,False
LONG,7,ST_Flip_Event:==0,245,0.9683794466403162,672,0.9655172413793104,1.0029644268774702,1.0,False
LONG,7,ST_Flip_Event:==1,6,0.023715415019762844,13,0.01867816091954023,1.269686834904226,0.6058717854425597,False
LONG,7,Session_High_Dist_ATR:hi,58,0.22924901185770752,119,0.17097701149425287,1.3408177500249112,0.047675112273677746,False
LONG,7,Session_High_Dist_ATR:lo,54,0.2134387351778656,170,0.2442528735632184,0.8738432922576145,0.3426024165074406,False
LONG,7,Session_High_Side:==-1,251,0.9920948616600791,693,0.9956896551724138,0.9963896446109886,0.6136065097014419,False
LONG,7,Session_High_Side:==0,2,0.007905138339920948,3,0.004310344827586207,1.83399209486166,0.6136065097014419,False
LONG,7,Session_Low_Dist_ATR:hi,13,0.05138339920948617,107,0.15373563218390804,0.3342322042037605,8.350429212896261e-06,True
LONG,7,Session_Low_Dist_ATR:lo,41,0.16205533596837945,125,0.17959770114942528,0.9023241106719369,0.5631525892176995,False
LONG,7,Session_Low_Side:==0,0,0.0,0,0.0,inf,1.0,False
LONG,7,Session_Low_Side:==1,253,1.0,696,1.0,1.0,1.0,False
LONG,7,Slope_Accel_LT:hi,78,0.308300395256917,116,0.16666666666666666,1.849802371541502,4.423008602613261e-06,True
LONG,7,Slope_Accel_LT:lo,13,0.05138339920948617,31,0.04454022988505747,1.1536401887033023,0.7269602365474288,False
LONG,7,Slope_Accel_ST:hi,115,0.45454545454545453,246,0.35344827586206895,1.2860310421286032,0.005141046828153712,False
LONG,7,Slope_Accel_ST:lo,27,0.1067193675889328,114,0.16379310344827586,0.6515498231745371,0.030130786133548783,False
LONG,7,Slope_EMA_LT:hi,37,0.14624505928853754,171,0.24568965517241378,0.5952430483322931,0.0009878947926541916,True
LONG,7,Slope_EMA_LT:lo,141,0.5573122529644269,211,0.3031609195402299,1.8383380476930857,1.6786675218980314e-12,True
LONG,7,Slope_EMA_ST:hi,115,0.45454545454545453,328,0.47126436781609193,0.9645232815964523,0.659524235596347,False
LONG,7,Slope_EMA_ST:lo,85,0.3359683794466403,159,0.22844827586206898,1.470654038332463,0.0010359219989174735,True
LONG,7,Sqz_State:==-1,157,0.6205533596837944,432,0.6206896551724138,0.999780412823891,1.0,False
LONG,7,Sqz_State:==1,96,0.3794466403162055,264,0.3793103448275862,1.0003593244699964,1.0,False
LONG,7,Sqz_Val:hi,161,0.6363636363636364,373,0.5359195402298851,1.1874238362174019,0.006176292542495211,False
LONG,7,Sqz_Val:lo,35,0.1383399209486166,101,0.14511494252873564,0.9533127225766055,0.8346579980436795,False
LONG,7,TChan_A15:hi,149,0.5889328063241107,285,0.40948275862068967,1.4382359059704597,1.0721022183573942e-06,True
LONG,7,TChan_A15:lo,1,0.003952569169960474,50,0.07183908045977011,0.0550197628458498,2.3366874052122567e-06,True
LONG,7,Trend_Concordance:==0,50,0.1976284584980237,144,0.20689655172413793,0.9552042160737813,0.7854363343563306,False
LONG,7,Trend_Concordance:==1,203,0.8023715415019763,552,0.7931034482758621,1.0116858566764049,0.7854363343563306,False
LONG,7,Trend_Conflict:==0,203,0.8023715415019763,552,0.7931034482758621,1.0116858566764049,0.7854363343563306,False
LONG,7,Trend_Conflict:==1,50,0.1976284584980237,144,0.20689655172413793,0.9552042160737813,0.7854363343563306,False
LONG,7,Upper_Wick:hi,119,0.47035573122529645,240,0.3448275862068966,1.3640316205533596,0.0004936078449625494,True
LONG,7,Upper_Wick:lo,18,0.07114624505928854,85,0.1221264367816092,0.5825621948384097,0.025053189596273447,False
LONG,7,VAH_Dist_ATR:hi,22,0.08695652173913043,117,0.16810344827586207,0.5172798216276477,0.0017331100696705653,True
LONG,7,VAH_Dist_ATR:lo,37,0.14624505928853754,119,0.17097701149425287,0.8553492543262363,0.4281120937935814,False
LONG,7,VAH_Side:==-1,5,0.019762845849802372,33,0.04741379310344827,0.41681638519583186,0.060916787006640084,False
LONG,7,VAH_Side:==0,1,0.003952569169960474,6,0.008620689655172414,0.458498023715415,0.6820915733557031,False
LONG,7,VAH_Side:==1,247,0.9762845849802372,657,0.9439655172413793,1.0342375512119408,0.03843367937458375,False
LONG,7,VAL_Dist_ATR:hi,20,0.07905138339920949,114,0.16379310344827586,0.4826294986478053,0.0006964153106307094,True
LONG,7,VAL_Dist_ATR:lo,42,0.16600790513833993,116,0.16666666666666666,0.9960474308300397,1.0,False
LONG,7,VAL_Side:==-1,1,0.003952569169960474,4,0.005747126436781609,0.6877470355731224,1.0,False
LONG,7,VAL_Side:==0,0,0.0,4,0.005747126436781609,0.0,0.5784798287652094,False
LONG,7,VAL_Side:==1,252,0.9960474308300395,688,0.9885057471264368,1.0076293777001564,0.45804905938158663,False
LONG,7,VA_Position:hi,62,0.2450592885375494,167,0.23994252873563218,1.021324939054697,0.8641623023103777,False
LONG,7,VA_Position:lo,26,0.10276679841897234,107,0.15373563218390804,0.668464408407521,0.04514372657326517,False
LONG,7,VWAP_Dist_ATR:hi,34,0.13438735177865613,107,0.15373563218390804,0.8741457648406044,0.5357719640811871,False
LONG,7,VWAP_Dist_ATR:lo,62,0.2450592885375494,173,0.24856321839080459,0.9859032648678289,0.9324544177057597,False
LONG,7,VWAP_Side:==-1,148,0.5849802371541502,297,0.4267241379310345,1.3708627779774023,1.885059534582085e-05,True
LONG,7,VWAP_Side:==0,0,0.0,0,0.0,inf,1.0,False
LONG,7,VWAP_Side:==1,105,0.4150197628458498,399,0.5732758620689655,0.7239442479717079,1.885059534582085e-05,True
LONG,7,VWAP_Sigma:hi,115,0.45454545454545453,232,0.3333333333333333,1.3636363636363638,0.000779838486994497,True
LONG,7,VWAP_Sigma:lo,18,0.07114624505928854,87,0.125,0.5691699604743083,0.019149281444350567,False
LONG,7,VWAP_Sigma_ATR:hi,38,0.15019762845849802,101,0.14511494252873564,1.0350252416546002,0.8360800134405302,False
LONG,7,VWAP_Sigma_ATR:lo,74,0.2924901185770751,200,0.28735632183908044,1.0178656126482213,0.8716673856848107,False
LONG,7,VWAP_Z:hi,20,0.07905138339920949,62,0.08908045977011494,0.887415529771771,0.6961263460806552,False
LONG,7,VWAP_Z:lo,3,0.011857707509881422,22,0.031609195402298854,0.3751347466762486,0.11025333800198849,False
LONG,7,Volume:hi,188,0.7430830039525692,359,0.5158045977011494,1.440628887885761,2.0876741932759424e-10,True
LONG,7,Volume:lo,4,0.015810276679841896,51,0.07327586206896551,0.21576377586607767,0.00041641786788791397,True
LONG,7,Volume_Avg_10:hi,195,0.7707509881422925,385,0.5531609195402298,1.3933576305117807,5.393103901270631e-10,True
LONG,7,Volume_Avg_10:lo,2,0.007905138339920948,24,0.034482758620689655,0.2292490118577075,0.024219190086635055,False
LONG,7,Volume_Ratio_10:hi,15,0.05928853754940711,62,0.08908045977011494,0.6655616473288282,0.17801073573386178,False
LONG,7,Volume_Ratio_10:lo,45,0.17786561264822134,160,0.22988505747126436,0.7737154150197628,0.09047162830992175,False
LONG,7,WeeklyOpen_Dist_ATR:hi,35,0.1383399209486166,123,0.17672413793103448,0.7828015039043672,0.1689600085438895,False
LONG,7,WeeklyOpen_Dist_ATR:lo,105,0.4150197628458498,230,0.33045977011494254,1.2558858910465716,0.01732473892669725,False
LONG,7,WeeklyOpen_Side:==-1,97,0.383399209486166,198,0.28448275862068967,1.3477063121331896,0.004273156947393776,False
LONG,7,WeeklyOpen_Side:==0,0,0.0,0,0.0,inf,1.0,False
LONG,7,WeeklyOpen_Side:==1,156,0.616600790513834,498,0.7155172413793104,0.8617553216819848,0.004273156947393776,False
LONG,8,ADX_Rising:==0,128,0.5059288537549407,358,0.514367816091954,0.9835935257358623,0.826006069787194,False
LONG,8,ADX_Rising:==1,125,0.49407114624505927,338,0.48563218390804597,1.0173772715578735,0.826006069787194,False
LONG,8,ADX_Value:hi,47,0.1857707509881423,73,0.10488505747126436,1.7711841464074938,0.001317236072849394,True
LONG,8,ADX_Value:lo,59,0.233201581027668,216,0.3103448275862069,0.751427316644708,0.023333545461484487,False
LONG,8,ATR_1M:hi,167,0.6600790513833992,348,0.5,1.3201581027667983,1.297933946014176e-05,True
LONG,8,ATR_1M:lo,1,0.003952569169960474,52,0.07471264367816093,0.05290361812100942,1.3925535057009448e-06,True
LONG,8,AT_Lookback_LT:hi,28,0.11067193675889328,127,0.1824712643678161,0.6065170707416513,0.007364651446872218,False
LONG,8,AT_Lookback_LT:lo,0,0.0,0,0.0,inf,1.0,False
LONG,8,AT_Lookback_ST:hi,59,0.233201581027668,100,0.14367816091954022,1.6230830039525694,0.0015929926908154891,True
LONG,8,AT_Lookback_ST:lo,0,0.0,0,0.0,inf,1.0,False
LONG,8,AT_Regime_LT:==0,85,0.3359683794466403,349,0.5014367816091954,0.6700114386672255,6.4956026102508895e-06,True
LONG,8,AT_Regime_LT:==1,168,0.6640316205533597,347,0.4985632183908046,1.3318905126949232,6.4956026102508895e-06,True
LONG,8,AT_Regime_ST:==0,149,0.5889328063241107,463,0.6652298850574713,0.885307199139484,0.031882365255119366,False
LONG,8,AT_Regime_ST:==1,104,0.41106719367588934,233,0.33477011494252873,1.2279088703794807,0.031882365255119366,False
LONG,8,AT_Score_LT:hi,10,0.039525691699604744,47,0.06752873563218391,0.5853166260196787,0.12313165875105858,False
LONG,8,AT_Score_LT:lo,58,0.22924901185770752,92,0.13218390804597702,1.7343186114452656,0.0005742784420553603,True
LONG,8,AT_Score_ST:hi,56,0.22134387351778656,113,0.16235632183908047,1.3633215572422959,0.04358913005284413,False
LONG,8,AT_Score_ST:lo,35,0.1383399209486166,78,0.11206896551724138,1.2344177561568865,0.307408249551551,False
LONG,8,AT_Slope_LT:hi,38,0.15019762845849802,170,0.2442528735632184,0.6149267612183212,0.0018497674136868853,True
LONG,8,AT_Slope_LT:lo,140,0.5533596837944664,207,0.2974137931034483,1.8605716904393652,1.3360288784687396e-12,True
LONG,8,AT_Slope_ST:hi,132,0.5217391304347826,324,0.46551724137931033,1.1207729468599035,0.14166740487771162,False
LONG,8,AT_Slope_ST:lo,63,0.2490118577075099,140,0.20114942528735633,1.2379446640316205,0.12784601241133745,False
LONG,8,Bar_Range:hi,142,0.5612648221343873,331,0.4755747126436782,1.1801822241859021,0.02276759493449005,False
LONG,8,Bar_Range:lo,3,0.011857707509881422,47,0.06752873563218391,0.1755949878059036,0.00023232916337181353,True
LONG,8,Bars_Since_Flip:hi,50,0.1976284584980237,80,0.11494252873563218,1.7193675889328064,0.0018369735245806307,True
LONG,8,Bars_Since_Flip:lo,39,0.1541501976284585,119,0.17097701149425287,0.9015843491546817,0.6222601362999215,False
LONG,8,Body_Size:hi,105,0.4150197628458498,249,0.3577586206896552,1.1600552407257487,0.11137870005134222,False
LONG,8,Body_Size:lo,36,0.1422924901185771,88,0.12643678160919541,1.1254042400287458,0.5150678039338484,False
LONG,8,D2D_ATR:hi,201,0.7944664031620553,387,0.5560344827586207,1.428807794834084,6.8531884368753665e-12,True
LONG,8,D2D_ATR:lo,1,0.003952569169960474,21,0.03017241379310345,0.1309994353472614,0.013845078894088175,False
LONG,8,D2D_ATR_MA:hi,214,0.8458498023715415,404,0.5804597701149425,1.4572065902242397,3.1129770103641146e-15,True
LONG,8,D2D_ATR_MA:lo,0,0.0,13,0.01867816091954023,0.0,0.025418929076192955,False
LONG,8,D2D_DirStep:==-1,78,0.308300395256917,278,0.3994252873563218,0.7718599823698353,0.012253520460584092,False
LONG,8,D2D_DirStep:==1,175,0.691699604743083,418,0.6005747126436781,1.1517294854095355,0.012253520460584092,False
LONG,8,D2D_Dn_Count:hi,2,0.007905138339920948,13,0.01867816091954023,0.42322894496807534,0.3776270893951728,False
LONG,8,D2D_Dn_Count:lo,0,0.0,0,0.0,inf,1.0,False
LONG,8,D2D_Dynamic_Sensitivity:hi,0,0.0,0,0.0,inf,1.0,False
LONG,8,D2D_Dynamic_Sensitivity:lo,3,0.011857707509881422,19,0.027298850574712645,0.4343665487830247,0.2231289792507236,False
LONG,8,D2D_Persist:hi,108,0.4268774703557312,235,0.33764367816091956,1.264283912202506,0.01437524173619997,False
LONG,8,D2D_Persist:lo,15,0.05928853754940711,65,0.09339080459770115,0.6348434174521131,0.1124279294656649,False
LONG,8,D2D_Signal:==-1,2,0.007905138339920948,12,0.017241379310344827,0.458498023715415,0.3754444577736611,False
LONG,8,D2D_Signal:==0,251,0.9920948616600791,684,0.9827586206896551,1.0095000346716594,0.3754444577736611,False
LONG,8,D2D_Signal:==1,0,0.0,0,0.0,inf,1.0,False
LONG,8,D2D_Up_Count:hi,0,0.0,5,0.007183908045977011,0.0,0.3325930622115817,False
LONG,8,D2D_Up_Count:lo,0,0.0,0,0.0,inf,1.0,False
LONG,8,DailyOpen_Dist_ATR:hi,41,0.16205533596837945,121,0.17385057471264367,0.9321530068924967,0.6975366601779225,False
LONG,8,DailyOpen_Dist_ATR:lo,81,0.3201581027667984,184,0.26436781609195403,1.2110328235091938,0.10164402873345262,False
LONG,8,DailyOpen_Side:==-1,148,0.5849802371541502,310,0.4454022988505747,1.313374984062221,0.00017347928842759638,True
LONG,8,DailyOpen_Side:==0,0,0.0,0,0.0,inf,1.0,False
LONG,8,DailyOpen_Side:==1,105,0.4150197628458498,386,0.5545977011494253,0.7483257900018432,0.00017347928842759638,True
LONG,8,Dist_To_PoC_ATR:hi,22,0.08695652173913043,123,0.17672413793103448,0.49204665959703076,0.0004931449544483838,True
LONG,8,Dist_To_PoC_ATR:lo,38,0.15019762845849802,108,0.15517241379310345,0.9679402722880983,0.9190741543428218,False
LONG,8,EMA_Oscillator:hi,149,0.5889328063241107,298,0.4281609195402299,1.3754940711462451,1.3577710538499142e-05,True
LONG,8,EMA_Oscillator:lo,33,0.13043478260869565,108,0.15517241379310345,0.8405797101449275,0.4089183316238697,False
LONG,8,Efficiency_Ratio:hi,63,0.2490118577075099,141,0.2025862068965517,1.2291649146413255,0.1292517750153427,False
LONG,8,Efficiency_Ratio:lo,41,0.16205533596837945,157,0.22557471264367815,0.7184109161400771,0.03751193168544712,False
LONG,8,Harmonic_D2D_Concordance:==0,151,0.5968379446640316,460,0.6609195402298851,0.9030417597525348,0.0777914049780501,False
LONG,8,Harmonic_D2D_Concordance:==1,102,0.4031620553359684,236,0.3390804597701149,1.1889864004823476,0.0777914049780501,False
LONG,8,Harmonic_LLEMA:hi,82,0.3241106719367589,166,0.23850574712643677,1.3589218534215917,0.009528434201582833,False
LONG,8,Harmonic_LLEMA:lo,14,0.05533596837944664,57,0.08189655172413793,0.6756812981069275,0.20886597317120392,False
LONG,8,Harmonic_OBVf_Concordance:==0,160,0.6324110671936759,482,0.6925287356321839,0.91319108457842,0.08459507889421033,False
LONG,8,Harmonic_OBVf_Concordance:==1,93,0.3675889328063241,214,0.3074712643678161,1.1955228842672971,0.08459507889421033,False
LONG,8,KAMA_Dist:hi,142,0.5612648221343873,270,0.3879310344827586,1.4468159859464207,2.8030677663134798e-06,True
LONG,8,KAMA_Dist:lo,33,0.13043478260869565,104,0.14942528735632185,0.8729096989966554,0.530992741741191,False
LONG,8,KAMA_Dist_ATR:hi,92,0.36363636363636365,191,0.2744252873563218,1.3250832936696813,0.010124236627439928,False
LONG,8,KAMA_Dist_ATR:lo,15,0.05928853754940711,62,0.08908045977011494,0.6655616473288282,0.17801073573386178,False
LONG,8,KAMA_Slope:hi,94,0.3715415019762846,182,0.2614942528735632,1.4208400295356818,0.0012068783236514058,True
LONG,8,KAMA_Slope:lo,20,0.07905138339920949,67,0.09626436781609195,0.8211904902365643,0.4482409052358881,False
LONG,8,Lower_Wick:hi,110,0.43478260869565216,244,0.3505747126436782,1.240199572344975,0.01875439024418925,False
LONG,8,Lower_Wick:lo,23,0.09090909090909091,70,0.10057471264367816,0.9038961038961039,0.7123493842255602,False
LONG,8,Micro_Amihud:hi,39,0.1541501976284585,115,0.16522988505747127,0.9329438047774531,0.765265936481639,False
LONG,8,Micro_Amihud:lo,69,0.2727272727272727,158,0.22701149425287356,1.201380897583429,0.14468934733246502,False
LONG,8,Micro_AutoCorr:hi,51,0.2015810276679842,167,0.23994252873563218,0.8401221272869281,0.2230731778069362,False
LONG,8,Micro_AutoCorr:lo,50,0.1976284584980237,121,0.17385057471264367,1.1367719596249959,0.39190808873241123,False
LONG,8,Micro_BarEntropy:hi,59,0.233201581027668,150,0.21551724137931033,1.0820553359683796,0.5951853148561275,False
LONG,8,Micro_BarEntropy:lo,51,0.2015810276679842,119,0.17097701149425287,1.178994918125353,0.29264389649761635,False
LONG,8,Micro_BarOverlap:hi,58,0.22924901185770752,130,0.1867816091954023,1.2273639404074188,0.1669102697173728,False
LONG,8,Micro_BarOverlap:lo,42,0.16600790513833993,125,0.17959770114942528,0.9243320158102768,0.6999214481404652,False
LONG,8,Micro_CSSpread:hi,63,0.2490118577075099,163,0.23419540229885058,1.063265355609981,0.6666798463427905,False
LONG,8,Micro_CSSpread:lo,50,0.1976284584980237,140,0.20114942528735633,0.9824957651044607,0.9272140987435127,False
LONG,8,Micro_Entropy:hi,36,0.1422924901185771,97,0.13936781609195403,1.020985289922986,0.9159583436235439,False
LONG,8,Micro_Entropy:lo,48,0.18972332015810275,106,0.15229885057471265,1.2457304795286746,0.16510147872808073,False
LONG,8,Micro_FailedBreak:hi,49,0.19367588932806323,134,0.1925287356321839,1.005958350539791,1.0,False
LONG,8,Micro_FailedBreak:lo,42,0.16600790513833993,148,0.21264367816091953,0.7806858241640852,0.11945613740514077,False
LONG,8,Micro_FractalDim:hi,68,0.26877470355731226,185,0.26580459770114945,1.011174019869672,0.9339586738914762,False
LONG,8,Micro_FractalDim:lo,27,0.1067193675889328,82,0.11781609195402298,0.9058131688036248,0.7299265436717816,False
LONG,8,Micro_GarmanKlass:hi,154,0.6086956521739131,336,0.4827586206896552,1.2608695652173914,0.0007119408902165132,True
LONG,8,Micro_GarmanKlass:lo,4,0.015810276679841896,50,0.07183908045977011,0.2200790513833992,0.0004102568508429302,True
LONG,8,Micro_HLAsymmetry:hi,80,0.31620553359683795,188,0.27011494252873564,1.1706332520393574,0.16649507819229858,False
LONG,8,Micro_HLAsymmetry:lo,81,0.3201581027667984,196,0.28160919540229884,1.136887956763733,0.25877970917892734,False
LONG,8,Micro_Hurst:hi,35,0.1383399209486166,130,0.1867816091954023,0.740650653694132,0.09926958532553387,False
LONG,8,Micro_Hurst:lo,64,0.25296442687747034,141,0.2025862068965517,1.2486754688419812,0.1081900199966885,False
LONG,8,Micro_IBSP:hi,57,0.22529644268774704,151,0.21695402298850575,1.0384524775541188,0.790463184227264,False
LONG,8,Micro_IBSP:lo,43,0.16996047430830039,135,0.1939655172413793,0.8762406675450153,0.4520820050491873,False
LONG,8,Micro_Lambda:hi,32,0.12648221343873517,142,0.20402298850574713,0.6199409898123921,0.005906644960889971,False
LONG,8,Micro_Lambda:lo,69,0.2727272727272727,130,0.1867816091954023,1.46013986013986,0.005108590374163622,False
LONG,8,Micro_LogReturn:hi,84,0.33201581027667987,185,0.26580459770114945,1.249097318662536,0.050587181017076044,False
LONG,8,Micro_LogReturn:lo,71,0.28063241106719367,205,0.29454022988505746,0.9527812590378868,0.7465076758887066,False
LONG,8,Micro_MicroGap:hi,40,0.15810276679841898,82,0.11781609195402298,1.3419454352646294,0.12413423496474574,False
LONG,8,Micro_MicroGap:lo,24,0.09486166007905138,80,0.11494252873563218,0.825296442687747,0.4128001408247524,False
LONG,8,Micro_MomoTransfer:hi,41,0.16205533596837945,138,0.19827586206896552,0.8173225640144355,0.22333661825007942,False
LONG,8,Micro_MomoTransfer:lo,50,0.1976284584980237,150,0.21551724137931033,0.9169960474308301,0.5897649959092781,False
LONG,8,Micro_OrderFlowDelta:hi,93,0.3675889328063241,220,0.3160919540229885,1.1629177146963707,0.13869312900951264,False
LONG,8,Micro_OrderFlowDelta:lo,84,0.33201581027667987,214,0.3074712643678161,1.0798271212736879,0.47738974366365317,False
LONG,8,Micro_PriceAccel:hi,90,0.3557312252964427,189,0.27155172413793105,1.3099943534726142,0.012638182590124803,False
LONG,8,Micro_PriceAccel:lo,84,0.33201581027667987,216,0.3103448275862069,1.069828722002635,0.5285508091662283,False
LONG,8,Micro_RangeAccel:hi,85,0.3359683794466403,218,0.3132183908045977,1.0726329912608334,0.529023619645139,False
LONG,8,Micro_RangeAccel:lo,83,0.32806324110671936,180,0.25862068965517243,1.2685111989459814,0.04019876809417682,False
LONG,8,Micro_RangeVelocity:hi,75,0.2964426877470356,179,0.257183908045977,1.1526486629717136,0.24580961955052372,False
LONG,8,Micro_RangeVelocity:lo,92,0.36363636363636365,169,0.24281609195402298,1.49757934373319,0.00029370280887143886,True
LONG,8,Micro_Rejection:hi,57,0.22529644268774704,156,0.22413793103448276,1.005168744299179,1.0,False
LONG,8,Micro_Rejection:lo,50,0.1976284584980237,118,0.16954022988505746,1.1656729416493603,0.3363794909160861,False
LONG,8,Micro_RollProxy:hi,86,0.33992094861660077,182,0.2614942528735632,1.2999174738305173,0.022251055542190062,False
LONG,8,Micro_RollProxy:lo,81,0.3201581027667984,221,0.3175287356321839,1.008280721835709,0.9373415294220787,False
LONG,8,Micro_ThrustEff:hi,45,0.17786561264822134,138,0.19827586206896552,0.8970613507475511,0.5156845649813633,False
LONG,8,Micro_ThrustEff:lo,44,0.17391304347826086,141,0.2025862068965517,0.8584643848288622,0.35471432911154144,False
LONG,8,Micro_TickIntensity:hi,73,0.2885375494071146,167,0.23994252873563218,1.2025277508224657,0.12942575619100494,False
LONG,8,Micro_TickIntensity:lo,38,0.15019762845849802,128,0.1839080459770115,0.816699604743083,0.24699585281220177,False
LONG,8,Micro_VPIN:hi,57,0.22529644268774704,142,0.20402298850574713,1.1042698881033235,0.4720821826508673,False
LONG,8,Micro_VPIN:lo,53,0.20948616600790515,145,0.20833333333333334,1.0055335968379446,1.0,False
LONG,8,Micro_VolAccel:hi,60,0.23715415019762845,140,0.20114942528735633,1.1789949181253527,0.24227835805845804,False
LONG,8,Micro_VolAccel:lo,56,0.22134387351778656,151,0.21695402298850575,1.0202340130356256,0.9291903022707857,False
LONG,8,Micro_VolOfVol:hi,79,0.31225296442687744,177,0.2543103448275862,1.2278421652039928,0.08246998174664069,False
LONG,8,Micro_VolOfVol:lo,33,0.13043478260869565,126,0.1810344827586207,0.7204968944099379,0.07649808304043725,False
LONG,8,Micro_WickImbalance:hi,61,0.24110671936758893,202,0.29022988505747127,0.8307439439596134,0.14063249507729825,False
LONG,8,Micro_WickImbalance:lo,110,0.43478260869565216,197,0.28304597701149425,1.5360847495034209,1.4877410710263162e-05,True
LONG,8,Momentum_Value:hi,161,0.6363636363636364,348,0.5,1.2727272727272727,0.0002256723017122622,True
LONG,8,Momentum_Value:lo,37,0.14624505928853754,113,0.16235632183908047,0.9007660288922311,0.6150771178059147,False
LONG,8,MultiDay_Position:hi,39,0.1541501976284585,189,0.27155172413793105,0.5676642198381329,0.0001476680801170559,True
LONG,8,MultiDay_Position:lo,103,0.40711462450592883,207,0.2974137931034483,1.3688491722518186,0.0017280295221499685,True
LONG,8,MultiDay_Slope:hi,43,0.16996047430830039,149,0.21408045977011494,0.7939093296548796,0.1443119506858614,False
LONG,8,MultiDay_Slope:lo,58,0.22924901185770752,196,0.28160919540229884,0.8140679196579819,0.11545326943781092,False
LONG,8,OBV_Macd:hi,41,0.16205533596837945,152,0.21839080459770116,0.7420428541710006,0.06784160536242383,False
LONG,8,OBV_Macd:lo,113,0.44664031620553357,170,0.2442528735632184,1.828598000465008,3.747962748200213e-09,True
LONG,8,OBV_Velocity:hi,83,0.32806324110671936,187,0.2686781609195402,1.2210268225148486,0.07418127153536873,False
LONG,8,OBV_Velocity:lo,16,0.06324110671936758,68,0.09770114942528736,0.6472913275982329,0.12031133748646905,False
LONG,8,OBVf_DirStepCount:hi,37,0.14624505928853754,101,0.14511494252873564,1.0077877352952687,1.0,False
LONG,8,OBVf_DirStepCount:lo,31,0.1225296442687747,120,0.1724137931034483,0.7106719367588933,0.07071196802619864,False
LONG,8,OBVf_Signal:==-1,59,0.233201581027668,216,0.3103448275862069,0.751427316644708,0.023333545461484487,False
LONG,8,OBVf_Signal:==1,194,0.766798418972332,480,0.6896551724137931,1.1118577075098814,0.023333545461484487,False
LONG,8,OBVf_Trend_Dir:==-1,59,0.233201581027668,216,0.3103448275862069,0.751427316644708,0.023333545461484487,False
LONG,8,OBVf_Trend_Dir:==1,194,0.766798418972332,480,0.6896551724137931,1.1118577075098814,0.023333545461484487,False
LONG,8,OR_High_Dist_ATR:hi,88,0.34782608695652173,178,0.2557471264367816,1.360039081582804,0.006893232621296509,False
LONG,8,OR_High_Dist_ATR:lo,0,0.0,0,0.0,inf,1.0,False
LONG,8,OR_High_Side:==-1,148,0.5849802371541502,311,0.4468390804597701,1.309151913373918,0.0001776519373713452,True
LONG,8,OR_High_Side:==0,36,0.1422924901185771,192,0.27586206896551724,0.5158102766798419,1.5415789600119366e-05,True
LONG,8,OR_High_Side:==1,69,0.2727272727272727,193,0.27729885057471265,0.9835138954309938,0.9346315381404944,False
LONG,8,OR_Low_Dist_ATR:hi,61,0.24110671936758893,165,0.23706896551724138,1.0170319798778296,0.931355916553662,False
LONG,8,OR_Low_Dist_ATR:lo,0,0.0,0,0.0,inf,1.0,False
LONG,8,OR_Low_Side:==-1,109,0.4308300395256917,170,0.2442528735632184,1.7638688677051848,5.419979325981585e-08,True
LONG,8,OR_Low_Side:==0,36,0.1422924901185771,193,0.27729885057471265,0.5131376845726925,1.0893176356748475e-05,True
LONG,8,OR_Low_Side:==1,108,0.4268774703557312,333,0.47844827586206895,0.89221237047324,0.1628084473532176,False
LONG,8,OR_Position:hi,75,0.2964426877470356,221,0.3175287356321839,0.9335932609589899,0.5793217415547063,False
LONG,8,OR_Position:lo,117,0.4624505928853755,193,0.27729885057471265,1.6676974748612505,1.3498365062587933e-07,True
LONG,8,PoC_Side:==-1,6,0.023715415019762844,23,0.033045977011494254,0.7176490805980408,0.5297210773495624,False
LONG,8,PoC_Side:==0,0,0.0,3,0.004310344827586207,0.0,0.5690654733557869,False
LONG,8,PoC_Side:==1,247,0.9762845849802372,670,0.9626436781609196,1.0141702554421568,0.41589329718583906,False
LONG,8,PrevDay_Close_Dist_ATR:hi,40,0.15810276679841898,136,0.19540229885057472,0.8091141594977912,0.21949783375841025,False
LONG,8,PrevDay_Close_Dist_ATR:lo,76,0.30039525691699603,172,0.2471264367816092,1.215552900082728,0.11226407829829513,False
LONG,8,PrevDay_Close_Side:==-1,158,0.6245059288537549,328,0.47126436781609193,1.3251711173238214,3.713789659375912e-05,True
LONG,8,PrevDay_Close_Side:==0,0,0.0,0,0.0,inf,1.0,False
LONG,8,PrevDay_Close_Side:==1,95,0.37549407114624506,368,0.5287356321839081,0.7101735693418113,3.713789659375912e-05,True
LONG,8,PrevDay_High_Dist_ATR:hi,40,0.15810276679841898,124,0.1781609195402299,0.887415529771771,0.4980824013735226,False
LONG,8,PrevDay_High_Dist_ATR:lo,77,0.30434782608695654,201,0.28879310344827586,1.0538611291369242,0.6867954062458087,False
LONG,8,PrevDay_High_Side:==-1,223,0.8814229249011858,533,0.7658045977011494,1.1509762771692782,5.645174564572747e-05,True
LONG,8,PrevDay_High_Side:==0,0,0.0,0,0.0,inf,1.0,False
LONG,8,PrevDay_High_Side:==1,30,0.11857707509881422,163,0.23419540229885058,0.5063168360047527,5.645174564572747e-05,True
LONG,8,PrevDay_Low_Dist_ATR:hi,20,0.07905138339920949,120,0.1724137931034483,0.458498023715415,0.0002610530939563987,True
LONG,8,PrevDay_Low_Dist_ATR:lo,103,0.40711462450592883,203,0.2916666666666667,1.395821569734613,0.0009567405560346584,True
LONG,8,PrevDay_Low_Side:==-1,84,0.33201581027667987,132,0.1896551724137931,1.750628817822494,7.126181705426607e-06,True
LONG,8,PrevDay_Low_Side:==0,0,0.0,0,0.0,inf,1.0,False
LONG,8,PrevDay_Low_Side:==1,169,0.6679841897233202,564,0.8103448275862069,0.8243209149777143,7.126181705426607e-06,True
LONG,8,RangeOsc_State:==-1,94,0.3715415019762846,193,0.27729885057471265,1.3398595097175858,0.006504388035218012,False
LONG,8,RangeOsc_State:==-2,50,0.1976284584980237,110,0.15804597701149425,1.2504491555874955,0.16961862882633533,False
LONG,8,RangeOsc_State:==1,71,0.28063241106719367,259,0.37212643678160917,0.7541318845666672,0.008835974556279538,False
LONG,8,RangeOsc_State:==2,38,0.15019762845849802,134,0.1925287356321839,0.7801309657247361,0.15287021349838636,False
LONG,8,RangeOsc_Val:hi,46,0.18181818181818182,135,0.1939655172413793,0.9373737373737374,0.7093563104337961,False
LONG,8,RangeOsc_Val:lo,52,0.20553359683794467,106,0.15229885057471265,1.349541352822731,0.06086202680691688,False
LONG,8,Round_1000_Dist_ATR:hi,12,0.04743083003952569,72,0.10344827586206896,0.458498023715415,0.006408052377541723,False
LONG,8,Round_1000_Dist_ATR:lo,132,0.5217391304347826,260,0.3735632183908046,1.3966555183946487,5.427724105361954e-05,True
LONG,8,Round_100_Dist_ATR:hi,7,0.02766798418972332,66,0.09482758620689655,0.2917714696370823,0.00028824521121066594,True
LONG,8,Round_100_Dist_ATR:lo,96,0.3794466403162055,208,0.2988505747126437,1.269686834904226,0.022398872400872967,False
LONG,8,Round_500_Dist_ATR:hi,5,0.019762845849802372,64,0.09195402298850575,0.2149209486166008,5.2315874452879197e-05,True
LONG,8,Round_500_Dist_ATR:lo,93,0.3675889328063241,211,0.3031609195402299,1.21252083996778,0.07023362030314459,False
LONG,8,ST_Flip_Event:==-1,1,0.003952569169960474,10,0.014367816091954023,0.275098814229249,0.3052112952460192,False
LONG,8,ST_Flip_Event:==0,247,0.9762845849802372,673,0.9669540229885057,1.0096494370672289,0.5297210773495624,False
LONG,8,ST_Flip_Event:==1,5,0.019762845849802372,13,0.01867816091954023,1.0580723624201884,1.0,False
LONG,8,Session_High_Dist_ATR:hi,61,0.24110671936758893,121,0.17385057471264367,1.386861790742495,0.02498116314152352,False
LONG,8,Session_High_Dist_ATR:lo,54,0.2134387351778656,171,0.24568965517241378,0.8687330975660496,0.342440093436285,False
LONG,8,Session_High_Side:==-1,252,0.9960474308300395,694,0.9971264367816092,0.9989178845211925,1.0,False
LONG,8,Session_High_Side:==0,1,0.003952569169960474,2,0.0028735632183908046,1.375494071146245,1.0,False
LONG,8,Session_Low_Dist_ATR:hi,15,0.05928853754940711,109,0.15660919540229884,0.3785763498567647,4.598142332514782e-05,True
LONG,8,Session_Low_Dist_ATR:lo,40,0.15810276679841898,111,0.15948275862068967,0.9913470783036,1.0,False
LONG,8,Session_Low_Side:==0,0,0.0,0,0.0,inf,1.0,False
LONG,8,Session_Low_Side:==1,253,1.0,696,1.0,1.0,1.0,False
LONG,8,Slope_Accel_LT:hi,81,0.3201581027667984,113,0.16235632183908047,1.9719472524397494,2.688514938304686e-07,True
LONG,8,Slope_Accel_LT:lo,12,0.04743083003952569,38,0.05459770114942529,0.8687330975660494,0.7442813971976638,False
LONG,8,Slope_Accel_ST:hi,110,0.43478260869565216,202,0.29022988505747127,1.4980628497632371,4.526358391890235e-05,True
LONG,8,Slope_Accel_ST:lo,33,0.13043478260869565,140,0.20114942528735633,0.648447204968944,0.01327200701876348,False
LONG,8,Slope_EMA_LT:hi,37,0.14624505928853754,171,0.24568965517241378,0.5952430483322931,0.0009878947926541916,True
LONG,8,Slope_EMA_LT:lo,141,0.5573122529644269,209,0.30028735632183906,1.8559297993456514,8.944705347219628e-13,True
LONG,8,Slope_EMA_ST:hi,126,0.4980237154150198,330,0.47413793103448276,1.0503772906934963,0.556767591342149,False
LONG,8,Slope_EMA_ST:lo,77,0.30434782608695654,150,0.21551724137931033,1.4121739130434785,0.0058078797022218295,False
LONG,8,Sqz_State:==-1,155,0.6126482213438735,424,0.6091954022988506,1.0056678350361696,0.940132953365145,False
LONG,8,Sqz_State:==1,98,0.38735177865612647,272,0.39080459770114945,0.9911648453847941,0.940132953365145,False
LONG,8,Sqz_Val:hi,158,0.6245059288537549,337,0.48419540229885055,1.2897807907484078,0.00013167220947934551,True
LONG,8,Sqz_Val:lo,38,0.15019762845849802,107,0.15373563218390804,0.976986443057146,1.0,False
LONG,8,TChan_A15:hi,156,0.616600790513834,297,0.4267241379310345,1.4449634686788837,2.440990268233917e-07,True
LONG,8,TChan_A15:lo,0,0.0,46,0.06609195402298851,0.0,5.389235231447068e-07,True
LONG,8,Trend_Concordance:==0,43,0.16996047430830039,140,0.20114942528735633,0.8449463579898362,0.30675149264844337,False
LONG,8,Trend_Concordance:==1,210,0.8300395256916996,556,0.7988505747126436,1.0390422839593938,0.30675149264844337,False
LONG,8,Trend_Conflict:==0,210,0.8300395256916996,556,0.7988505747126436,1.0390422839593938,0.30675149264844337,False
LONG,8,Trend_Conflict:==1,43,0.16996047430830039,140,0.20114942528735633,0.8449463579898362,0.30675149264844337,False
LONG,8,Upper_Wick:hi,111,0.43873517786561267,220,0.3160919540229885,1.38799856270212,0.0005279823746766462,True
LONG,8,Upper_Wick:lo,30,0.11857707509881422,79,0.11350574712643678,1.044679041376895,0.8186093149824953,False
LONG,8,VAH_Dist_ATR:hi,22,0.08695652173913043,122,0.1752873563218391,0.49607982893798996,0.0006800539906301633,True
LONG,8,VAH_Dist_ATR:lo,38,0.15019762845849802,113,0.16235632183908047,0.9251110567001293,0.6890730614458469,False
LONG,8,VAH_Side:==-1,9,0.03557312252964427,31,0.04454022988505747,0.798673976794594,0.7148184756411577,False
LONG,8,VAH_Side:==0,0,0.0,3,0.004310344827586207,0.0,0.5690654733557869,False
LONG,8,VAH_Side:==1,244,0.9644268774703557,662,0.9511494252873564,1.0139593757090144,0.48106649033848786,False
LONG,8,VAL_Dist_ATR:hi,20,0.07905138339920949,124,0.1781609195402299,0.4437077648858855,9.329012851788202e-05,True
LONG,8,VAL_Dist_ATR:lo,38,0.15019762845849802,112,0.16091954022988506,0.9333709768492376,0.762911404807107,False
LONG,8,VAL_Side:==-1,3,0.011857707509881422,4,0.005747126436781609,2.0632411067193677,0.3915165431821465,False
LONG,8,VAL_Side:==0,0,0.0,3,0.004310344827586207,0.0,0.5690654733557869,False
LONG,8,VAL_Side:==1,250,0.9881422924901185,689,0.9899425287356322,0.9981814739813099,0.7314202662638503,False
LONG,8,VA_Position:hi,60,0.23715415019762845,165,0.23706896551724138,1.0003593244699964,1.0,False
LONG,8,VA_Position:lo,29,0.11462450592885376,108,0.15517241379310345,0.7386912604303909,0.14323619599423426,False
LONG,8,VWAP_Dist_ATR:hi,35,0.1383399209486166,108,0.15517241379310345,0.8915239350021958,0.6079401825939992,False
LONG,8,VWAP_Dist_ATR:lo,52,0.20553359683794467,173,0.24856321839080459,0.8268866092439855,0.19531044933084196,False
LONG,8,VWAP_Side:==-1,145,0.5731225296442688,298,0.4281609195402299,1.33856805581346,9.274835882360318e-05,True
LONG,8,VWAP_Side:==0,0,0.0,0,0.0,inf,1.0,False
LONG,8,VWAP_Side:==1,108,0.4268774703557312,398,0.5718390804597702,0.7464992948934395,9.274835882360318e-05,True
LONG,8,VWAP_Sigma:hi,116,0.45849802371541504,232,0.3333333333333333,1.3754940711462451,0.0004590528612217979,True
LONG,8,VWAP_Sigma:lo,16,0.06324110671936758,86,0.1235632183908046,0.511811747403254,0.008734139317295251,False
LONG,8,VWAP_Sigma_ATR:hi,42,0.16600790513833993,111,0.15948275862068967,1.04091443221878,0.8418438915824447,False
LONG,8,VWAP_Sigma_ATR:lo,67,0.2648221343873518,191,0.2744252873563218,0.9650063116942245,0.8048219008757429,False
LONG,8,VWAP_Z:hi,20,0.07905138339920949,58,0.08333333333333333,0.9486166007905139,0.8942952303529009,False
LONG,8,VWAP_Z:lo,4,0.015810276679841896,21,0.03017241379310345,0.5239977413890456,0.2602275924128805,False
LONG,8,Volume:hi,187,0.7391304347826086,365,0.5244252873563219,1.4094103633114947,2.0799346707563547e-09,True
LONG,8,Volume:lo,3,0.011857707509881422,55,0.07902298850574713,0.15005389867049945,2.417563071117841e-05,True
LONG,8,Volume_Avg_10:hi,197,0.7786561264822134,387,0.5560344827586207,1.4003738088672366,1.8335176389932465e-10,True
LONG,8,Volume_Avg_10:lo,1,0.003952569169960474,26,0.03735632183908046,0.10580723624201883,0.003441858200971798,False
LONG,8,Volume_Ratio_10:hi,13,0.05138339920948617,46,0.06609195402298851,0.7774531706478777,0.45084911534968386,False
LONG,8,Volume_Ratio_10:lo,50,0.1976284584980237,178,0.2557471264367816,0.7727494781720478,0.07110974870081521,False
LONG,8,WeeklyOpen_Dist_ATR:hi,41,0.16205533596837945,125,0.17959770114942528,0.9023241106719369,0.5631525892176995,False
LONG,8,WeeklyOpen_Dist_ATR:lo,109,0.4308300395256917,226,0.32471264367816094,1.3268040155304488,0.002754246771716664,False
LONG,8,WeeklyOpen_Side:==-1,98,0.38735177865612647,200,0.28735632183908044,1.3479841897233202,0.004341878019540584,False
LONG,8,WeeklyOpen_Side:==0,0,0.0,0,0.0,inf,1.0,False
LONG,8,WeeklyOpen_Side:==1,155,0.6126482213438735,496,0.7126436781609196,0.8596837944664032,0.004341878019540584,False
LONG,9,ADX_Rising:==0,125,0.49407114624505927,355,0.5100574712643678,0.9686577965818626,0.7136024266558683,False
LONG,9,ADX_Rising:==1,128,0.5059288537549407,341,0.4899425287356322,1.0326289800980606,0.7136024266558683,False
LONG,9,ADX_Value:hi,50,0.1976284584980237,81,0.11637931034482758,1.6981408285756112,0.0019443845151300605,False
LONG,9,ADX_Value:lo,63,0.2490118577075099,219,0.3146551724137931,0.7913801505224972,0.05397648252199612,False
LONG,9,ATR_1M:hi,167,0.6600790513833992,337,0.48419540229885055,1.3632493168036968,1.607722584486109e-06,True
LONG,9,ATR_1M:lo,5,0.019762845849802372,57,0.08189655172413793,0.24131474932390265,0.0002855621015539603,True
LONG,9,AT_Lookback_LT:hi,30,0.11857707509881422,122,0.1752873563218391,0.67647249400635,0.03576178045359897,False
LONG,9,AT_Lookback_LT:lo,0,0.0,0,0.0,inf,1.0,False
LONG,9,AT_Lookback_ST:hi,51,0.2015810276679842,97,0.13936781609195403,1.4463958273908968,0.02564582241140098,False
LONG,9,AT_Lookback_ST:lo,0,0.0,0,0.0,inf,1.0,False
LONG,9,AT_Regime_LT:==0,85,0.3359683794466403,351,0.5043103448275862,0.6661937096719706,4.584078105123325e-06,True
LONG,9,AT_Regime_LT:==1,168,0.6640316205533597,345,0.4956896551724138,1.339611617116343,4.584078105123325e-06,True
LONG,9,AT_Regime_ST:==0,156,0.616600790513834,455,0.6537356321839081,0.9431959345002823,0.3190221214028293,False
LONG,9,AT_Regime_ST:==1,97,0.383399209486166,241,0.34626436781609193,1.1072441900513343,0.3190221214028293,False
LONG,9,AT_Score_LT:hi,10,0.039525691699604744,46,0.06609195402298851,0.5980409004983674,0.16001567679666423,False
LONG,9,AT_Score_LT:lo,56,0.22134387351778656,90,0.12931034482758622,1.7117259552042159,0.0007551483413594073,True
LONG,9,AT_Score_ST:hi,62,0.2450592885375494,114,0.16379310344827586,1.4961514458081964,0.006016084784739242,False
LONG,9,AT_Score_ST:lo,31,0.1225296442687747,68,0.09770114942528736,1.2541269472215764,0.28045863813138355,False
LONG,9,AT_Slope_LT:hi,39,0.1541501976284585,170,0.2442528735632184,0.6311090444082771,0.003367746696881367,False
LONG,9,AT_Slope_LT:lo,139,0.549407114624506,207,0.2974137931034483,1.8472818926505128,2.3733318968167814e-12,True
LONG,9,AT_Slope_ST:hi,132,0.5217391304347826,309,0.44396551724137934,1.1751794005909666,0.03922505714557218,False
LONG,9,AT_Slope_ST:lo,61,0.24110671936758893,129,0.1853448275862069,1.3008548579832704,0.06635972629244191,False
LONG,9,Bar_Range:hi,154,0.6086956521739131,299,0.4295977011494253,1.416896902719209,1.1456535967453734e-06,True
LONG,9,Bar_Range:lo,1,0.003952569169960474,54,0.07758620689655173,0.05094422485726833,8.497237016121296e-07,True
LONG,9,Bars_Since_Flip:hi,46,0.18181818181818182,79,0.11350574712643678,1.6018411967779056,0.008875911070347466,False
LONG,9,Bars_Since_Flip:lo,41,0.16205533596837945,119,0.17097701149425287,0.9478194439831269,0.7697444152508109,False
LONG,9,Body_Size:hi,118,0.466403162055336,242,0.34770114942528735,1.3413909123574952,0.001117734228059884,True
LONG,9,Body_Size:lo,23,0.09090909090909091,81,0.11637931034482758,0.7811447811447811,0.2918929051739451,False
LONG,9,D2D_ATR:hi,199,0.7865612648221344,383,0.5502873563218391,1.429364596125863,1.359537787573364e-11,True
LONG,9,D2D_ATR:lo,1,0.003952569169960474,21,0.03017241379310345,0.1309994353472614,0.013845078894088175,False
LONG,9,D2D_ATR_MA:hi,213,0.841897233201581,398,0.5718390804597702,1.4722624982620611,1.3023882725360888e-15,True
LONG,9,D2D_ATR_MA:lo,0,0.0,17,0.02442528735632184,0.0,0.009655584252768261,False
LONG,9,D2D_DirStep:==-1,80,0.31620553359683795,277,0.39798850574712646,0.7945092107703943,0.023016768917256333,False
LONG,9,D2D_DirStep:==1,173,0.6837944664031621,419,0.6020114942528736,1.1358495193713622,0.023016768917256333,False
LONG,9,D2D_Dn_Count:hi,4,0.015810276679841896,14,0.020114942528735632,0.7859966120835685,0.7930672110709824,False
LONG,9,D2D_Dn_Count:lo,0,0.0,0,0.0,inf,1.0,False
LONG,9,D2D_Dynamic_Sensitivity:hi,0,0.0,0,0.0,inf,1.0,False
LONG,9,D2D_Dynamic_Sensitivity:lo,4,0.015810276679841896,21,0.03017241379310345,0.5239977413890456,0.2602275924128805,False
LONG,9,D2D_Persist:hi,107,0.42292490118577075,239,0.34339080459770116,1.2316139381811566,0.027000623457807012,False
LONG,9,D2D_Persist:lo,17,0.06719367588932806,62,0.08908045977011494,0.7543032003060054,0.35200937116824516,False
LONG,9,D2D_Signal:==-1,4,0.015810276679841896,13,0.01867816091954023,0.8464578899361507,1.0,False
LONG,9,D2D_Signal:==0,249,0.9841897233201581,682,0.9798850574712644,1.0043930314235043,0.7930672110709824,False
LONG,9,D2D_Signal:==1,0,0.0,1,0.0014367816091954023,0.0,1.0,False
LONG,9,D2D_Up_Count:hi,2,0.007905138339920948,5,0.007183908045977011,1.100395256916996,1.0,False
LONG,9,D2D_Up_Count:lo,0,0.0,0,0.0,inf,1.0,False
LONG,9,DailyOpen_Dist_ATR:hi,41,0.16205533596837945,123,0.17672413793103448,0.9169960474308301,0.628530729479899,False
LONG,9,DailyOpen_Dist_ATR:lo,78,0.308300395256917,174,0.25,1.233201581027668,0.08082100659005825,False
LONG,9,DailyOpen_Side:==-1,149,0.5889328063241107,314,0.4511494252873563,1.3054052012789206,0.0001797418709048025,True
LONG,9,DailyOpen_Side:==0,0,0.0,0,0.0,inf,1.0,False
LONG,9,DailyOpen_Side:==1,104,0.41106719367588934,382,0.5488505747126436,0.7489601225089503,0.0001797418709048025,True
LONG,9,Dist_To_PoC_ATR:hi,25,0.09881422924901186,127,0.1824712643678161,0.5415330988764744,0.0018214009236282506,True
LONG,9,Dist_To_PoC_ATR:lo,40,0.15810276679841898,113,0.16235632183908047,0.9738011123159257,0.9207160691166523,False
LONG,9,EMA_Oscillator:hi,149,0.5889328063241107,296,0.42528735632183906,1.3847879500053415,9.57442176802631e-06,True
LONG,9,EMA_Oscillator:lo,36,0.1422924901185771,109,0.15660919540229884,0.9085832396562354,0.6117697810180551,False
LONG,9,Efficiency_Ratio:hi,57,0.22529644268774704,133,0.1910919540229885,1.178994918125353,0.2708813743774561,False
LONG,9,Efficiency_Ratio:lo,42,0.16600790513833993,174,0.25,0.6640316205533597,0.006557022265123983,False
LONG,9,Harmonic_D2D_Concordance:==0,152,0.6007905138339921,438,0.6293103448275862,0.9546808165033299,0.4492825647836444,False
LONG,9,Harmonic_D2D_Concordance:==1,101,0.39920948616600793,258,0.3706896551724138,1.0769372184943469,0.4492825647836444,False
LONG,9,Harmonic_LLEMA:hi,81,0.3201581027667984,173,0.24856321839080459,1.2880349105531312,0.031083935715682194,False
LONG,9,Harmonic_LLEMA:lo,15,0.05928853754940711,63,0.09051724137931035,0.6549971767363072,0.14156195920601689,False
LONG,9,Harmonic_OBVf_Concordance:==0,163,0.6442687747035574,469,0.6738505747126436,0.9561003564897141,0.39313555541888695,False
LONG,9,Harmonic_OBVf_Concordance:==1,90,0.3557312252964427,227,0.3261494252873563,1.0907001445212516,0.39313555541888695,False
LONG,9,KAMA_Dist:hi,140,0.5533596837944664,270,0.3879310344827586,1.4264382960035136,6.02890780598289e-06,True
LONG,9,KAMA_Dist:lo,35,0.1383399209486166,100,0.14367816091954022,0.9628458498023716,0.9163809200181809,False
LONG,9,KAMA_Dist_ATR:hi,95,0.37549407114624506,206,0.2959770114942529,1.26865958018343,0.02218362280320137,False
LONG,9,KAMA_Dist_ATR:lo,19,0.07509881422924901,65,0.09339080459770115,0.8041349954393433,0.4389273431757118,False
LONG,9,KAMA_Slope:hi,93,0.3675889328063241,189,0.27155172413793105,1.3536608319217014,0.004915285646458808,False
LONG,9,KAMA_Slope:lo,20,0.07905138339920949,75,0.10775862068965517,0.7335968379446641,0.22175708038964392,False
LONG,9,Lower_Wick:hi,97,0.383399209486166,213,0.30603448275862066,1.2527974169125426,0.02833579327603883,False
LONG,9,Lower_Wick:lo,29,0.11462450592885376,94,0.13505747126436782,0.8487091077285343,0.44547573493885007,False
LONG,9,Micro_Amihud:hi,41,0.16205533596837945,109,0.15660919540229884,1.034775356275157,0.8408806452636322,False
LONG,9,Micro_Amihud:lo,62,0.2450592885375494,158,0.22701149425287356,1.0795016760894582,0.6017812858513184,False
LONG,9,Micro_AutoCorr:hi,45,0.17786561264822134,138,0.19827586206896552,0.8970613507475511,0.5156845649813633,False
LONG,9,Micro_AutoCorr:lo,60,0.23715415019762845,156,0.22413793103448276,1.0580723624201884,0.6626736543901803,False
LONG,9,Micro_BarEntropy:hi,52,0.20553359683794467,149,0.21408045977011494,0.9600763986524127,0.8574359159568088,False
LONG,9,Micro_BarEntropy:lo,54,0.2134387351778656,153,0.21982758620689655,0.9709369913973495,0.8593643303553734,False
LONG,9,Micro_BarOverlap:hi,50,0.1976284584980237,145,0.20833333333333334,0.9486166007905138,0.7853155711364981,False
LONG,9,Micro_BarOverlap:lo,42,0.16600790513833993,128,0.1839080459770115,0.9026679841897234,0.5664395077244092,False
LONG,9,Micro_CSSpread:hi,54,0.2134387351778656,152,0.21839080459770116,0.9773247347618056,0.92911435515892,False
LONG,9,Micro_CSSpread:lo,57,0.22529644268774704,145,0.20833333333333334,1.0814229249011857,0.5908845071824139,False
LONG,9,Micro_Entropy:hi,30,0.11857707509881422,95,0.13649425287356323,0.8687330975660494,0.5158729836342048,False
LONG,9,Micro_Entropy:lo,43,0.16996047430830039,108,0.15517241379310345,1.0953008344312691,0.6159385456753181,False
LONG,9,Micro_FailedBreak:hi,53,0.20948616600790515,147,0.21120689655172414,0.9918528676292652,1.0,False
LONG,9,Micro_FailedBreak:lo,50,0.1976284584980237,145,0.20833333333333334,0.9486166007905138,0.7853155711364981,False
LONG,9,Micro_FractalDim:hi,66,0.2608695652173913,148,0.21264367816091953,1.226792009400705,0.13514806775165622,False
LONG,9,Micro_FractalDim:lo,38,0.15019762845849802,106,0.15229885057471265,0.9862032962935341,1.0,False
LONG,9,Micro_GarmanKlass:hi,165,0.6521739130434783,313,0.44971264367816094,1.4502014168634532,3.2668048559623565e-08,True
LONG,9,Micro_GarmanKlass:lo,4,0.015810276679841896,60,0.08620689655172414,0.18339920948616598,2.9448242744887586e-05,True
LONG,9,Micro_HLAsymmetry:hi,94,0.3715415019762846,199,0.2859195402298851,1.2994617355552465,0.013693357383148691,False
LONG,9,Micro_HLAsymmetry:lo,70,0.2766798418972332,180,0.25862068965517243,1.069828722002635,0.6171403478072844,False
LONG,9,Micro_Hurst:hi,33,0.13043478260869565,132,0.1896551724137931,0.6877470355731226,0.03336481147583419,False
LONG,9,Micro_Hurst:lo,56,0.22134387351778656,151,0.21695402298850575,1.0202340130356256,0.9291903022707857,False
LONG,9,Micro_IBSP:hi,54,0.2134387351778656,149,0.21408045977011494,0.9970024139851977,1.0,False
LONG,9,Micro_IBSP:lo,47,0.1857707509881423,139,0.1997126436781609,0.9301902351636478,0.7115230502084229,False
LONG,9,Micro_Lambda:hi,49,0.19367588932806323,125,0.17959770114942528,1.0783873517786562,0.6356908007731337,False
LONG,9,Micro_Lambda:lo,53,0.20948616600790515,126,0.1810344827586207,1.1571616789008095,0.34810629577097124,False
LONG,9,Micro_LogReturn:hi,84,0.33201581027667987,211,0.3031609195402299,1.0951801135192851,0.4277876303072763,False
LONG,9,Micro_LogReturn:lo,84,0.33201581027667987,188,0.27011494252873564,1.2291649146413255,0.07391684424732653,False
LONG,9,Micro_MicroGap:hi,49,0.19367588932806323,100,0.14367816091954022,1.3479841897233202,0.06920779547688524,False
LONG,9,Micro_MicroGap:lo,24,0.09486166007905138,66,0.09482758620689655,1.0003593244699964,1.0,False
LONG,9,Micro_MomoTransfer:hi,52,0.20553359683794467,140,0.20114942528735633,1.021795595708639,0.9272130172660497,False
LONG,9,Micro_MomoTransfer:lo,67,0.2648221343873518,135,0.1939655172413793,1.3653052261747916,0.019905549200292198,False
LONG,9,Micro_OrderFlowDelta:hi,99,0.391304347826087,210,0.3017241379310345,1.2968944099378883,0.009839362543617692,False
LONG,9,Micro_OrderFlowDelta:lo,91,0.35968379446640314,223,0.3204022988505747,1.1226005423704781,0.2748754495455054,False
LONG,9,Micro_PriceAccel:hi,82,0.3241106719367589,203,0.2916666666666667,1.111236589497459,0.3376375881190802,False
LONG,9,Micro_PriceAccel:lo,85,0.3359683794466403,183,0.2629310344827586,1.2777813775675502,0.03380899786959914,False
LONG,9,Micro_RangeAccel:hi,96,0.3794466403162055,187,0.2686781609195402,1.4122719874870537,0.0012976113220691731,True
LONG,9,Micro_RangeAccel:lo,72,0.2845849802371542,187,0.2686781609195402,1.0592039906152904,0.6220200273965135,False
LONG,9,Micro_RangeVelocity:hi,87,0.3438735177865613,166,0.23850574712643677,1.4417829420448594,0.0015686823366570382,True
LONG,9,Micro_RangeVelocity:lo,79,0.31225296442687744,193,0.27729885057471265,1.1260521411456306,0.29252675990030097,False
LONG,9,Micro_Rejection:hi,40,0.15810276679841898,125,0.17959770114942528,0.8803162055335969,0.49793158605002064,False
LONG,9,Micro_Rejection:lo,44,0.17391304347826086,133,0.1910919540229885,0.91010134030729,0.5731439568486205,False
LONG,9,Micro_RollProxy:hi,77,0.30434782608695654,204,0.29310344827586204,1.0383631713554988,0.7481139641376253,False
LONG,9,Micro_RollProxy:lo,94,0.3715415019762846,216,0.3103448275862069,1.1971892841458058,0.08500726186751265,False
LONG,9,Micro_ThrustEff:hi,59,0.233201581027668,139,0.1997126436781609,1.1676856143543664,0.2785384520782632,False
LONG,9,Micro_ThrustEff:lo,44,0.17391304347826086,133,0.1910919540229885,0.91010134030729,0.5731439568486205,False
LONG,9,Micro_TickIntensity:hi,62,0.2450592885375494,173,0.24856321839080459,0.9859032648678289,0.9324544177057597,False
LONG,9,Micro_TickIntensity:lo,35,0.1383399209486166,122,0.1752873563218391,0.789217909674075,0.19915888562535936,False
LONG,9,Micro_VPIN:hi,50,0.1976284584980237,135,0.1939655172413793,1.0188844971453668,0.9262291188658967,False
LONG,9,Micro_VPIN:lo,66,0.2608695652173913,148,0.21264367816091953,1.226792009400705,0.13514806775165622,False
LONG,9,Micro_VolAccel:hi,53,0.20948616600790515,136,0.19540229885057472,1.0720762613345733,0.6462260812556683,False
LONG,9,Micro_VolAccel:lo,55,0.21739130434782608,143,0.20545977011494254,1.0580723624201884,0.7179862763032374,False
LONG,9,Micro_VolOfVol:hi,72,0.2845849802371542,168,0.2413793103448276,1.178994918125353,0.17765999674196792,False
LONG,9,Micro_VolOfVol:lo,36,0.1422924901185771,129,0.1853448275862069,0.767717621104881,0.14595562817981872,False
LONG,9,Micro_WickImbalance:hi,62,0.2450592885375494,214,0.3074712643678161,0.7970152561781981,0.06339498061970318,False
LONG,9,Micro_WickImbalance:lo,102,0.4031620553359684,188,0.27011494252873564,1.4925573963501808,0.00012431336500587343,True
LONG,9,Momentum_Value:hi,154,0.6086956521739131,337,0.48419540229885055,1.257128112501613,0.0007236741890353491,True
LONG,9,Momentum_Value:lo,34,0.13438735177865613,101,0.14511494252873564,0.9260752162172738,0.7527542073927449,False
LONG,9,MultiDay_Position:hi,39,0.1541501976284585,192,0.27586206896551724,0.5587944664031621,7.974011122835074e-05,True
LONG,9,MultiDay_Position:lo,105,0.4150197628458498,208,0.2988505747126437,1.3887199756764972,0.0010157148476707767,True
LONG,9,MultiDay_Slope:hi,46,0.18181818181818182,152,0.21839080459770116,0.8325358851674641,0.24071359682182292,False
LONG,9,MultiDay_Slope:lo,59,0.233201581027668,196,0.28160919540229884,0.8281035734451885,0.15906971829200833,False
LONG,9,OBV_Macd:hi,44,0.17391304347826086,156,0.22413793103448276,0.7759197324414715,0.10514519797461172,False
LONG,9,OBV_Macd:lo,111,0.43873517786561267,166,0.23850574712643677,1.8395161674365448,4.730865148390344e-09,True
LONG,9,OBV_Velocity:hi,74,0.2924901185770751,154,0.22126436781609196,1.321903393049638,0.02556091984085686,False
LONG,9,OBV_Velocity:lo,19,0.07509881422924901,76,0.10919540229885058,0.6877470355731224,0.1420916003479581,False
LONG,9,OBVf_DirStepCount:hi,42,0.16600790513833993,114,0.16379310344827586,1.0135219471603911,0.921406841210028,False
LONG,9,OBVf_DirStepCount:lo,34,0.13438735177865613,119,0.17097701149425287,0.7859966120835686,0.19478625837361524,False
LONG,9,OBVf_Signal:==-1,59,0.233201581027668,224,0.3218390804597701,0.7245906267645399,0.008142333480010517,False
LONG,9,OBVf_Signal:==1,194,0.766798418972332,472,0.6781609195402298,1.1307027533998795,0.008142333480010517,False
LONG,9,OBVf_Trend_Dir:==-1,59,0.233201581027668,224,0.3218390804597701,0.7245906267645399,0.008142333480010517,False
LONG,9,OBVf_Trend_Dir:==1,194,0.766798418972332,472,0.6781609195402298,1.1307027533998795,0.008142333480010517,False
LONG,9,OR_High_Dist_ATR:hi,93,0.3675889328063241,182,0.2614942528735632,1.405724710072536,0.0020550482511629497,False
LONG,9,OR_High_Dist_ATR:lo,0,0.0,0,0.0,inf,1.0,False
LONG,9,OR_High_Side:==-1,148,0.5849802371541502,312,0.4482758620689655,1.3049559136515656,0.0002332800791120948,True
LONG,9,OR_High_Side:==0,36,0.1422924901185771,194,0.27873563218390807,0.510492644961493,7.87282815923565e-06,True
LONG,9,OR_High_Side:==1,69,0.2727272727272727,190,0.27298850574712646,0.9990430622009567,1.0,False
LONG,9,OR_Low_Dist_ATR:hi,63,0.2490118577075099,171,0.24568965517241378,1.0135219471603911,0.9322136403153823,False
LONG,9,OR_Low_Dist_ATR:lo,0,0.0,0,0.0,inf,1.0,False
LONG,9,OR_Low_Side:==-1,109,0.4308300395256917,172,0.2471264367816092,1.7433587645923339,9.132894456324396e-08,True
LONG,9,OR_Low_Side:==0,37,0.14624505928853754,194,0.27873563218390807,0.5246729962104233,1.725244136430241e-05,True
LONG,9,OR_Low_Side:==1,107,0.42292490118577075,330,0.47413793103448276,0.8919870643190801,0.1849204157749604,False
LONG,9,OR_Position:hi,78,0.308300395256917,219,0.3146551724137931,0.9798039958849964,0.8744863465248844,False
LONG,9,OR_Position:lo,117,0.4624505928853755,195,0.2801724137931034,1.650592885375494,2.1794781735349982e-07,True
LONG,9,PoC_Side:==-1,11,0.043478260869565216,23,0.033045977011494254,1.3156899810964082,0.43414693389798864,False
LONG,9,PoC_Side:==0,1,0.003952569169960474,6,0.008620689655172414,0.458498023715415,0.6820915733557031,False
LONG,9,PoC_Side:==1,241,0.9525691699604744,667,0.9583333333333334,0.9939852208283211,0.7188488780181886,False
LONG,9,PrevDay_Close_Dist_ATR:hi,41,0.16205533596837945,138,0.19827586206896552,0.8173225640144355,0.22333661825007942,False
LONG,9,PrevDay_Close_Dist_ATR:lo,72,0.2845849802371542,171,0.24568965517241378,1.1583107967547328,0.2392349685731478,False
LONG,9,PrevDay_Close_Side:==-1,157,0.6205533596837944,332,0.47701149425287354,1.3009190913853041,9.68816590448718e-05,True
LONG,9,PrevDay_Close_Side:==0,0,0.0,0,0.0,inf,1.0,False
LONG,9,PrevDay_Close_Side:==1,96,0.3794466403162055,364,0.5229885057471264,0.7255353342309864,9.68816590448718e-05,True
LONG,9,PrevDay_High_Dist_ATR:hi,40,0.15810276679841898,131,0.1882183908045977,0.8399963793259512,0.33943544439650497,False
LONG,9,PrevDay_High_Dist_ATR:lo,76,0.30039525691699603,202,0.29022988505747127,1.0350252416546002,0.8088435315231748,False
LONG,9,PrevDay_High_Side:==-1,222,0.8774703557312253,532,0.764367816091954,1.1479687360694226,8.919410234044909e-05,True
LONG,9,PrevDay_High_Side:==0,0,0.0,0,0.0,inf,1.0,False
LONG,9,PrevDay_High_Side:==1,31,0.1225296442687747,164,0.23563218390804597,0.5200038561650439,8.919410234044909e-05,True
LONG,9,PrevDay_Low_Dist_ATR:hi,20,0.07905138339920949,125,0.17959770114942528,0.44015810276679845,9.26331634316966e-05,True
LONG,9,PrevDay_Low_Dist_ATR:lo,102,0.4031620553359684,195,0.2801724137931034,1.4389784128914564,0.000366007376841873,True
LONG,9,PrevDay_Low_Side:==-1,83,0.32806324110671936,130,0.1867816091954023,1.756400121617513,9.387262485232751e-06,True
LONG,9,PrevDay_Low_Side:==0,0,0.0,0,0.0,inf,1.0,False
LONG,9,PrevDay_Low_Side:==1,170,0.6719367588932806,566,0.8132183908045977,0.8262685233033982,9.387262485232751e-06,True
LONG,9,RangeOsc_State:==-1,92,0.36363636363636365,184,0.26436781609195403,1.3754940711462451,0.0035752970467641566,False
LONG,9,RangeOsc_State:==-2,48,0.18972332015810275,124,0.1781609195402299,1.0648986357261252,0.7033545271809637,False
LONG,9,RangeOsc_State:==1,75,0.2964426877470356,264,0.3793103448275862,0.7815307222421848,0.02143632813089505,False
LONG,9,RangeOsc_State:==2,38,0.15019762845849802,124,0.1781609195402299,0.8430447532831824,0.33072032827614184,False
LONG,9,RangeOsc_Val:hi,44,0.17391304347826086,134,0.1925287356321839,0.9033095392602206,0.5728512082294641,False
LONG,9,RangeOsc_Val:lo,58,0.22924901185770752,97,0.13936781609195403,1.6449207448759218,0.0014135096289047734,True
LONG,9,Round_1000_Dist_ATR:hi,11,0.043478260869565216,85,0.1221264367816092,0.3560102301790281,0.0002213796207645099,True
LONG,9,Round_1000_Dist_ATR:lo,125,0.49407114624505927,255,0.36637931034482757,1.3485235991629854,0.0004298586059317519,True
LONG,9,Round_100_Dist_ATR:hi,6,0.023715415019762844,65,0.09339080459770115,0.25393736698084524,0.00012772199874672686,True
LONG,9,Round_100_Dist_ATR:lo,83,0.32806324110671936,192,0.27586206896551724,1.1892292490118577,0.12446255394932061,False
LONG,9,Round_500_Dist_ATR:hi,6,0.023715415019762844,62,0.08908045977011494,0.2662246589315313,0.0002951023754637712,True
LONG,9,Round_500_Dist_ATR:lo,88,0.34782608695652173,209,0.30028735632183906,1.1583107967547328,0.178388676390613,False
LONG,9,ST_Flip_Event:==-1,2,0.007905138339920948,18,0.02586206896551724,0.30566534914361,0.12318067125670998,False
LONG,9,ST_Flip_Event:==0,242,0.9565217391304348,668,0.9597701149425287,0.9966154647227284,0.8536268343389617,False
LONG,9,ST_Flip_Event:==1,9,0.03557312252964427,10,0.014367816091954023,2.4758893280632415,0.061855302834904875,False
LONG,9,Session_High_Dist_ATR:hi,60,0.23715415019762845,129,0.1853448275862069,1.2795293685081348,0.08119186878170889,False
LONG,9,Session_High_Dist_ATR:lo,53,0.20948616600790515,171,0.24568965517241378,0.8526454476111227,0.26190308743743806,False
LONG,9,Session_High_Side:==-1,252,0.9960474308300395,695,0.9985632183908046,0.997480592601018,0.4623254325005669,False
LONG,9,Session_High_Side:==0,1,0.003952569169960474,1,0.0014367816091954023,2.75098814229249,0.4623254325005669,False
LONG,9,Session_Low_Dist_ATR:hi,18,0.07114624505928854,111,0.15948275862068967,0.44610618523662,0.00036502786202804766,True
LONG,9,Session_Low_Dist_ATR:lo,37,0.14624505928853754,114,0.16379310344827586,0.8928645724984398,0.5482830292204346,False
LONG,9,Session_Low_Side:==0,0,0.0,0,0.0,inf,1.0,False
LONG,9,Session_Low_Side:==1,253,1.0,696,1.0,1.0,1.0,False
LONG,9,Slope_Accel_LT:hi,83,0.32806324110671936,119,0.17097701149425287,1.9187564353804762,4.1865824173357695e-07,True
LONG,9,Slope_Accel_LT:lo,13,0.05138339920948617,36,0.05172413793103448,0.9934123847167325,1.0,False
LONG,9,Slope_Accel_ST:hi,95,0.37549407114624506,180,0.25862068965517243,1.4519104084321475,0.0006538847881999662,True
LONG,9,Slope_Accel_ST:lo,41,0.16205533596837945,185,0.26580459770114945,0.609678453156714,0.0007648100236387859,True
LONG,9,Slope_EMA_LT:hi,37,0.14624505928853754,172,0.2471264367816092,0.5917823329350124,0.0007493381280842127,True
LONG,9,Slope_EMA_LT:lo,141,0.5573122529644269,207,0.2974137931034483,1.8738614882282179,4.718423272400767e-13,True
LONG,9,Slope_EMA_ST:hi,131,0.5177865612648221,326,0.46839080459770116,1.1054584252770436,0.1865212143906502,False
LONG,9,Slope_EMA_ST:lo,70,0.2766798418972332,140,0.20114942528735633,1.3754940711462451,0.016766050598519888,False
LONG,9,Sqz_State:==-1,151,0.5968379446640316,408,0.5862068965517241,1.018135317368054,0.8229416700056529,False
LONG,9,Sqz_State:==1,102,0.4031620553359684,288,0.41379310344827586,0.974308300395257,0.8229416700056529,False
LONG,9,Sqz_Val:hi,151,0.5968379446640316,299,0.4295977011494253,1.3892950150038996,6.782604380368218e-06,True
LONG,9,Sqz_Val:lo,37,0.14624505928853754,117,0.16810344827586207,0.8699706091010438,0.4858850392957787,False
LONG,9,TChan_A15:hi,163,0.6442687747035574,303,0.4353448275862069,1.4799045121903496,1.3274072217752016e-08,True
LONG,9,TChan_A15:lo,0,0.0,44,0.06321839080459771,0.0,1.55794823810673e-06,True
LONG,9,Trend_Concordance:==0,41,0.16205533596837945,140,0.20114942528735633,0.8056465273856579,0.1913428067725744,False
LONG,9,Trend_Concordance:==1,212,0.8379446640316206,556,0.7988505747126436,1.0489379247590072,0.1913428067725744,False
LONG,9,Trend_Conflict:==0,212,0.8379446640316206,556,0.7988505747126436,1.0489379247590072,0.1913428067725744,False
LONG,9,Trend_Conflict:==1,41,0.16205533596837945,140,0.20114942528735633,0.8056465273856579,0.1913428067725744,False
LONG,9,Upper_Wick:hi,102,0.4031620553359684,229,0.3290229885057471,1.2253309629425064,0.037588455747260476,False
LONG,9,Upper_Wick:lo,21,0.08300395256916997,86,0.1235632183908046,0.6717529184667709,0.0828585336501236,False
LONG,9,VAH_Dist_ATR:hi,25,0.09881422924901186,129,0.1853448275862069,0.5331372368783895,0.0013604131631749377,True
LONG,9,VAH_Dist_ATR:lo,39,0.1541501976284585,118,0.16954022988505746,0.909224894486501,0.6219346396141996,False
LONG,9,VAH_Side:==-1,14,0.05533596837944664,29,0.041666666666666664,1.3280632411067195,0.3794855205979246,False
LONG,9,VAH_Side:==0,0,0.0,7,0.010057471264367816,0.0,0.19933201744101364,False
LONG,9,VAH_Side:==1,239,0.9446640316205533,660,0.9482758620689655,0.996191160618038,0.8696004475776167,False
LONG,9,VAL_Dist_ATR:hi,24,0.09486166007905138,123,0.17672413793103448,0.5367781741058517,0.001631231758752342,True
LONG,9,VAL_Dist_ATR:lo,40,0.15810276679841898,112,0.16091954022988506,0.9824957651044608,1.0,False
LONG,9,VAL_Side:==-1,0,0.0,5,0.007183908045977011,0.0,0.3325930622115817,False
LONG,9,VAL_Side:==0,0,0.0,6,0.008620689655172414,0.0,0.35066246503216913,False
LONG,9,VAL_Side:==1,253,1.0,685,0.9841954022988506,1.0160583941605839,0.042921779482317166,False
LONG,9,VA_Position:hi,64,0.25296442687747034,177,0.2543103448275862,0.9947075768741207,1.0,False
LONG,9,VA_Position:lo,31,0.1225296442687747,110,0.15804597701149425,0.7752784764642472,0.1814246013731367,False
LONG,9,VWAP_Dist_ATR:hi,38,0.15019762845849802,112,0.16091954022988506,0.9333709768492376,0.762911404807107,False
LONG,9,VWAP_Dist_ATR:lo,55,0.21739130434782608,167,0.23994252873563218,0.906014058838844,0.4890459088579229,False
LONG,9,VWAP_Side:==-1,149,0.5889328063241107,295,0.4238505747126437,1.3894821464460374,7.000870754385673e-06,True
LONG,9,VWAP_Side:==0,0,0.0,0,0.0,inf,1.0,False
LONG,9,VWAP_Side:==1,104,0.41106719367588934,401,0.5761494252873564,0.7134732339112693,7.000870754385673e-06,True
LONG,9,VWAP_Sigma:hi,116,0.45849802371541504,233,0.33477011494252873,1.3695906631155745,0.0005997573399803122,True
LONG,9,VWAP_Sigma:lo,16,0.06324110671936758,87,0.125,0.5059288537549407,0.006416288593857266,False
LONG,9,VWAP_Sigma_ATR:hi,44,0.17391304347826086,118,0.16954022988505746,1.025792188651437,0.9222979288035253,False
LONG,9,VWAP_Sigma_ATR:lo,67,0.2648221343873518,177,0.2543103448275862,1.0413344945400953,0.7376347589531878,False
LONG,9,VWAP_Z:hi,21,0.08300395256916997,58,0.08333333333333333,0.9960474308300397,1.0,False
LONG,9,VWAP_Z:lo,3,0.011857707509881422,25,0.035919540229885055,0.3301185770750988,0.05289820645078008,False
LONG,9,Volume:hi,184,0.7272727272727273,356,0.5114942528735632,1.421859039836568,2.3734458448376347e-09,True
LONG,9,Volume:lo,4,0.015810276679841896,56,0.08045977011494253,0.19649915302089213,0.00011358555034510622,True
LONG,9,Volume_Avg_10:hi,197,0.7786561264822134,384,0.5517241379310345,1.4113142292490117,1.069730531262535e-10,True
LONG,9,Volume_Avg_10:lo,2,0.007905138339920948,25,0.035919540229885055,0.2200790513833992,0.024771748052980706,False
LONG,9,Volume_Ratio_10:hi,10,0.039525691699604744,36,0.05172413793103448,0.764163372859025,0.4981660269034394,False
LONG,9,Volume_Ratio_10:lo,61,0.24110671936758893,185,0.26580459770114945,0.9070825766477939,0.5028015839677711,False
LONG,9,WeeklyOpen_Dist_ATR:hi,41,0.16205533596837945,134,0.1925287356321839,0.8417202524924784,0.2993262889168809,False
LONG,9,WeeklyOpen_Dist_ATR:lo,104,0.41106719367588934,229,0.3290229885057471,1.2493570602551047,0.0210700257683235,False
LONG,9,WeeklyOpen_Side:==-1,99,0.391304347826087,200,0.28735632183908044,1.3617391304347828,0.002670834303350379,False
LONG,9,WeeklyOpen_Side:==0,0,0.0,0,0.0,inf,1.0,False
LONG,9,WeeklyOpen_Side:==1,154,0.6086956521739131,496,0.7126436781609196,0.8541374474053296,0.002670834303350379,False
LONG,10,ADX_Rising:==0,125,0.49407114624505927,366,0.5258620689655172,0.939545130564375,0.41915306842162503,False
LONG,10,ADX_Rising:==1,128,0.5059288537549407,330,0.47413793103448276,1.0670499461013294,0.41915306842162503,False
LONG,10,ADX_Value:hi,51,0.2015810276679842,89,0.1278735632183908,1.5764089354709776,0.006882130600878697,False
LONG,10,ADX_Value:lo,62,0.2450592885375494,225,0.3232758620689655,0.7580500658761529,0.02059320535564132,False
LONG,10,ATR_1M:hi,158,0.6245059288537549,321,0.46120689655172414,1.3540689298511321,9.934805871145528e-06,True
LONG,10,ATR_1M:lo,5,0.019762845849802372,53,0.07614942528735633,0.25952718323514057,0.000656946050139888,True
LONG,10,AT_Lookback_LT:hi,27,0.1067193675889328,122,0.1752873563218391,0.608825244605715,0.011386200068307348,False
LONG,10,AT_Lookback_LT:lo,0,0.0,0,0.0,inf,1.0,False
LONG,10,AT_Lookback_ST:hi,54,0.2134387351778656,100,0.14367816091954022,1.4855335968379446,0.01261970956904938,False
LONG,10,AT_Lookback_ST:lo,0,0.0,0,0.0,inf,1.0,False
LONG,10,AT_Regime_LT:==0,86,0.33992094861660077,352,0.5057471264367817,0.6721164211282787,6.567931466668908e-06,True
LONG,10,AT_Regime_LT:==1,167,0.6600790513833992,344,0.4942528735632184,1.3355087783803659,6.567931466668908e-06,True
LONG,10,AT_Regime_ST:==0,160,0.6324110671936759,434,0.6235632183908046,1.014189176882024,0.8203615305542529,False
LONG,10,AT_Regime_ST:==1,93,0.3675889328063241,262,0.3764367816091954,0.9764957909664181,0.8203615305542529,False
LONG,10,AT_Score_LT:hi,10,0.039525691699604744,46,0.06609195402298851,0.5980409004983674,0.16001567679666423,False
LONG,10,AT_Score_LT:lo,54,0.2134387351778656,89,0.1278735632183908,1.6691388728516232,0.001966352735191302,False
LONG,10,AT_Score_ST:hi,58,0.22924901185770752,108,0.15517241379310345,1.4773825208607818,0.009126508602500336,False
LONG,10,AT_Score_ST:lo,32,0.12648221343873517,61,0.08764367816091954,1.44314132054688,0.08387040224208522,False
LONG,10,AT_Slope_LT:hi,41,0.16205533596837945,172,0.2471264367816092,0.6557588013604192,0.006249020786715714,False
LONG,10,AT_Slope_LT:lo,139,0.549407114624506,204,0.29310344827586204,1.8744478028365499,1.1633975429319893e-12,True
LONG,10,AT_Slope_ST:hi,132,0.5217391304347826,283,0.40660919540229884,1.2831464126593948,0.0018602991579743868,True
LONG,10,AT_Slope_ST:lo,59,0.233201581027668,119,0.17097701149425287,1.3639352974391339,0.03823102001808906,False
LONG,10,Bar_Range:hi,151,0.5968379446640316,306,0.4396551724137931,1.3575137564907387,1.9723773007843466e-05,True
LONG,10,Bar_Range:lo,5,0.019762845849802372,42,0.0603448275862069,0.3274985883681536,0.010304329820749207,False
LONG,10,Bars_Since_Flip:hi,43,0.16996047430830039,79,0.11350574712643678,1.4973732926402161,0.02783420736139733,False
LONG,10,Bars_Since_Flip:lo,37,0.14624505928853754,123,0.17672413793103448,0.827533018413188,0.2824137148750509,False
LONG,10,Body_Size:hi,113,0.44664031620553357,241,0.34626436781609193,1.2898824069670183,0.005026042408179764,False
LONG,10,Body_Size:lo,26,0.10276679841897234,86,0.1235632183908046,0.8316940895302877,0.4265970678682105,False
LONG,10,D2D_ATR:hi,199,0.7865612648221344,376,0.5402298850574713,1.4559751072239508,1.9317891638357635e-12,True
LONG,10,D2D_ATR:lo,1,0.003952569169960474,24,0.034482758620689655,0.11462450592885375,0.005553712097137025,False
LONG,10,D2D_ATR_MA:hi,210,0.8300395256916996,399,0.5732758620689655,1.4478884959434157,5.438400171831074e-14,True
LONG,10,D2D_ATR_MA:lo,0,0.0,18,0.02586206896551724,0.0,0.005547320691884211,False
LONG,10,D2D_DirStep:==-1,83,0.32806324110671936,293,0.4209770114942529,0.7792901563490672,0.010669076054606513,False
LONG,10,D2D_DirStep:==1,170,0.6719367588932806,403,0.5790229885057471,1.160466462009239,0.010669076054606513,False
LONG,10,D2D_Dn_Count:hi,6,0.023715415019762844,14,0.020114942528735632,1.178994918125353,0.7985505612926844,False
LONG,10,D2D_Dn_Count:lo,0,0.0,0,0.0,inf,1.0,False
LONG,10,D2D_Dynamic_Sensitivity:hi,0,0.0,0,0.0,inf,1.0,False
LONG,10,D2D_Dynamic_Sensitivity:lo,7,0.02766798418972332,16,0.022988505747126436,1.2035573122529644,0.6394944422339947,False
LONG,10,D2D_Persist:hi,104,0.41106719367588934,232,0.3333333333333333,1.2332015810276682,0.03150396736136486,False
LONG,10,D2D_Persist:lo,18,0.07114624505928854,65,0.09339080459770115,0.7618121009425358,0.30212621750357876,False
LONG,10,D2D_Signal:==-1,5,0.019762845849802372,14,0.020114942528735632,0.9824957651044608,1.0,False
LONG,10,D2D_Signal:==0,248,0.9802371541501976,682,0.9798850574712644,1.0003593244699964,1.0,False
LONG,10,D2D_Signal:==1,0,0.0,0,0.0,inf,1.0,False
LONG,10,D2D_Up_Count:hi,1,0.003952569169960474,2,0.0028735632183908046,1.375494071146245,1.0,False
LONG,10,D2D_Up_Count:lo,0,0.0,0,0.0,inf,1.0,False
LONG,10,DailyOpen_Dist_ATR:hi,46,0.18181818181818182,116,0.16666666666666666,1.090909090909091,0.6257301690249795,False
LONG,10,DailyOpen_Dist_ATR:lo,75,0.2964426877470356,176,0.25287356321839083,1.172296083363277,0.18367874069411647,False
LONG,10,DailyOpen_Side:==-1,151,0.5968379446640316,317,0.45545977011494254,1.310407600902732,0.00013114307193018903,True
LONG,10,DailyOpen_Side:==0,0,0.0,0,0.0,inf,1.0,False
LONG,10,DailyOpen_Side:==1,102,0.4031620553359684,379,0.5445402298850575,0.7403714789283219,0.00013114307193018903,True
LONG,10,Dist_To_PoC_ATR:hi,26,0.10276679841897234,121,0.17385057471264367,0.5911214190049979,0.008109752029460425,False
LONG,10,Dist_To_PoC_ATR:lo,42,0.16600790513833993,117,0.16810344827586207,0.9875342049255094,1.0,False
LONG,10,EMA_Oscillator:hi,155,0.6126482213438735,287,0.41235632183908044,1.4857253033286968,4.718083523433604e-08,True
LONG,10,EMA_Oscillator:lo,36,0.1422924901185771,112,0.16091954022988506,0.8842461885940147,0.5440958676136951,False
LONG,10,Efficiency_Ratio:hi,47,0.1857707509881423,124,0.1781609195402299,1.042713247481831,0.775296275079349,False
LONG,10,Efficiency_Ratio:lo,69,0.2727272727272727,143,0.20545977011494254,1.327399872854418,0.03417828307631739,False
LONG,10,Harmonic_D2D_Concordance:==0,135,0.5335968379446641,427,0.6135057471264368,0.8697503494367358,0.030250019229805598,False
LONG,10,Harmonic_D2D_Concordance:==1,118,0.466403162055336,269,0.3864942528735632,1.2067531627900143,0.030250019229805598,False
LONG,10,Harmonic_LLEMA:hi,94,0.3715415019762846,177,0.2543103448275862,1.460976753533865,0.0006175542334516271,True
LONG,10,Harmonic_LLEMA:lo,18,0.07114624505928854,66,0.09482758620689655,0.7502694933524974,0.3015908610054209,False
LONG,10,Harmonic_OBVf_Concordance:==0,147,0.5810276679841897,460,0.6609195402298851,0.8791201237326001,0.02655969616973089,False
LONG,10,Harmonic_OBVf_Concordance:==1,106,0.4189723320158103,236,0.3390804597701149,1.235613318148322,0.02655969616973089,False
LONG,10,KAMA_Dist:hi,141,0.5573122529644269,273,0.3922413793103448,1.4208400295356818,8.300381796619217e-06,True
LONG,10,KAMA_Dist:lo,30,0.11857707509881422,113,0.16235632183908047,0.7303508342369442,0.101287076707511,False
LONG,10,KAMA_Dist_ATR:hi,93,0.3675889328063241,206,0.2959770114942529,1.241950957442726,0.039913077376181404,False
LONG,10,KAMA_Dist_ATR:lo,16,0.06324110671936758,65,0.09339080459770115,0.6771663119489206,0.15059614801192,False
LONG,10,KAMA_Slope:hi,99,0.391304347826087,190,0.27298850574712646,1.4334096109839816,0.0005918763463110177,True
LONG,10,KAMA_Slope:lo,20,0.07905138339920949,78,0.11206896551724138,0.7053815749467923,0.14925146273685574,False
LONG,10,Lower_Wick:hi,95,0.37549407114624506,220,0.3160919540229885,1.1879266978081207,0.08707531334805212,False
LONG,10,Lower_Wick:lo,19,0.07509881422924901,78,0.11206896551724138,0.6701124961994527,0.11474886987209927,False
LONG,10,Micro_Amihud:hi,36,0.1422924901185771,123,0.17672413793103448,0.8051672611587777,0.23830842789643286,False
LONG,10,Micro_Amihud:lo,67,0.2648221343873518,155,0.22270114942528735,1.1891368098941733,0.19331246706607433,False
LONG,10,Micro_AutoCorr:hi,31,0.1225296442687747,117,0.16810344827586207,0.7288942941116854,0.10507164500962882,False
LONG,10,Micro_AutoCorr:lo,66,0.2608695652173913,143,0.20545977011494254,1.269686834904226,0.07640938589107012,False
LONG,10,Micro_BarEntropy:hi,49,0.19367588932806323,165,0.23706896551724138,0.8169601149838304,0.16126288603633815,False
LONG,10,Micro_BarEntropy:lo,48,0.18972332015810275,132,0.1896551724137931,1.0003593244699964,1.0,False
LONG,10,Micro_BarOverlap:hi,57,0.22529644268774704,127,0.1824712643678161,1.2346954654383617,0.16342469535333143,False
LONG,10,Micro_BarOverlap:lo,43,0.16996047430830039,123,0.17672413793103448,0.961727561939651,0.8472314473978675,False
LONG,10,Micro_CSSpread:hi,41,0.16205533596837945,120,0.1724137931034483,0.9399209486166008,0.7694713726436246,False
LONG,10,Micro_CSSpread:lo,74,0.2924901185770751,157,0.22557471264367815,1.296644092545505,0.039894954951229605,False
LONG,10,Micro_Entropy:hi,39,0.1541501976284585,98,0.14080459770114942,1.0947809954021135,0.6026212551419617,False
LONG,10,Micro_Entropy:lo,35,0.1383399209486166,94,0.13505747126436782,1.0243040955344378,0.9148140589796068,False
LONG,10,Micro_FailedBreak:hi,57,0.22529644268774704,153,0.21982758620689655,1.0248779353638688,0.8599240971692554,False
LONG,10,Micro_FailedBreak:lo,50,0.1976284584980237,145,0.20833333333333334,0.9486166007905138,0.7853155711364981,False
LONG,10,Micro_FractalDim:hi,61,0.24110671936758893,137,0.1968390804597701,1.2248925305097949,0.1484848653146958,False
LONG,10,Micro_FractalDim:lo,44,0.17391304347826086,107,0.15373563218390804,1.1312474603819587,0.48248453740836883,False
LONG,10,Micro_GarmanKlass:hi,155,0.6126482213438735,321,0.46120689655172414,1.3283587602969968,3.848056102361828e-05,True
LONG,10,Micro_GarmanKlass:lo,5,0.019762845849802372,44,0.06321839080459771,0.31261228889687387,0.007154652626073741,False
LONG,10,Micro_HLAsymmetry:hi,79,0.31225296442687744,197,0.28304597701149425,1.1031881382797295,0.4189508145768155,False
LONG,10,Micro_HLAsymmetry:lo,69,0.2727272727272727,175,0.2514367816091954,1.0846753246753245,0.5028973304887878,False
LONG,10,Micro_Hurst:hi,33,0.13043478260869565,129,0.1853448275862069,0.7037411526794741,0.05095072473645064,False
LONG,10,Micro_Hurst:lo,49,0.19367588932806323,139,0.1997126436781609,0.9697727983621008,0.9266356883011476,False
LONG,10,Micro_IBSP:hi,52,0.20553359683794467,146,0.20977011494252873,0.9798039958849966,0.9281765338723607,False
LONG,10,Micro_IBSP:lo,49,0.19367588932806323,149,0.21408045977011494,0.904687375653235,0.5279118900316384,False
LONG,10,Micro_Lambda:hi,45,0.17786561264822134,143,0.20545977011494254,0.8656955692528815,0.3588737257951897,False
LONG,10,Micro_Lambda:lo,57,0.22529644268774704,133,0.1910919540229885,1.178994918125353,0.2708813743774561,False
LONG,10,Micro_LogReturn:hi,83,0.32806324110671936,202,0.29022988505747127,1.1303565139122607,0.26330024122832446,False
LONG,10,Micro_LogReturn:lo,80,0.31620553359683795,194,0.27873563218390807,1.134428099914429,0.2582216906788731,False
LONG,10,Micro_MicroGap:hi,47,0.1857707509881423,80,0.11494252873563218,1.6162055335968382,0.006776096073901422,False
LONG,10,Micro_MicroGap:lo,29,0.11462450592885376,80,0.11494252873563218,0.9972332015810277,1.0,False
LONG,10,Micro_MomoTransfer:hi,37,0.14624505928853754,128,0.1839080459770115,0.7952075098814229,0.207783547921375,False
LONG,10,Micro_MomoTransfer:lo,53,0.20948616600790515,144,0.20689655172413793,1.0125164690382082,0.9280718612497321,False
LONG,10,Micro_OrderFlowDelta:hi,93,0.3675889328063241,218,0.3132183908045977,1.1735866845559706,0.11836732695544747,False
LONG,10,Micro_OrderFlowDelta:lo,99,0.391304347826087,227,0.3261494252873563,1.199770158973377,0.06398398998676236,False
LONG,10,Micro_PriceAccel:hi,82,0.3241106719367589,191,0.2744252873563218,1.1810525008794985,0.1445799906568661,False
LONG,10,Micro_PriceAccel:lo,94,0.3715415019762846,195,0.2801724137931034,1.3261173608999697,0.008402357402586784,False
LONG,10,Micro_RangeAccel:hi,89,0.35177865612648224,203,0.2916666666666667,1.2060982495765105,0.08045567346750904,False
LONG,10,Micro_RangeAccel:lo,77,0.30434782608695654,169,0.24281609195402298,1.2534087985593003,0.06515325846242687,False
LONG,10,Micro_RangeVelocity:hi,72,0.2845849802371542,196,0.28160919540229884,1.010567072678874,0.9351282423373597,False
LONG,10,Micro_RangeVelocity:lo,74,0.2924901185770751,173,0.24856321839080459,1.1767232516164408,0.18114270195528717,False
LONG,10,Micro_Rejection:hi,52,0.20553359683794467,118,0.16954022988505746,1.2122998593153347,0.2136106603108654,False
LONG,10,Micro_Rejection:lo,57,0.22529644268774704,131,0.1882183908045977,1.1969948405394804,0.2310280528547481,False
LONG,10,Micro_RollProxy:hi,78,0.308300395256917,211,0.3031609195402299,1.016952962553622,0.873612759295483,False
LONG,10,Micro_RollProxy:lo,99,0.391304347826087,213,0.30603448275862066,1.278628291488059,0.015379027701082609,False
LONG,10,Micro_ThrustEff:hi,49,0.19367588932806323,141,0.2025862068965517,0.956017155832142,0.7840285395219957,False
LONG,10,Micro_ThrustEff:lo,42,0.16600790513833993,134,0.1925287356321839,0.8622500147483926,0.39557384530104245,False
LONG,10,Micro_TickIntensity:hi,76,0.30039525691699603,157,0.22557471264367815,1.3316885274791672,0.021172473998473808,False
LONG,10,Micro_TickIntensity:lo,39,0.1541501976284585,133,0.1910919540229885,0.8066807334541888,0.21559093474673613,False
LONG,10,Micro_VPIN:hi,41,0.16205533596837945,141,0.2025862068965517,0.7999327222268944,0.1915546237728282,False
LONG,10,Micro_VPIN:lo,55,0.21739130434782608,122,0.1752873563218391,1.240199572344975,0.15733393358899928,False
LONG,10,Micro_VolAccel:hi,58,0.22924901185770752,147,0.21120689655172414,1.085423892877309,0.5925606666130487,False
LONG,10,Micro_VolAccel:lo,48,0.18972332015810275,147,0.21120689655172414,0.8982818423812212,0.5249546617376264,False
LONG,10,Micro_VolOfVol:hi,56,0.22134387351778656,100,0.14367816091954022,1.5405533596837946,0.005472165291748301,False
LONG,10,Micro_VolOfVol:lo,46,0.18181818181818182,148,0.21264367816091953,0.8550368550368551,0.317723487370295,False
LONG,10,Micro_WickImbalance:hi,69,0.2727272727272727,210,0.3017241379310345,0.9038961038961039,0.42065658738472445,False
LONG,10,Micro_WickImbalance:lo,94,0.3715415019762846,190,0.27298850574712646,1.361015186186811,0.003900230264401983,False
LONG,10,Momentum_Value:hi,152,0.6007905138339921,343,0.492816091954023,1.2190967860888002,0.0033127387277059866,False
LONG,10,Momentum_Value:lo,33,0.13043478260869565,110,0.15804597701149425,0.825296442687747,0.3070207136940395,False
LONG,10,MultiDay_Position:hi,40,0.15810276679841898,188,0.27011494252873564,0.5853166260196787,0.00029550206318657094,True
LONG,10,MultiDay_Position:lo,104,0.41106719367588934,209,0.30028735632183906,1.3689127598010478,0.0017529737035708783,True
LONG,10,MultiDay_Slope:hi,46,0.18181818181818182,156,0.22413793103448276,0.8111888111888111,0.1786368283110779,False
LONG,10,MultiDay_Slope:lo,59,0.233201581027668,194,0.27873563218390807,0.8366407236868914,0.18401594852895653,False
LONG,10,OBV_Macd:hi,44,0.17391304347826086,157,0.22557471264367815,0.7709775685405705,0.08842805858959332,False
LONG,10,OBV_Macd:lo,107,0.42292490118577075,165,0.23706896551724138,1.7839741286381603,4.481520036871015e-08,True
LONG,10,OBV_Velocity:hi,75,0.2964426877470356,136,0.19540229885057472,1.5170890490583584,0.001426056442623469,True
LONG,10,OBV_Velocity:lo,17,0.06719367588932806,69,0.09913793103448276,0.6777796872314831,0.15902681760278586,False
LONG,10,OBVf_DirStepCount:hi,52,0.20553359683794467,121,0.17385057471264367,1.1822428380099959,0.29549715320734815,False
LONG,10,OBVf_DirStepCount:lo,37,0.14624505928853754,124,0.1781609195402299,0.8208593650388881,0.28209893072434417,False
LONG,10,OBVf_Signal:==-1,59,0.233201581027668,224,0.3218390804597701,0.7245906267645399,0.008142333480010517,False
LONG,10,OBVf_Signal:==1,194,0.766798418972332,472,0.6781609195402298,1.1307027533998795,0.008142333480010517,False
LONG,10,OBVf_Trend_Dir:==-1,59,0.233201581027668,224,0.3218390804597701,0.7245906267645399,0.008142333480010517,False
LONG,10,OBVf_Trend_Dir:==1,194,0.766798418972332,472,0.6781609195402298,1.1307027533998795,0.008142333480010517,False
LONG,10,OR_High_Dist_ATR:hi,100,0.3952569169960474,180,0.25862068965517243,1.52832674571805,7.500317546768842e-05,True
LONG,10,OR_High_Dist_ATR:lo,0,0.0,0,0.0,inf,1.0,False
LONG,10,OR_High_Side:==-1,150,0.5928853754940712,319,0.4583333333333333,1.2935680919870645,0.0003116122721566215,True
LONG,10,OR_High_Side:==0,36,0.1422924901185771,192,0.27586206896551724,0.5158102766798419,1.5415789600119366e-05,True
LONG,10,OR_High_Side:==1,67,0.2648221343873518,185,0.26580459770114945,0.996303813695118,1.0,False
LONG,10,OR_Low_Dist_ATR:hi,67,0.2648221343873518,171,0.24568965517241378,1.0778725469800987,0.5540498204269317,False
LONG,10,OR_Low_Dist_ATR:lo,0,0.0,0,0.0,inf,1.0,False
LONG,10,OR_Low_Side:==-1,110,0.43478260869565216,172,0.2471264367816092,1.7593528816986854,5.827408172265794e-08,True
LONG,10,OR_Low_Side:==0,37,0.14624505928853754,192,0.27586206896551724,0.5301383399209486,2.4277874513858374e-05,True
LONG,10,OR_Low_Side:==1,106,0.4189723320158103,332,0.47701149425287354,0.8783275394066385,0.12217152249236318,False
LONG,10,OR_Position:hi,77,0.30434782608695654,219,0.3146551724137931,0.9672424061941632,0.8122169319457515,False
LONG,10,OR_Position:lo,118,0.466403162055336,193,0.27729885057471265,1.6819512994327142,8.620011870479671e-08,True
LONG,10,PoC_Side:==-1,10,0.039525691699604744,29,0.041666666666666664,0.9486166007905139,1.0,False
LONG,10,PoC_Side:==0,1,0.003952569169960474,4,0.005747126436781609,0.6877470355731224,1.0,False
LONG,10,PoC_Side:==1,242,0.9565217391304348,663,0.9525862068965517,1.0041314184536692,0.8633260905771445,False
LONG,10,PrevDay_Close_Dist_ATR:hi,43,0.16996047430830039,126,0.1810344827586207,0.9388292866553736,0.7735391342572384,False
LONG,10,PrevDay_Close_Dist_ATR:lo,71,0.28063241106719367,169,0.24281609195402298,1.1557405804897443,0.23817082350010826,False
LONG,10,PrevDay_Close_Side:==-1,161,0.6363636363636364,333,0.47844827586206895,1.3300573300573302,1.9169188642556e-05,True
LONG,10,PrevDay_Close_Side:==0,0,0.0,0,0.0,inf,1.0,False
LONG,10,PrevDay_Close_Side:==1,92,0.36363636363636365,363,0.521551724137931,0.6972201352366642,1.9169188642556e-05,True
LONG,10,PrevDay_High_Dist_ATR:hi,46,0.18181818181818182,128,0.1839080459770115,0.9886363636363636,1.0,False
LONG,10,PrevDay_High_Dist_ATR:lo,75,0.2964426877470356,196,0.28160919540229884,1.0526740340404936,0.6846346328369302,False
LONG,10,PrevDay_High_Side:==-1,221,0.8735177865612648,531,0.7629310344827587,1.1449498671311493,0.00013860771863164574,True
LONG,10,PrevDay_High_Side:==0,0,0.0,0,0.0,inf,1.0,False
LONG,10,PrevDay_High_Side:==1,32,0.12648221343873517,165,0.23706896551724138,0.5335249730506647,0.00013860771863164574,True
LONG,10,PrevDay_Low_Dist_ATR:hi,20,0.07905138339920949,125,0.17959770114942528,0.44015810276679845,9.26331634316966e-05,True
LONG,10,PrevDay_Low_Dist_ATR:lo,100,0.3952569169960474,199,0.2859195402298851,1.3824061016545175,0.0015710124609041548,True
LONG,10,PrevDay_Low_Side:==-1,82,0.3241106719367589,130,0.1867816091954023,1.7352386743691093,1.391655864698383e-05,True
LONG,10,PrevDay_Low_Side:==0,0,0.0,0,0.0,inf,1.0,False
LONG,10,PrevDay_Low_Side:==1,171,0.6758893280632411,566,0.8132183908045977,0.8311289263816534,1.391655864698383e-05,True
LONG,10,RangeOsc_State:==-1,97,0.383399209486166,187,0.2686781609195402,1.4269831540233773,0.0007617347229862434,True
LONG,10,RangeOsc_State:==-2,45,0.17786561264822134,121,0.17385057471264367,1.0230947636624963,0.9230551788180521,False
LONG,10,RangeOsc_State:==1,71,0.28063241106719367,265,0.3807471264367816,0.7370572003877992,0.004491579032587324,False
LONG,10,RangeOsc_State:==2,40,0.15810276679841898,123,0.17672413793103448,0.8946302901764196,0.5595173692367721,False
LONG,10,RangeOsc_Val:hi,49,0.19367588932806323,143,0.20545977011494254,0.9426462865198042,0.7156870509033265,False
LONG,10,RangeOsc_Val:lo,59,0.233201581027668,99,0.14224137931034483,1.639477781770272,0.0015274343318297948,True
LONG,10,Round_1000_Dist_ATR:hi,12,0.04743083003952569,66,0.09482758620689655,0.5001796622349982,0.022289643175248057,False
LONG,10,Round_1000_Dist_ATR:lo,122,0.48221343873517786,255,0.36637931034482757,1.3161590327830737,0.0016000418165698547,True
LONG,10,Round_100_Dist_ATR:hi,3,0.011857707509881422,64,0.09195402298850575,0.12895256916996048,2.272346584106524e-06,True
LONG,10,Round_100_Dist_ATR:lo,87,0.3438735177865613,206,0.2959770114942529,1.1618250892206148,0.17669071256657276,False
LONG,10,Round_500_Dist_ATR:hi,7,0.02766798418972332,67,0.09626436781609195,0.2874166715827975,0.00029654209729583774,True
LONG,10,Round_500_Dist_ATR:lo,86,0.33992094861660077,209,0.30028735632183906,1.1319855513739434,0.266867209679563,False
LONG,10,ST_Flip_Event:==-1,2,0.007905138339920948,28,0.040229885057471264,0.19649915302089213,0.010433750604826767,False
LONG,10,ST_Flip_Event:==0,245,0.9683794466403162,661,0.9497126436781609,1.0196552115910138,0.2893845948603183,False
LONG,10,ST_Flip_Event:==1,6,0.023715415019762844,7,0.010057471264367816,2.357989836250706,0.12019659811573703,False
LONG,10,Session_High_Dist_ATR:hi,59,0.233201581027668,128,0.1839080459770115,1.2680335968379448,0.09703174921332608,False
LONG,10,Session_High_Dist_ATR:lo,57,0.22529644268774704,158,0.22701149425287356,0.9924450893080502,1.0,False
LONG,10,Session_High_Side:==-1,253,1.0,696,1.0,1.0,1.0,False
LONG,10,Session_High_Side:==0,0,0.0,0,0.0,inf,1.0,False
LONG,10,Session_Low_Dist_ATR:hi,19,0.07509881422924901,107,0.15373563218390804,0.488493221528573,0.0011474316020280892,True
LONG,10,Session_Low_Dist_ATR:lo,39,0.1541501976284585,114,0.16379310344827586,0.9411275223632203,0.765225346409707,False
LONG,10,Session_Low_Side:==0,1,0.003952569169960474,2,0.0028735632183908046,1.375494071146245,1.0,False
LONG,10,Session_Low_Side:==1,252,0.9960474308300395,694,0.9971264367816092,0.9989178845211925,1.0,False
LONG,10,Slope_Accel_LT:hi,87,0.3438735177865613,126,0.1810344827586207,1.8994918125352909,2.6756454568117555e-07,True
LONG,10,Slope_Accel_LT:lo,10,0.039525691699604744,37,0.05316091954022988,0.7435103087277001,0.49879005798315645,False
LONG,10,Slope_Accel_ST:hi,83,0.32806324110671936,159,0.22844827586206898,1.436050413901111,0.002386819038177888,False
LONG,10,Slope_Accel_ST:lo,61,0.24110671936758893,225,0.3232758620689655,0.7458234519104084,0.016295254575352934,False
LONG,10,Slope_EMA_LT:hi,37,0.14624505928853754,169,0.24281609195402298,0.6022873447622611,0.0013074753122103173,True
LONG,10,Slope_EMA_LT:lo,140,0.5533596837944664,207,0.2974137931034483,1.8605716904393652,1.3360288784687396e-12,True
LONG,10,Slope_EMA_ST:hi,135,0.5335968379446641,322,0.46264367816091956,1.15336459381828,0.05631045727884437,False
LONG,10,Slope_EMA_ST:lo,63,0.2490118577075099,132,0.1896551724137931,1.3129716133668703,0.056098390909318736,False
LONG,10,Sqz_State:==-1,152,0.6007905138339921,391,0.5617816091954023,1.0694378455970805,0.29938321017980773,False
LONG,10,Sqz_State:==1,101,0.39920948616600793,305,0.4382183908045977,0.9109829585952182,0.29938321017980773,False
LONG,10,Sqz_Val:hi,143,0.5652173913043478,271,0.38936781609195403,1.4516284293277715,1.966219566048187e-06,True
LONG,10,Sqz_Val:lo,37,0.14624505928853754,129,0.1853448275862069,0.7890431105800164,0.17658710315925763,False
LONG,10,TChan_A15:hi,170,0.6719367588932806,315,0.4525862068965517,1.484660267268963,2.1848325692555013e-09,True
LONG,10,TChan_A15:lo,0,0.0,43,0.0617816091954023,0.0,1.508772445927423e-06,True
LONG,10,Trend_Concordance:==0,40,0.15810276679841898,134,0.1925287356321839,0.8211904902365643,0.25511422445259474,False
LONG,10,Trend_Concordance:==1,213,0.841897233201581,562,0.8074712643678161,1.0426342959222428,0.25511422445259474,False
LONG,10,Trend_Conflict:==0,213,0.841897233201581,562,0.8074712643678161,1.0426342959222428,0.25511422445259474,False
LONG,10,Trend_Conflict:==1,40,0.15810276679841898,134,0.1925287356321839,0.8211904902365643,0.25511422445259474,False
LONG,10,Upper_Wick:hi,102,0.4031620553359684,243,0.34913793103448276,1.1547357634314157,0.12778257259547343,False
LONG,10,Upper_Wick:lo,27,0.1067193675889328,85,0.1221264367816092,0.8738432922576145,0.5703167762026722,False
LONG,10,VAH_Dist_ATR:hi,27,0.1067193675889328,124,0.1781609195402299,0.5990054825959454,0.008830352019876822,False
LONG,10,VAH_Dist_ATR:lo,43,0.16996047430830039,120,0.1724137931034483,0.9857707509881422,1.0,False
LONG,10,VAH_Side:==-1,12,0.04743083003952569,39,0.05603448275862069,0.8464578899361508,0.7448965441430475,False
LONG,10,VAH_Side:==0,1,0.003952569169960474,2,0.0028735632183908046,1.375494071146245,1.0,False
LONG,10,VAH_Side:==1,240,0.9486166007905138,655,0.9410919540229885,1.0079956551911413,0.7524201908093229,False
LONG,10,VAL_Dist_ATR:hi,25,0.09881422924901186,118,0.16954022988505746,0.5828364708246802,0.007419392808537076,False
LONG,10,VAL_Dist_ATR:lo,44,0.17391304347826086,119,0.17097701149425287,1.0171720862257947,0.9226179849841218,False
LONG,10,VAL_Side:==-1,1,0.003952569169960474,6,0.008620689655172414,0.458498023715415,0.6820915733557031,False
LONG,10,VAL_Side:==0,0,0.0,3,0.004310344827586207,0.0,0.5690654733557869,False
LONG,10,VAL_Side:==1,252,0.9960474308300395,687,0.9870689655172413,1.009096087129123,0.3050725602323428,False
LONG,10,VA_Position:hi,60,0.23715415019762845,170,0.2442528735632184,0.9709369913973493,0.8641749876831226,False
LONG,10,VA_Position:lo,34,0.13438735177865613,108,0.15517241379310345,0.8660518225735617,0.4719971152104316,False
LONG,10,VWAP_Dist_ATR:hi,45,0.17786561264822134,116,0.16666666666666666,1.0671936758893281,0.6960981160587182,False
LONG,10,VWAP_Dist_ATR:lo,51,0.2015810276679842,165,0.23706896551724138,0.850305425799497,0.25668304513633616,False
LONG,10,VWAP_Side:==-1,145,0.5731225296442688,303,0.4353448275862069,1.31647947403436,0.0001770883776145723,True
LONG,10,VWAP_Side:==0,0,0.0,0,0.0,inf,1.0,False
LONG,10,VWAP_Side:==1,108,0.4268774703557312,393,0.5646551724137931,0.7559967413933559,0.0001770883776145723,True
LONG,10,VWAP_Sigma:hi,116,0.45849802371541504,233,0.33477011494252873,1.3695906631155745,0.0005997573399803122,True
LONG,10,VWAP_Sigma:lo,16,0.06324110671936758,86,0.1235632183908046,0.511811747403254,0.008734139317295251,False
LONG,10,VWAP_Sigma_ATR:hi,44,0.17391304347826086,103,0.14798850574712644,1.1751794005909666,0.3611099582024963,False
LONG,10,VWAP_Sigma_ATR:lo,66,0.2608695652173913,180,0.25862068965517243,1.008695652173913,0.933461567574593,False
LONG,10,VWAP_Z:hi,24,0.09486166007905138,62,0.08908045977011494,1.0648986357261252,0.7985388602693595,False
LONG,10,VWAP_Z:lo,5,0.019762845849802372,26,0.03735632183908046,0.5290361812100942,0.21792455425798446,False
LONG,10,Volume:hi,183,0.7233201581027668,348,0.5,1.4466403162055337,6.479660567360088e-10,True
LONG,10,Volume:lo,3,0.011857707509881422,57,0.08189655172413793,0.14478884959434157,1.4977038992802821e-05,True
LONG,10,Volume_Avg_10:hi,197,0.7786561264822134,382,0.5488505747126436,1.4187033089832999,6.65066269667915e-11,True
LONG,10,Volume_Avg_10:lo,2,0.007905138339920948,28,0.040229885057471264,0.19649915302089213,0.010433750604826767,False
LONG,10,Volume_Ratio_10:hi,11,0.043478260869565216,47,0.06752873563218391,0.6438482886216466,0.21961882268486704,False
LONG,10,Volume_Ratio_10:lo,52,0.20553359683794467,194,0.27873563218390807,0.7373782649443787,0.02374485707570013,False
LONG,10,WeeklyOpen_Dist_ATR:hi,41,0.16205533596837945,137,0.1968390804597701,0.8232884221459278,0.2591139777115715,False
LONG,10,WeeklyOpen_Dist_ATR:lo,101,0.39920948616600793,223,0.3204022988505747,1.245963239334267,0.02495037376985272,False
LONG,10,WeeklyOpen_Side:==-1,97,0.383399209486166,196,0.28160919540229884,1.3614584173590385,0.0032514395669370087,False
LONG,10,WeeklyOpen_Side:==0,0,0.0,0,0.0,inf,1.0,False
LONG,10,WeeklyOpen_Side:==1,156,0.616600790513834,500,0.7183908045977011,0.858308300395257,0.0032514395669370087,False
SHORT,0,ADX_Rising:==0,20,0.23809523809523808,184,0.28976377952755905,0.8216873706004141,0.3684611125401539,
SHORT,0,ADX_Rising:==1,64,0.7619047619047619,451,0.710236220472441,1.0727483898215604,0.3684611125401539,
SHORT,0,ADX_Value:hi,15,0.17857142857142858,100,0.15748031496062992,1.1339285714285714,0.6348572825400474,
SHORT,0,ADX_Value:lo,14,0.16666666666666666,147,0.231496062992126,0.719954648526077,0.21071094544106084,
SHORT,0,ATR_1M:hi,79,0.9404761904761905,487,0.7669291338582677,1.226288256575731,9.53591922219443e-05,
SHORT,0,ATR_1M:lo,0,0.0,0,0.0,inf,1.0,
SHORT,0,AT_Lookback_LT:hi,23,0.27380952380952384,144,0.22677165354330708,1.2074239417989419,0.3378091445860548,
SHORT,0,AT_Lookback_LT:lo,0,0.0,0,0.0,inf,1.0,
SHORT,0,AT_Lookback_ST:hi,19,0.2261904761904762,147,0.231496062992126,0.9770813087139617,1.0,
SHORT,0,AT_Lookback_ST:lo,0,0.0,0,0.0,inf,1.0,
SHORT,0,AT_Regime_LT:==0,49,0.5833333333333334,367,0.5779527559055118,1.009309718437784,1.0,
SHORT,0,AT_Regime_LT:==1,35,0.4166666666666667,268,0.4220472440944882,0.9872512437810946,1.0,
SHORT,0,AT_Regime_ST:==0,14,0.16666666666666666,157,0.247244094488189,0.6740976645435244,0.13273411474913688,
SHORT,0,AT_Regime_ST:==1,70,0.8333333333333334,478,0.752755905511811,1.1070432357043236,0.13273411474913688,
SHORT,0,AT_Score_LT:hi,30,0.35714285714285715,133,0.2094488188976378,1.7051557465091298,0.0035018218049685237,
SHORT,0,AT_Score_LT:lo,4,0.047619047619047616,38,0.05984251968503937,0.7957393483709273,0.8075098334458175,
SHORT,0,AT_Score_ST:hi,8,0.09523809523809523,48,0.07559055118110236,1.2599206349206349,0.5159602946146709,
SHORT,0,AT_Score_ST:lo,7,0.08333333333333333,43,0.06771653543307087,1.2306201550387597,0.6461498603558975,
SHORT,0,AT_Slope_LT:hi,32,0.38095238095238093,208,0.32755905511811023,1.1630036630036629,0.3275377436037691,
SHORT,0,AT_Slope_LT:lo,13,0.15476190476190477,126,0.1984251968503937,0.7799508692365835,0.38097492449060283,
SHORT,0,AT_Slope_ST:hi,5,0.05952380952380952,55,0.08661417322834646,0.6872294372294372,0.5294918896363312,
SHORT,0,AT_Slope_ST:lo,40,0.47619047619047616,230,0.36220472440944884,1.3146997929606623,0.05454134264963113,
SHORT,0,Bar_Range:hi,79,0.9404761904761905,496,0.7811023622047244,1.2040370583717357,0.00023575608234658197,
SHORT,0,Bar_Range:lo,0,0.0,0,0.0,inf,1.0,
SHORT,0,Bars_Since_Flip:hi,13,0.15476190476190477,99,0.15590551181102363,0.9926647426647426,1.0,
SHORT,0,Bars_Since_Flip:lo,34,0.40476190476190477,276,0.4346456692913386,0.9312456866804694,0.6403633991169322,
SHORT,0,Body_Size:hi,75,0.8928571428571429,490,0.7716535433070866,1.1570699708454812,0.010393187299767506,
SHORT,0,Body_Size:lo,0,0.0,11,0.01732283464566929,0.0,0.6268835984299028,
SHORT,0,D2D_ATR:hi,64,0.7619047619047619,352,0.5543307086614173,1.3744588744588744,0.00024563333463642023,
SHORT,0,D2D_ATR:lo,0,0.0,7,0.011023622047244094,0.0,1.0,
SHORT,0,D2D_ATR_MA:hi,42,0.5,238,0.37480314960629924,1.334033613445378,0.031907577715097654,
SHORT,0,D2D_ATR_MA:lo,2,0.023809523809523808,62,0.09763779527559055,0.24385560675883255,0.023366914868465982,
SHORT,0,D2D_DirStep:==-1,83,0.9880952380952381,610,0.9606299212598425,1.0285909445745511,0.3472662732533607,
SHORT,0,D2D_DirStep:==1,1,0.011904761904761904,25,0.03937007874015748,0.30238095238095236,0.3472662732533607,
SHORT,0,D2D_Dn_Count:hi,37,0.44047619047619047,458,0.721259842519685,0.6107038885423165,5.868990712612195e-07,
SHORT,0,D2D_Dn_Count:lo,0,0.0,0,0.0,inf,1.0,
SHORT,0,D2D_Dynamic_Sensitivity:hi,0,0.0,0,0.0,inf,1.0,
SHORT,0,D2D_Dynamic_Sensitivity:lo,64,0.7619047619047619,332,0.5228346456692914,1.457257601835915,3.5034949452614054e-05,
SHORT,0,D2D_Persist:hi,0,0.0,2,0.0031496062992125984,0.0,1.0,
SHORT,0,D2D_Persist:lo,21,0.25,118,0.1858267716535433,1.3453389830508475,0.18494670277933933,
SHORT,0,D2D_Signal:==-1,36,0.42857142857142855,441,0.694488188976378,0.6171039844509232,3.579675332741865e-06,
SHORT,0,D2D_Signal:==0,48,0.5714285714285714,194,0.30551181102362207,1.8703976435935197,3.579675332741865e-06,
SHORT,0,D2D_Signal:==1,0,0.0,0,0.0,inf,1.0,
SHORT,0,D2D_Up_Count:hi,0,0.0,0,0.0,inf,1.0,
SHORT,0,D2D_Up_Count:lo,0,0.0,0,0.0,inf,1.0,
SHORT,0,DailyOpen_Dist_ATR:hi,5,0.05952380952380952,43,0.06771653543307087,0.8790143964562569,1.0,
SHORT,0,DailyOpen_Dist_ATR:lo,43,0.5119047619047619,258,0.4062992125984252,1.2599206349206347,0.0772593498625516,
SHORT,0,DailyOpen_Side:==-1,43,0.5119047619047619,316,0.49763779527559054,1.0286693791440626,0.8174523906101243,
SHORT,0,DailyOpen_Side:==0,0,0.0,1,0.0015748031496062992,0.0,1.0,
SHORT,0,DailyOpen_Side:==1,41,0.4880952380952381,318,0.5007874015748032,0.974655585504642,0.9076523858380627,
SHORT,0,Dist_To_PoC_ATR:hi,7,0.08333333333333333,57,0.08976377952755905,0.9283625730994152,1.0,
SHORT,0,Dist_To_PoC_ATR:lo,46,0.5476190476190477,258,0.4062992125984252,1.3478220745662606,0.018336998158218286,
SHORT,0,EMA_Oscillator:hi,0,0.0,27,0.04251968503937008,0.0,0.061859316014617506,
SHORT,0,EMA_Oscillator:lo,53,0.6309523809523809,217,0.3417322834645669,1.8463353083168752,5.446725679362657e-07,
SHORT,0,Efficiency_Ratio:hi,44,0.5238095238095238,248,0.3905511811023622,1.341205837173579,0.024329185814775237,
SHORT,0,Efficiency_Ratio:lo,1,0.011904761904761904,16,0.025196850393700787,0.4724702380952381,0.7085736474517902,
SHORT,0,Harmonic_D2D_Concordance:==0,41,0.4880952380952381,429,0.6755905511811023,0.7224719724719725,0.000940107665074933,
SHORT,0,Harmonic_D2D_Concordance:==1,43,0.5119047619047619,206,0.32440944881889766,1.57795885344429,0.000940107665074933,
SHORT,0,Harmonic_LLEMA:hi,0,0.0,11,0.01732283464566929,0.0,0.6268835984299028,
SHORT,0,Harmonic_LLEMA:lo,40,0.47619047619047616,197,0.3102362204724409,1.5349286922890983,0.002997580810123901,
SHORT,0,Harmonic_OBVf_Concordance:==0,50,0.5952380952380952,504,0.7937007874015748,0.7499527588813303,0.00014877820388121455,
SHORT,0,Harmonic_OBVf_Concordance:==1,34,0.40476190476190477,131,0.2062992125984252,1.9620138131588511,0.00014877820388121455,
SHORT,0,KAMA_Dist:hi,1,0.011904761904761904,22,0.03464566929133858,0.3436147186147186,0.5039671584224727,
SHORT,0,KAMA_Dist:lo,62,0.7380952380952381,336,0.5291338582677165,1.3949121315192745,0.00026904628968530325,
SHORT,0,KAMA_Dist_ATR:hi,0,0.0,6,0.009448818897637795,0.0,1.0,
SHORT,0,KAMA_Dist_ATR:lo,13,0.15476190476190477,99,0.15590551181102363,0.9926647426647426,1.0,
SHORT,0,KAMA_Slope:hi,0,0.0,14,0.02204724409448819,0.0,0.39077195556794786,
SHORT,0,KAMA_Slope:lo,53,0.6309523809523809,254,0.4,1.5773809523809523,8.93417955661585e-05,
SHORT,0,Lower_Wick:hi,26,0.30952380952380953,235,0.3700787401574803,0.8363728470111449,0.3341658381071474,
SHORT,0,Lower_Wick:lo,28,0.3333333333333333,91,0.14330708661417324,2.3260073260073257,5.90859702853537e-05,
SHORT,0,Micro_Amihud:hi,47,0.5595238095238095,322,0.5070866141732283,1.1034087548062703,0.41652420786445277,
SHORT,0,Micro_Amihud:lo,2,0.023809523809523808,19,0.029921259842519685,0.7957393483709273,1.0,
SHORT,0,Micro_AutoCorr:hi,28,0.3333333333333333,205,0.3228346456692913,1.032520325203252,0.901357438329589,
SHORT,0,Micro_AutoCorr:lo,9,0.10714285714285714,89,0.14015748031496064,0.7644462279293739,0.49958582557889875,
SHORT,0,Micro_BarEntropy:hi,5,0.05952380952380952,66,0.10393700787401575,0.5726911976911977,0.24509661689198325,
SHORT,0,Micro_BarEntropy:lo,36,0.42857142857142855,259,0.4078740157480315,1.0507446221731935,0.724629411287449,
SHORT,0,Micro_BarOverlap:hi,11,0.13095238095238096,34,0.05354330708661417,2.445728291316527,0.013309498386820563,
SHORT,0,Micro_BarOverlap:lo,42,0.5,349,0.5496062992125984,0.9097421203438396,0.4157932035353119,
SHORT,0,Micro_CSSpread:hi,30,0.35714285714285715,210,0.33070866141732286,1.0799319727891157,0.6243982508866333,
SHORT,0,Micro_CSSpread:lo,12,0.14285714285714285,79,0.12440944881889764,1.1482820976491863,0.602529299464353,
SHORT,0,Micro_Entropy:hi,6,0.07142857142857142,40,0.06299212598425197,1.1339285714285714,0.8113973977170815,
SHORT,0,Micro_Entropy:lo,43,0.5119047619047619,240,0.3779527559055118,1.3544146825396826,0.023528430854952737,
SHORT,0,Micro_FailedBreak:hi,2,0.023809523809523808,17,0.026771653543307086,0.8893557422969187,1.0,
SHORT,0,Micro_FailedBreak:lo,52,0.6190476190476191,428,0.6740157480314961,0.9184468179795282,0.32568152701171116,
SHORT,0,Micro_FractalDim:hi,14,0.16666666666666666,132,0.2078740157480315,0.8017676767676767,0.47045421390006104,
SHORT,0,Micro_FractalDim:lo,16,0.19047619047619047,126,0.1984251968503937,0.9599395313681027,1.0,
SHORT,0,Micro_GarmanKlass:hi,74,0.8809523809523809,448,0.705511811023622,1.248671343537415,0.0004024674049972585,
SHORT,0,Micro_GarmanKlass:lo,1,0.011904761904761904,1,0.0015748031496062992,7.559523809523809,0.22015256410753098,
SHORT,0,Micro_HLAsymmetry:hi,3,0.03571428571428571,34,0.05354330708661417,0.667016806722689,0.6082269713824004,
SHORT,0,Micro_HLAsymmetry:lo,76,0.9047619047619048,539,0.8488188976377953,1.0659068822334128,0.1900697136955265,
SHORT,0,Micro_Hurst:hi,27,0.32142857142857145,100,0.15748031496062992,2.0410714285714286,0.0006462470600359797,
SHORT,0,Micro_Hurst:lo,7,0.08333333333333333,94,0.14803149606299212,0.5629432624113475,0.13213089444314907,
SHORT,0,Micro_IBSP:hi,2,0.023809523809523808,30,0.047244094488188976,0.503968253968254,0.5696532839762569,
SHORT,0,Micro_IBSP:lo,54,0.6428571428571429,328,0.5165354330708661,1.2445557491289199,0.03583852877725703,
SHORT,0,Micro_Lambda:hi,47,0.5595238095238095,374,0.5889763779527559,0.9499936338171632,0.6381712049092585,
SHORT,0,Micro_Lambda:lo,1,0.011904761904761904,29,0.04566929133858268,0.26067323481116583,0.24007083767714252,
SHORT,0,Micro_LogReturn:hi,9,0.10714285714285714,35,0.05511811023622047,1.943877551020408,0.08459210316931659,
SHORT,0,Micro_LogReturn:lo,72,0.8571428571428571,543,0.8551181102362204,1.0023677979479084,1.0,
SHORT,0,Micro_MicroGap:hi,20,0.23809523809523808,74,0.11653543307086614,2.043114543114543,0.005043693026704941,
SHORT,0,Micro_MicroGap:lo,21,0.25,132,0.2078740157480315,1.2026515151515151,0.39502197974703773,
SHORT,0,Micro_MomoTransfer:hi,36,0.42857142857142855,280,0.4409448818897638,0.971938775510204,0.9070019956448399,
SHORT,0,Micro_MomoTransfer:lo,13,0.15476190476190477,144,0.22677165354330708,0.6824570105820106,0.1597952508397834,
SHORT,0,Micro_OrderFlowDelta:hi,10,0.11904761904761904,44,0.06929133858267716,1.718073593073593,0.12040780871018064,
SHORT,0,Micro_OrderFlowDelta:lo,64,0.7619047619047619,438,0.6897637795275591,1.1045879539030223,0.20620532536741706,
SHORT,0,Micro_PriceAccel:hi,22,0.2619047619047619,92,0.14488188976377953,1.807712215320911,0.010133891817491593,
SHORT,0,Micro_PriceAccel:lo,41,0.4880952380952381,360,0.5669291338582677,0.8609457671957672,0.19851096041452676,
SHORT,0,Micro_RangeAccel:hi,31,0.36904761904761907,361,0.568503937007874,0.6491557841973354,0.0006717360713363117,
SHORT,0,Micro_RangeAccel:lo,43,0.5119047619047619,109,0.17165354330708663,2.98219746614242,5.558524261562765e-11,
SHORT,0,Micro_RangeVelocity:hi,42,0.5,395,0.6220472440944882,0.8037974683544303,0.032982855874591356,
SHORT,0,Micro_RangeVelocity:lo,33,0.39285714285714285,106,0.16692913385826771,2.3534366576819408,5.600186627582504e-06,
SHORT,0,Micro_Rejection:hi,8,0.09523809523809523,87,0.13700787401574804,0.6951286261631088,0.39028584400504285,
SHORT,0,Micro_Rejection:lo,17,0.20238095238095238,56,0.08818897637795275,2.2948554421768708,0.0031136889091515157,
SHORT,0,Micro_RollProxy:hi,64,0.7619047619047619,399,0.6283464566929133,1.2125551975176037,0.015572441297911216,
SHORT,0,Micro_RollProxy:lo,16,0.19047619047619047,145,0.2283464566929134,0.8341543513957306,0.48824880340650256,
SHORT,0,Micro_ThrustEff:hi,0,0.0,13,0.02047244094488189,0.0,0.38224650628257767,
SHORT,0,Micro_ThrustEff:lo,70,0.8333333333333334,486,0.7653543307086614,1.0888203017832647,0.21126883412362976,
SHORT,0,Micro_TickIntensity:hi,2,0.023809523809523808,34,0.05354330708661417,0.44467787114845936,0.41971184624583474,
SHORT,0,Micro_TickIntensity:lo,45,0.5357142857142857,352,0.5543307086614173,0.9664163961038961,0.8155536206953753,
SHORT,0,Micro_VPIN:hi,32,0.38095238095238093,180,0.28346456692913385,1.343915343915344,0.07462252970755087,
SHORT,0,Micro_VPIN:lo,15,0.17857142857142858,91,0.14330708661417324,1.2460753532182103,0.41253599554597264,
SHORT,0,Micro_VolAccel:hi,25,0.2976190476190476,254,0.4,0.744047619047619,0.07470086554701763,
SHORT,0,Micro_VolAccel:lo,37,0.44047619047619047,125,0.1968503937007874,2.2376190476190474,2.6724978058184212e-06,
SHORT,0,Micro_VolOfVol:hi,61,0.7261904761904762,342,0.5385826771653544,1.34833611807296,0.0010314206353549216,
SHORT,0,Micro_VolOfVol:lo,6,0.07142857142857142,50,0.07874015748031496,0.9071428571428571,1.0,
SHORT,0,Micro_WickImbalance:hi,38,0.4523809523809524,224,0.352755905511811,1.2824192176870748,0.09078667989913249,
SHORT,0,Micro_WickImbalance:lo,23,0.27380952380952384,120,0.1889763779527559,1.4489087301587302,0.08016638733182384,
SHORT,0,Momentum_Value:hi,0,0.0,15,0.023622047244094488,0.0,0.23865496525622304,
SHORT,0,Momentum_Value:lo,77,0.9166666666666666,449,0.7070866141732284,1.296399406087602,1.1725081876710783e-05,
SHORT,0,MultiDay_Position:hi,32,0.38095238095238093,189,0.29763779527559053,1.2799193751574705,0.13141669572087122,
SHORT,0,MultiDay_Position:lo,24,0.2857142857142857,208,0.32755905511811023,0.8722527472527473,0.5347454564749781,
SHORT,0,MultiDay_Slope:hi,17,0.20238095238095238,111,0.17480314960629922,1.1577649077649077,0.5443608715292925,
SHORT,0,MultiDay_Slope:lo,14,0.16666666666666666,139,0.2188976377952756,0.7613908872901678,0.32154581383419223,
SHORT,0,OBV_Macd:hi,17,0.20238095238095238,193,0.30393700787401573,0.6658647915124599,0.056197065472911444,
SHORT,0,OBV_Macd:lo,17,0.20238095238095238,81,0.12755905511811025,1.5865667254556142,0.0643039639704947,
SHORT,0,OBV_Velocity:hi,5,0.05952380952380952,30,0.047244094488188976,1.2599206349206349,0.589606180072204,
SHORT,0,OBV_Velocity:lo,33,0.39285714285714285,203,0.31968503937007875,1.2288881069669246,0.21596298694847577,
SHORT,0,OBVf_DirStepCount:hi,9,0.10714285714285714,39,0.06141732283464567,1.7445054945054945,0.15735677159831496,
SHORT,0,OBVf_DirStepCount:lo,6,0.07142857142857142,82,0.12913385826771653,0.5531358885017421,0.1565923733675164,
SHORT,0,OBVf_Signal:==-1,54,0.6428571428571429,352,0.5543307086614173,1.1596996753246753,0.12963625355804861,
SHORT,0,OBVf_Signal:==1,30,0.35714285714285715,283,0.4456692913385827,0.8013629480060576,0.12963625355804861,
SHORT,0,OBVf_Trend_Dir:==-1,54,0.6428571428571429,352,0.5543307086614173,1.1596996753246753,0.12963625355804861,
SHORT,0,OBVf_Trend_Dir:==1,30,0.35714285714285715,283,0.4456692913385827,0.8013629480060576,0.12963625355804861,
SHORT,0,OR_High_Dist_ATR:hi,3,0.03571428571428571,78,0.12283464566929134,0.2907509157509157,0.015771975587430334,
SHORT,0,OR_High_Dist_ATR:lo,0,0.0,0,0.0,inf,1.0,
SHORT,0,OR_High_Side:==-1,42,0.5,257,0.4047244094488189,1.235408560311284,0.10036712424588157,
SHORT,0,OR_High_Side:==0,27,0.32142857142857145,241,0.3795275590551181,0.8469176052163605,0.33769499726306246,
SHORT,0,OR_High_Side:==1,15,0.17857142857142858,137,0.215748031496063,0.8276850886339937,0.48000677369548095,
SHORT,0,OR_Low_Dist_ATR:hi,10,0.11904761904761904,79,0.12440944881889764,0.9569017480409885,1.0,
SHORT,0,OR_Low_Dist_ATR:lo,0,0.0,0,0.0,inf,1.0,
SHORT,0,OR_Low_Side:==-1,24,0.2857142857142857,149,0.2346456692913386,1.2176414189837008,0.3413901416571966,
SHORT,0,OR_Low_Side:==0,27,0.32142857142857145,242,0.38110236220472443,0.843417945690673,0.33740992900329503,
SHORT,0,OR_Low_Side:==1,33,0.39285714285714285,244,0.384251968503937,1.022394613583138,0.905311846256621,
SHORT,0,OR_Position:hi,17,0.20238095238095238,155,0.2440944881889764,0.8291090629800307,0.49613395473744326,
SHORT,0,OR_Position:lo,29,0.34523809523809523,177,0.27874015748031494,1.2385660478880818,0.20215921858875602,
SHORT,0,PoC_Side:==-1,4,0.047619047619047616,81,0.12755905511811025,0.37330981775426214,0.030711698054391876,
SHORT,0,PoC_Side:==0,27,0.32142857142857145,74,0.11653543307086614,2.7582046332046333,5.417336297349322e-06,
SHORT,0,PoC_Side:==1,53,0.6309523809523809,480,0.7559055118110236,0.8346974206349206,0.016991428778059293,
SHORT,0,PrevDay_Close_Dist_ATR:hi,3,0.03571428571428571,47,0.07401574803149606,0.48252279635258355,0.2553929905425307,
SHORT,0,PrevDay_Close_Dist_ATR:lo,45,0.5357142857142857,262,0.4125984251968504,1.298391494002181,0.03490943989130424,
SHORT,0,PrevDay_Close_Side:==-1,46,0.5476190476190477,340,0.5354330708661418,1.0227591036414565,0.9074303561025312,
SHORT,0,PrevDay_Close_Side:==0,0,0.0,0,0.0,inf,1.0,
SHORT,0,PrevDay_Close_Side:==1,38,0.4523809523809524,295,0.4645669291338583,0.9737691686844229,0.9074303561025312,
SHORT,0,PrevDay_High_Dist_ATR:hi,2,0.023809523809523808,35,0.05511811023622047,0.43197278911564624,0.2980093407621101,
SHORT,0,PrevDay_High_Dist_ATR:lo,58,0.6904761904761905,277,0.43622047244094486,1.582860581055527,1.3049171819262827e-05,
SHORT,0,PrevDay_High_Side:==-1,54,0.6428571428571429,479,0.7543307086614173,0.8522218908440204,0.033749789602545134,
SHORT,0,PrevDay_High_Side:==0,0,0.0,0,0.0,inf,1.0,
SHORT,0,PrevDay_High_Side:==1,30,0.35714285714285715,156,0.24566929133858267,1.4537545787545787,0.033749789602545134,
SHORT,0,PrevDay_Low_Dist_ATR:hi,6,0.07142857142857142,37,0.05826771653543307,1.2258687258687258,0.6235242589603461,
SHORT,0,PrevDay_Low_Dist_ATR:lo,41,0.4880952380952381,295,0.4645669291338583,1.0506456820016141,0.7276048671514294,
SHORT,0,PrevDay_Low_Side:==-1,16,0.19047619047619047,164,0.25826771653543307,0.7375145180023228,0.22720116200603854,
SHORT,0,PrevDay_Low_Side:==0,0,0.0,0,0.0,inf,1.0,
SHORT,0,PrevDay_Low_Side:==1,68,0.8095238095238095,471,0.7417322834645669,1.091396218784754,0.22720116200603854,
SHORT,0,RangeOsc_State:==-1,56,0.6666666666666666,290,0.4566929133858268,1.4597701149425286,0.0003009931322885104,
SHORT,0,RangeOsc_State:==-2,8,0.09523809523809523,117,0.18425196850393702,0.5168905168905168,0.04600937476586928,
SHORT,0,RangeOsc_State:==1,3,0.03571428571428571,121,0.19055118110236222,0.18742621015348285,9.509163012113518e-05,
SHORT,0,RangeOsc_State:==2,17,0.20238095238095238,107,0.16850393700787403,1.2010458388963061,0.4432483657852371,
SHORT,0,RangeOsc_Val:hi,2,0.023809523809523808,55,0.08661417322834646,0.27489177489177485,0.050679518832890874,
SHORT,0,RangeOsc_Val:lo,44,0.5238095238095238,201,0.3165354330708661,1.6548211324330728,0.0003285537887587805,
SHORT,0,Round_1000_Dist_ATR:hi,1,0.011904761904761904,8,0.012598425196850394,0.9449404761904762,1.0,
SHORT,0,Round_1000_Dist_ATR:lo,57,0.6785714285714286,314,0.494488188976378,1.372270245677889,0.0016327257159192698,
SHORT,0,Round_100_Dist_ATR:hi,0,0.0,3,0.004724409448818898,0.0,1.0,
SHORT,0,Round_100_Dist_ATR:lo,49,0.5833333333333334,306,0.4818897637795276,1.2105119825708062,0.08294484693633715,
SHORT,0,Round_500_Dist_ATR:hi,0,0.0,12,0.01889763779527559,0.0,0.3782351490014483,
SHORT,0,Round_500_Dist_ATR:lo,56,0.6666666666666666,278,0.4377952755905512,1.5227817745803356,0.00010324007152344474,
SHORT,0,ST_Flip_Event:==-1,17,0.20238095238095238,105,0.16535433070866143,1.223922902494331,0.4385990007223024,
SHORT,0,ST_Flip_Event:==0,67,0.7976190476190477,528,0.831496062992126,0.9592577561327562,0.4432483657852371,
SHORT,0,ST_Flip_Event:==1,0,0.0,2,0.0031496062992125984,0.0,1.0,
SHORT,0,Session_High_Dist_ATR:hi,0,0.0,32,0.050393700787401574,0.0,0.041809311928751196,
SHORT,0,Session_High_Dist_ATR:lo,39,0.4642857142857143,197,0.3102362204724409,1.496555474981871,0.006317470825485143,
SHORT,0,Session_High_Side:==-1,84,1.0,632,0.9952755905511811,1.004746835443038,1.0,
SHORT,0,Session_High_Side:==0,0,0.0,3,0.004724409448818898,0.0,1.0,
SHORT,0,Session_Low_Dist_ATR:hi,5,0.05952380952380952,39,0.06141732283464567,0.9691697191697192,1.0,
SHORT,0,Session_Low_Dist_ATR:lo,46,0.5476190476190477,281,0.44251968503937006,1.2375021182850365,0.08019239249883274,
SHORT,0,Session_Low_Side:==0,12,0.14285714285714285,13,0.02047244094488189,6.978021978021978,4.457586621460109e-06,
SHORT,0,Session_Low_Side:==1,72,0.8571428571428571,622,0.9795275590551181,0.8750574184657786,4.457586621460109e-06,
SHORT,0,Slope_Accel_LT:hi,1,0.011904761904761904,36,0.05669291338582677,0.20998677248677247,0.11042977846699303,
SHORT,0,Slope_Accel_LT:lo,20,0.23809523809523808,71,0.11181102362204724,2.129443326626425,0.0025196379910567834,
SHORT,0,Slope_Accel_ST:hi,3,0.03571428571428571,36,0.05669291338582677,0.6299603174603174,0.6085397151060561,
SHORT,0,Slope_Accel_ST:lo,61,0.7261904761904762,397,0.6251968503937008,1.1615389228739355,0.07159884732278504,
SHORT,0,Slope_EMA_LT:hi,33,0.39285714285714285,209,0.3291338582677165,1.1936090225563911,0.26918310605376256,
SHORT,0,Slope_EMA_LT:lo,13,0.15476190476190477,125,0.1968503937007874,0.7861904761904762,0.46065922974079243,
SHORT,0,Slope_EMA_ST:hi,8,0.09523809523809523,74,0.11653543307086614,0.8172458172458172,0.7149946263952434,
SHORT,0,Slope_EMA_ST:lo,29,0.34523809523809523,136,0.2141732283464567,1.6119572829131652,0.012288092753969155,
SHORT,0,Sqz_State:==-1,63,0.75,458,0.721259842519685,1.0398471615720524,0.6966809772382676,
SHORT,0,Sqz_State:==1,21,0.25,177,0.27874015748031494,0.8968926553672317,0.6966809772382676,
SHORT,0,Sqz_Val:hi,1,0.011904761904761904,16,0.025196850393700787,0.4724702380952381,0.7085736474517902,
SHORT,0,Sqz_Val:lo,58,0.6904761904761905,342,0.5385826771653544,1.282024505708716,0.009879223770010617,
SHORT,0,TChan_A15:hi,14,0.16666666666666666,152,0.23937007874015748,0.6962719298245613,0.16790396088650766,
SHORT,0,TChan_A15:lo,15,0.17857142857142858,119,0.18740157480314962,0.9528811524609844,1.0,
SHORT,0,Trend_Concordance:==0,30,0.35714285714285715,283,0.4456692913385827,0.8013629480060576,0.12963625355804861,
SHORT,0,Trend_Concordance:==1,54,0.6428571428571429,352,0.5543307086614173,1.1596996753246753,0.12963625355804861,
SHORT,0,Trend_Conflict:==0,54,0.6428571428571429,352,0.5543307086614173,1.1596996753246753,0.12963625355804861,
SHORT,0,Trend_Conflict:==1,30,0.35714285714285715,283,0.4456692913385827,0.8013629480060576,0.12963625355804861,
SHORT,0,Upper_Wick:hi,43,0.5119047619047619,163,0.2566929133858268,1.9942302074203913,4.404623921692534e-06,
SHORT,0,Upper_Wick:lo,14,0.16666666666666666,139,0.2188976377952756,0.7613908872901678,0.32154581383419223,
SHORT,0,VAH_Dist_ATR:hi,8,0.09523809523809523,60,0.09448818897637795,1.007936507936508,1.0,
SHORT,0,VAH_Dist_ATR:lo,44,0.5238095238095238,254,0.4,1.3095238095238095,0.03399535631372713,
SHORT,0,VAH_Side:==-1,10,0.11904761904761904,104,0.16377952755905512,0.7268772893772893,0.3423656589057343,
SHORT,0,VAH_Side:==0,23,0.27380952380952384,59,0.09291338582677165,2.946933010492333,1.1346789392003037e-05,
SHORT,0,VAH_Side:==1,51,0.6071428571428571,472,0.7433070866141732,0.8168129539951573,0.012713079279231512,
SHORT,0,VAL_Dist_ATR:hi,6,0.07142857142857142,53,0.08346456692913386,0.8557951482479784,0.8344584921812828,
SHORT,0,VAL_Dist_ATR:lo,50,0.5952380952380952,280,0.4409448818897638,1.3499149659863945,0.010060225649060029,
SHORT,0,VAL_Side:==-1,0,0.0,4,0.006299212598425197,0.0,1.0,
SHORT,0,VAL_Side:==0,28,0.3333333333333333,100,0.15748031496062992,2.1166666666666667,0.00021794841107060497,
SHORT,0,VAL_Side:==1,56,0.6666666666666666,531,0.8362204724409449,0.7972379158819837,0.00045106392004551967,
SHORT,0,VA_Position:hi,20,0.23809523809523808,138,0.2173228346456693,1.095583160800552,0.6747212796986481,
SHORT,0,VA_Position:lo,35,0.4166666666666667,197,0.3102362204724409,1.3430626057529613,0.061937482078159245,
SHORT,0,VWAP_Dist_ATR:hi,6,0.07142857142857142,45,0.07086614173228346,1.007936507936508,1.0,
SHORT,0,VWAP_Dist_ATR:lo,40,0.47619047619047616,254,0.4,1.1904761904761902,0.19495096526268507,
SHORT,0,VWAP_Side:==-1,44,0.5238095238095238,313,0.49291338582677163,1.062680663319641,0.6429325725823403,
SHORT,0,VWAP_Side:==0,2,0.023809523809523808,18,0.028346456692913385,0.8399470899470899,1.0,
SHORT,0,VWAP_Side:==1,38,0.4523809523809524,304,0.47874015748031495,0.9449404761904762,0.7275096399082315,
SHORT,0,VWAP_Sigma:hi,22,0.2619047619047619,167,0.262992125984252,0.9958654120330768,1.0,
SHORT,0,VWAP_Sigma:lo,18,0.21428571428571427,124,0.1952755905511811,1.0973502304147464,0.6634104284600391,
SHORT,0,VWAP_Sigma_ATR:hi,4,0.047619047619047616,31,0.048818897637795275,0.9754224270353302,1.0,
SHORT,0,VWAP_Sigma_ATR:lo,70,0.8333333333333334,363,0.5716535433070866,1.457759412304867,2.4708816418686756e-06,
SHORT,0,VWAP_Z:hi,1,0.011904761904761904,25,0.03937007874015748,0.30238095238095236,0.3472662732533607,
SHORT,0,VWAP_Z:lo,22,0.2619047619047619,80,0.12598425196850394,2.078869047619048,0.002268041809690318,
SHORT,0,Volume:hi,64,0.7619047619047619,332,0.5228346456692914,1.457257601835915,3.5034949452614054e-05,
SHORT,0,Volume:lo,1,0.011904761904761904,21,0.03307086614173228,0.3599773242630385,0.4988966305339195,
SHORT,0,Volume_Avg_10:hi,32,0.38095238095238093,190,0.2992125984251969,1.2731829573934836,0.1328791822677272,
SHORT,0,Volume_Avg_10:lo,10,0.11904761904761904,109,0.17165354330708663,0.6935342944517255,0.2744010427749597,
SHORT,0,Volume_Ratio_10:hi,67,0.7976190476190477,380,0.5984251968503937,1.3328634085213031,0.00030384466958701176,
SHORT,0,Volume_Ratio_10:lo,2,0.023809523809523808,17,0.026771653543307086,0.8893557422969187,1.0,
SHORT,0,WeeklyOpen_Dist_ATR:hi,6,0.07142857142857142,45,0.07086614173228346,1.007936507936508,1.0,
SHORT,0,WeeklyOpen_Dist_ATR:lo,44,0.5238095238095238,296,0.46614173228346456,1.1237129987129988,0.3528864398984589,
SHORT,0,WeeklyOpen_Side:==-1,28,0.3333333333333333,202,0.31811023622047246,1.0478547854785478,0.8038340402651938,
SHORT,0,WeeklyOpen_Side:==0,0,0.0,0,0.0,inf,1.0,
SHORT,0,WeeklyOpen_Side:==1,56,0.6666666666666666,433,0.6818897637795276,0.9776751347190146,0.8038340402651938,
SHORT,1,ADX_Rising:==0,15,0.17857142857142858,159,0.2503937007874016,0.713162623539982,0.17540836308671187,False
SHORT,1,ADX_Rising:==1,69,0.8214285714285714,476,0.7496062992125985,1.0958133253301319,0.17540836308671187,False
SHORT,1,ADX_Value:hi,20,0.23809523809523808,106,0.16692913385826771,1.426325247079964,0.125646880002732,False
SHORT,1,ADX_Value:lo,11,0.13095238095238096,107,0.16850393700787403,0.7771473075211393,0.4363651416204909,False
SHORT,1,ATR_1M:hi,75,0.8928571428571429,442,0.6960629921259842,1.2827246283128637,8.417302766029137e-05,True
SHORT,1,ATR_1M:lo,0,0.0,1,0.0015748031496062992,0.0,1.0,False
SHORT,1,AT_Lookback_LT:hi,23,0.27380952380952384,146,0.22992125984251968,1.190883887801696,0.4111558174957146,False
SHORT,1,AT_Lookback_LT:lo,0,0.0,0,0.0,inf,1.0,False
SHORT,1,AT_Lookback_ST:hi,27,0.32142857142857145,181,0.28503937007874014,1.1276637726913972,0.5224094519652165,False
SHORT,1,AT_Lookback_ST:lo,0,0.0,0,0.0,inf,1.0,False
SHORT,1,AT_Regime_LT:==0,48,0.5714285714285714,365,0.5748031496062992,0.9941291585127201,1.0,False
SHORT,1,AT_Regime_LT:==1,36,0.42857142857142855,270,0.4251968503937008,1.007936507936508,1.0,False
SHORT,1,AT_Regime_ST:==0,12,0.14285714285714285,111,0.17480314960629922,0.8172458172458171,0.5393096877485655,False
SHORT,1,AT_Regime_ST:==1,72,0.8571428571428571,524,0.8251968503937008,1.0387131952017448,0.5393096877485655,False
SHORT,1,AT_Score_LT:hi,29,0.34523809523809523,127,0.2,1.726190476190476,0.004440437082368439,False
SHORT,1,AT_Score_LT:lo,4,0.047619047619047616,38,0.05984251968503937,0.7957393483709273,0.8075098334458175,False
SHORT,1,AT_Score_ST:hi,5,0.05952380952380952,40,0.06299212598425197,0.9449404761904762,1.0,False
SHORT,1,AT_Score_ST:lo,7,0.08333333333333333,61,0.09606299212598425,0.8674863387978141,0.8438609331175957,False
SHORT,1,AT_Slope_LT:hi,31,0.36904761904761907,205,0.3228346456692913,1.1431475029036007,0.3899715112072575,False
SHORT,1,AT_Slope_LT:lo,13,0.15476190476190477,129,0.2031496062992126,0.761812476928756,0.38109058727804873,False
SHORT,1,AT_Slope_ST:hi,4,0.047619047619047616,51,0.08031496062992126,0.5929038281979458,0.3837592654996572,False
SHORT,1,AT_Slope_ST:lo,50,0.5952380952380952,312,0.49133858267716535,1.2114621489621489,0.08180786229967507,False
SHORT,1,Bar_Range:hi,68,0.8095238095238095,328,0.5165354330708661,1.5672183507549362,1.7814086043756502e-07,True
SHORT,1,Bar_Range:lo,0,0.0,12,0.01889763779527559,0.0,0.3782351490014483,False
SHORT,1,Bars_Since_Flip:hi,13,0.15476190476190477,95,0.14960629921259844,1.0344611528822054,0.8715782731121038,False
SHORT,1,Bars_Since_Flip:lo,33,0.39285714285714285,272,0.4283464566929134,0.9171481092436975,0.5590848748378284,False
SHORT,1,Body_Size:hi,47,0.5595238095238095,261,0.4110236220472441,1.3612935595694218,0.013370859625740021,False
SHORT,1,Body_Size:lo,9,0.10714285714285714,62,0.09763779527559055,1.0973502304147464,0.7015400714789164,False
SHORT,1,D2D_ATR:hi,70,0.8333333333333334,360,0.5669291338582677,1.4699074074074074,1.4249875971898816e-06,True
SHORT,1,D2D_ATR:lo,0,0.0,7,0.011023622047244094,0.0,1.0,False
SHORT,1,D2D_ATR_MA:hi,52,0.6190476190476191,262,0.4125984251968504,1.500363504180298,0.000411256108777466,True
SHORT,1,D2D_ATR_MA:lo,1,0.011904761904761904,39,0.06141732283464567,0.19383394383394384,0.07358219517103895,False
SHORT,1,D2D_DirStep:==-1,83,0.9880952380952381,599,0.9433070866141732,1.0474799268622308,0.11042977846699303,False
SHORT,1,D2D_DirStep:==1,1,0.011904761904761904,36,0.05669291338582677,0.20998677248677247,0.11042977846699303,False
SHORT,1,D2D_Dn_Count:hi,1,0.011904761904761904,11,0.01732283464566929,0.6872294372294372,1.0,False
SHORT,1,D2D_Dn_Count:lo,0,0.0,0,0.0,inf,1.0,False
SHORT,1,D2D_Dynamic_Sensitivity:hi,0,0.0,0,0.0,inf,1.0,False
SHORT,1,D2D_Dynamic_Sensitivity:lo,50,0.5952380952380952,215,0.33858267716535434,1.7580287929125138,1.0630753508533714e-05,True
SHORT,1,D2D_Persist:hi,0,0.0,2,0.0031496062992125984,0.0,1.0,False
SHORT,1,D2D_Persist:lo,25,0.2976190476190476,151,0.2377952755905512,1.2515767896562597,0.22716887716190087,False
SHORT,1,D2D_Signal:==-1,0,0.0,0,0.0,inf,1.0,False
SHORT,1,D2D_Signal:==0,84,1.0,628,0.988976377952756,1.0111464968152866,1.0,False
SHORT,1,D2D_Signal:==1,0,0.0,7,0.011023622047244094,0.0,1.0,False
SHORT,1,D2D_Up_Count:hi,0,0.0,7,0.011023622047244094,0.0,1.0,False
SHORT,1,D2D_Up_Count:lo,0,0.0,0,0.0,inf,1.0,False
SHORT,1,DailyOpen_Dist_ATR:hi,4,0.047619047619047616,53,0.08346456692913386,0.5705300988319856,0.38729657615405033,False
SHORT,1,DailyOpen_Dist_ATR:lo,43,0.5119047619047619,238,0.37480314960629924,1.3657963185274107,0.017408171769413186,False
SHORT,1,DailyOpen_Side:==-1,43,0.5119047619047619,308,0.48503937007874015,1.0553880643166356,0.6446820358461892,False
SHORT,1,DailyOpen_Side:==0,0,0.0,0,0.0,inf,1.0,False
SHORT,1,DailyOpen_Side:==1,41,0.4880952380952381,327,0.5149606299212598,0.9478302024173585,0.6446820358461892,False
SHORT,1,Dist_To_PoC_ATR:hi,8,0.09523809523809523,59,0.09291338582677165,1.0250201775625505,1.0,False
SHORT,1,Dist_To_PoC_ATR:lo,47,0.5595238095238095,242,0.38110236220472443,1.4681719795356158,0.002039721286510466,False
SHORT,1,EMA_Oscillator:hi,0,0.0,19,0.029921259842519685,0.0,0.15119270474714022,False
SHORT,1,EMA_Oscillator:lo,65,0.7738095238095238,319,0.5023622047244094,1.5403418420659802,2.2211466793436627e-06,True
SHORT,1,Efficiency_Ratio:hi,42,0.5,230,0.36220472440944884,1.3804347826086956,0.01662405313419935,False
SHORT,1,Efficiency_Ratio:lo,3,0.03571428571428571,37,0.05826771653543307,0.6129343629343629,0.6106090446085437,False
SHORT,1,Harmonic_D2D_Concordance:==0,34,0.40476190476190477,421,0.662992125984252,0.6105078611016853,6.6122520182966805e-06,True
SHORT,1,Harmonic_D2D_Concordance:==1,50,0.5952380952380952,214,0.33700787401574805,1.766243880729862,6.6122520182966805e-06,True
SHORT,1,Harmonic_LLEMA:hi,0,0.0,14,0.02204724409448819,0.0,0.39077195556794786,False
SHORT,1,Harmonic_LLEMA:lo,47,0.5595238095238095,196,0.30866141732283464,1.812742954324587,1.2489496659377028e-05,True
SHORT,1,Harmonic_OBVf_Concordance:==0,44,0.5238095238095238,480,0.7559055118110236,0.6929563492063493,2.100689769287156e-05,True
SHORT,1,Harmonic_OBVf_Concordance:==1,40,0.47619047619047616,155,0.2440944881889764,1.9508448540706604,2.100689769287156e-05,True
SHORT,1,KAMA_Dist:hi,1,0.011904761904761904,29,0.04566929133858268,0.26067323481116583,0.24007083767714252,False
SHORT,1,KAMA_Dist:lo,62,0.7380952380952381,323,0.5086614173228347,1.4510541058528674,6.57808184409306e-05,True
SHORT,1,KAMA_Dist_ATR:hi,0,0.0,8,0.012598425196850394,0.0,0.6059835906354426,False
SHORT,1,KAMA_Dist_ATR:lo,18,0.21428571428571427,112,0.1763779527559055,1.214923469387755,0.4500722629757812,False
SHORT,1,KAMA_Slope:hi,0,0.0,23,0.03622047244094488,0.0,0.0964110211352685,False
SHORT,1,KAMA_Slope:lo,53,0.6309523809523809,246,0.38740157480314963,1.6286778939217963,3.0226600822810003e-05,True
SHORT,1,Lower_Wick:hi,37,0.44047619047619047,257,0.4047244094488189,1.088336112655179,0.5559971904568444,False
SHORT,1,Lower_Wick:lo,11,0.13095238095238096,80,0.12598425196850394,1.039434523809524,0.8621153125930134,False
SHORT,1,Micro_Amihud:hi,48,0.5714285714285714,293,0.46141732283464565,1.2384202827888835,0.0632000681446532,False
SHORT,1,Micro_Amihud:lo,3,0.03571428571428571,32,0.050393700787401574,0.7087053571428571,0.7875916970341756,False
SHORT,1,Micro_AutoCorr:hi,20,0.23809523809523808,142,0.22362204724409449,1.0647216633132126,0.7814398560213518,False
SHORT,1,Micro_AutoCorr:lo,8,0.09523809523809523,125,0.1968503937007874,0.48380952380952374,0.02436428856770379,False
SHORT,1,Micro_BarEntropy:hi,15,0.17857142857142858,125,0.1968503937007874,0.9071428571428571,0.7705678402523883,False
SHORT,1,Micro_BarEntropy:lo,17,0.20238095238095238,138,0.2173228346456693,0.9312456866804694,0.8877645774397207,False
SHORT,1,Micro_BarOverlap:hi,26,0.30952380952380953,210,0.33070866141732286,0.9359410430839002,0.8048205980420713,False
SHORT,1,Micro_BarOverlap:lo,19,0.2261904761904762,115,0.18110236220472442,1.2489648033126293,0.30104816301021914,False
SHORT,1,Micro_CSSpread:hi,30,0.35714285714285715,223,0.35118110236220473,1.0169762972453555,0.9038608195996162,False
SHORT,1,Micro_CSSpread:lo,13,0.15476190476190477,72,0.11338582677165354,1.3649140211640212,0.28035222896387374,False
SHORT,1,Micro_Entropy:hi,9,0.10714285714285714,46,0.07244094488188976,1.4790372670807452,0.27301960551789567,False
SHORT,1,Micro_Entropy:lo,39,0.4642857142857143,205,0.3228346456692913,1.4381533101045298,0.01378931682532129,False
SHORT,1,Micro_FailedBreak:hi,9,0.10714285714285714,94,0.14803149606299212,0.7237841945288753,0.40700281485217604,False
SHORT,1,Micro_FailedBreak:lo,18,0.21428571428571427,103,0.16220472440944883,1.3210818307905685,0.27613166620997914,False
SHORT,1,Micro_FractalDim:hi,2,0.023809523809523808,60,0.09448818897637795,0.251984126984127,0.035580872181471705,False
SHORT,1,Micro_FractalDim:lo,26,0.30952380952380953,212,0.33385826771653543,0.9271114106019767,0.712278750694735,False
SHORT,1,Micro_GarmanKlass:hi,67,0.7976190476190477,345,0.5433070866141733,1.4680814354727398,6.149299220357348e-06,True
SHORT,1,Micro_GarmanKlass:lo,0,0.0,16,0.025196850393700787,0.0,0.23942380823536344,False
SHORT,1,Micro_HLAsymmetry:hi,10,0.11904761904761904,71,0.11181102362204724,1.0647216633132126,0.8542313364638219,False
SHORT,1,Micro_HLAsymmetry:lo,60,0.7142857142857143,379,0.5968503937007874,1.1967583867320015,0.04281203077972147,False
SHORT,1,Micro_Hurst:hi,27,0.32142857142857145,121,0.19055118110236222,1.686835891381346,0.00911493523866212,False
SHORT,1,Micro_Hurst:lo,8,0.09523809523809523,98,0.15433070866141732,0.6171039844509232,0.1896509887235624,False
SHORT,1,Micro_IBSP:hi,15,0.17857142857142858,145,0.2283464566929134,0.7820197044334976,0.3318523579136245,False
SHORT,1,Micro_IBSP:lo,20,0.23809523809523808,117,0.18425196850393702,1.2922262922262922,0.23877300995654224,False
SHORT,1,Micro_Lambda:hi,22,0.2619047619047619,145,0.2283464566929134,1.1469622331691298,0.4934362435553482,False
SHORT,1,Micro_Lambda:lo,18,0.21428571428571427,119,0.18740157480314962,1.1434573829531811,0.555438483396957,False
SHORT,1,Micro_LogReturn:hi,31,0.36904761904761907,212,0.33385826771653543,1.1054020664869721,0.5405032824670253,False
SHORT,1,Micro_LogReturn:lo,30,0.35714285714285715,180,0.28346456692913385,1.2599206349206349,0.16269238865020091,False
SHORT,1,Micro_MicroGap:hi,15,0.17857142857142858,104,0.16377952755905512,1.090315934065934,0.754742018566793,False
SHORT,1,Micro_MicroGap:lo,18,0.21428571428571427,104,0.16377952755905512,1.308379120879121,0.2779319548057533,False
SHORT,1,Micro_MomoTransfer:hi,12,0.14285714285714285,61,0.09606299212598425,1.48711943793911,0.1805658592559538,False
SHORT,1,Micro_MomoTransfer:lo,2,0.023809523809523808,55,0.08661417322834646,0.27489177489177485,0.050679518832890874,False
SHORT,1,Micro_OrderFlowDelta:hi,30,0.35714285714285715,227,0.35748031496062993,0.999056010069226,1.0,False
SHORT,1,Micro_OrderFlowDelta:lo,33,0.39285714285714285,188,0.29606299212598425,1.3269376899696048,0.07841738555281083,False
SHORT,1,Micro_PriceAccel:hi,57,0.6785714285714286,454,0.7149606299212599,0.9491032095657647,0.5224094519652165,False
SHORT,1,Micro_PriceAccel:lo,16,0.19047619047619047,55,0.08661417322834646,2.199134199134199,0.005590380191256281,False
SHORT,1,Micro_RangeAccel:hi,27,0.32142857142857145,99,0.15590551181102363,2.061688311688312,0.0006174964739869794,True
SHORT,1,Micro_RangeAccel:lo,47,0.5595238095238095,409,0.6440944881889764,0.8686983350797531,0.14806971297768143,False
SHORT,1,Micro_RangeVelocity:hi,15,0.17857142857142858,93,0.14645669291338584,1.2192780337941627,0.41949564517509746,False
SHORT,1,Micro_RangeVelocity:lo,58,0.6904761904761905,399,0.6283464566929133,1.0988781477503282,0.28035676872853815,False
SHORT,1,Micro_Rejection:hi,12,0.14285714285714285,129,0.2031496062992126,0.7032115171650054,0.24156443133159156,False
SHORT,1,Micro_Rejection:lo,18,0.21428571428571427,121,0.19055118110236222,1.1245572609208971,0.6589794704169587,False
SHORT,1,Micro_RollProxy:hi,34,0.40476190476190477,259,0.4078740157480315,0.9923699209413495,1.0,False
SHORT,1,Micro_RollProxy:lo,41,0.4880952380952381,271,0.4267716535433071,1.1436917940607978,0.2940618668248425,False
SHORT,1,Micro_ThrustEff:hi,0,0.0,23,0.03622047244094488,0.0,0.0964110211352685,False
SHORT,1,Micro_ThrustEff:lo,60,0.7142857142857143,374,0.5889763779527559,1.2127578304048892,0.03225743866702518,False
SHORT,1,Micro_TickIntensity:hi,9,0.10714285714285714,106,0.16692913385826771,0.6418463611859838,0.20435239071732986,False
SHORT,1,Micro_TickIntensity:lo,31,0.36904761904761907,163,0.2566929133858268,1.4377008472100496,0.03597112083814027,False
SHORT,1,Micro_VPIN:hi,29,0.34523809523809523,193,0.30393700787401573,1.135886997285961,0.4522645423644117,False
SHORT,1,Micro_VPIN:lo,16,0.19047619047619047,95,0.14960629921259844,1.2731829573934836,0.3357366663009191,False
SHORT,1,Micro_VolAccel:hi,19,0.2261904761904762,110,0.1732283464566929,1.3057359307359309,0.2290279606256872,False
SHORT,1,Micro_VolAccel:lo,39,0.4642857142857143,273,0.42992125984251967,1.0799319727891157,0.560069938972003,False
SHORT,1,Micro_VolOfVol:hi,62,0.7380952380952381,331,0.521259842519685,1.4159833117537046,0.00016771609244339868,True
SHORT,1,Micro_VolOfVol:lo,6,0.07142857142857142,56,0.08818897637795275,0.8099489795918366,0.8356159066637636,False
SHORT,1,Micro_WickImbalance:hi,32,0.38095238095238093,224,0.352755905511811,1.0799319727891157,0.628796833661327,False
SHORT,1,Micro_WickImbalance:lo,18,0.21428571428571427,141,0.2220472440944882,0.9650455927051671,1.0,False
SHORT,1,Momentum_Value:hi,0,0.0,20,0.031496062992125984,0.0,0.1530368053074551,False
SHORT,1,Momentum_Value:lo,75,0.8928571428571429,438,0.6897637795275591,1.2944390084801045,5.298295135209353e-05,True
SHORT,1,MultiDay_Position:hi,32,0.38095238095238093,187,0.29448818897637796,1.2936083524318818,0.12947666553987278,False
SHORT,1,MultiDay_Position:lo,25,0.2976190476190476,201,0.3165354330708661,0.9402392797915187,0.802934126239031,False
SHORT,1,MultiDay_Slope:hi,17,0.20238095238095238,109,0.17165354330708663,1.1790083005679335,0.5408192694179963,False
SHORT,1,MultiDay_Slope:lo,13,0.15476190476190477,143,0.2251968503937008,0.6872294372294372,0.15995563798213688,False
SHORT,1,OBV_Macd:hi,15,0.17857142857142858,183,0.28818897637795277,0.6196330991412958,0.03734911316193093,False
SHORT,1,OBV_Macd:lo,20,0.23809523809523808,86,0.13543307086614173,1.7580287929125138,0.020554015928188507,False
SHORT,1,OBV_Velocity:hi,0,0.0,11,0.01732283464566929,0.0,0.6268835984299028,False
SHORT,1,OBV_Velocity:lo,47,0.5595238095238095,270,0.4251968503937008,1.3159171075837741,0.02585693429384977,False
SHORT,1,OBVf_DirStepCount:hi,11,0.13095238095238096,45,0.07086614173228346,1.847883597883598,0.07868853002243742,False
SHORT,1,OBVf_DirStepCount:lo,0,0.0,15,0.023622047244094488,0.0,0.23865496525622304,False
SHORT,1,OBVf_Signal:==-1,59,0.7023809523809523,404,0.6362204724409449,1.1039898632720413,0.2753767130743342,False
SHORT,1,OBVf_Signal:==1,25,0.2976190476190476,231,0.3637795275590551,0.8181302824159967,0.2753767130743342,False
SHORT,1,OBVf_Trend_Dir:==-1,59,0.7023809523809523,404,0.6362204724409449,1.1039898632720413,0.2753767130743342,False
SHORT,1,OBVf_Trend_Dir:==1,25,0.2976190476190476,231,0.3637795275590551,0.8181302824159967,0.2753767130743342,False
SHORT,1,OR_High_Dist_ATR:hi,5,0.05952380952380952,90,0.14173228346456693,0.41997354497354494,0.038642413273648556,False
SHORT,1,OR_High_Dist_ATR:lo,0,0.0,0,0.0,inf,1.0,False
SHORT,1,OR_High_Side:==-1,43,0.5119047619047619,253,0.3984251968503937,1.2848202522115566,0.058631708065499374,False
SHORT,1,OR_High_Side:==0,28,0.3333333333333333,242,0.38110236220472443,0.87465564738292,0.47209655581957377,False
SHORT,1,OR_High_Side:==1,13,0.15476190476190477,140,0.2204724409448819,0.7019557823129252,0.20168924102139532,False
SHORT,1,OR_Low_Dist_ATR:hi,11,0.13095238095238096,87,0.13700787401574804,0.9558018609742748,1.0,False
SHORT,1,OR_Low_Dist_ATR:lo,0,0.0,0,0.0,inf,1.0,False
SHORT,1,OR_Low_Side:==-1,26,0.30952380952380953,148,0.23307086614173228,1.3280244530244532,0.13610750026278967,False
SHORT,1,OR_Low_Side:==0,28,0.3333333333333333,242,0.38110236220472443,0.87465564738292,0.47209655581957377,False
SHORT,1,OR_Low_Side:==1,30,0.35714285714285715,245,0.3858267716535433,0.9256559766763849,0.6349586178174906,False
SHORT,1,OR_Position:hi,14,0.16666666666666666,156,0.24566929133858267,0.6784188034188033,0.13238867284279593,False
SHORT,1,OR_Position:lo,32,0.38095238095238093,172,0.27086614173228346,1.406423034330011,0.03965238830253508,False
SHORT,1,PoC_Side:==-1,4,0.047619047619047616,73,0.11496062992125984,0.4142204827136334,0.06146945962144576,False
SHORT,1,PoC_Side:==0,14,0.16666666666666666,47,0.07401574803149606,2.25177304964539,0.010369252195134645,False
SHORT,1,PoC_Side:==1,66,0.7857142857142857,515,0.8110236220472441,0.9687933425797504,0.5579567170041971,False
SHORT,1,PrevDay_Close_Dist_ATR:hi,4,0.047619047619047616,56,0.08818897637795275,0.5399659863945578,0.2921169505784641,False
SHORT,1,PrevDay_Close_Dist_ATR:lo,41,0.4880952380952381,239,0.3763779527559055,1.296822076110779,0.056603027139107996,False
SHORT,1,PrevDay_Close_Side:==-1,46,0.5476190476190477,334,0.525984251968504,1.0411320216709439,0.7285816592526373,False
SHORT,1,PrevDay_Close_Side:==0,0,0.0,0,0.0,inf,1.0,False
SHORT,1,PrevDay_Close_Side:==1,38,0.4523809523809524,301,0.47401574803149604,0.954358487581079,0.7285816592526373,False
SHORT,1,PrevDay_High_Dist_ATR:hi,1,0.011904761904761904,45,0.07086614173228346,0.167989417989418,0.032541673179123626,False
SHORT,1,PrevDay_High_Dist_ATR:lo,59,0.7023809523809523,266,0.4188976377952756,1.676736484067311,1.146269808946001e-06,True
SHORT,1,PrevDay_High_Side:==-1,54,0.6428571428571429,478,0.752755905511811,0.8540047818290497,0.0346226248408843,False
SHORT,1,PrevDay_High_Side:==0,0,0.0,0,0.0,inf,1.0,False
SHORT,1,PrevDay_High_Side:==1,30,0.35714285714285715,157,0.247244094488189,1.4444949954504094,0.0346226248408843,False
SHORT,1,PrevDay_Low_Dist_ATR:hi,6,0.07142857142857142,49,0.07716535433070866,0.9256559766763848,1.0,False
SHORT,1,PrevDay_Low_Dist_ATR:lo,40,0.47619047619047616,284,0.44724409448818897,1.0647216633132126,0.6418329518894464,False
SHORT,1,PrevDay_Low_Side:==-1,17,0.20238095238095238,157,0.247244094488189,0.8185471640885653,0.4175824748514378,False
SHORT,1,PrevDay_Low_Side:==0,0,0.0,0,0.0,inf,1.0,False
SHORT,1,PrevDay_Low_Side:==1,67,0.7976190476190477,478,0.752755905511811,1.0595985256027098,0.4175824748514378,False
SHORT,1,RangeOsc_State:==-1,55,0.6547619047619048,289,0.45511811023622045,1.4386637007744274,0.000691101682595051,True
SHORT,1,RangeOsc_State:==-2,12,0.14285714285714285,106,0.16692913385826771,0.8557951482479784,0.6411626570377531,False
SHORT,1,RangeOsc_State:==1,5,0.05952380952380952,126,0.1984251968503937,0.2999811035525321,0.001337251696351451,True
SHORT,1,RangeOsc_State:==2,12,0.14285714285714285,114,0.1795275590551181,0.7957393483709273,0.4493605760735902,False
SHORT,1,RangeOsc_Val:hi,3,0.03571428571428571,64,0.10078740157480315,0.35435267857142855,0.06928212302935571,False
SHORT,1,RangeOsc_Val:lo,46,0.5476190476190477,192,0.30236220472440944,1.811135912698413,2.006093448978527e-05,True
SHORT,1,Round_1000_Dist_ATR:hi,1,0.011904761904761904,14,0.02204724409448819,0.5399659863945578,1.0,False
SHORT,1,Round_1000_Dist_ATR:lo,57,0.6785714285714286,290,0.4566929133858268,1.4858374384236452,0.00017282463595230343,True
SHORT,1,Round_100_Dist_ATR:hi,0,0.0,6,0.009448818897637795,0.0,1.0,False
SHORT,1,Round_100_Dist_ATR:lo,57,0.6785714285714286,270,0.4251968503937008,1.595899470899471,1.3119345986367232e-05,True
SHORT,1,Round_500_Dist_ATR:hi,0,0.0,21,0.03307086614173228,0.0,0.15757620227366148,False
SHORT,1,Round_500_Dist_ATR:lo,53,0.6309523809523809,272,0.4283464566929134,1.4729954481792717,0.0006471047655402462,True
SHORT,1,ST_Flip_Event:==-1,2,0.023809523809523808,48,0.07559055118110236,0.3149801587301587,0.10659364673970186,False
SHORT,1,ST_Flip_Event:==0,82,0.9761904761904762,585,0.9212598425196851,1.0596255596255595,0.0731444936324538,False
SHORT,1,ST_Flip_Event:==1,0,0.0,2,0.0031496062992125984,0.0,1.0,False
SHORT,1,Session_High_Dist_ATR:hi,1,0.011904761904761904,45,0.07086614173228346,0.167989417989418,0.032541673179123626,False
SHORT,1,Session_High_Dist_ATR:lo,38,0.4523809523809524,180,0.28346456692913385,1.595899470899471,0.0022970923869333783,False
SHORT,1,Session_High_Side:==-1,84,1.0,632,0.9952755905511811,1.004746835443038,1.0,False
SHORT,1,Session_High_Side:==0,0,0.0,3,0.004724409448818898,0.0,1.0,False
SHORT,1,Session_Low_Dist_ATR:hi,3,0.03571428571428571,47,0.07401574803149606,0.48252279635258355,0.2553929905425307,False
SHORT,1,Session_Low_Dist_ATR:lo,48,0.5714285714285714,266,0.4188976377952756,1.3641245972073037,0.00980872272679163,False
SHORT,1,Session_Low_Side:==0,1,0.011904761904761904,3,0.004724409448818898,2.5198412698412698,0.39228737482099224,False
SHORT,1,Session_Low_Side:==1,83,0.9880952380952381,632,0.9952755905511811,0.9927855635925257,0.39228737482099224,False
SHORT,1,Slope_Accel_LT:hi,0,0.0,32,0.050393700787401574,0.0,0.041809311928751196,False
SHORT,1,Slope_Accel_LT:lo,24,0.2857142857142857,89,0.14015748031496064,2.0385232744783304,0.0012541174955018393,True
SHORT,1,Slope_Accel_ST:hi,4,0.047619047619047616,43,0.06771653543307087,0.7032115171650055,0.640296551104867,False
SHORT,1,Slope_Accel_ST:lo,57,0.6785714285714286,395,0.6220472440944882,1.090867992766727,0.33836033982947916,False
SHORT,1,Slope_EMA_LT:hi,32,0.38095238095238093,209,0.3291338582677165,1.1574390521758944,0.3893276081220313,False
SHORT,1,Slope_EMA_LT:lo,13,0.15476190476190477,123,0.19370078740157481,0.7989740611691831,0.45989475215397824,False
SHORT,1,Slope_EMA_ST:hi,3,0.03571428571428571,54,0.08503937007874016,0.41997354497354494,0.13473796354336282,False
SHORT,1,Slope_EMA_ST:lo,37,0.44047619047619047,193,0.30393700787401573,1.4492351344682952,0.0175033722088309,False
SHORT,1,Sqz_State:==-1,70,0.8333333333333334,510,0.8031496062992126,1.0375816993464053,0.5599049106560615,False
SHORT,1,Sqz_State:==1,14,0.16666666666666666,125,0.1968503937007874,0.8466666666666666,0.5599049106560615,False
SHORT,1,Sqz_Val:hi,0,0.0,18,0.028346456692913385,0.0,0.2521381801054463,False
SHORT,1,Sqz_Val:lo,69,0.8214285714285714,429,0.6755905511811023,1.215867465867466,0.00561625887989631,False
SHORT,1,TChan_A15:hi,14,0.16666666666666666,152,0.23937007874015748,0.6962719298245613,0.16790396088650766,False
SHORT,1,TChan_A15:lo,15,0.17857142857142858,109,0.17165354330708663,1.0403014416775884,0.8780884021039976,False
SHORT,1,Trend_Concordance:==0,25,0.2976190476190476,226,0.35590551181102364,0.8362305099030762,0.3307538860998148,False
SHORT,1,Trend_Concordance:==1,59,0.7023809523809523,409,0.6440944881889764,1.0904936546745836,0.3307538860998148,False
SHORT,1,Trend_Conflict:==0,59,0.7023809523809523,409,0.6440944881889764,1.0904936546745836,0.3307538860998148,False
SHORT,1,Trend_Conflict:==1,25,0.2976190476190476,226,0.35590551181102364,0.8362305099030762,0.3307538860998148,False
SHORT,1,Upper_Wick:hi,50,0.5952380952380952,225,0.3543307086614173,1.67989417989418,3.825015003110489e-05,True
SHORT,1,Upper_Wick:lo,8,0.09523809523809523,71,0.11181102362204724,0.85177733065057,0.852418033939949,False
SHORT,1,VAH_Dist_ATR:hi,8,0.09523809523809523,62,0.09763779527559055,0.9754224270353302,1.0,False
SHORT,1,VAH_Dist_ATR:lo,47,0.5595238095238095,243,0.3826771653543307,1.462130119537527,0.002901982605519468,False
SHORT,1,VAH_Side:==-1,12,0.14285714285714285,101,0.15905511811023623,0.8981612446958981,0.8731580876228879,False
SHORT,1,VAH_Side:==0,17,0.20238095238095238,42,0.06614173228346457,3.059807256235828,0.00014452810046108072,True
SHORT,1,VAH_Side:==1,55,0.6547619047619048,492,0.7748031496062993,0.8450687185443283,0.02023717646596194,False
SHORT,1,VAL_Dist_ATR:hi,6,0.07142857142857142,56,0.08818897637795275,0.8099489795918366,0.8356159066637636,False
SHORT,1,VAL_Dist_ATR:lo,52,0.6190476190476191,266,0.4188976377952756,1.4778016469745794,0.0006463780518231913,True
SHORT,1,VAL_Side:==-1,0,0.0,12,0.01889763779527559,0.0,0.3782351490014483,False
SHORT,1,VAL_Side:==0,7,0.08333333333333333,29,0.04566929133858268,1.8247126436781609,0.17569488938774339,False
SHORT,1,VAL_Side:==1,77,0.9166666666666666,594,0.9354330708661417,0.9799382716049383,0.48700867531896175,False
SHORT,1,VA_Position:hi,18,0.21428571428571427,143,0.2251968503937008,0.9515484515484515,0.8899149694621626,False
SHORT,1,VA_Position:lo,33,0.39285714285714285,194,0.30551181102362207,1.2858983799705448,0.13331364566703413,False
SHORT,1,VWAP_Dist_ATR:hi,5,0.05952380952380952,52,0.08188976377952756,0.7268772893772893,0.6665264978203906,False
SHORT,1,VWAP_Dist_ATR:lo,38,0.4523809523809524,250,0.3937007874015748,1.149047619047619,0.34336153803120756,False
SHORT,1,VWAP_Side:==-1,43,0.5119047619047619,319,0.5023622047244094,1.0189953724436482,0.9078554485197936,False
SHORT,1,VWAP_Side:==0,0,0.0,0,0.0,inf,1.0,False
SHORT,1,VWAP_Side:==1,41,0.4880952380952381,316,0.49763779527559054,0.9808242917420132,0.9078554485197936,False
SHORT,1,VWAP_Sigma:hi,22,0.2619047619047619,168,0.26456692913385826,0.9899376417233561,1.0,False
SHORT,1,VWAP_Sigma:lo,18,0.21428571428571427,120,0.1889763779527559,1.1339285714285714,0.5579567170041971,False
SHORT,1,VWAP_Sigma_ATR:hi,4,0.047619047619047616,49,0.07716535433070866,0.6171039844509232,0.5028070127030272,False
SHORT,1,VWAP_Sigma_ATR:lo,67,0.7976190476190477,337,0.5307086614173229,1.5029320333474636,2.0828622966933397e-06,True
SHORT,1,VWAP_Z:hi,2,0.023809523809523808,29,0.04566929133858268,0.5213464696223317,0.5657958315985803,False
SHORT,1,VWAP_Z:lo,22,0.2619047619047619,69,0.10866141732283464,2.410282953761215,0.00032248515758040696,True
SHORT,1,Volume:hi,66,0.7857142857142857,329,0.5181102362204725,1.5165002171081197,2.255541381694505e-06,True
SHORT,1,Volume:lo,1,0.011904761904761904,31,0.048818897637795275,0.24385560675883255,0.1610570724125166,False
SHORT,1,Volume_Avg_10:hi,38,0.4523809523809524,208,0.32755905511811023,1.38106684981685,0.02751360189252365,False
SHORT,1,Volume_Avg_10:lo,7,0.08333333333333333,85,0.13385826771653545,0.622549019607843,0.22611604122217266,False
SHORT,1,Volume_Ratio_10:hi,62,0.7380952380952381,348,0.5480314960629922,1.3468117131910236,0.000952890500510839,True
SHORT,1,Volume_Ratio_10:lo,1,0.011904761904761904,33,0.05196850393700787,0.22907647907647907,0.16508129953861408,False
SHORT,1,WeeklyOpen_Dist_ATR:hi,7,0.08333333333333333,52,0.08188976377952756,1.017628205128205,1.0,False
SHORT,1,WeeklyOpen_Dist_ATR:lo,42,0.5,286,0.4503937007874016,1.11013986013986,0.4157932035353119,False
SHORT,1,WeeklyOpen_Side:==-1,28,0.3333333333333333,199,0.31338582677165355,1.0636515912897822,0.7092658831438039,False
SHORT,1,WeeklyOpen_Side:==0,0,0.0,0,0.0,inf,1.0,False
SHORT,1,WeeklyOpen_Side:==1,56,0.6666666666666666,436,0.6866141732283465,0.9709480122324158,0.7092658831438039,False
SHORT,2,ADX_Rising:==0,19,0.2261904761904762,214,0.33700787401574805,0.6711726746773475,0.04688850185825491,False
SHORT,2,ADX_Rising:==1,65,0.7738095238095238,421,0.662992125984252,1.1671473815179279,0.04688850185825491,False
SHORT,2,ADX_Value:hi,22,0.2619047619047619,117,0.18425196850393702,1.4214489214489214,0.105123196411608,False
SHORT,2,ADX_Value:lo,6,0.07142857142857142,90,0.14173228346456693,0.503968253968254,0.08719963562337513,False
SHORT,2,ATR_1M:hi,72,0.8571428571428571,392,0.6173228346456693,1.3884839650145773,8.842874952840053e-06,True
SHORT,2,ATR_1M:lo,0,0.0,6,0.009448818897637795,0.0,1.0,False
SHORT,2,AT_Lookback_LT:hi,23,0.27380952380952384,147,0.231496062992126,1.1827826368642695,0.4127055390762026,False
SHORT,2,AT_Lookback_LT:lo,0,0.0,0,0.0,inf,1.0,False
SHORT,2,AT_Lookback_ST:hi,12,0.14285714285714285,127,0.2,0.7142857142857142,0.24158796376985942,False
SHORT,2,AT_Lookback_ST:lo,0,0.0,0,0.0,inf,1.0,False
SHORT,2,AT_Regime_LT:==0,48,0.5714285714285714,364,0.573228346456693,0.9968602825745682,1.0,False
SHORT,2,AT_Regime_LT:==1,36,0.42857142857142855,271,0.4267716535433071,1.0042171850289932,1.0,False
SHORT,2,AT_Regime_ST:==0,10,0.11904761904761904,91,0.14330708661417324,0.8307169021454734,0.6196072637690755,False
SHORT,2,AT_Regime_ST:==1,74,0.8809523809523809,544,0.8566929133858268,1.0283175770308124,0.6196072637690755,False
SHORT,2,AT_Score_LT:hi,28,0.3333333333333333,123,0.19370078740157481,1.7208672086720864,0.006240333640286271,False
SHORT,2,AT_Score_LT:lo,4,0.047619047619047616,38,0.05984251968503937,0.7957393483709273,0.8075098334458175,False
SHORT,2,AT_Score_ST:hi,3,0.03571428571428571,33,0.05196850393700787,0.6872294372294372,0.7889891200800037,False
SHORT,2,AT_Score_ST:lo,9,0.10714285714285714,67,0.10551181102362205,1.01545842217484,1.0,False
SHORT,2,AT_Slope_LT:hi,31,0.36904761904761907,205,0.3228346456692913,1.1431475029036007,0.3899715112072575,False
SHORT,2,AT_Slope_LT:lo,13,0.15476190476190477,130,0.2047244094488189,0.755952380952381,0.3118917460862375,False
SHORT,2,AT_Slope_ST:hi,1,0.011904761904761904,44,0.06929133858267716,0.1718073593073593,0.05062552228683479,False
SHORT,2,AT_Slope_ST:lo,65,0.7738095238095238,379,0.5968503937007874,1.2964882522930017,0.001766631641127989,True
SHORT,2,Bar_Range:hi,61,0.7261904761904762,312,0.49133858267716535,1.4779838217338217,6.388904043681431e-05,True
SHORT,2,Bar_Range:lo,2,0.023809523809523808,22,0.03464566929133858,0.6872294372294372,1.0,False
SHORT,2,Bars_Since_Flip:hi,14,0.16666666666666666,94,0.14803149606299212,1.125886524822695,0.6278279677528587,False
SHORT,2,Bars_Since_Flip:lo,34,0.40476190476190477,259,0.4078740157480315,0.9923699209413495,1.0,False
SHORT,2,Body_Size:hi,40,0.47619047619047616,244,0.384251968503937,1.2392661982825917,0.12245362658513381,False
SHORT,2,Body_Size:lo,4,0.047619047619047616,63,0.09921259842519685,0.47996976568405136,0.16129603585062285,False
SHORT,2,D2D_ATR:hi,69,0.8214285714285714,352,0.5543307086614173,1.481838474025974,1.6273387599845184e-06,True
SHORT,2,D2D_ATR:lo,0,0.0,7,0.011023622047244094,0.0,1.0,False
SHORT,2,D2D_ATR_MA:hi,60,0.7142857142857143,281,0.44251968503937006,1.614133197763091,2.576125922807572e-06,True
SHORT,2,D2D_ATR_MA:lo,0,0.0,29,0.04566929133858268,0.0,0.038805189064568424,False
SHORT,2,D2D_DirStep:==-1,83,0.9880952380952381,574,0.9039370078740158,1.0931018748963,0.006030738336475369,False
SHORT,2,D2D_DirStep:==1,1,0.011904761904761904,61,0.09606299212598425,0.12392661982825917,0.006030738336475369,False
SHORT,2,D2D_Dn_Count:hi,0,0.0,7,0.011023622047244094,0.0,1.0,False
SHORT,2,D2D_Dn_Count:lo,0,0.0,0,0.0,inf,1.0,False
SHORT,2,D2D_Dynamic_Sensitivity:hi,0,0.0,0,0.0,inf,1.0,False
SHORT,2,D2D_Dynamic_Sensitivity:lo,37,0.44047619047619047,152,0.23937007874015748,1.8401472431077694,0.000184710144670849,True
SHORT,2,D2D_Persist:hi,0,0.0,4,0.006299212598425197,0.0,1.0,False
SHORT,2,D2D_Persist:lo,30,0.35714285714285715,178,0.2803149606299213,1.2740770465489566,0.15919456175784738,False
SHORT,2,D2D_Signal:==-1,0,0.0,0,0.0,inf,1.0,False
SHORT,2,D2D_Signal:==0,84,1.0,632,0.9952755905511811,1.004746835443038,1.0,False
SHORT,2,D2D_Signal:==1,0,0.0,3,0.004724409448818898,0.0,1.0,False
SHORT,2,D2D_Up_Count:hi,0,0.0,3,0.004724409448818898,0.0,1.0,False
SHORT,2,D2D_Up_Count:lo,0,0.0,0,0.0,inf,1.0,False
SHORT,2,DailyOpen_Dist_ATR:hi,5,0.05952380952380952,68,0.10708661417322834,0.5558473389355743,0.2466503950460962,False
SHORT,2,DailyOpen_Dist_ATR:lo,39,0.4642857142857143,223,0.35118110236220473,1.3220691864189622,0.05312277166399078,False
SHORT,2,DailyOpen_Side:==-1,45,0.5357142857142857,305,0.48031496062992124,1.1153395784543325,0.35477251641197793,False
SHORT,2,DailyOpen_Side:==0,0,0.0,0,0.0,inf,1.0,False
SHORT,2,DailyOpen_Side:==1,39,0.4642857142857143,330,0.5196850393700787,0.8933982683982685,0.35477251641197793,False
SHORT,2,Dist_To_PoC_ATR:hi,9,0.10714285714285714,73,0.11496062992125984,0.9319960861056751,1.0,False
SHORT,2,Dist_To_PoC_ATR:lo,45,0.5357142857142857,236,0.3716535433070866,1.4414346246973366,0.004310737996047593,False
SHORT,2,EMA_Oscillator:hi,0,0.0,18,0.028346456692913385,0.0,0.2521381801054463,False
SHORT,2,EMA_Oscillator:lo,68,0.8095238095238095,380,0.5984251968503937,1.3527568922305764,0.00011481126863991788,True
SHORT,2,Efficiency_Ratio:hi,39,0.4642857142857143,221,0.3480314960629921,1.3340336134453783,0.04040252209903042,False
SHORT,2,Efficiency_Ratio:lo,3,0.03571428571428571,43,0.06771653543307087,0.5274086378737541,0.345602449548601,False
SHORT,2,Harmonic_D2D_Concordance:==0,35,0.4166666666666667,406,0.6393700787401575,0.6516830870279147,0.00011904705543265291,True
SHORT,2,Harmonic_D2D_Concordance:==1,49,0.5833333333333334,229,0.3606299212598425,1.6175400291120816,0.00011904705543265291,True
SHORT,2,Harmonic_LLEMA:hi,0,0.0,17,0.026771653543307086,0.0,0.2440515870463119,False
SHORT,2,Harmonic_LLEMA:lo,47,0.5595238095238095,209,0.3291338582677165,1.6999886078833448,5.4393103321536804e-05,True
SHORT,2,Harmonic_OBVf_Concordance:==0,39,0.4642857142857143,448,0.705511811023622,0.6580835459183674,1.8735112804830773e-05,True
SHORT,2,Harmonic_OBVf_Concordance:==1,45,0.5357142857142857,187,0.29448818897637796,1.8191367456073337,1.8735112804830773e-05,True
SHORT,2,KAMA_Dist:hi,0,0.0,37,0.05826771653543307,0.0,0.01563890454858029,False
SHORT,2,KAMA_Dist:lo,64,0.7619047619047619,317,0.49921259842519683,1.5262130088628512,4.3618261846930665e-06,True
SHORT,2,KAMA_Dist_ATR:hi,0,0.0,10,0.015748031496062992,0.0,0.6158299031176315,False
SHORT,2,KAMA_Dist_ATR:lo,28,0.3333333333333333,150,0.23622047244094488,1.411111111111111,0.05972682091437093,False
SHORT,2,KAMA_Slope:hi,0,0.0,27,0.04251968503937008,0.0,0.061859316014617506,False
SHORT,2,KAMA_Slope:lo,54,0.6428571428571429,248,0.3905511811023622,1.6460253456221199,1.7475840493922265e-05,True
SHORT,2,Lower_Wick:hi,44,0.5238095238095238,236,0.3716535433070866,1.4094027441485069,0.00867712063872214,False
SHORT,2,Lower_Wick:lo,11,0.13095238095238096,98,0.15433070866141732,0.8485179786200195,0.7458105840234713,False
SHORT,2,Micro_Amihud:hi,39,0.4642857142857143,273,0.42992125984251967,1.0799319727891157,0.560069938972003,False
SHORT,2,Micro_Amihud:lo,6,0.07142857142857142,52,0.08188976377952756,0.8722527472527473,1.0,False
SHORT,2,Micro_AutoCorr:hi,16,0.19047619047619047,123,0.19370078740157481,0.9833526906697637,1.0,False
SHORT,2,Micro_AutoCorr:lo,11,0.13095238095238096,101,0.15905511811023623,0.8233144743045733,0.6310092650699262,False
SHORT,2,Micro_BarEntropy:hi,25,0.2976190476190476,122,0.1921259842519685,1.5490827478532396,0.030407009323523228,False
SHORT,2,Micro_BarEntropy:lo,13,0.15476190476190477,126,0.1984251968503937,0.7799508692365835,0.38097492449060283,False
SHORT,2,Micro_BarOverlap:hi,20,0.23809523809523808,149,0.2346456692913386,1.0147011824864174,1.0,False
SHORT,2,Micro_BarOverlap:lo,10,0.11904761904761904,97,0.15275590551181104,0.7793323514972998,0.5145115777993354,False
SHORT,2,Micro_CSSpread:hi,30,0.35714285714285715,215,0.33858267716535434,1.0548172757475083,0.806582288583541,False
SHORT,2,Micro_CSSpread:lo,11,0.13095238095238096,73,0.11496062992125984,1.139106327462492,0.7171083556539071,False
SHORT,2,Micro_Entropy:hi,7,0.08333333333333333,54,0.08503937007874016,0.9799382716049382,1.0,False
SHORT,2,Micro_Entropy:lo,25,0.2976190476190476,159,0.2503937007874016,1.1886043725666366,0.3535861508161299,False
SHORT,2,Micro_FailedBreak:hi,9,0.10714285714285714,117,0.18425196850393702,0.5815018315018314,0.09275908120091808,False
SHORT,2,Micro_FailedBreak:lo,17,0.20238095238095238,91,0.14330708661417324,1.4122187336473049,0.19181120495742174,False
SHORT,2,Micro_FractalDim:hi,1,0.011904761904761904,43,0.06771653543307087,0.17580287929125138,0.049422724775134166,False
SHORT,2,Micro_FractalDim:lo,46,0.5476190476190477,279,0.4393700787401575,1.2463731012118109,0.06310282488189585,False
SHORT,2,Micro_GarmanKlass:hi,66,0.7857142857142857,314,0.494488188976378,1.5889444949954503,3.4502750749939466e-07,True
SHORT,2,Micro_GarmanKlass:lo,2,0.023809523809523808,28,0.04409448818897638,0.5399659863945578,0.5635662872732929,False
SHORT,2,Micro_HLAsymmetry:hi,26,0.30952380952380953,205,0.3228346456692913,0.9587688734030199,0.9011800624703962,False
SHORT,2,Micro_HLAsymmetry:lo,33,0.39285714285714285,169,0.26614173228346455,1.4761200338123415,0.019671465797393605,False
SHORT,2,Micro_Hurst:hi,25,0.2976190476190476,119,0.18740157480314962,1.5881352541016405,0.02849320542881287,False
SHORT,2,Micro_Hurst:lo,9,0.10714285714285714,112,0.1763779527559055,0.6074617346938775,0.12218486937207831,False
SHORT,2,Micro_IBSP:hi,10,0.11904761904761904,137,0.215748031496063,0.5517900590893291,0.04322864897553612,False
SHORT,2,Micro_IBSP:lo,23,0.27380952380952384,124,0.1952755905511811,1.4021697388632874,0.1123217548454636,False
SHORT,2,Micro_Lambda:hi,19,0.2261904761904762,147,0.231496062992126,0.9770813087139617,1.0,False
SHORT,2,Micro_Lambda:lo,18,0.21428571428571427,129,0.2031496062992126,1.0548172757475083,0.7751894652839244,False
SHORT,2,Micro_LogReturn:hi,24,0.2857142857142857,189,0.29763779527559053,0.9599395313681028,0.8991058383311409,False
SHORT,2,Micro_LogReturn:lo,33,0.39285714285714285,180,0.28346456692913385,1.3859126984126984,0.042498084251540384,False
SHORT,2,Micro_MicroGap:hi,12,0.14285714285714285,94,0.14803149606299212,0.9650455927051671,1.0,False
SHORT,2,Micro_MicroGap:lo,18,0.21428571428571427,78,0.12283464566929134,1.7445054945054945,0.026267873920865544,False
SHORT,2,Micro_MomoTransfer:hi,15,0.17857142857142858,99,0.15590551181102363,1.1453823953823954,0.6331189518370912,False
SHORT,2,Micro_MomoTransfer:lo,19,0.2261904761904762,137,0.215748031496063,1.0484011122697254,0.8879722285452898,False
SHORT,2,Micro_OrderFlowDelta:hi,27,0.32142857142857145,208,0.32755905511811023,0.9812843406593408,1.0,False
SHORT,2,Micro_OrderFlowDelta:lo,34,0.40476190476190477,181,0.28503937007874014,1.4200210470928705,0.030655008847350427,False
SHORT,2,Micro_PriceAccel:hi,31,0.36904761904761907,179,0.28188976377952757,1.309191274275073,0.1247928032794966,False
SHORT,2,Micro_PriceAccel:lo,36,0.42857142857142855,202,0.31811023622047246,1.347241867043847,0.04854622525574244,False
SHORT,2,Micro_RangeAccel:hi,40,0.47619047619047616,307,0.48346456692913387,0.9849542422832325,0.9081400631850958,False
SHORT,2,Micro_RangeAccel:lo,24,0.2857142857142857,128,0.2015748031496063,1.4174107142857142,0.08755090685272213,False
SHORT,2,Micro_RangeVelocity:hi,22,0.2619047619047619,154,0.24251968503937008,1.0799319727891157,0.6869250696677198,False
SHORT,2,Micro_RangeVelocity:lo,37,0.44047619047619047,220,0.3464566929133858,1.2713744588744589,0.11477041875509053,False
SHORT,2,Micro_Rejection:hi,11,0.13095238095238096,133,0.2094488188976378,0.6252237737200144,0.10993170835644253,False
SHORT,2,Micro_Rejection:lo,20,0.23809523809523808,141,0.2220472440944882,1.072272880783519,0.7806580844178816,False
SHORT,2,Micro_RollProxy:hi,29,0.34523809523809523,207,0.32598425196850395,1.0590637221072003,0.7124972086870831,False
SHORT,2,Micro_RollProxy:lo,34,0.40476190476190477,200,0.31496062992125984,1.2851190476190477,0.10770224322871458,False
SHORT,2,Micro_ThrustEff:hi,3,0.03571428571428571,31,0.048818897637795275,0.7315668202764977,0.7869898317129032,False
SHORT,2,Micro_ThrustEff:lo,39,0.4642857142857143,259,0.4078740157480315,1.1383066740209598,0.34679829785226746,False
SHORT,2,Micro_TickIntensity:hi,18,0.21428571428571427,117,0.18425196850393702,1.1630036630036629,0.5517529031455762,False
SHORT,2,Micro_TickIntensity:lo,26,0.30952380952380953,166,0.2614173228346457,1.184021801491681,0.3595338926846644,False
SHORT,2,Micro_VPIN:hi,26,0.30952380952380953,182,0.2866141732283465,1.0799319727891157,0.7011733198106243,False
SHORT,2,Micro_VPIN:lo,14,0.16666666666666666,95,0.14960629921259844,1.1140350877192982,0.6309276786993743,False
SHORT,2,Micro_VolAccel:hi,16,0.19047619047619047,160,0.25196850393700787,0.7559523809523809,0.27954984008063977,False
SHORT,2,Micro_VolAccel:lo,21,0.25,196,0.30866141732283464,0.8099489795918368,0.3123709931994926,False
SHORT,2,Micro_VolOfVol:hi,62,0.7380952380952381,320,0.5039370078740157,1.4646577380952381,6.246809378588935e-05,True
SHORT,2,Micro_VolOfVol:lo,4,0.047619047619047616,58,0.09133858267716535,0.5213464696223317,0.2178037624721735,False
SHORT,2,Micro_WickImbalance:hi,32,0.38095238095238093,222,0.34960629921259845,1.0896610896610894,0.6272953744687368,False
SHORT,2,Micro_WickImbalance:lo,24,0.2857142857142857,144,0.22677165354330708,1.2599206349206349,0.27174182488802784,False
SHORT,2,Momentum_Value:hi,0,0.0,20,0.031496062992125984,0.0,0.1530368053074551,False
SHORT,2,Momentum_Value:lo,73,0.8690476190476191,435,0.6850393700787402,1.268609742747674,0.00031377210355409925,True
SHORT,2,MultiDay_Position:hi,31,0.36904761904761907,192,0.30236220472440944,1.2205481150793651,0.2123480325101425,False
SHORT,2,MultiDay_Position:lo,25,0.2976190476190476,208,0.32755905511811023,0.9085966117216118,0.6216310757500769,False
SHORT,2,MultiDay_Slope:hi,19,0.2261904761904762,119,0.18740157480314962,1.2069827931172468,0.3798297660412533,False
SHORT,2,MultiDay_Slope:lo,13,0.15476190476190477,143,0.2251968503937008,0.6872294372294372,0.15995563798213688,False
SHORT,2,OBV_Macd:hi,15,0.17857142857142858,172,0.27086614173228346,0.6592607973421927,0.08470850882506167,False
SHORT,2,OBV_Macd:lo,22,0.2619047619047619,92,0.14488188976377953,1.807712215320911,0.010133891817491593,False
SHORT,2,OBV_Velocity:hi,1,0.011904761904761904,17,0.026771653543307086,0.44467787114845936,0.7104417650963298,False
SHORT,2,OBV_Velocity:lo,53,0.6309523809523809,322,0.5070866141732283,1.2442694469091986,0.03643117335415333,False
SHORT,2,OBVf_DirStepCount:hi,11,0.13095238095238096,57,0.08976377952755905,1.4588554720133668,0.23346037998380964,False
SHORT,2,OBVf_DirStepCount:lo,0,0.0,37,0.05826771653543307,0.0,0.01563890454858029,False
SHORT,2,OBVf_Signal:==-1,68,0.8095238095238095,460,0.7244094488188977,1.1174948240165632,0.11447193451875631,False
SHORT,2,OBVf_Signal:==1,16,0.19047619047619047,175,0.2755905511811024,0.6911564625850339,0.11447193451875631,False
SHORT,2,OBVf_Trend_Dir:==-1,68,0.8095238095238095,460,0.7244094488188977,1.1174948240165632,0.11447193451875631,False
SHORT,2,OBVf_Trend_Dir:==1,16,0.19047619047619047,175,0.2755905511811024,0.6911564625850339,0.11447193451875631,False
SHORT,2,OR_High_Dist_ATR:hi,6,0.07142857142857142,97,0.15275590551181104,0.4675994108983799,0.04665853662705729,False
SHORT,2,OR_High_Dist_ATR:lo,0,0.0,0,0.0,inf,1.0,False
SHORT,2,OR_High_Side:==-1,44,0.5238095238095238,252,0.3968503937007874,1.3199168556311414,0.033278797410809954,False
SHORT,2,OR_High_Side:==0,28,0.3333333333333333,241,0.3795275590551181,0.8782849239280774,0.4720484316520536,False
SHORT,2,OR_High_Side:==1,12,0.14285714285714285,142,0.22362204724409449,0.6388329979879276,0.11842688541624255,False
SHORT,2,OR_Low_Dist_ATR:hi,11,0.13095238095238096,90,0.14173228346456693,0.923941798941799,0.8687576521605196,False
SHORT,2,OR_Low_Dist_ATR:lo,0,0.0,0,0.0,inf,1.0,False
SHORT,2,OR_Low_Side:==-1,27,0.32142857142857145,145,0.2283464566929134,1.4076354679802956,0.07595939690212271,False
SHORT,2,OR_Low_Side:==0,28,0.3333333333333333,240,0.3779527559055118,0.8819444444444444,0.4723488082687547,False
SHORT,2,OR_Low_Side:==1,29,0.34523809523809523,250,0.3937007874015748,0.8769047619047619,0.40734000272441284,False
SHORT,2,OR_Position:hi,13,0.15476190476190477,155,0.2440944881889764,0.6340245775729647,0.07487607118741746,False
SHORT,2,OR_Position:lo,33,0.39285714285714285,173,0.27244094488188975,1.4419900908340215,0.02848955365698491,False
SHORT,2,PoC_Side:==-1,6,0.07142857142857142,79,0.12440944881889764,0.5741410488245932,0.20698629801575297,False
SHORT,2,PoC_Side:==0,9,0.10714285714285714,30,0.047244094488188976,2.267857142857143,0.035815506774717204,False
SHORT,2,PoC_Side:==1,69,0.8214285714285714,526,0.8283464566929134,0.9916485605649104,0.8780884021039976,False
SHORT,2,PrevDay_Close_Dist_ATR:hi,4,0.047619047619047616,71,0.11181102362204724,0.425888665325285,0.08568482114566678,False
SHORT,2,PrevDay_Close_Dist_ATR:lo,34,0.40476190476190477,216,0.3401574803149606,1.1899250440917108,0.2726596701985432,False
SHORT,2,PrevDay_Close_Side:==-1,48,0.5714285714285714,331,0.521259842519685,1.096245144583513,0.41691169586214527,False
SHORT,2,PrevDay_Close_Side:==0,0,0.0,0,0.0,inf,1.0,False
SHORT,2,PrevDay_Close_Side:==1,36,0.42857142857142855,304,0.47874015748031495,0.8952067669172932,0.41691169586214527,False
SHORT,2,PrevDay_High_Dist_ATR:hi,2,0.023809523809523808,62,0.09763779527559055,0.24385560675883255,0.023366914868465982,False
SHORT,2,PrevDay_High_Dist_ATR:lo,55,0.6547619047619048,248,0.3905511811023622,1.6765072964669738,5.845966970700847e-06,True
SHORT,2,PrevDay_High_Side:==-1,54,0.6428571428571429,477,0.7511811023622047,0.8557951482479785,0.046641893589675215,False
SHORT,2,PrevDay_High_Side:==0,0,0.0,0,0.0,inf,1.0,False
SHORT,2,PrevDay_High_Side:==1,30,0.35714285714285715,158,0.24881889763779527,1.435352622061483,0.046641893589675215,False
SHORT,2,PrevDay_Low_Dist_ATR:hi,9,0.10714285714285714,61,0.09606299212598425,1.1153395784543325,0.6974945470713698,False
SHORT,2,PrevDay_Low_Dist_ATR:lo,39,0.4642857142857143,267,0.4204724409448819,1.1042001070090959,0.48179259189310664,False
SHORT,2,PrevDay_Low_Side:==-1,20,0.23809523809523808,153,0.2409448818897638,0.9881730469965763,1.0,False
SHORT,2,PrevDay_Low_Side:==0,0,0.0,0,0.0,inf,1.0,False
SHORT,2,PrevDay_Low_Side:==1,64,0.7619047619047619,482,0.7590551181102362,1.0037541987749456,1.0,False
SHORT,2,RangeOsc_State:==-1,55,0.6547619047619048,282,0.4440944881889764,1.4743752110773387,0.0002936758927695913,True
SHORT,2,RangeOsc_State:==-2,11,0.13095238095238096,116,0.1826771653543307,0.7168513957307061,0.2877628784963009,False
SHORT,2,RangeOsc_State:==1,5,0.05952380952380952,128,0.2015748031496063,0.2952938988095238,0.0008615746162489921,True
SHORT,2,RangeOsc_State:==2,13,0.15476190476190477,109,0.17165354330708663,0.9015945827872434,0.7595596140800566,False
SHORT,2,RangeOsc_Val:hi,3,0.03571428571428571,68,0.10708661417322834,0.3335084033613445,0.04889212570552188,False
SHORT,2,RangeOsc_Val:lo,49,0.5833333333333334,186,0.2929133858267717,1.9914874551971327,3.923668212836635e-07,True
SHORT,2,Round_1000_Dist_ATR:hi,2,0.023809523809523808,23,0.03622047244094488,0.6573498964803313,0.7572276698480066,False
SHORT,2,Round_1000_Dist_ATR:lo,53,0.6309523809523809,265,0.41732283464566927,1.5119047619047619,0.0002620964894876574,True
SHORT,2,Round_100_Dist_ATR:hi,0,0.0,17,0.026771653543307086,0.0,0.2440515870463119,False
SHORT,2,Round_100_Dist_ATR:lo,46,0.5476190476190477,260,0.4094488188976378,1.3374542124542126,0.018718406767139498,False
SHORT,2,Round_500_Dist_ATR:hi,0,0.0,29,0.04566929133858268,0.0,0.038805189064568424,False
SHORT,2,Round_500_Dist_ATR:lo,50,0.5952380952380952,260,0.4094488188976378,1.4537545787545787,0.0014832793951522305,True
SHORT,2,ST_Flip_Event:==-1,2,0.023809523809523808,21,0.03307086614173228,0.719954648526077,1.0,False
SHORT,2,ST_Flip_Event:==0,82,0.9761904761904762,613,0.9653543307086614,1.0112250446671327,1.0,False
SHORT,2,ST_Flip_Event:==1,0,0.0,1,0.0015748031496062992,0.0,1.0,False
SHORT,2,Session_High_Dist_ATR:hi,2,0.023809523809523808,61,0.09606299212598425,0.24785323965651834,0.023312932359024617,False
SHORT,2,Session_High_Dist_ATR:lo,32,0.38095238095238093,172,0.27086614173228346,1.406423034330011,0.03965238830253508,False
SHORT,2,Session_High_Side:==-1,84,1.0,633,0.9968503937007874,1.0031595576619272,1.0,False
SHORT,2,Session_High_Side:==0,0,0.0,2,0.0031496062992125984,0.0,1.0,False
SHORT,2,Session_Low_Dist_ATR:hi,6,0.07142857142857142,55,0.08661417322834646,0.8246753246753247,0.8348492494076292,False
SHORT,2,Session_Low_Dist_ATR:lo,47,0.5595238095238095,252,0.3968503937007874,1.409911186696901,0.006462570262634981,False
SHORT,2,Session_Low_Side:==0,0,0.0,6,0.009448818897637795,0.0,1.0,False
SHORT,2,Session_Low_Side:==1,84,1.0,629,0.9905511811023622,1.0095389507154213,1.0,False
SHORT,2,Slope_Accel_LT:hi,1,0.011904761904761904,30,0.047244094488188976,0.251984126984127,0.24511488419780952,False
SHORT,2,Slope_Accel_LT:lo,29,0.34523809523809523,100,0.15748031496062992,2.1922619047619047,0.00010765304014773868,True
SHORT,2,Slope_Accel_ST:hi,1,0.011904761904761904,39,0.06141732283464567,0.19383394383394384,0.07358219517103895,False
SHORT,2,Slope_Accel_ST:lo,66,0.7857142857142857,416,0.6551181102362205,1.1993475274725274,0.018568819252318652,False
SHORT,2,Slope_EMA_LT:hi,31,0.36904761904761907,208,0.32755905511811023,1.1266597985347986,0.46104741693457973,False
SHORT,2,Slope_EMA_LT:lo,13,0.15476190476190477,127,0.2,0.7738095238095238,0.38045514920791634,False
SHORT,2,Slope_EMA_ST:hi,2,0.023809523809523808,47,0.07401574803149606,0.32168186423505574,0.10553392495993444,False
SHORT,2,Slope_EMA_ST:lo,48,0.5714285714285714,262,0.4125984251968504,1.3849509269356597,0.006863540773923835,False
SHORT,2,Sqz_State:==-1,71,0.8452380952380952,527,0.8299212598425196,1.018455769404536,0.8766631569747299,False
SHORT,2,Sqz_State:==1,13,0.15476190476190477,108,0.1700787401574803,0.9099426807760141,0.8766631569747299,False
SHORT,2,Sqz_Val:hi,0,0.0,18,0.028346456692913385,0.0,0.2521381801054463,False
SHORT,2,Sqz_Val:lo,75,0.8928571428571429,469,0.7385826771653543,1.208879074017667,0.0016564796690925056,True
SHORT,2,TChan_A15:hi,15,0.17857142857142858,154,0.24251968503937008,0.7363172541743971,0.21930195539163422,False
SHORT,2,TChan_A15:lo,12,0.14285714285714285,100,0.15748031496062992,0.9071428571428571,0.8728816523363703,False
SHORT,2,Trend_Concordance:==0,16,0.19047619047619047,167,0.262992125984252,0.7242657542058739,0.18246120771174257,False
SHORT,2,Trend_Concordance:==1,68,0.8095238095238095,468,0.7370078740157481,1.0983923483923483,0.18246120771174257,False
SHORT,2,Trend_Conflict:==0,68,0.8095238095238095,468,0.7370078740157481,1.0983923483923483,0.18246120771174257,False
SHORT,2,Trend_Conflict:==1,16,0.19047619047619047,167,0.262992125984252,0.7242657542058739,0.18246120771174257,False
SHORT,2,Upper_Wick:hi,47,0.5595238095238095,222,0.34960629921259845,1.6004397254397253,0.00028307223955392573,True
SHORT,2,Upper_Wick:lo,7,0.08333333333333333,82,0.12913385826771653,0.6453252032520325,0.29067909979699613,False
SHORT,2,VAH_Dist_ATR:hi,9,0.10714285714285714,72,0.11338582677165354,0.9449404761904762,1.0,False
SHORT,2,VAH_Dist_ATR:lo,44,0.5238095238095238,231,0.3637795275590551,1.4399092970521543,0.0058264178075946235,False
SHORT,2,VAH_Side:==-1,12,0.14285714285714285,108,0.1700787401574803,0.8399470899470899,0.6408420900072508,False
SHORT,2,VAH_Side:==0,12,0.14285714285714285,28,0.04409448818897638,3.2397959183673466,0.0010699029625147107,True
SHORT,2,VAH_Side:==1,60,0.7142857142857143,499,0.7858267716535433,0.9089607787002577,0.16199652579371066,False
SHORT,2,VAL_Dist_ATR:hi,8,0.09523809523809523,68,0.10708661417322834,0.8893557422969187,0.8517027421304222,False
SHORT,2,VAL_Dist_ATR:lo,51,0.6071428571428571,248,0.3905511811023622,1.5545794930875576,0.000227071701458657,True
SHORT,2,VAL_Side:==-1,1,0.011904761904761904,12,0.01889763779527559,0.6299603174603174,1.0,False
SHORT,2,VAL_Side:==0,7,0.08333333333333333,22,0.03464566929133858,2.4053030303030303,0.06740959252092353,False
SHORT,2,VAL_Side:==1,76,0.9047619047619048,601,0.9464566929133859,0.9559464384755566,0.13583399830409643,False
SHORT,2,VA_Position:hi,18,0.21428571428571427,142,0.22362204724409449,0.9582494969818913,1.0,False
SHORT,2,VA_Position:lo,30,0.35714285714285715,179,0.28188976377952757,1.2669592976855546,0.16076145430811428,False
SHORT,2,VWAP_Dist_ATR:hi,6,0.07142857142857142,61,0.09606299212598425,0.743559718969555,0.5538534325537852,False
SHORT,2,VWAP_Dist_ATR:lo,36,0.42857142857142855,235,0.3700787401574803,1.1580547112462005,0.3379778698191128,False
SHORT,2,VWAP_Side:==-1,44,0.5238095238095238,309,0.48661417322834644,1.0764370473108338,0.5622922941491659,False
SHORT,2,VWAP_Side:==0,0,0.0,0,0.0,inf,1.0,False
SHORT,2,VWAP_Side:==1,40,0.47619047619047616,326,0.5133858267716536,0.9275489336839029,0.5622922941491659,False
SHORT,2,VWAP_Sigma:hi,22,0.2619047619047619,169,0.26614173228346455,0.9840800225415611,1.0,False
SHORT,2,VWAP_Sigma:lo,18,0.21428571428571427,116,0.1826771653543307,1.1730295566502462,0.45959850448318185,False
SHORT,2,VWAP_Sigma_ATR:hi,5,0.05952380952380952,64,0.10078740157480315,0.5905877976190476,0.32254596134238467,False
SHORT,2,VWAP_Sigma_ATR:lo,60,0.7142857142857143,313,0.49291338582677163,1.4491099954358742,0.00017198414543548839,True
SHORT,2,VWAP_Z:hi,2,0.023809523809523808,29,0.04566929133858268,0.5213464696223317,0.5657958315985803,False
SHORT,2,VWAP_Z:lo,23,0.27380952380952384,71,0.11181102362204724,2.448859825620389,0.00018959753776569006,True
SHORT,2,Volume:hi,63,0.75,317,0.49921259842519683,1.502365930599369,1.3213412003620115e-05,True
SHORT,2,Volume:lo,3,0.03571428571428571,42,0.06614173228346457,0.5399659863945578,0.34610565791562475,False
SHORT,2,Volume_Avg_10:hi,43,0.5119047619047619,228,0.3590551181102362,1.4256996658312446,0.00821983344225451,False
SHORT,2,Volume_Avg_10:lo,5,0.05952380952380952,63,0.09921259842519685,0.5999622071050642,0.3212232309770904,False
SHORT,2,Volume_Ratio_10:hi,57,0.6785714285714286,264,0.415748031496063,1.6321699134199135,6.788439016570244e-06,True
SHORT,2,Volume_Ratio_10:lo,5,0.05952380952380952,53,0.08346456692913386,0.713162623539982,0.6684212655361299,False
SHORT,2,WeeklyOpen_Dist_ATR:hi,6,0.07142857142857142,70,0.11023622047244094,0.6479591836734694,0.3467940939944604,False
SHORT,2,WeeklyOpen_Dist_ATR:lo,42,0.5,265,0.41732283464566927,1.1981132075471699,0.16007284508391337,False
SHORT,2,WeeklyOpen_Side:==-1,28,0.3333333333333333,196,0.30866141732283464,1.0799319727891157,0.7069833768279092,False
SHORT,2,WeeklyOpen_Side:==0,0,0.0,0,0.0,inf,1.0,False
SHORT,2,WeeklyOpen_Side:==1,56,0.6666666666666666,439,0.6913385826771653,0.9643128321943812,0.7069833768279092,False
SHORT,3,ADX_Rising:==0,19,0.2261904761904762,242,0.38110236220472443,0.5935163321526957,0.005367836475528963,False
SHORT,3,ADX_Rising:==1,65,0.7738095238095238,393,0.6188976377952756,1.2503029201502485,0.005367836475528963,False
SHORT,3,ADX_Value:hi,24,0.2857142857142857,120,0.1889763779527559,1.5119047619047619,0.04255291380453334,False
SHORT,3,ADX_Value:lo,7,0.08333333333333333,84,0.13228346456692913,0.6299603174603174,0.2929512690948671,False
SHORT,3,ATR_1M:hi,68,0.8095238095238095,346,0.5448818897637795,1.4856867602532344,1.9873430870584873e-06,True
SHORT,3,ATR_1M:lo,0,0.0,13,0.02047244094488189,0.0,0.38224650628257767,False
SHORT,3,AT_Lookback_LT:hi,22,0.2619047619047619,145,0.2283464566929134,1.1469622331691298,0.4934362435553482,False
SHORT,3,AT_Lookback_LT:lo,0,0.0,0,0.0,inf,1.0,False
SHORT,3,AT_Lookback_ST:hi,11,0.13095238095238096,93,0.14645669291338584,0.894137224782386,0.8688384044620945,False
SHORT,3,AT_Lookback_ST:lo,0,0.0,0,0.0,inf,1.0,False
SHORT,3,AT_Regime_LT:==0,48,0.5714285714285714,361,0.568503937007874,1.005144440047487,1.0,False
SHORT,3,AT_Regime_LT:==1,36,0.42857142857142855,274,0.431496062992126,0.9932221063607923,1.0,False
SHORT,3,AT_Regime_ST:==0,10,0.11904761904761904,85,0.13385826771653545,0.8893557422969186,0.8639186791404119,False
SHORT,3,AT_Regime_ST:==1,74,0.8809523809523809,550,0.8661417322834646,1.017099567099567,0.8639186791404119,False
SHORT,3,AT_Score_LT:hi,26,0.30952380952380953,120,0.1889763779527559,1.6378968253968256,0.013710217320056152,False
SHORT,3,AT_Score_LT:lo,4,0.047619047619047616,38,0.05984251968503937,0.7957393483709273,0.8075098334458175,False
SHORT,3,AT_Score_ST:hi,2,0.023809523809523808,28,0.04409448818897638,0.5399659863945578,0.5635662872732929,False
SHORT,3,AT_Score_ST:lo,12,0.14285714285714285,74,0.11653543307086614,1.2258687258687258,0.4754139928062492,False
SHORT,3,AT_Slope_LT:hi,31,0.36904761904761907,205,0.3228346456692913,1.1431475029036007,0.3899715112072575,False
SHORT,3,AT_Slope_LT:lo,14,0.16666666666666666,132,0.2078740157480315,0.8017676767676767,0.47045421390006104,False
SHORT,3,AT_Slope_ST:hi,1,0.011904761904761904,35,0.05511811023622047,0.21598639455782312,0.10912693304465151,False
SHORT,3,AT_Slope_ST:lo,67,0.7976190476190477,418,0.658267716535433,1.2116940077466394,0.009396664544575054,False
SHORT,3,Bar_Range:hi,61,0.7261904761904762,282,0.4440944881889764,1.6352161431948664,1.2473460075625707e-06,True
SHORT,3,Bar_Range:lo,3,0.03571428571428571,29,0.04566929133858268,0.7820197044334976,1.0,False
SHORT,3,Bars_Since_Flip:hi,13,0.15476190476190477,86,0.13543307086614173,1.142718715393134,0.61446169615574,False
SHORT,3,Bars_Since_Flip:lo,27,0.32142857142857145,222,0.34960629921259845,0.9194015444015444,0.7144751922510884,False
SHORT,3,Body_Size:hi,44,0.5238095238095238,220,0.3464566929133858,1.511904761904762,0.002425185513414743,False
SHORT,3,Body_Size:lo,9,0.10714285714285714,85,0.13385826771653545,0.8004201680672268,0.6062908138445606,False
SHORT,3,D2D_ATR:hi,69,0.8214285714285714,351,0.552755905511811,1.4860602360602362,1.6027035652804228e-06,True
SHORT,3,D2D_ATR:lo,0,0.0,10,0.015748031496062992,0.0,0.6158299031176315,False
SHORT,3,D2D_ATR_MA:hi,63,0.75,295,0.4645669291338583,1.6144067796610169,7.239107061380967e-07,True
SHORT,3,D2D_ATR_MA:lo,0,0.0,22,0.03464566929133858,0.0,0.09615251628782562,False
SHORT,3,D2D_DirStep:==-1,82,0.9761904761904762,541,0.8519685039370078,1.1458058269518527,0.0005199575268551201,True
SHORT,3,D2D_DirStep:==1,2,0.023809523809523808,94,0.14803149606299212,0.16084093211752787,0.0005199575268551201,True
SHORT,3,D2D_Dn_Count:hi,0,0.0,10,0.015748031496062992,0.0,0.6158299031176315,False
SHORT,3,D2D_Dn_Count:lo,0,0.0,0,0.0,inf,1.0,False
SHORT,3,D2D_Dynamic_Sensitivity:hi,0,0.0,0,0.0,inf,1.0,False
SHORT,3,D2D_Dynamic_Sensitivity:lo,22,0.2619047619047619,98,0.15433070866141732,1.697035957240039,0.018715524604377674,False
SHORT,3,D2D_Persist:hi,0,0.0,5,0.007874015748031496,0.0,1.0,False
SHORT,3,D2D_Persist:lo,34,0.40476190476190477,201,0.3165354330708661,1.2787254205164653,0.10904620651613217,False
SHORT,3,D2D_Signal:==-1,0,0.0,0,0.0,inf,1.0,False
SHORT,3,D2D_Signal:==0,83,0.9880952380952381,630,0.9921259842519685,0.9959372637944067,0.5267791034702338,False
SHORT,3,D2D_Signal:==1,1,0.011904761904761904,5,0.007874015748031496,1.5119047619047619,0.5267791034702338,False
SHORT,3,D2D_Up_Count:hi,1,0.011904761904761904,5,0.007874015748031496,1.5119047619047619,0.5267791034702338,False
SHORT,3,D2D_Up_Count:lo,0,0.0,0,0.0,inf,1.0,False
SHORT,3,DailyOpen_Dist_ATR:hi,5,0.05952380952380952,85,0.13385826771653545,0.4446778711484593,0.0539749700440136,False
SHORT,3,DailyOpen_Dist_ATR:lo,39,0.4642857142857143,211,0.33228346456692914,1.3972579553148274,0.020375631339949213,False
SHORT,3,DailyOpen_Side:==-1,46,0.5476190476190477,309,0.48661417322834644,1.1253660040067808,0.29887963412133783,False
SHORT,3,DailyOpen_Side:==0,0,0.0,0,0.0,inf,1.0,False
SHORT,3,DailyOpen_Side:==1,38,0.4523809523809524,326,0.5133858267716536,0.8811714869997078,0.29887963412133783,False
SHORT,3,Dist_To_PoC_ATR:hi,9,0.10714285714285714,77,0.12125984251968504,0.8835807050092764,0.8582575300073031,False
SHORT,3,Dist_To_PoC_ATR:lo,43,0.5119047619047619,224,0.352755905511811,1.4511585884353742,0.005607339220626401,False
SHORT,3,EMA_Oscillator:hi,0,0.0,19,0.029921259842519685,0.0,0.15119270474714022,False
SHORT,3,EMA_Oscillator:lo,74,0.8809523809523809,400,0.6299212598425197,1.3985119047619048,1.2832153670219763e-06,True
SHORT,3,Efficiency_Ratio:hi,36,0.42857142857142855,219,0.34488188976377954,1.2426614481409002,0.14565795254003766,False
SHORT,3,Efficiency_Ratio:lo,4,0.047619047619047616,67,0.10551181102362205,0.4513148542999289,0.11814620844047763,False
SHORT,3,Harmonic_D2D_Concordance:==0,35,0.4166666666666667,397,0.6251968503937008,0.6664567590260286,0.0003392500352201533,True
SHORT,3,Harmonic_D2D_Concordance:==1,49,0.5833333333333334,238,0.37480314960629924,1.5563725490196079,0.0003392500352201533,True
SHORT,3,Harmonic_LLEMA:hi,0,0.0,19,0.029921259842519685,0.0,0.15119270474714022,False
SHORT,3,Harmonic_LLEMA:lo,47,0.5595238095238095,212,0.33385826771653543,1.6759321653189578,9.055146728721362e-05,True
SHORT,3,Harmonic_OBVf_Concordance:==0,40,0.47619047619047616,424,0.6677165354330709,0.713162623539982,0.0009491598961675057,True
SHORT,3,Harmonic_OBVf_Concordance:==1,44,0.5238095238095238,211,0.33228346456692914,1.5763935906116002,0.0009491598961675057,True
SHORT,3,KAMA_Dist:hi,0,0.0,44,0.06929133858267716,0.0,0.0062276061648112455,False
SHORT,3,KAMA_Dist:lo,63,0.75,319,0.5023622047244094,1.49294670846395,1.442847933301642e-05,True
SHORT,3,KAMA_Dist_ATR:hi,0,0.0,11,0.01732283464566929,0.0,0.6268835984299028,False
SHORT,3,KAMA_Dist_ATR:lo,29,0.34523809523809523,171,0.2692913385826772,1.282024505708716,0.1547373940613421,False
SHORT,3,KAMA_Slope:hi,0,0.0,31,0.048818897637795275,0.0,0.03992866764089069,False
SHORT,3,KAMA_Slope:lo,55,0.6547619047619048,248,0.3905511811023622,1.6765072964669738,5.845966970700847e-06,True
SHORT,3,Lower_Wick:hi,36,0.42857142857142855,252,0.3968503937007874,1.0799319727891157,0.6358207058028584,False
SHORT,3,Lower_Wick:lo,7,0.08333333333333333,78,0.12283464566929134,0.6784188034188033,0.3693785440329923,False
SHORT,3,Micro_Amihud:hi,21,0.25,159,0.2503937007874016,0.9984276729559748,1.0,False
SHORT,3,Micro_Amihud:lo,17,0.20238095238095238,125,0.1968503937007874,1.028095238095238,0.8846346746463153,False
SHORT,3,Micro_AutoCorr:hi,19,0.2261904761904762,128,0.2015748031496063,1.1221168154761905,0.5680279880874305,False
SHORT,3,Micro_AutoCorr:lo,10,0.11904761904761904,106,0.16692913385826771,0.713162623539982,0.3429498373924851,False
SHORT,3,Micro_BarEntropy:hi,18,0.21428571428571427,130,0.2047244094488189,1.0467032967032968,0.8858125591097377,False
SHORT,3,Micro_BarEntropy:lo,17,0.20238095238095238,102,0.16062992125984252,1.2599206349206349,0.348666142169175,False
SHORT,3,Micro_BarOverlap:hi,14,0.16666666666666666,148,0.23307086614173228,0.7150900900900901,0.21075004307948939,False
SHORT,3,Micro_BarOverlap:lo,19,0.2261904761904762,114,0.1795275590551181,1.2599206349206349,0.2974339940466613,False
SHORT,3,Micro_CSSpread:hi,32,0.38095238095238093,209,0.3291338582677165,1.1574390521758944,0.3893276081220313,False
SHORT,3,Micro_CSSpread:lo,11,0.13095238095238096,71,0.11181102362204724,1.171193829644534,0.5850445936086529,False
SHORT,3,Micro_Entropy:hi,5,0.05952380952380952,64,0.10078740157480315,0.5905877976190476,0.32254596134238467,False
SHORT,3,Micro_Entropy:lo,23,0.27380952380952384,129,0.2031496062992126,1.3478220745662606,0.15450639394992194,False
SHORT,3,Micro_FailedBreak:hi,11,0.13095238095238096,103,0.16220472440944883,0.8073277854831252,0.5277610016149814,False
SHORT,3,Micro_FailedBreak:lo,18,0.21428571428571427,104,0.16377952755905512,1.308379120879121,0.2779319548057533,False
SHORT,3,Micro_FractalDim:hi,0,0.0,44,0.06929133858267716,0.0,0.0062276061648112455,False
SHORT,3,Micro_FractalDim:lo,39,0.4642857142857143,264,0.415748031496063,1.1167478354978355,0.4122326838822552,False
SHORT,3,Micro_GarmanKlass:hi,64,0.7619047619047619,312,0.49133858267716535,1.5506715506715507,2.3915827167306465e-06,True
SHORT,3,Micro_GarmanKlass:lo,3,0.03571428571428571,34,0.05354330708661417,0.667016806722689,0.6082269713824004,False
SHORT,3,Micro_HLAsymmetry:hi,28,0.3333333333333333,185,0.29133858267716534,1.1441441441441442,0.44645411861762174,False
SHORT,3,Micro_HLAsymmetry:lo,34,0.40476190476190477,175,0.2755905511811024,1.4687074829931972,0.020752864817150656,False
SHORT,3,Micro_Hurst:hi,20,0.23809523809523808,139,0.2188976377952756,1.0877012675573825,0.6762982984294513,False
SHORT,3,Micro_Hurst:lo,10,0.11904761904761904,97,0.15275590551181104,0.7793323514972998,0.5145115777993354,False
SHORT,3,Micro_IBSP:hi,14,0.16666666666666666,120,0.1889763779527559,0.8819444444444444,0.7654932072257497,False
SHORT,3,Micro_IBSP:lo,21,0.25,126,0.1984251968503937,1.2599206349206349,0.31286549700234645,False
SHORT,3,Micro_Lambda:hi,18,0.21428571428571427,136,0.2141732283464567,1.0005252100840336,1.0,False
SHORT,3,Micro_Lambda:lo,14,0.16666666666666666,130,0.2047244094488189,0.8141025641025641,0.4703396459115867,False
SHORT,3,Micro_LogReturn:hi,26,0.30952380952380953,175,0.2755905511811024,1.1231292517006803,0.5193015423323183,False
SHORT,3,Micro_LogReturn:lo,32,0.38095238095238093,192,0.30236220472440944,1.2599206349206349,0.16756447926086743,False
SHORT,3,Micro_MicroGap:hi,15,0.17857142857142858,97,0.15275590551181104,1.1689985272459498,0.523888250130668,False
SHORT,3,Micro_MicroGap:lo,13,0.15476190476190477,88,0.13858267716535433,1.1167478354978355,0.7378748723973121,False
SHORT,3,Micro_MomoTransfer:hi,16,0.19047619047619047,124,0.1952755905511811,0.9754224270353302,1.0,False
SHORT,3,Micro_MomoTransfer:lo,20,0.23809523809523808,112,0.1763779527559055,1.3499149659863945,0.17784075779944258,False
SHORT,3,Micro_OrderFlowDelta:hi,24,0.2857142857142857,180,0.28346456692913385,1.007936507936508,1.0,False
SHORT,3,Micro_OrderFlowDelta:lo,36,0.42857142857142855,173,0.27244094488188975,1.5730800990916598,0.004644096277722347,False
SHORT,3,Micro_PriceAccel:hi,25,0.2976190476190476,171,0.2692913385826772,1.1051935394040657,0.6027336489893296,False
SHORT,3,Micro_PriceAccel:lo,29,0.34523809523809523,188,0.29606299212598425,1.166096757852077,0.37673470542963416,False
SHORT,3,Micro_RangeAccel:hi,39,0.4642857142857143,189,0.29763779527559053,1.5599017384731673,0.0026916465260049044,False
SHORT,3,Micro_RangeAccel:lo,24,0.2857142857142857,174,0.2740157480314961,1.0426929392446633,0.7964127930453264,False
SHORT,3,Micro_RangeVelocity:hi,26,0.30952380952380953,146,0.22992125984251968,1.3462165688193086,0.13347070244505244,False
SHORT,3,Micro_RangeVelocity:lo,30,0.35714285714285715,197,0.3102362204724409,1.1511965192168239,0.38439482055955687,False
SHORT,3,Micro_Rejection:hi,9,0.10714285714285714,133,0.2094488188976378,0.5115467239527389,0.02812727195672827,False
SHORT,3,Micro_Rejection:lo,19,0.2261904761904762,125,0.1968503937007874,1.149047619047619,0.5616728136581255,False
SHORT,3,Micro_RollProxy:hi,33,0.39285714285714285,193,0.30393700787401573,1.292561065877128,0.1049635567344612,False
SHORT,3,Micro_RollProxy:lo,31,0.36904761904761907,191,0.30078740157480316,1.2269384193467963,0.21035525161524485,False
SHORT,3,Micro_ThrustEff:hi,10,0.11904761904761904,123,0.19370078740157481,0.6145954316686023,0.10221031717863137,False
SHORT,3,Micro_ThrustEff:lo,21,0.25,103,0.16220472440944883,1.54126213592233,0.0635940326194413,False
SHORT,3,Micro_TickIntensity:hi,13,0.15476190476190477,138,0.2173228346456693,0.7121290545203589,0.20245077704842546,False
SHORT,3,Micro_TickIntensity:lo,20,0.23809523809523808,154,0.24251968503937008,0.981756338899196,1.0,False
SHORT,3,Micro_VPIN:hi,24,0.2857142857142857,171,0.2692913385826772,1.060985797827903,0.7940926545859934,False
SHORT,3,Micro_VPIN:lo,12,0.14285714285714285,92,0.14488188976377953,0.9860248447204969,1.0,False
SHORT,3,Micro_VolAccel:hi,25,0.2976190476190476,152,0.23937007874015748,1.243342731829574,0.28047521565337347,False
SHORT,3,Micro_VolAccel:lo,12,0.14285714285714285,131,0.2062992125984252,0.6924754634678298,0.19232680879782146,False
SHORT,3,Micro_VolOfVol:hi,59,0.7023809523809523,307,0.48346456692913387,1.4528075073677678,0.0001775014470236478,True
SHORT,3,Micro_VolOfVol:lo,2,0.023809523809523808,54,0.08503937007874016,0.27998236331569665,0.05033647061713682,False
SHORT,3,Micro_WickImbalance:hi,33,0.39285714285714285,223,0.35118110236220473,1.118673926969891,0.46834735080262613,False
SHORT,3,Micro_WickImbalance:lo,26,0.30952380952380953,140,0.2204724409448819,1.4039115646258504,0.07403620464630063,False
SHORT,3,Momentum_Value:hi,0,0.0,23,0.03622047244094488,0.0,0.0964110211352685,False
SHORT,3,Momentum_Value:lo,73,0.8690476190476191,430,0.6771653543307087,1.283361018826135,0.000202115322948938,True
SHORT,3,MultiDay_Position:hi,31,0.36904761904761907,193,0.30393700787401573,1.2142240315815447,0.2590243530903029,False
SHORT,3,MultiDay_Position:lo,27,0.32142857142857145,204,0.32125984251968503,1.0005252100840336,1.0,False
SHORT,3,MultiDay_Slope:hi,19,0.2261904761904762,126,0.1984251968503937,1.1399281934996222,0.5633672423586085,False
SHORT,3,MultiDay_Slope:lo,15,0.17857142857142858,142,0.22362204724409449,0.7985412474849095,0.40064089901995803,False
SHORT,3,OBV_Macd:hi,14,0.16666666666666666,153,0.2409448818897638,0.6917211328976034,0.16833274127286696,False
SHORT,3,OBV_Macd:lo,23,0.27380952380952384,102,0.16062992125984252,1.7045985060690945,0.013906285976706886,False
SHORT,3,OBV_Velocity:hi,1,0.011904761904761904,14,0.02204724409448819,0.5399659863945578,1.0,False
SHORT,3,OBV_Velocity:lo,43,0.5119047619047619,261,0.4110236220472441,1.2454387885422369,0.09945386238619588,False
SHORT,3,OBVf_DirStepCount:hi,11,0.13095238095238096,63,0.09921259842519685,1.3199168556311414,0.3435273727868019,False
SHORT,3,OBVf_DirStepCount:lo,1,0.011904761904761904,67,0.10551181102362205,0.11282871357498223,0.002473575643527494,False
SHORT,3,OBVf_Signal:==-1,73,0.8690476190476191,494,0.7779527559055118,1.117095623674571,0.06382426207124924,False
SHORT,3,OBVf_Signal:==1,11,0.13095238095238096,141,0.2220472440944882,0.5897500844309355,0.06382426207124924,False
SHORT,3,OBVf_Trend_Dir:==-1,73,0.8690476190476191,494,0.7779527559055118,1.117095623674571,0.06382426207124924,False
SHORT,3,OBVf_Trend_Dir:==1,11,0.13095238095238096,141,0.2220472440944882,0.5897500844309355,0.06382426207124924,False
SHORT,3,OR_High_Dist_ATR:hi,6,0.07142857142857142,106,0.16692913385826771,0.4278975741239892,0.024040275514269238,False
SHORT,3,OR_High_Dist_ATR:lo,0,0.0,0,0.0,inf,1.0,False
SHORT,3,OR_High_Side:==-1,46,0.5476190476190477,251,0.3952755905511811,1.3854107380003795,0.00931327835601111,False
SHORT,3,OR_High_Side:==0,27,0.32142857142857145,243,0.3826771653543307,0.83994708994709,0.33750459840771585,False
SHORT,3,OR_High_Side:==1,11,0.13095238095238096,141,0.2220472440944882,0.5897500844309355,0.06382426207124924,False
SHORT,3,OR_Low_Dist_ATR:hi,12,0.14285714285714285,96,0.15118110236220472,0.9449404761904762,1.0,False
SHORT,3,OR_Low_Dist_ATR:lo,0,0.0,0,0.0,inf,1.0,False
SHORT,3,OR_Low_Side:==-1,29,0.34523809523809523,149,0.2346456692913386,1.4713167146053052,0.031533389265740536,False
SHORT,3,OR_Low_Side:==0,27,0.32142857142857145,242,0.38110236220472443,0.843417945690673,0.33740992900329503,False
SHORT,3,OR_Low_Side:==1,28,0.3333333333333333,244,0.384251968503937,0.8674863387978141,0.4032820159387345,False
SHORT,3,OR_Position:hi,13,0.15476190476190477,154,0.24251968503937008,0.6381416202844774,0.07534523819672985,False
SHORT,3,OR_Position:lo,32,0.38095238095238093,169,0.26614173228346455,1.431389123696816,0.037717669388913105,False
SHORT,3,PoC_Side:==-1,7,0.08333333333333333,82,0.12913385826771653,0.6453252032520325,0.29067909979699613,False
SHORT,3,PoC_Side:==0,6,0.07142857142857142,24,0.03779527559055118,1.8898809523809523,0.14792680229587077,False
SHORT,3,PoC_Side:==1,71,0.8452380952380952,529,0.8330708661417323,1.0146052750022503,0.8765013001293777,False
SHORT,3,PrevDay_Close_Dist_ATR:hi,5,0.05952380952380952,85,0.13385826771653545,0.4446778711484593,0.0539749700440136,False
SHORT,3,PrevDay_Close_Dist_ATR:lo,30,0.35714285714285715,199,0.31338582677165355,1.1396267049533382,0.454950217061932,False
SHORT,3,PrevDay_Close_Side:==-1,49,0.5833333333333334,336,0.5291338582677165,1.1024305555555556,0.3550512052733752,False
SHORT,3,PrevDay_Close_Side:==0,0,0.0,0,0.0,inf,1.0,False
SHORT,3,PrevDay_Close_Side:==1,35,0.4166666666666667,299,0.47086614173228347,0.8848940914158305,0.3550512052733752,False
SHORT,3,PrevDay_High_Dist_ATR:hi,5,0.05952380952380952,80,0.12598425196850394,0.4724702380952381,0.1031566687394837,False
SHORT,3,PrevDay_High_Dist_ATR:lo,51,0.6071428571428571,230,0.36220472440944884,1.6762422360248446,2.47889803045463e-05,True
SHORT,3,PrevDay_High_Side:==-1,55,0.6547619047619048,473,0.7448818897637796,0.8790143964562569,0.08766110067459901,False
SHORT,3,PrevDay_High_Side:==0,0,0.0,0,0.0,inf,1.0,False
SHORT,3,PrevDay_High_Side:==1,29,0.34523809523809523,162,0.2551181102362205,1.3532480893592003,0.08766110067459901,False
SHORT,3,PrevDay_Low_Dist_ATR:hi,11,0.13095238095238096,74,0.11653543307086614,1.1237129987129988,0.7188617376739536,False
SHORT,3,PrevDay_Low_Dist_ATR:lo,38,0.4523809523809524,255,0.4015748031496063,1.126517273576097,0.40872571777873573,False
SHORT,3,PrevDay_Low_Side:==-1,21,0.25,156,0.24566929133858267,1.017628205128205,0.8937071958181595,False
SHORT,3,PrevDay_Low_Side:==0,0,0.0,0,0.0,inf,1.0,False
SHORT,3,PrevDay_Low_Side:==1,63,0.75,479,0.7543307086614173,0.994258872651357,0.8937071958181595,False
SHORT,3,RangeOsc_State:==-1,57,0.6785714285714286,294,0.462992125984252,1.4656219630709426,0.0002777802281983311,True
SHORT,3,RangeOsc_State:==-2,12,0.14285714285714285,107,0.16850393700787403,0.8477970627503336,0.6407789998537897,False
SHORT,3,RangeOsc_State:==1,6,0.07142857142857142,132,0.2078740157480315,0.3436147186147186,0.0017811452395758522,True
SHORT,3,RangeOsc_State:==2,9,0.10714285714285714,102,0.16062992125984252,0.667016806722689,0.26006641974972955,False
SHORT,3,RangeOsc_Val:hi,3,0.03571428571428571,67,0.10551181102362205,0.3384861407249467,0.04812276373910061,False
SHORT,3,RangeOsc_Val:lo,49,0.5833333333333334,184,0.28976377952755905,2.0131340579710146,2.0429215170764736e-07,True
SHORT,3,Round_1000_Dist_ATR:hi,4,0.047619047619047616,37,0.05826771653543307,0.8172458172458172,1.0,False
SHORT,3,Round_1000_Dist_ATR:lo,49,0.5833333333333334,251,0.3952755905511811,1.4757636122177955,0.0013782091890460742,True
SHORT,3,Round_100_Dist_ATR:hi,0,0.0,24,0.03779527559055118,0.0,0.09860854265662257,False
SHORT,3,Round_100_Dist_ATR:lo,49,0.5833333333333334,240,0.3779527559055118,1.543402777777778,0.0005288561527230203,True
SHORT,3,Round_500_Dist_ATR:hi,2,0.023809523809523808,40,0.06299212598425197,0.37797619047619047,0.21385014932597585,False
SHORT,3,Round_500_Dist_ATR:lo,46,0.5476190476190477,247,0.3889763779527559,1.4078465394254869,0.006466602914175926,False
SHORT,3,ST_Flip_Event:==-1,1,0.011904761904761904,10,0.015748031496062992,0.7559523809523809,1.0,False
SHORT,3,ST_Flip_Event:==0,82,0.9761904761904762,621,0.9779527559055118,0.9981979909516141,1.0,False
SHORT,3,ST_Flip_Event:==1,1,0.011904761904761904,4,0.006299212598425197,1.8898809523809523,0.46368298393293156,False
SHORT,3,Session_High_Dist_ATR:hi,3,0.03571428571428571,66,0.10393700787401575,0.3436147186147186,0.04781826437748437,False
SHORT,3,Session_High_Dist_ATR:lo,24,0.2857142857142857,144,0.22677165354330708,1.2599206349206349,0.27174182488802784,False
SHORT,3,Session_High_Side:==-1,84,1.0,634,0.9984251968503937,1.001577287066246,1.0,False
SHORT,3,Session_High_Side:==0,0,0.0,1,0.0015748031496062992,0.0,1.0,False
SHORT,3,Session_Low_Dist_ATR:hi,6,0.07142857142857142,60,0.09448818897637795,0.7559523809523809,0.686672200359592,False
SHORT,3,Session_Low_Dist_ATR:lo,46,0.5476190476190477,243,0.3826771653543307,1.4310209680580053,0.004424836255240958,False
SHORT,3,Session_Low_Side:==0,0,0.0,3,0.004724409448818898,0.0,1.0,False
SHORT,3,Session_Low_Side:==1,84,1.0,632,0.9952755905511811,1.004746835443038,1.0,False
SHORT,3,Slope_Accel_LT:hi,0,0.0,27,0.04251968503937008,0.0,0.061859316014617506,False
SHORT,3,Slope_Accel_LT:lo,33,0.39285714285714285,115,0.18110236220472442,2.169254658385093,2.36580617277831e-05,True
SHORT,3,Slope_Accel_ST:hi,2,0.023809523809523808,32,0.050393700787401574,0.4724702380952381,0.4129783419185169,False
SHORT,3,Slope_Accel_ST:lo,62,0.7380952380952381,404,0.6362204724409449,1.1601249410655352,0.06913136494898615,False
SHORT,3,Slope_EMA_LT:hi,31,0.36904761904761907,207,0.32598425196850395,1.1321025994939038,0.4597494569970014,False
SHORT,3,Slope_EMA_LT:lo,13,0.15476190476190477,129,0.2031496062992126,0.761812476928756,0.38109058727804873,False
SHORT,3,Slope_EMA_ST:hi,2,0.023809523809523808,39,0.06141732283464567,0.3876678876678877,0.2128979228511072,False
SHORT,3,Slope_EMA_ST:lo,61,0.7261904761904762,332,0.5228346456692914,1.3889486517498564,0.00042872519331172364,True
SHORT,3,Sqz_State:==-1,71,0.8452380952380952,527,0.8299212598425196,1.018455769404536,0.8766631569747299,False
SHORT,3,Sqz_State:==1,13,0.15476190476190477,108,0.1700787401574803,0.9099426807760141,0.8766631569747299,False
SHORT,3,Sqz_Val:hi,0,0.0,18,0.028346456692913385,0.0,0.2521381801054463,False
SHORT,3,Sqz_Val:lo,78,0.9285714285714286,487,0.7669291338582677,1.2107656204165447,0.0003341116947271325,True
SHORT,3,TChan_A15:hi,14,0.16666666666666666,156,0.24566929133858267,0.6784188034188033,0.13238867284279593,False
SHORT,3,TChan_A15:lo,10,0.11904761904761904,95,0.14960629921259844,0.7957393483709272,0.5149260221669923,False
SHORT,3,Trend_Concordance:==0,10,0.11904761904761904,132,0.2078740157480315,0.5726911976911977,0.05813527369370155,False
SHORT,3,Trend_Concordance:==1,74,0.8809523809523809,503,0.7921259842519685,1.1121367035879959,0.05813527369370155,False
SHORT,3,Trend_Conflict:==0,74,0.8809523809523809,503,0.7921259842519685,1.1121367035879959,0.05813527369370155,False
SHORT,3,Trend_Conflict:==1,10,0.11904761904761904,132,0.2078740157480315,0.5726911976911977,0.05813527369370155,False
SHORT,3,Upper_Wick:hi,39,0.4642857142857143,233,0.3669291338582677,1.2653280196198653,0.09390927341689129,False
SHORT,3,Upper_Wick:lo,10,0.11904761904761904,85,0.13385826771653545,0.8893557422969186,0.8639186791404119,False
SHORT,3,VAH_Dist_ATR:hi,10,0.11904761904761904,79,0.12440944881889764,0.9569017480409885,1.0,False
SHORT,3,VAH_Dist_ATR:lo,43,0.5119047619047619,222,0.34960629921259845,1.464232089232089,0.00538287004253421,False
SHORT,3,VAH_Side:==-1,14,0.16666666666666666,103,0.16220472440944883,1.0275080906148866,0.8759294106722029,False
SHORT,3,VAH_Side:==0,5,0.05952380952380952,30,0.047244094488188976,1.2599206349206349,0.589606180072204,False
SHORT,3,VAH_Side:==1,65,0.7738095238095238,502,0.7905511811023622,0.9788228040220073,0.7760761703646082,False
SHORT,3,VAL_Dist_ATR:hi,9,0.10714285714285714,73,0.11496062992125984,0.9319960861056751,1.0,False
SHORT,3,VAL_Dist_ATR:lo,48,0.5714285714285714,236,0.3716535433070866,1.5375302663438255,0.0005440814675767119,True
SHORT,3,VAL_Side:==-1,0,0.0,16,0.025196850393700787,0.0,0.23942380823536344,False
SHORT,3,VAL_Side:==0,5,0.05952380952380952,15,0.023622047244094488,2.5198412698412698,0.07260717848784386,False
SHORT,3,VAL_Side:==1,79,0.9404761904761905,604,0.9511811023622048,0.9887456638284452,0.5985819961117917,False
SHORT,3,VA_Position:hi,17,0.20238095238095238,146,0.22992125984251968,0.880218525766471,0.6776447512681835,False
SHORT,3,VA_Position:lo,32,0.38095238095238093,176,0.27716535433070866,1.3744588744588744,0.05491840697021648,False
SHORT,3,VWAP_Dist_ATR:hi,8,0.09523809523809523,70,0.11023622047244094,0.8639455782312925,0.8519031440462832,False
SHORT,3,VWAP_Dist_ATR:lo,31,0.36904761904761907,223,0.35118110236220473,1.050875507153534,0.8082085243188563,False
SHORT,3,VWAP_Side:==-1,46,0.5476190476190477,309,0.48661417322834644,1.1253660040067808,0.29887963412133783,False
SHORT,3,VWAP_Side:==0,0,0.0,0,0.0,inf,1.0,False
SHORT,3,VWAP_Side:==1,38,0.4523809523809524,326,0.5133858267716536,0.8811714869997078,0.29887963412133783,False
SHORT,3,VWAP_Sigma:hi,22,0.2619047619047619,169,0.26614173228346455,0.9840800225415611,1.0,False
SHORT,3,VWAP_Sigma:lo,18,0.21428571428571427,115,0.18110236220472442,1.1832298136645962,0.4564295103689661,False
SHORT,3,VWAP_Sigma_ATR:hi,7,0.08333333333333333,74,0.11653543307086614,0.7150900900900901,0.4635495070339742,False
SHORT,3,VWAP_Sigma_ATR:lo,58,0.6904761904761905,295,0.4645669291338583,1.486279257465698,0.00011012185754292069,True
SHORT,3,VWAP_Z:hi,2,0.023809523809523808,33,0.05196850393700787,0.45815295815295815,0.415466480450636,False
SHORT,3,VWAP_Z:lo,22,0.2619047619047619,74,0.11653543307086614,2.2474259974259976,0.0008914382864068915,True
SHORT,3,Volume:hi,59,0.7023809523809523,303,0.47716535433070867,1.471986484362722,0.00011071035826570217,True
SHORT,3,Volume:lo,3,0.03571428571428571,52,0.08188976377952756,0.43612637362637363,0.18756046031139773,False
SHORT,3,Volume_Avg_10:hi,49,0.5833333333333334,242,0.38110236220472443,1.5306473829201102,0.0005467790231019277,True
SHORT,3,Volume_Avg_10:lo,4,0.047619047619047616,55,0.08661417322834646,0.5497835497835497,0.290953541257288,False
SHORT,3,Volume_Ratio_10:hi,45,0.5357142857142857,211,0.33228346456692914,1.6122207176709547,0.0003922956169508424,True
SHORT,3,Volume_Ratio_10:lo,6,0.07142857142857142,72,0.11338582677165354,0.6299603174603174,0.3488269403225065,False
SHORT,3,WeeklyOpen_Dist_ATR:hi,9,0.10714285714285714,81,0.12755905511811025,0.8399470899470898,0.7262639285849415,False
SHORT,3,WeeklyOpen_Dist_ATR:lo,38,0.4523809523809524,251,0.3952755905511811,1.1444697400872699,0.3441204171265434,False
SHORT,3,WeeklyOpen_Side:==-1,29,0.34523809523809523,195,0.30708661417322836,1.1242368742368742,0.5308907865276449,False
SHORT,3,WeeklyOpen_Side:==0,0,0.0,0,0.0,inf,1.0,False
SHORT,3,WeeklyOpen_Side:==1,55,0.6547619047619048,440,0.6929133858267716,0.9449404761904762,0.5308907865276449,False
SHORT,4,ADX_Rising:==0,27,0.32142857142857145,266,0.4188976377952756,0.7673200859291085,0.09834347959829229,False
SHORT,4,ADX_Rising:==1,57,0.6785714285714286,369,0.5811023622047244,1.1677313201703445,0.09834347959829229,False
SHORT,4,ADX_Value:hi,29,0.34523809523809523,124,0.1952755905511811,1.767953149001536,0.002694877219129137,False
SHORT,4,ADX_Value:lo,7,0.08333333333333333,76,0.11968503937007874,0.6962719298245613,0.4659929026450652,False
SHORT,4,ATR_1M:hi,64,0.7619047619047619,331,0.521259842519685,1.4616601927780175,2.2906807011838513e-05,True
SHORT,4,ATR_1M:lo,1,0.011904761904761904,19,0.029921259842519685,0.39786967418546365,0.49650442215012414,False
SHORT,4,AT_Lookback_LT:hi,22,0.2619047619047619,144,0.22677165354330708,1.1549272486772488,0.4914607348244137,False
SHORT,4,AT_Lookback_LT:lo,0,0.0,0,0.0,inf,1.0,False
SHORT,4,AT_Lookback_ST:hi,9,0.10714285714285714,82,0.12913385826771653,0.8297038327526132,0.7267376195025168,False
SHORT,4,AT_Lookback_ST:lo,0,0.0,0,0.0,inf,1.0,False
SHORT,4,AT_Regime_LT:==0,46,0.5476190476190477,362,0.5700787401574803,0.9606024730334124,0.7259516312153861,False
SHORT,4,AT_Regime_LT:==1,38,0.4523809523809524,273,0.42992125984251967,1.0522414093842667,0.7259516312153861,False
SHORT,4,AT_Regime_ST:==0,7,0.08333333333333333,79,0.12440944881889764,0.669831223628692,0.3701682318512754,False
SHORT,4,AT_Regime_ST:==1,77,0.9166666666666666,556,0.8755905511811024,1.0469124700239807,0.3701682318512754,False
SHORT,4,AT_Score_LT:hi,25,0.2976190476190476,118,0.1858267716535433,1.601594027441485,0.019857410494687776,False
SHORT,4,AT_Score_LT:lo,4,0.047619047619047616,39,0.06141732283464567,0.7753357753357754,0.8075996212868599,False
SHORT,4,AT_Score_ST:hi,2,0.023809523809523808,25,0.03937007874015748,0.6047619047619047,0.7591667686859138,False
SHORT,4,AT_Score_ST:lo,12,0.14285714285714285,94,0.14803149606299212,0.9650455927051671,1.0,False
SHORT,4,AT_Slope_LT:hi,31,0.36904761904761907,203,0.31968503937007875,1.1544100398780202,0.38651918073607,False
SHORT,4,AT_Slope_LT:lo,15,0.17857142857142858,135,0.2125984251968504,0.8399470899470899,0.5678977575051363,False
SHORT,4,AT_Slope_ST:hi,1,0.011904761904761904,30,0.047244094488188976,0.251984126984127,0.24511488419780952,False
SHORT,4,AT_Slope_ST:lo,72,0.8571428571428571,429,0.6755905511811023,1.2687312687312686,0.0005650777296671922,True
SHORT,4,Bar_Range:hi,60,0.7142857142857143,296,0.46614173228346456,1.5323359073359073,2.2786091922526785e-05,True
SHORT,4,Bar_Range:lo,1,0.011904761904761904,28,0.04409448818897638,0.2699829931972789,0.23707954862070832,False
SHORT,4,Bars_Since_Flip:hi,11,0.13095238095238096,83,0.13070866141732285,1.0018646012621917,1.0,False
SHORT,4,Bars_Since_Flip:lo,17,0.20238095238095238,144,0.22677165354330708,0.8924437830687831,0.6778154900996388,False
SHORT,4,Body_Size:hi,44,0.5238095238095238,216,0.3401574803149606,1.5399029982363317,0.0015485470206774508,True
SHORT,4,Body_Size:lo,8,0.09523809523809523,77,0.12125984251968504,0.7854050711193568,0.5913195667046256,False
SHORT,4,D2D_ATR:hi,69,0.8214285714285714,343,0.5401574803149606,1.5207205331112037,5.034099071484261e-07,True
SHORT,4,D2D_ATR:lo,0,0.0,10,0.015748031496062992,0.0,0.6158299031176315,False
SHORT,4,D2D_ATR_MA:hi,64,0.7619047619047619,304,0.47874015748031495,1.5914786967418546,7.540986018904646e-07,True
SHORT,4,D2D_ATR_MA:lo,0,0.0,16,0.025196850393700787,0.0,0.23942380823536344,False
SHORT,4,D2D_DirStep:==-1,78,0.9285714285714286,522,0.8220472440944881,1.129584017515052,0.011912058771013152,False
SHORT,4,D2D_DirStep:==1,6,0.07142857142857142,113,0.17795275590551182,0.4013906447534766,0.011912058771013152,False
SHORT,4,D2D_Dn_Count:hi,0,0.0,9,0.014173228346456693,0.0,0.608477365378256,False
SHORT,4,D2D_Dn_Count:lo,0,0.0,0,0.0,inf,1.0,False
SHORT,4,D2D_Dynamic_Sensitivity:hi,0,0.0,0,0.0,inf,1.0,False
SHORT,4,D2D_Dynamic_Sensitivity:lo,11,0.13095238095238096,64,0.10078740157480315,1.2992931547619049,0.44557900702257575,False
SHORT,4,D2D_Persist:hi,0,0.0,8,0.012598425196850394,0.0,0.6059835906354426,False
SHORT,4,D2D_Persist:lo,37,0.44047619047619047,231,0.3637795275590551,1.210832817975675,0.18718521998900606,False
SHORT,4,D2D_Signal:==-1,0,0.0,0,0.0,inf,1.0,False
SHORT,4,D2D_Signal:==0,84,1.0,633,0.9968503937007874,1.0031595576619272,1.0,False
SHORT,4,D2D_Signal:==1,0,0.0,2,0.0031496062992125984,0.0,1.0,False
SHORT,4,D2D_Up_Count:hi,0,0.0,2,0.0031496062992125984,0.0,1.0,False
SHORT,4,D2D_Up_Count:lo,0,0.0,0,0.0,inf,1.0,False
SHORT,4,DailyOpen_Dist_ATR:hi,7,0.08333333333333333,82,0.12913385826771653,0.6453252032520325,0.29067909979699613,False
SHORT,4,DailyOpen_Dist_ATR:lo,37,0.44047619047619047,203,0.31968503937007875,1.3778442411447336,0.03578878853486782,False
SHORT,4,DailyOpen_Side:==-1,46,0.5476190476190477,309,0.48661417322834644,1.1253660040067808,0.29887963412133783,False
SHORT,4,DailyOpen_Side:==0,0,0.0,0,0.0,inf,1.0,False
SHORT,4,DailyOpen_Side:==1,38,0.4523809523809524,326,0.5133858267716536,0.8811714869997078,0.29887963412133783,False
SHORT,4,Dist_To_PoC_ATR:hi,11,0.13095238095238096,86,0.13543307086614173,0.9669158361018827,1.0,False
SHORT,4,Dist_To_PoC_ATR:lo,41,0.4880952380952381,210,0.33070866141732286,1.475907029478458,0.0070421716184590165,False
SHORT,4,EMA_Oscillator:hi,0,0.0,21,0.03307086614173228,0.0,0.15757620227366148,False
SHORT,4,EMA_Oscillator:lo,72,0.8571428571428571,398,0.6267716535433071,1.3675520459440056,1.478013478668659e-05,True
SHORT,4,Efficiency_Ratio:hi,30,0.35714285714285715,210,0.33070866141732286,1.0799319727891157,0.6243982508866333,False
SHORT,4,Efficiency_Ratio:lo,10,0.11904761904761904,78,0.12283464566929134,0.9691697191697192,1.0,False
SHORT,4,Harmonic_D2D_Concordance:==0,30,0.35714285714285715,380,0.5984251968503937,0.5968045112781954,3.41345323867514e-05,True
SHORT,4,Harmonic_D2D_Concordance:==1,54,0.6428571428571429,255,0.4015748031496063,1.6008403361344539,3.41345323867514e-05,True
SHORT,4,Harmonic_LLEMA:hi,0,0.0,27,0.04251968503937008,0.0,0.061859316014617506,False
SHORT,4,Harmonic_LLEMA:lo,52,0.6190476190476191,218,0.34330708661417325,1.8031891655744867,1.9295078004652966e-06,True
SHORT,4,Harmonic_OBVf_Concordance:==0,35,0.4166666666666667,394,0.6204724409448819,0.6715313028764807,0.0005352133927785778,True
SHORT,4,Harmonic_OBVf_Concordance:==1,49,0.5833333333333334,241,0.3795275590551181,1.5369986168741356,0.0005352133927785778,True
SHORT,4,KAMA_Dist:hi,1,0.011904761904761904,46,0.07244094488188976,0.16433747412008282,0.03255985740747943,False
SHORT,4,KAMA_Dist:lo,61,0.7261904761904762,324,0.510236220472441,1.4232436801881245,0.00017740848324552882,True
SHORT,4,KAMA_Dist_ATR:hi,0,0.0,19,0.029921259842519685,0.0,0.15119270474714022,False
SHORT,4,KAMA_Dist_ATR:lo,38,0.4523809523809524,196,0.30866141732283464,1.4656219630709426,0.012744672198021842,False
SHORT,4,KAMA_Slope:hi,1,0.011904761904761904,34,0.05354330708661417,0.22233893557422968,0.10917681270832849,False
SHORT,4,KAMA_Slope:lo,53,0.6309523809523809,249,0.3921259842519685,1.6090552686938229,5.119603807442529e-05,True
SHORT,4,Lower_Wick:hi,39,0.4642857142857143,212,0.33385826771653543,1.390667115902965,0.020808035632027364,False
SHORT,4,Lower_Wick:lo,9,0.10714285714285714,87,0.13700787401574804,0.7820197044334974,0.6079141308642151,False
SHORT,4,Micro_Amihud:hi,25,0.2976190476190476,150,0.23622047244094488,1.2599206349206349,0.2246784064848194,False
SHORT,4,Micro_Amihud:lo,13,0.15476190476190477,135,0.2125984251968504,0.7279541446208113,0.25199035102487133,False
SHORT,4,Micro_AutoCorr:hi,22,0.2619047619047619,133,0.2094488188976378,1.2504475474400287,0.26230176765845975,False
SHORT,4,Micro_AutoCorr:lo,12,0.14285714285714285,111,0.17480314960629922,0.8172458172458171,0.5393096877485655,False
SHORT,4,Micro_BarEntropy:hi,18,0.21428571428571427,147,0.231496062992126,0.9256559766763848,0.7838885047467439,False
SHORT,4,Micro_BarEntropy:lo,19,0.2261904761904762,122,0.1921259842519685,1.1773028883684622,0.4657263091898959,False
SHORT,4,Micro_BarOverlap:hi,15,0.17857142857142858,126,0.1984251968503937,0.8999433106575964,0.7704668516086701,False
SHORT,4,Micro_BarOverlap:lo,12,0.14285714285714285,104,0.16377952755905512,0.8722527472527473,0.7524891467337875,False
SHORT,4,Micro_CSSpread:hi,31,0.36904761904761907,209,0.3291338582677165,1.1212690817953976,0.4627095698692778,False
SHORT,4,Micro_CSSpread:lo,11,0.13095238095238096,63,0.09921259842519685,1.3199168556311414,0.3435273727868019,False
SHORT,4,Micro_Entropy:hi,10,0.11904761904761904,55,0.08661417322834646,1.3744588744588744,0.3141781533916275,False
SHORT,4,Micro_Entropy:lo,12,0.14285714285714285,109,0.17165354330708663,0.8322411533420707,0.6413456361939973,False
SHORT,4,Micro_FailedBreak:hi,17,0.20238095238095238,106,0.16692913385826771,1.2123764600179694,0.44063938388805535,False
SHORT,4,Micro_FailedBreak:lo,15,0.17857142857142858,124,0.1952755905511811,0.9144585253456221,0.7709321704048827,False
SHORT,4,Micro_FractalDim:hi,1,0.011904761904761904,49,0.07716535433070866,0.1542759961127308,0.021444021139960752,False
SHORT,4,Micro_FractalDim:lo,40,0.47619047619047616,266,0.4188976377952756,1.1367704976727533,0.3481896675025251,False
SHORT,4,Micro_GarmanKlass:hi,56,0.6666666666666666,301,0.47401574803149604,1.406423034330011,0.001068610960695195,True
SHORT,4,Micro_GarmanKlass:lo,1,0.011904761904761904,33,0.05196850393700787,0.22907647907647907,0.16508129953861408,False
SHORT,4,Micro_HLAsymmetry:hi,26,0.30952380952380953,194,0.30551181102362207,1.01313205694649,1.0,False
SHORT,4,Micro_HLAsymmetry:lo,31,0.36904761904761907,162,0.2551181102362205,1.4465755437977659,0.03538133677997814,False
SHORT,4,Micro_Hurst:hi,21,0.25,156,0.24566929133858267,1.017628205128205,0.8937071958181595,False
SHORT,4,Micro_Hurst:lo,11,0.13095238095238096,81,0.12755905511811025,1.026601998824221,0.8635290751173039,False
SHORT,4,Micro_IBSP:hi,23,0.27380952380952384,130,0.2047244094488189,1.3374542124542126,0.15645582356284815,False
SHORT,4,Micro_IBSP:lo,14,0.16666666666666666,123,0.19370078740157481,0.8604336043360432,0.6578584772963378,False
SHORT,4,Micro_Lambda:hi,26,0.30952380952380953,133,0.2094488188976378,1.4778016469745794,0.04925466325057623,False
SHORT,4,Micro_Lambda:lo,16,0.19047619047619047,106,0.16692913385826771,1.1410601976639712,0.6422819125532637,False
SHORT,4,Micro_LogReturn:hi,33,0.39285714285714285,183,0.28818897637795277,1.3631928181108508,0.057311242549972,False
SHORT,4,Micro_LogReturn:lo,28,0.3333333333333333,172,0.27086614173228346,1.2306201550387597,0.24428123572273772,False
SHORT,4,Micro_MicroGap:hi,14,0.16666666666666666,83,0.13070866141732285,1.2751004016064256,0.39449170168121206,False
SHORT,4,Micro_MicroGap:lo,16,0.19047619047619047,85,0.13385826771653545,1.4229691876750699,0.1801613605389804,False
SHORT,4,Micro_MomoTransfer:hi,17,0.20238095238095238,129,0.2031496062992126,0.9962163159837578,1.0,False
SHORT,4,Micro_MomoTransfer:lo,20,0.23809523809523808,132,0.2078740157480315,1.1453823953823954,0.5693532511795751,False
SHORT,4,Micro_OrderFlowDelta:hi,33,0.39285714285714285,185,0.29133858267716534,1.3484555984555986,0.05940458379698703,False
SHORT,4,Micro_OrderFlowDelta:lo,26,0.30952380952380953,194,0.30551181102362207,1.01313205694649,1.0,False
SHORT,4,Micro_PriceAccel:hi,30,0.35714285714285715,188,0.29606299212598425,1.206306990881459,0.2574942805097376,False
SHORT,4,Micro_PriceAccel:lo,28,0.3333333333333333,165,0.25984251968503935,1.2828282828282829,0.15219168909880426,False
SHORT,4,Micro_RangeAccel:hi,30,0.35714285714285715,202,0.31811023622047246,1.1227015558698727,0.4595917112442551,False
SHORT,4,Micro_RangeAccel:lo,27,0.32142857142857145,166,0.2614173228346457,1.2295611015490533,0.24111077367312755,False
SHORT,4,Micro_RangeVelocity:hi,22,0.2619047619047619,160,0.25196850393700787,1.039434523809524,0.8938193301426164,False
SHORT,4,Micro_RangeVelocity:lo,28,0.3333333333333333,180,0.28346456692913385,1.1759259259259258,0.37045393018351563,False
SHORT,4,Micro_Rejection:hi,14,0.16666666666666666,94,0.14803149606299212,1.125886524822695,0.6278279677528587,False
SHORT,4,Micro_Rejection:lo,15,0.17857142857142858,140,0.2204724409448819,0.8099489795918368,0.480025979354335,False
SHORT,4,Micro_RollProxy:hi,34,0.40476190476190477,178,0.2803149606299213,1.4439539860888175,0.021945913052628586,False
SHORT,4,Micro_RollProxy:lo,34,0.40476190476190477,190,0.2992125984251969,1.3527568922305764,0.059652710157004574,False
SHORT,4,Micro_ThrustEff:hi,10,0.11904761904761904,136,0.2141732283464567,0.5558473389355743,0.043307386475981716,False
SHORT,4,Micro_ThrustEff:lo,21,0.25,110,0.1732283464566929,1.4431818181818181,0.09775754412159086,False
SHORT,4,Micro_TickIntensity:hi,17,0.20238095238095238,98,0.15433070866141732,1.311345966958212,0.26804070978887196,False
SHORT,4,Micro_TickIntensity:lo,22,0.2619047619047619,149,0.2346456692913386,1.116171300735059,0.5865605623629421,False
SHORT,4,Micro_VPIN:hi,20,0.23809523809523808,174,0.2740157480314961,0.868910782703886,0.5164694637522597,False
SHORT,4,Micro_VPIN:lo,16,0.19047619047619047,101,0.15905511811023623,1.1975483262611974,0.43559594201329244,False
SHORT,4,Micro_VolAccel:hi,19,0.2261904761904762,160,0.25196850393700787,0.8976934523809524,0.6878828227392915,False
SHORT,4,Micro_VolAccel:lo,16,0.19047619047619047,129,0.2031496062992126,0.9376153562200072,0.8853158286117098,False
SHORT,4,Micro_VolOfVol:hi,53,0.6309523809523809,282,0.4440944881889764,1.4207615670381626,0.0015715420048379317,True
SHORT,4,Micro_VolOfVol:lo,3,0.03571428571428571,59,0.09291338582677165,0.3843825665859564,0.09645659545002505,False
SHORT,4,Micro_WickImbalance:hi,35,0.4166666666666667,212,0.33385826771653543,1.2480345911949686,0.14311177376913597,False
SHORT,4,Micro_WickImbalance:lo,27,0.32142857142857145,158,0.24881889763779527,1.2918173598553346,0.18344557672769918,False
SHORT,4,Momentum_Value:hi,0,0.0,25,0.03937007874015748,0.0,0.10266398715258056,False
SHORT,4,Momentum_Value:lo,72,0.8571428571428571,425,0.6692913385826772,1.280672268907563,0.0003715698694346058,True
SHORT,4,MultiDay_Position:hi,31,0.36904761904761907,193,0.30393700787401573,1.2142240315815447,0.2590243530903029,False
SHORT,4,MultiDay_Position:lo,27,0.32142857142857145,203,0.31968503937007875,1.0054539057002112,1.0,False
SHORT,4,MultiDay_Slope:hi,21,0.25,133,0.2094488188976378,1.193609022556391,0.3973242642941392,False
SHORT,4,MultiDay_Slope:lo,13,0.15476190476190477,145,0.2283464566929134,0.6777504105090312,0.16008399176794422,False
SHORT,4,OBV_Macd:hi,13,0.15476190476190477,137,0.215748031496063,0.717327076816128,0.25234381593037236,False
SHORT,4,OBV_Macd:lo,24,0.2857142857142857,111,0.17480314960629922,1.6344916344916343,0.017631692655258584,False
SHORT,4,OBV_Velocity:hi,1,0.011904761904761904,27,0.04251968503937008,0.27998236331569665,0.23626977110081193,False
SHORT,4,OBV_Velocity:lo,43,0.5119047619047619,258,0.4062992125984252,1.2599206349206347,0.0772593498625516,False
SHORT,4,OBVf_DirStepCount:hi,14,0.16666666666666666,70,0.11023622047244094,1.5119047619047619,0.1468080544776595,False
SHORT,4,OBVf_DirStepCount:lo,8,0.09523809523809523,71,0.11181102362204724,0.85177733065057,0.852418033939949,False
SHORT,4,OBVf_Signal:==-1,74,0.8809523809523809,520,0.8188976377952756,1.0757783882783882,0.17133781993603941,False
SHORT,4,OBVf_Signal:==1,10,0.11904761904761904,115,0.18110236220472442,0.6573498964803312,0.17133781993603941,False
SHORT,4,OBVf_Trend_Dir:==-1,74,0.8809523809523809,520,0.8188976377952756,1.0757783882783882,0.17133781993603941,False
SHORT,4,OBVf_Trend_Dir:==1,10,0.11904761904761904,115,0.18110236220472442,0.6573498964803312,0.17133781993603941,False
SHORT,4,OR_High_Dist_ATR:hi,9,0.10714285714285714,114,0.1795275590551181,0.5968045112781954,0.12212843504930146,False
SHORT,4,OR_High_Dist_ATR:lo,0,0.0,0,0.0,inf,1.0,False
SHORT,4,OR_High_Side:==-1,47,0.5595238095238095,255,0.4015748031496063,1.3933239962651727,0.0067522584429767435,False
SHORT,4,OR_High_Side:==0,26,0.30952380952380953,242,0.38110236220472443,0.8121802439984258,0.23044113359750015,False
SHORT,4,OR_High_Side:==1,11,0.13095238095238096,138,0.2173228346456693,0.6025707384403037,0.08451109569088058,False
SHORT,4,OR_Low_Dist_ATR:hi,13,0.15476190476190477,105,0.16535433070866143,0.9359410430839002,0.8766654725452914,False
SHORT,4,OR_Low_Dist_ATR:lo,0,0.0,0,0.0,inf,1.0,False
SHORT,4,OR_Low_Side:==-1,27,0.32142857142857145,147,0.231496062992126,1.3884839650145773,0.07826452651688393,False
SHORT,4,OR_Low_Side:==0,27,0.32142857142857145,242,0.38110236220472443,0.843417945690673,0.33740992900329503,False
SHORT,4,OR_Low_Side:==1,30,0.35714285714285715,246,0.38740157480314963,0.9218931475029035,0.634293961987847,False
SHORT,4,OR_Position:hi,13,0.15476190476190477,156,0.24566929133858267,0.6299603174603174,0.07470387265879075,False
SHORT,4,OR_Position:lo,32,0.38095238095238093,169,0.26614173228346455,1.431389123696816,0.037717669388913105,False
SHORT,4,PoC_Side:==-1,4,0.047619047619047616,69,0.10866141732283464,0.4382332643202208,0.08576007459779565,False
SHORT,4,PoC_Side:==0,10,0.11904761904761904,21,0.03307086614173228,3.5997732426303855,0.0015694345085464668,True
SHORT,4,PoC_Side:==1,70,0.8333333333333334,545,0.8582677165354331,0.9709480122324159,0.5122001380234436,False
SHORT,4,PrevDay_Close_Dist_ATR:hi,5,0.05952380952380952,91,0.14330708661417324,0.4153584510727367,0.03892663168363967,False
SHORT,4,PrevDay_Close_Dist_ATR:lo,30,0.35714285714285715,200,0.31496062992125984,1.1339285714285714,0.4561246954446776,False
SHORT,4,PrevDay_Close_Side:==-1,48,0.5714285714285714,336,0.5291338582677165,1.0799319727891157,0.4869434253488476,False
SHORT,4,PrevDay_Close_Side:==0,0,0.0,1,0.0015748031496062992,0.0,1.0,False
SHORT,4,PrevDay_Close_Side:==1,36,0.42857142857142855,298,0.4692913385826772,0.9132310642377756,0.5607871380419083,False
SHORT,4,PrevDay_High_Dist_ATR:hi,4,0.047619047619047616,84,0.13228346456692913,0.3599773242630385,0.021612988012336323,False
SHORT,4,PrevDay_High_Dist_ATR:lo,46,0.5476190476190477,214,0.33700787401574805,1.6249443702714732,0.00025394693455385527,True
SHORT,4,PrevDay_High_Side:==-1,56,0.6666666666666666,474,0.7464566929133858,0.8931082981715893,0.14606028017360734,False
SHORT,4,PrevDay_High_Side:==0,0,0.0,0,0.0,inf,1.0,False
SHORT,4,PrevDay_High_Side:==1,28,0.3333333333333333,161,0.25354330708661416,1.3146997929606625,0.14606028017360734,False
SHORT,4,PrevDay_Low_Dist_ATR:hi,14,0.16666666666666666,82,0.12913385826771653,1.290650406504065,0.3920242226292051,False
SHORT,4,PrevDay_Low_Dist_ATR:lo,37,0.44047619047619047,247,0.3889763779527559,1.132398303450935,0.40607320488764986,False
SHORT,4,PrevDay_Low_Side:==-1,18,0.21428571428571427,157,0.247244094488189,0.8666969972702456,0.5890731175077376,False
SHORT,4,PrevDay_Low_Side:==0,0,0.0,0,0.0,inf,1.0,False
SHORT,4,PrevDay_Low_Side:==1,66,0.7857142857142857,478,0.752755905511811,1.043783622235505,0.5890731175077376,False
SHORT,4,RangeOsc_State:==-1,56,0.6666666666666666,290,0.4566929133858268,1.4597701149425286,0.0003009931322885104,True
SHORT,4,RangeOsc_State:==-2,12,0.14285714285714285,104,0.16377952755905512,0.8722527472527473,0.7524891467337875,False
SHORT,4,RangeOsc_State:==1,7,0.08333333333333333,133,0.2094488188976378,0.3978696741854636,0.004968577455700561,False
SHORT,4,RangeOsc_State:==2,9,0.10714285714285714,108,0.1700787401574803,0.6299603174603174,0.15887356748768644,False
SHORT,4,RangeOsc_Val:hi,2,0.023809523809523808,67,0.10551181102362205,0.22565742714996445,0.016111283005087965,False
SHORT,4,RangeOsc_Val:lo,46,0.5476190476190477,191,0.30078740157480316,1.8206182996758915,1.2201655261042665e-05,True
SHORT,4,Round_1000_Dist_ATR:hi,3,0.03571428571428571,46,0.07244094488188976,0.49301242236024845,0.2557199452521586,False
SHORT,4,Round_1000_Dist_ATR:lo,46,0.5476190476190477,236,0.3716535433070866,1.4734665052461664,0.002775011214491425,False
SHORT,4,Round_100_Dist_ATR:hi,0,0.0,31,0.048818897637795275,0.0,0.03992866764089069,False
SHORT,4,Round_100_Dist_ATR:lo,41,0.4880952380952381,217,0.3417322834645669,1.4282971253017336,0.01080710154883633,False
SHORT,4,Round_500_Dist_ATR:hi,1,0.011904761904761904,45,0.07086614173228346,0.167989417989418,0.032541673179123626,False
SHORT,4,Round_500_Dist_ATR:lo,49,0.5833333333333334,231,0.3637795275590551,1.6035353535353536,0.00019016136839798746,True
SHORT,4,ST_Flip_Event:==-1,3,0.03571428571428571,9,0.014173228346456693,2.5198412698412698,0.15579984466825875,False
SHORT,4,ST_Flip_Event:==0,81,0.9642857142857143,623,0.9811023622047244,0.9828594359091952,0.4030819580580505,False
SHORT,4,ST_Flip_Event:==1,0,0.0,3,0.004724409448818898,0.0,1.0,False
SHORT,4,Session_High_Dist_ATR:hi,1,0.011904761904761904,71,0.11181102362204724,0.10647216633132126,0.0015809745615174085,True
SHORT,4,Session_High_Dist_ATR:lo,25,0.2976190476190476,133,0.2094488188976378,1.4209631220909416,0.06974476451599532,False
SHORT,4,Session_High_Side:==-1,84,1.0,635,1.0,1.0,1.0,False
SHORT,4,Session_High_Side:==0,0,0.0,0,0.0,inf,1.0,False
SHORT,4,Session_Low_Dist_ATR:hi,8,0.09523809523809523,71,0.11181102362204724,0.85177733065057,0.852418033939949,False
SHORT,4,Session_Low_Dist_ATR:lo,40,0.47619047619047616,236,0.3716535433070866,1.281275221953188,0.07331493142936066,False
SHORT,4,Session_Low_Side:==0,0,0.0,3,0.004724409448818898,0.0,1.0,False
SHORT,4,Session_Low_Side:==1,84,1.0,632,0.9952755905511811,1.004746835443038,1.0,False
SHORT,4,Slope_Accel_LT:hi,0,0.0,29,0.04566929133858268,0.0,0.038805189064568424,False
SHORT,4,Slope_Accel_LT:lo,33,0.39285714285714285,121,0.19055118110236222,2.0616883116883113,6.168117370131068e-05,True
SHORT,4,Slope_Accel_ST:hi,2,0.023809523809523808,47,0.07401574803149606,0.32168186423505574,0.10553392495993444,False
SHORT,4,Slope_Accel_ST:lo,57,0.6785714285714286,365,0.5748031496062992,1.1805283757338554,0.07718967753982445,False
SHORT,4,Slope_EMA_LT:hi,31,0.36904761904761907,207,0.32598425196850395,1.1321025994939038,0.4597494569970014,False
SHORT,4,Slope_EMA_LT:lo,13,0.15476190476190477,132,0.2078740157480315,0.744498556998557,0.3112753538138821,False
SHORT,4,Slope_EMA_ST:hi,1,0.011904761904761904,38,0.05984251968503937,0.19893483709273183,0.07327446314385784,False
SHORT,4,Slope_EMA_ST:lo,67,0.7976190476190477,374,0.5889763779527559,1.3542462439521263,0.000189487316196115,True
SHORT,4,Sqz_State:==-1,71,0.8452380952380952,524,0.8251968503937008,1.024286623046165,0.7591125714577094,False
SHORT,4,Sqz_State:==1,13,0.15476190476190477,111,0.17480314960629922,0.8853496353496353,0.7591125714577094,False
SHORT,4,Sqz_Val:hi,0,0.0,21,0.03307086614173228,0.0,0.15757620227366148,False
SHORT,4,Sqz_Val:lo,77,0.9166666666666666,476,0.7496062992125985,1.2228641456582632,0.0002971707546448452,True
SHORT,4,TChan_A15:hi,17,0.20238095238095238,158,0.24881889763779527,0.8133664858348403,0.4174174383475956,False
SHORT,4,TChan_A15:lo,7,0.08333333333333333,92,0.14488188976377953,0.5751811594202898,0.1756518384779005,False
SHORT,4,Trend_Concordance:==0,9,0.10714285714285714,106,0.16692913385826771,0.6418463611859838,0.20435239071732986,False
SHORT,4,Trend_Concordance:==1,75,0.8928571428571429,529,0.8330708661417323,1.0717661355657575,0.20435239071732986,False
SHORT,4,Trend_Conflict:==0,75,0.8928571428571429,529,0.8330708661417323,1.0717661355657575,0.20435239071732986,False
SHORT,4,Trend_Conflict:==1,9,0.10714285714285714,106,0.16692913385826771,0.6418463611859838,0.20435239071732986,False
SHORT,4,Upper_Wick:hi,36,0.42857142857142855,247,0.3889763779527559,1.101792943898207,0.47903115563617704,False
SHORT,4,Upper_Wick:lo,9,0.10714285714285714,77,0.12125984251968504,0.8835807050092764,0.8582575300073031,False
SHORT,4,VAH_Dist_ATR:hi,11,0.13095238095238096,85,0.13385826771653545,0.9782913165266106,1.0,False
SHORT,4,VAH_Dist_ATR:lo,40,0.47619047619047616,214,0.33700787401574805,1.4129951045838895,0.014922824342528895,False
SHORT,4,VAH_Side:==-1,11,0.13095238095238096,102,0.16062992125984252,0.8152427637721756,0.6318324465804981,False
SHORT,4,VAH_Side:==0,7,0.08333333333333333,11,0.01732283464566929,4.8106060606060606,0.0025310957789180977,False
SHORT,4,VAH_Side:==1,66,0.7857142857142857,522,0.8220472440944881,0.9558018609742748,0.4516535598813975,False
SHORT,4,VAL_Dist_ATR:hi,11,0.13095238095238096,77,0.12125984251968504,1.0799319727891157,0.8591224429649298,False
SHORT,4,VAL_Dist_ATR:lo,44,0.5238095238095238,227,0.35748031496062993,1.4652821481015315,0.0039236222938047825,False
SHORT,4,VAL_Side:==-1,0,0.0,20,0.031496062992125984,0.0,0.1530368053074551,False
SHORT,4,VAL_Side:==0,5,0.05952380952380952,16,0.025196850393700787,2.3623511904761902,0.0868119383336602,False
SHORT,4,VAL_Side:==1,79,0.9404761904761905,599,0.9433070866141732,0.9969989665315209,0.8057911712444412,False
SHORT,4,VA_Position:hi,16,0.19047619047619047,144,0.22677165354330708,0.8399470899470899,0.4889775028796908,False
SHORT,4,VA_Position:lo,30,0.35714285714285715,168,0.26456692913385826,1.3499149659863947,0.09045000940952411,False
SHORT,4,VWAP_Dist_ATR:hi,8,0.09523809523809523,72,0.11338582677165354,0.8399470899470899,0.7148394229737566,False
SHORT,4,VWAP_Dist_ATR:lo,29,0.34523809523809523,210,0.33070866141732286,1.0439342403628118,0.805917304702235,False
SHORT,4,VWAP_Side:==-1,44,0.5238095238095238,309,0.48661417322834644,1.0764370473108338,0.5622922941491659,False
SHORT,4,VWAP_Side:==0,0,0.0,0,0.0,inf,1.0,False
SHORT,4,VWAP_Side:==1,40,0.47619047619047616,326,0.5133858267716536,0.9275489336839029,0.5622922941491659,False
SHORT,4,VWAP_Sigma:hi,22,0.2619047619047619,169,0.26614173228346455,0.9840800225415611,1.0,False
SHORT,4,VWAP_Sigma:lo,16,0.19047619047619047,113,0.17795275590551182,1.0703750526759375,0.7631621259846284,False
SHORT,4,VWAP_Sigma_ATR:hi,7,0.08333333333333333,76,0.11968503937007874,0.6962719298245613,0.4659929026450652,False
SHORT,4,VWAP_Sigma_ATR:lo,58,0.6904761904761905,262,0.4125984251968504,1.6734823700472554,2.010874188983526e-06,True
SHORT,4,VWAP_Z:hi,2,0.023809523809523808,31,0.048818897637795275,0.4877112135176651,0.41236270463630936,False
SHORT,4,VWAP_Z:lo,19,0.2261904761904762,62,0.09763779527559055,2.3166282642089095,0.0013861821773729203,True
SHORT,4,Volume:hi,61,0.7261904761904762,302,0.4755905511811024,1.526923683380637,1.4256252656875067e-05,True
SHORT,4,Volume:lo,4,0.047619047619047616,52,0.08188976377952756,0.5815018315018314,0.38493325316974913,False
SHORT,4,Volume_Avg_10:hi,54,0.6428571428571429,264,0.415748031496063,1.5462662337662338,0.000100453088692471,True
SHORT,4,Volume_Avg_10:lo,3,0.03571428571428571,49,0.07716535433070866,0.4628279883381924,0.2587328401632547,False
SHORT,4,Volume_Ratio_10:hi,39,0.4642857142857143,181,0.28503937007874014,1.6288476716653513,0.0014802786463547404,True
SHORT,4,Volume_Ratio_10:lo,8,0.09523809523809523,73,0.11496062992125984,0.8284409654272668,0.7146655947802469,False
SHORT,4,WeeklyOpen_Dist_ATR:hi,10,0.11904761904761904,88,0.13858267716535433,0.8590367965367965,0.7361229236597622,False
SHORT,4,WeeklyOpen_Dist_ATR:lo,35,0.4166666666666667,237,0.3732283464566929,1.1163853727144868,0.4732333242107374,False
SHORT,4,WeeklyOpen_Side:==-1,29,0.34523809523809523,196,0.30866141732283464,1.1185009718172982,0.5317008405820408,False
SHORT,4,WeeklyOpen_Side:==0,0,0.0,0,0.0,inf,1.0,False
SHORT,4,WeeklyOpen_Side:==1,55,0.6547619047619048,439,0.6913385826771653,0.9470929601909102,0.5317008405820408,False
SHORT,5,ADX_Rising:==0,29,0.34523809523809523,281,0.44251968503937006,0.7801643789188274,0.10109306506073279,False
SHORT,5,ADX_Rising:==1,55,0.6547619047619048,354,0.5574803149606299,1.1745022867904225,0.10109306506073279,False
SHORT,5,ADX_Value:hi,31,0.36904761904761907,130,0.2047244094488189,1.8026556776556777,0.001242424782313069,True
SHORT,5,ADX_Value:lo,7,0.08333333333333333,81,0.12755905511811025,0.6532921810699588,0.290759112684309,False
SHORT,5,ATR_1M:hi,63,0.75,310,0.4881889763779528,1.536290322580645,4.762302272761494e-06,True
SHORT,5,ATR_1M:lo,0,0.0,31,0.048818897637795275,0.0,0.03992866764089069,False
SHORT,5,AT_Lookback_LT:hi,23,0.27380952380952384,145,0.2283464566929134,1.1990968801313628,0.34062515292189516,False
SHORT,5,AT_Lookback_LT:lo,0,0.0,0,0.0,inf,1.0,False
SHORT,5,AT_Lookback_ST:hi,8,0.09523809523809523,72,0.11338582677165354,0.8399470899470899,0.7148394229737566,False
SHORT,5,AT_Lookback_ST:lo,0,0.0,0,0.0,inf,1.0,False
SHORT,5,AT_Regime_LT:==0,46,0.5476190476190477,360,0.5669291338582677,0.9659391534391536,0.8149839204204362,False
SHORT,5,AT_Regime_LT:==1,38,0.4523809523809524,275,0.4330708661417323,1.0445887445887445,0.8149839204204362,False
SHORT,5,AT_Regime_ST:==0,6,0.07142857142857142,73,0.11496062992125984,0.6213307240704501,0.2695777485451717,False
SHORT,5,AT_Regime_ST:==1,78,0.9285714285714286,562,0.8850393700787401,1.0491865785460093,0.2695777485451717,False
SHORT,5,AT_Score_LT:hi,22,0.2619047619047619,113,0.17795275590551182,1.4717656974294142,0.07406160846257201,False
SHORT,5,AT_Score_LT:lo,4,0.047619047619047616,39,0.06141732283464567,0.7753357753357754,0.8075996212868599,False
SHORT,5,AT_Score_ST:hi,2,0.023809523809523808,18,0.028346456692913385,0.8399470899470899,1.0,False
SHORT,5,AT_Score_ST:lo,11,0.13095238095238096,109,0.17165354330708663,0.7628877238968982,0.43627548489774753,False
SHORT,5,AT_Slope_LT:hi,31,0.36904761904761907,202,0.31811023622047246,1.1601249410655352,0.38537880547530734,False
SHORT,5,AT_Slope_LT:lo,16,0.19047619047619047,137,0.215748031496063,0.8828640945429266,0.6717015933386554,False
SHORT,5,AT_Slope_ST:hi,1,0.011904761904761904,27,0.04251968503937008,0.27998236331569665,0.23626977110081193,False
SHORT,5,AT_Slope_ST:lo,70,0.8333333333333334,428,0.6740157480314961,1.2363707165109035,0.0024327241056901466,False
SHORT,5,Bar_Range:hi,56,0.6666666666666666,283,0.4456692913385827,1.4958775029446407,0.0001720414683193341,True
SHORT,5,Bar_Range:lo,1,0.011904761904761904,37,0.05826771653543307,0.2043114543114543,0.11304640618624892,False
SHORT,5,Bars_Since_Flip:hi,10,0.11904761904761904,76,0.11968503937007874,0.9946741854636592,1.0,False
SHORT,5,Bars_Since_Flip:lo,10,0.11904761904761904,98,0.15433070866141732,0.771379980563654,0.5152219043721291,False
SHORT,5,Body_Size:hi,39,0.4642857142857143,212,0.33385826771653543,1.390667115902965,0.020808035632027364,False
SHORT,5,Body_Size:lo,6,0.07142857142857142,82,0.12913385826771653,0.5531358885017421,0.1565923733675164,False
SHORT,5,D2D_ATR:hi,67,0.7976190476190477,339,0.5338582677165354,1.4940651776934963,3.430977061167656e-06,True
SHORT,5,D2D_ATR:lo,0,0.0,12,0.01889763779527559,0.0,0.3782351490014483,False
SHORT,5,D2D_ATR_MA:hi,64,0.7619047619047619,312,0.49133858267716535,1.5506715506715507,2.3915827167306465e-06,True
SHORT,5,D2D_ATR_MA:lo,0,0.0,15,0.023622047244094488,0.0,0.23865496525622304,False
SHORT,5,D2D_DirStep:==-1,76,0.9047619047619048,487,0.7669291338582677,1.1797203480981715,0.002908697341489138,False
SHORT,5,D2D_DirStep:==1,8,0.09523809523809523,148,0.23307086614173228,0.4086229086229086,0.002908697341489138,False
SHORT,5,D2D_Dn_Count:hi,1,0.011904761904761904,11,0.01732283464566929,0.6872294372294372,1.0,False
SHORT,5,D2D_Dn_Count:lo,0,0.0,0,0.0,inf,1.0,False
SHORT,5,D2D_Dynamic_Sensitivity:hi,0,0.0,0,0.0,inf,1.0,False
SHORT,5,D2D_Dynamic_Sensitivity:lo,9,0.10714285714285714,49,0.07716535433070866,1.3884839650145773,0.39080179369804424,False
SHORT,5,D2D_Persist:hi,0,0.0,9,0.014173228346456693,0.0,0.608477365378256,False
SHORT,5,D2D_Persist:lo,48,0.5714285714285714,258,0.4062992125984252,1.4064230343300108,0.004735038174144159,False
SHORT,5,D2D_Signal:==-1,0,0.0,0,0.0,inf,1.0,False
SHORT,5,D2D_Signal:==0,84,1.0,630,0.9921259842519685,1.007936507936508,1.0,False
SHORT,5,D2D_Signal:==1,0,0.0,5,0.007874015748031496,0.0,1.0,False
SHORT,5,D2D_Up_Count:hi,0,0.0,5,0.007874015748031496,0.0,1.0,False
SHORT,5,D2D_Up_Count:lo,0,0.0,0,0.0,inf,1.0,False
SHORT,5,DailyOpen_Dist_ATR:hi,7,0.08333333333333333,96,0.15118110236220472,0.5512152777777778,0.09994542563141526,False
SHORT,5,DailyOpen_Dist_ATR:lo,34,0.40476190476190477,192,0.30236220472440944,1.3386656746031746,0.06145593331178471,False
SHORT,5,DailyOpen_Side:==-1,45,0.5357142857142857,311,0.48976377952755906,1.0938217730822233,0.4862982405592005,False
SHORT,5,DailyOpen_Side:==0,0,0.0,1,0.0015748031496062992,0.0,1.0,False
SHORT,5,DailyOpen_Side:==1,39,0.4642857142857143,323,0.5086614173228347,0.9127598407784167,0.4867128920662678,False
SHORT,5,Dist_To_PoC_ATR:hi,13,0.15476190476190477,93,0.14645669291338584,1.0567076292882744,0.8698492477895237,False
SHORT,5,Dist_To_PoC_ATR:lo,38,0.4523809523809524,198,0.31181102362204727,1.4508177008177008,0.013073608993798003,False
SHORT,5,EMA_Oscillator:hi,0,0.0,26,0.04094488188976378,0.0,0.0610251002623271,False
SHORT,5,EMA_Oscillator:lo,73,0.8690476190476191,395,0.6220472440944882,1.3970765521398434,2.6613190940149733e-06,True
SHORT,5,Efficiency_Ratio:hi,28,0.3333333333333333,201,0.3165354330708661,1.0530679933665008,0.8033650158585529,False
SHORT,5,Efficiency_Ratio:lo,9,0.10714285714285714,95,0.14960629921259844,0.7161654135338344,0.4081698104670168,False
SHORT,5,Harmonic_D2D_Concordance:==0,32,0.38095238095238093,374,0.5889763779527559,0.6468041762159409,0.00039929502022372746,True
SHORT,5,Harmonic_D2D_Concordance:==1,52,0.6190476190476191,261,0.4110236220472441,1.5061120233534029,0.00039929502022372746,True
SHORT,5,Harmonic_LLEMA:hi,0,0.0,37,0.05826771653543307,0.0,0.01563890454858029,False
SHORT,5,Harmonic_LLEMA:lo,49,0.5833333333333334,222,0.34960629921259845,1.6685435435435436,6.20599614359535e-05,True
SHORT,5,Harmonic_OBVf_Concordance:==0,36,0.42857142857142855,388,0.6110236220472441,0.7013991163475699,0.0020071632308942128,False
SHORT,5,Harmonic_OBVf_Concordance:==1,48,0.5714285714285714,247,0.3889763779527559,1.4690572585309427,0.0020071632308942128,False
SHORT,5,KAMA_Dist:hi,3,0.03571428571428571,52,0.08188976377952756,0.43612637362637363,0.18756046031139773,False
SHORT,5,KAMA_Dist:lo,62,0.7380952380952381,311,0.48976377952755906,1.5070433318021743,1.48237311489807e-05,True
SHORT,5,KAMA_Dist_ATR:hi,0,0.0,21,0.03307086614173228,0.0,0.15757620227366148,False
SHORT,5,KAMA_Dist_ATR:lo,39,0.4642857142857143,213,0.3354330708661417,1.3841381623071765,0.027946477527309145,False
SHORT,5,KAMA_Slope:hi,1,0.011904761904761904,43,0.06771653543307087,0.17580287929125138,0.049422724775134166,False
SHORT,5,KAMA_Slope:lo,54,0.6428571428571429,238,0.37480314960629924,1.715186074429772,4.923495862747432e-06,True
SHORT,5,Lower_Wick:hi,43,0.5119047619047619,223,0.35118110236220473,1.457666026051676,0.005476764715509792,False
SHORT,5,Lower_Wick:lo,8,0.09523809523809523,82,0.12913385826771653,0.7375145180023228,0.48302017081861204,False
SHORT,5,Micro_Amihud:hi,24,0.2857142857142857,128,0.2015748031496063,1.4174107142857142,0.08755090685272213,False
SHORT,5,Micro_Amihud:lo,18,0.21428571428571427,134,0.2110236220472441,1.01545842217484,1.0,False
SHORT,5,Micro_AutoCorr:hi,20,0.23809523809523808,143,0.2251968503937008,1.0572760572760571,0.7824385864884282,False
SHORT,5,Micro_AutoCorr:lo,11,0.13095238095238096,104,0.16377952755905512,0.7995650183150184,0.5275140750740831,False
SHORT,5,Micro_BarEntropy:hi,19,0.2261904761904762,138,0.2173228346456693,1.0408040027605245,0.8882986189243192,False
SHORT,5,Micro_BarEntropy:lo,13,0.15476190476190477,113,0.17795275590551182,0.8696797302991993,0.759868647854836,False
SHORT,5,Micro_BarOverlap:hi,23,0.27380952380952384,131,0.2062992125984252,1.3272446383133407,0.15884498528579916,False
SHORT,5,Micro_BarOverlap:lo,17,0.20238095238095238,108,0.1700787401574803,1.1899250440917108,0.4464112914581069,False
SHORT,5,Micro_CSSpread:hi,30,0.35714285714285715,195,0.30708661417322836,1.163003663003663,0.3811849767088348,False
SHORT,5,Micro_CSSpread:lo,12,0.14285714285714285,64,0.10078740157480315,1.4174107142857142,0.25591656302115423,False
SHORT,5,Micro_Entropy:hi,10,0.11904761904761904,77,0.12125984251968504,0.981756338899196,1.0,False
SHORT,5,Micro_Entropy:lo,11,0.13095238095238096,101,0.15905511811023623,0.8233144743045733,0.6310092650699262,False
SHORT,5,Micro_FailedBreak:hi,13,0.15476190476190477,116,0.1826771653543307,0.847188013136289,0.6499819371193951,False
SHORT,5,Micro_FailedBreak:lo,15,0.17857142857142858,130,0.2047244094488189,0.8722527472527473,0.665071654814581,False
SHORT,5,Micro_FractalDim:hi,2,0.023809523809523808,43,0.06771653543307087,0.35160575858250276,0.1505631113636735,False
SHORT,5,Micro_FractalDim:lo,38,0.4523809523809524,244,0.384251968503937,1.1773028883684622,0.236358685220807,False
SHORT,5,Micro_GarmanKlass:hi,62,0.7380952380952381,299,0.47086614173228347,1.5675266762223286,4.249030108375724e-06,True
SHORT,5,Micro_GarmanKlass:lo,1,0.011904761904761904,44,0.06929133858267716,0.1718073593073593,0.05062552228683479,False
SHORT,5,Micro_HLAsymmetry:hi,24,0.2857142857142857,190,0.2992125984251969,0.9548872180451127,0.8990805182579452,False
SHORT,5,Micro_HLAsymmetry:lo,26,0.30952380952380953,174,0.2740157480314961,1.129584017515052,0.5177493149615021,False
SHORT,5,Micro_Hurst:hi,21,0.25,136,0.2141732283464567,1.1672794117647058,0.48241600097762305,False
SHORT,5,Micro_Hurst:lo,8,0.09523809523809523,97,0.15275590551181104,0.6234658811978399,0.18953416335323434,False
SHORT,5,Micro_IBSP:hi,16,0.19047619047619047,119,0.18740157480314962,1.0164065626250498,1.0,False
SHORT,5,Micro_IBSP:lo,12,0.14285714285714285,122,0.1921259842519685,0.743559718969555,0.3702785977350544,False
SHORT,5,Micro_Lambda:hi,16,0.19047619047619047,125,0.1968503937007874,0.9676190476190475,1.0,False
SHORT,5,Micro_Lambda:lo,23,0.27380952380952384,128,0.2015748031496063,1.3583519345238098,0.15300143161193047,False
SHORT,5,Micro_LogReturn:hi,23,0.27380952380952384,174,0.2740157480314961,0.9992474001094691,1.0,False
SHORT,5,Micro_LogReturn:lo,29,0.34523809523809523,171,0.2692913385826772,1.282024505708716,0.1547373940613421,False
SHORT,5,Micro_MicroGap:hi,11,0.13095238095238096,77,0.12125984251968504,1.0799319727891157,0.8591224429649298,False
SHORT,5,Micro_MicroGap:lo,14,0.16666666666666666,74,0.11653543307086614,1.4301801801801801,0.21316485188115614,False
SHORT,5,Micro_MomoTransfer:hi,13,0.15476190476190477,114,0.1795275590551181,0.8620509607351713,0.6499353181454064,False
SHORT,5,Micro_MomoTransfer:lo,14,0.16666666666666666,143,0.2251968503937008,0.7400932400932401,0.26167144503449274,False
SHORT,5,Micro_OrderFlowDelta:hi,31,0.36904761904761907,172,0.27086614173228346,1.3624723145071984,0.07066002781941699,False
SHORT,5,Micro_OrderFlowDelta:lo,26,0.30952380952380953,177,0.27874015748031494,1.1104385256927631,0.6060168391753846,False
SHORT,5,Micro_PriceAccel:hi,32,0.38095238095238093,192,0.30236220472440944,1.2599206349206349,0.16756447926086743,False
SHORT,5,Micro_PriceAccel:lo,24,0.2857142857142857,195,0.30708661417322836,0.9304029304029303,0.8009268204568735,False
SHORT,5,Micro_RangeAccel:hi,26,0.30952380952380953,165,0.25984251968503935,1.1911976911976914,0.35778724710832144,False
SHORT,5,Micro_RangeAccel:lo,29,0.34523809523809523,168,0.26456692913385826,1.3049178004535147,0.1203925836154383,False
SHORT,5,Micro_RangeVelocity:hi,21,0.25,163,0.2566929133858268,0.9739263803680981,1.0,False
SHORT,5,Micro_RangeVelocity:lo,37,0.44047619047619047,176,0.27716535433070866,1.5892180735930737,0.003231533679205362,False
SHORT,5,Micro_Rejection:hi,20,0.23809523809523808,124,0.1952755905511811,1.2192780337941629,0.383915945671906,False
SHORT,5,Micro_Rejection:lo,13,0.15476190476190477,143,0.2251968503937008,0.6872294372294372,0.15995563798213688,False
SHORT,5,Micro_RollProxy:hi,31,0.36904761904761907,179,0.28188976377952757,1.309191274275073,0.1247928032794966,False
SHORT,5,Micro_RollProxy:lo,28,0.3333333333333333,207,0.32598425196850395,1.0225442834138485,0.9018619476711559,False
SHORT,5,Micro_ThrustEff:hi,14,0.16666666666666666,119,0.18740157480314962,0.8893557422969187,0.7651628769829604,False
SHORT,5,Micro_ThrustEff:lo,20,0.23809523809523808,114,0.1795275590551181,1.3262322472848789,0.2318342757568118,False
SHORT,5,Micro_TickIntensity:hi,17,0.20238095238095238,114,0.1795275590551181,1.1272974101921471,0.6516500824787607,False
SHORT,5,Micro_TickIntensity:lo,17,0.20238095238095238,149,0.2346456692913386,0.8624960051134547,0.5826764633553001,False
SHORT,5,Micro_VPIN:hi,18,0.21428571428571427,177,0.27874015748031494,0.7687651331719129,0.24095954024122496,False
SHORT,5,Micro_VPIN:lo,10,0.11904761904761904,98,0.15433070866141732,0.771379980563654,0.5152219043721291,False
SHORT,5,Micro_VolAccel:hi,19,0.2261904761904762,131,0.2062992125984252,1.096419483824064,0.6692836516410854,False
SHORT,5,Micro_VolAccel:lo,23,0.27380952380952384,160,0.25196850393700787,1.0866815476190477,0.6896989324333669,False
SHORT,5,Micro_VolOfVol:hi,52,0.6190476190476191,258,0.4062992125984252,1.523624953857512,0.0002581608491258702,True
SHORT,5,Micro_VolOfVol:lo,3,0.03571428571428571,66,0.10393700787401575,0.3436147186147186,0.04781826437748437,False
SHORT,5,Micro_WickImbalance:hi,33,0.39285714285714285,215,0.33858267716535434,1.160299003322259,0.33065016685098925,False
SHORT,5,Micro_WickImbalance:lo,29,0.34523809523809523,167,0.262992125984252,1.3127316794981465,0.11856759108905324,False
SHORT,5,Momentum_Value:hi,0,0.0,24,0.03779527559055118,0.0,0.09860854265662257,False
SHORT,5,Momentum_Value:lo,76,0.9047619047619048,418,0.658267716535433,1.3744588744588746,1.1572659828565684e-06,True
SHORT,5,MultiDay_Position:hi,33,0.39285714285714285,187,0.29448818897637796,1.334033613445378,0.07745007209946315,False
SHORT,5,MultiDay_Position:lo,27,0.32142857142857145,206,0.32440944881889766,0.9908113730929264,1.0,False
SHORT,5,MultiDay_Slope:hi,23,0.27380952380952384,141,0.2220472440944882,1.233113812901047,0.3322545479267329,False
SHORT,5,MultiDay_Slope:lo,13,0.15476190476190477,149,0.2346456692913386,0.6595557686161713,0.12551898785324483,False
SHORT,5,OBV_Macd:hi,12,0.14285714285714285,135,0.2125984251968504,0.6719576719576719,0.15150614943950125,False
SHORT,5,OBV_Macd:lo,26,0.30952380952380953,115,0.18110236220472442,1.7091097308488612,0.00808708089266752,False
SHORT,5,OBV_Velocity:hi,1,0.011904761904761904,25,0.03937007874015748,0.30238095238095236,0.3472662732533607,False
SHORT,5,OBV_Velocity:lo,37,0.44047619047619047,238,0.37480314960629924,1.175220088035214,0.2822894644896484,False
SHORT,5,OBVf_DirStepCount:hi,13,0.15476190476190477,75,0.11811023622047244,1.3103174603174603,0.37419953451456744,False
SHORT,5,OBVf_DirStepCount:lo,6,0.07142857142857142,77,0.12125984251968504,0.5890538033395176,0.20681020304392234,False
SHORT,5,OBVf_Signal:==-1,74,0.8809523809523809,525,0.8267716535433071,1.0655328798185941,0.2749515195549037,False
SHORT,5,OBVf_Signal:==1,10,0.11904761904761904,110,0.1732283464566929,0.6872294372294372,0.2749515195549037,False
SHORT,5,OBVf_Trend_Dir:==-1,74,0.8809523809523809,525,0.8267716535433071,1.0655328798185941,0.2749515195549037,False
SHORT,5,OBVf_Trend_Dir:==1,10,0.11904761904761904,110,0.1732283464566929,0.6872294372294372,0.2749515195549037,False
SHORT,5,OR_High_Dist_ATR:hi,12,0.14285714285714285,122,0.1921259842519685,0.743559718969555,0.3702785977350544,False
SHORT,5,OR_High_Dist_ATR:lo,0,0.0,0,0.0,inf,1.0,False
SHORT,5,OR_High_Side:==-1,47,0.5595238095238095,254,0.4,1.3988095238095237,0.006615207562425668,False
SHORT,5,OR_High_Side:==0,26,0.30952380952380953,242,0.38110236220472443,0.8121802439984258,0.23044113359750015,False
SHORT,5,OR_High_Side:==1,11,0.13095238095238096,139,0.2188976377952756,0.5982356971565604,0.06417595390020714,False
SHORT,5,OR_Low_Dist_ATR:hi,13,0.15476190476190477,101,0.15905511811023623,0.973008015087223,1.0,False
SHORT,5,OR_Low_Dist_ATR:lo,0,0.0,0,0.0,inf,1.0,False
SHORT,5,OR_Low_Side:==-1,28,0.3333333333333333,140,0.2204724409448819,1.5119047619047619,0.0276586917464024,False
SHORT,5,OR_Low_Side:==0,26,0.30952380952380953,243,0.3826771653543307,0.8088379384675681,0.23021907165844574,False
SHORT,5,OR_Low_Side:==1,30,0.35714285714285715,252,0.3968503937007874,0.8999433106575964,0.5525276721725791,False
SHORT,5,OR_Position:hi,13,0.15476190476190477,150,0.23622047244094488,0.6551587301587302,0.0979442239090618,False
SHORT,5,OR_Position:lo,33,0.39285714285714285,173,0.27244094488188975,1.4419900908340215,0.02848955365698491,False
SHORT,5,PoC_Side:==-1,11,0.13095238095238096,69,0.10866141732283464,1.2051414768806075,0.5786608030912743,False
SHORT,5,PoC_Side:==0,6,0.07142857142857142,18,0.028346456692913385,2.5198412698412698,0.05046956961409769,False
SHORT,5,PoC_Side:==1,67,0.7976190476190477,548,0.862992125984252,0.9242483489746264,0.13549666742833671,False
SHORT,5,PrevDay_Close_Dist_ATR:hi,6,0.07142857142857142,110,0.1732283464566929,0.41233766233766234,0.017029216920879525,False
SHORT,5,PrevDay_Close_Dist_ATR:lo,27,0.32142857142857145,185,0.29133858267716534,1.1032818532818534,0.610795510324591,False
SHORT,5,PrevDay_Close_Side:==-1,47,0.5595238095238095,336,0.5291338582677165,1.0574333900226758,0.6424962388603266,False
SHORT,5,PrevDay_Close_Side:==0,0,0.0,0,0.0,inf,1.0,False
SHORT,5,PrevDay_Close_Side:==1,37,0.44047619047619047,299,0.47086614173228347,0.9354594680681637,0.6424962388603266,False
SHORT,5,PrevDay_High_Dist_ATR:hi,6,0.07142857142857142,89,0.14015748031496064,0.5096308186195826,0.08730672486096824,False
SHORT,5,PrevDay_High_Dist_ATR:lo,41,0.4880952380952381,199,0.31338582677165355,1.5574898301028954,0.0019824510317960863,False
SHORT,5,PrevDay_High_Side:==-1,56,0.6666666666666666,472,0.7433070866141732,0.8968926553672316,0.14837636033775242,False
SHORT,5,PrevDay_High_Side:==0,0,0.0,0,0.0,inf,1.0,False
SHORT,5,PrevDay_High_Side:==1,28,0.3333333333333333,163,0.2566929133858268,1.2985685071574642,0.14837636033775242,False
SHORT,5,PrevDay_Low_Dist_ATR:hi,15,0.17857142857142858,105,0.16535433070866143,1.0799319727891157,0.7561075432198312,False
SHORT,5,PrevDay_Low_Dist_ATR:lo,34,0.40476190476190477,241,0.3795275590551181,1.0664888361983798,0.7202490097905458,False
SHORT,5,PrevDay_Low_Side:==-1,19,0.2261904761904762,154,0.24251968503937008,0.9326685219542362,0.787687225056592,False
SHORT,5,PrevDay_Low_Side:==0,0,0.0,0,0.0,inf,1.0,False
SHORT,5,PrevDay_Low_Side:==1,65,0.7738095238095238,481,0.75748031496063,1.0215572715572716,0.787687225056592,False
SHORT,5,RangeOsc_State:==-1,57,0.6785714285714286,288,0.45354330708661417,1.496155753968254,0.00011206826603229453,True
SHORT,5,RangeOsc_State:==-2,9,0.10714285714285714,102,0.16062992125984252,0.667016806722689,0.26006641974972955,False
SHORT,5,RangeOsc_State:==1,6,0.07142857142857142,133,0.2094488188976378,0.34103114930182593,0.0017818777253551597,True
SHORT,5,RangeOsc_State:==2,12,0.14285714285714285,112,0.1763779527559055,0.8099489795918366,0.5392934530281739,False
SHORT,5,RangeOsc_Val:hi,4,0.047619047619047616,69,0.10866141732283464,0.4382332643202208,0.08576007459779565,False
SHORT,5,RangeOsc_Val:lo,46,0.5476190476190477,182,0.2866141732283465,1.9106488749345893,4.616795105817721e-06,True
SHORT,5,Round_1000_Dist_ATR:hi,4,0.047619047619047616,57,0.08976377952755905,0.5304928989139516,0.2944172245696677,False
SHORT,5,Round_1000_Dist_ATR:lo,40,0.47619047619047616,228,0.3590551181102362,1.3262322472848789,0.04138347818651651,False
SHORT,5,Round_100_Dist_ATR:hi,3,0.03571428571428571,42,0.06614173228346457,0.5399659863945578,0.34610565791562475,False
SHORT,5,Round_100_Dist_ATR:lo,39,0.4642857142857143,217,0.3417322834645669,1.35862409479921,0.029590292483442672,False
SHORT,5,Round_500_Dist_ATR:hi,1,0.011904761904761904,57,0.08976377952755905,0.1326232247284879,0.009226541979623776,False
SHORT,5,Round_500_Dist_ATR:lo,44,0.5238095238095238,221,0.3480314960629921,1.5050635638870935,0.0024643692870526222,False
SHORT,5,ST_Flip_Event:==-1,1,0.011904761904761904,11,0.01732283464566929,0.6872294372294372,1.0,False
SHORT,5,ST_Flip_Event:==0,83,0.9880952380952381,619,0.9748031496062992,1.0136356642818678,0.7085736474517902,False
SHORT,5,ST_Flip_Event:==1,0,0.0,5,0.007874015748031496,0.0,1.0,False
SHORT,5,Session_High_Dist_ATR:hi,3,0.03571428571428571,72,0.11338582677165354,0.3149801587301587,0.03425403709603587,False
SHORT,5,Session_High_Dist_ATR:lo,21,0.25,127,0.2,1.25,0.3144724734746439,False
SHORT,5,Session_High_Side:==-1,84,1.0,632,0.9952755905511811,1.004746835443038,1.0,False
SHORT,5,Session_High_Side:==0,0,0.0,3,0.004724409448818898,0.0,1.0,False
SHORT,5,Session_Low_Dist_ATR:hi,7,0.08333333333333333,81,0.12755905511811025,0.6532921810699588,0.290759112684309,False
SHORT,5,Session_Low_Dist_ATR:lo,41,0.4880952380952381,217,0.3417322834645669,1.4282971253017336,0.01080710154883633,False
SHORT,5,Session_Low_Side:==0,2,0.023809523809523808,4,0.006299212598425197,3.7797619047619047,0.14820238624642074,False
SHORT,5,Session_Low_Side:==1,82,0.9761904761904762,631,0.9937007874015747,0.9823786884008754,0.14820238624642074,False
SHORT,5,Slope_Accel_LT:hi,1,0.011904761904761904,26,0.04094488188976378,0.2907509157509157,0.3525766970188957,False
SHORT,5,Slope_Accel_LT:lo,35,0.4166666666666667,126,0.1984251968503937,2.099867724867725,2.199649111308116e-05,True
SHORT,5,Slope_Accel_ST:hi,5,0.05952380952380952,70,0.11023622047244094,0.5399659863945578,0.18495734296112082,False
SHORT,5,Slope_Accel_ST:lo,52,0.6190476190476191,304,0.47874015748031495,1.2930764411027569,0.019825902173345594,False
SHORT,5,Slope_EMA_LT:hi,31,0.36904761904761907,205,0.3228346456692913,1.1431475029036007,0.3899715112072575,False
SHORT,5,Slope_EMA_LT:lo,14,0.16666666666666666,135,0.2125984251968504,0.7839506172839505,0.3909204645088017,False
SHORT,5,Slope_EMA_ST:hi,1,0.011904761904761904,33,0.05196850393700787,0.22907647907647907,0.16508129953861408,False
SHORT,5,Slope_EMA_ST:lo,70,0.8333333333333334,396,0.6236220472440945,1.3362794612794613,8.987065902997113e-05,True
SHORT,5,Sqz_State:==-1,72,0.8571428571428571,517,0.8141732283464567,1.0527770102238188,0.3698489120438272,False
SHORT,5,Sqz_State:==1,12,0.14285714285714285,118,0.1858267716535433,0.7687651331719128,0.3698489120438272,False
SHORT,5,Sqz_Val:hi,0,0.0,27,0.04251968503937008,0.0,0.061859316014617506,False
SHORT,5,Sqz_Val:lo,72,0.8571428571428571,461,0.7259842519685039,1.180663154632786,0.011226413426801368,False
SHORT,5,TChan_A15:hi,18,0.21428571428571427,162,0.2551181102362205,0.8399470899470898,0.5029646678244358,False
SHORT,5,TChan_A15:lo,7,0.08333333333333333,85,0.13385826771653545,0.622549019607843,0.22611604122217266,False
SHORT,5,Trend_Concordance:==0,9,0.10714285714285714,102,0.16062992125984252,0.667016806722689,0.26006641974972955,False
SHORT,5,Trend_Concordance:==1,75,0.8928571428571429,533,0.8393700787401575,1.0637228625033504,0.26006641974972955,False
SHORT,5,Trend_Conflict:==0,75,0.8928571428571429,533,0.8393700787401575,1.0637228625033504,0.26006641974972955,False
SHORT,5,Trend_Conflict:==1,9,0.10714285714285714,102,0.16062992125984252,0.667016806722689,0.26006641974972955,False
SHORT,5,Upper_Wick:hi,40,0.47619047619047616,247,0.3889763779527559,1.224214382109119,0.15450281075732747,False
SHORT,5,Upper_Wick:lo,12,0.14285714285714285,86,0.13543307086614173,1.0548172757475083,0.8656447809777041,False
SHORT,5,VAH_Dist_ATR:hi,13,0.15476190476190477,90,0.14173228346456693,1.091931216931217,0.7409095077046868,False
SHORT,5,VAH_Dist_ATR:lo,40,0.47619047619047616,202,0.31811023622047246,1.4969354078264967,0.004740046647205049,False
SHORT,5,VAH_Side:==-1,16,0.19047619047619047,89,0.14015748031496064,1.3590155163188868,0.24845377898380916,False
SHORT,5,VAH_Side:==0,6,0.07142857142857142,19,0.029921259842519685,2.387218045112782,0.060343249700806886,False
SHORT,5,VAH_Side:==1,62,0.7380952380952381,527,0.8299212598425196,0.8893557422969188,0.04916485503265155,False
SHORT,5,VAL_Dist_ATR:hi,13,0.15476190476190477,85,0.13385826771653545,1.1561624649859943,0.6117535655107447,False
SHORT,5,VAL_Dist_ATR:lo,43,0.5119047619047619,211,0.33228346456692914,1.5405664635522454,0.00154989286805645,True
SHORT,5,VAL_Side:==-1,1,0.011904761904761904,16,0.025196850393700787,0.4724702380952381,0.7085736474517902,False
SHORT,5,VAL_Side:==0,6,0.07142857142857142,16,0.025196850393700787,2.8348214285714284,0.033904295572695545,False
SHORT,5,VAL_Side:==1,77,0.9166666666666666,603,0.9496062992125984,0.9653123272526257,0.20256087186289035,False
SHORT,5,VA_Position:hi,16,0.19047619047619047,145,0.2283464566929134,0.8341543513957306,0.48824880340650256,False
SHORT,5,VA_Position:lo,34,0.40476190476190477,165,0.25984251968503935,1.5577200577200578,0.008987781817178991,False
SHORT,5,VWAP_Dist_ATR:hi,9,0.10714285714285714,77,0.12125984251968504,0.8835807050092764,0.8582575300073031,False
SHORT,5,VWAP_Dist_ATR:lo,26,0.30952380952380953,201,0.3165354330708661,0.9778488509831794,1.0,False
SHORT,5,VWAP_Side:==-1,46,0.5476190476190477,313,0.49291338582677163,1.1109843298341702,0.3555606626459068,False
SHORT,5,VWAP_Side:==0,0,0.0,0,0.0,inf,1.0,False
SHORT,5,VWAP_Side:==1,38,0.4523809523809524,322,0.5070866141732283,0.8921177166518782,0.3555606626459068,False
SHORT,5,VWAP_Sigma:hi,23,0.27380952380952384,170,0.2677165354330709,1.0227591036414565,0.8962808788878467,False
SHORT,5,VWAP_Sigma:lo,15,0.17857142857142858,112,0.1763779527559055,1.012436224489796,1.0,False
SHORT,5,VWAP_Sigma_ATR:hi,6,0.07142857142857142,75,0.11811023622047244,0.6047619047619047,0.26973590434566264,False
SHORT,5,VWAP_Sigma_ATR:lo,51,0.6071428571428571,244,0.384251968503937,1.5800644028103044,0.00013698883457678756,True
SHORT,5,VWAP_Z:hi,2,0.023809523809523808,33,0.05196850393700787,0.45815295815295815,0.415466480450636,False
SHORT,5,VWAP_Z:lo,20,0.23809523809523808,62,0.09763779527559055,2.4385560675883258,0.0007022996728232875,True
SHORT,5,Volume:hi,56,0.6666666666666666,301,0.47401574803149604,1.406423034330011,0.001068610960695195,True
SHORT,5,Volume:lo,3,0.03571428571428571,59,0.09291338582677165,0.3843825665859564,0.09645659545002505,False
SHORT,5,Volume_Avg_10:hi,57,0.6785714285714286,276,0.4346456692913386,1.561206004140787,3.665195092388194e-05,True
SHORT,5,Volume_Avg_10:lo,2,0.023809523809523808,46,0.07244094488188976,0.32867494824016563,0.1054735080773953,False
SHORT,5,Volume_Ratio_10:hi,22,0.2619047619047619,142,0.22362204724409449,1.171193829644534,0.41050240585936515,False
SHORT,5,Volume_Ratio_10:lo,10,0.11904761904761904,109,0.17165354330708663,0.6935342944517255,0.2744010427749597,False
SHORT,5,WeeklyOpen_Dist_ATR:hi,14,0.16666666666666666,101,0.15905511811023623,1.0478547854785478,0.8742201803795048,False
SHORT,5,WeeklyOpen_Dist_ATR:lo,36,0.42857142857142855,219,0.34488188976377954,1.2426614481409002,0.14565795254003766,False
SHORT,5,WeeklyOpen_Side:==-1,29,0.34523809523809523,199,0.31338582677165355,1.1016391481215602,0.6178720364309271,False
SHORT,5,WeeklyOpen_Side:==0,0,0.0,0,0.0,inf,1.0,False
SHORT,5,WeeklyOpen_Side:==1,55,0.6547619047619048,436,0.6866141732283465,0.9536096548711227,0.6178720364309271,False
SHORT,6,ADX_Rising:==0,33,0.39285714285714285,299,0.47086614173228347,0.8343287147634973,0.2006366125278987,False
SHORT,6,ADX_Rising:==1,51,0.6071428571428571,336,0.5291338582677165,1.1474277210884354,0.2006366125278987,False
SHORT,6,ADX_Value:hi,34,0.40476190476190477,137,0.215748031496063,1.8760862009037191,0.000322969188298598,True
SHORT,6,ADX_Value:lo,6,0.07142857142857142,88,0.13858267716535433,0.515422077922078,0.11891515122028579,False
SHORT,6,ATR_1M:hi,62,0.7380952380952381,282,0.4440944881889764,1.6620229652144547,3.680320925179681e-07,True
SHORT,6,ATR_1M:lo,2,0.023809523809523808,47,0.07401574803149606,0.32168186423505574,0.10553392495993444,False
SHORT,6,AT_Lookback_LT:hi,22,0.2619047619047619,145,0.2283464566929134,1.1469622331691298,0.4934362435553482,False
SHORT,6,AT_Lookback_LT:lo,0,0.0,0,0.0,inf,1.0,False
SHORT,6,AT_Lookback_ST:hi,7,0.08333333333333333,73,0.11496062992125984,0.7248858447488584,0.46354758068858837,False
SHORT,6,AT_Lookback_ST:lo,0,0.0,0,0.0,inf,1.0,False
SHORT,6,AT_Regime_LT:==0,46,0.5476190476190477,360,0.5669291338582677,0.9659391534391536,0.8149839204204362,False
SHORT,6,AT_Regime_LT:==1,38,0.4523809523809524,275,0.4330708661417323,1.0445887445887445,0.8149839204204362,False
SHORT,6,AT_Regime_ST:==0,5,0.05952380952380952,75,0.11811023622047244,0.503968253968254,0.1383368324441263,False
SHORT,6,AT_Regime_ST:==1,79,0.9404761904761905,560,0.8818897637795275,1.0664328231292517,0.1383368324441263,False
SHORT,6,AT_Score_LT:hi,22,0.2619047619047619,109,0.17165354330708663,1.5257754477937964,0.05062262076345121,False
SHORT,6,AT_Score_LT:lo,3,0.03571428571428571,38,0.05984251968503937,0.5968045112781954,0.46221986631006645,False
SHORT,6,AT_Score_ST:hi,1,0.011904761904761904,15,0.023622047244094488,0.503968253968254,0.7089049078695773,False
SHORT,6,AT_Score_ST:lo,16,0.19047619047619047,120,0.1889763779527559,1.007936507936508,1.0,False
SHORT,6,AT_Slope_LT:hi,30,0.35714285714285715,199,0.31338582677165355,1.1396267049533382,0.454950217061932,False
SHORT,6,AT_Slope_LT:lo,16,0.19047619047619047,140,0.2204724409448819,0.8639455782312925,0.5763018260424012,False
SHORT,6,AT_Slope_ST:hi,1,0.011904761904761904,35,0.05511811023622047,0.21598639455782312,0.10912693304465151,False
SHORT,6,AT_Slope_ST:lo,69,0.8214285714285714,418,0.658267716535433,1.2478639781271361,0.002678181358237751,False
SHORT,6,Bar_Range:hi,60,0.7142857142857143,270,0.4251968503937008,1.6798941798941798,6.451477430645009e-07,True
SHORT,6,Bar_Range:lo,0,0.0,36,0.05669291338582677,0.0,0.015577065532603337,False
SHORT,6,Bars_Since_Flip:hi,10,0.11904761904761904,73,0.11496062992125984,1.0355512067840835,0.8570164299986367,False
SHORT,6,Bars_Since_Flip:lo,7,0.08333333333333333,71,0.11181102362204724,0.7453051643192488,0.5749298553405284,False
SHORT,6,Body_Size:hi,43,0.5119047619047619,198,0.31181102362204727,1.6417147667147665,0.0005021959987187122,True
SHORT,6,Body_Size:lo,9,0.10714285714285714,81,0.12755905511811025,0.8399470899470898,0.7262639285849415,False
SHORT,6,D2D_ATR:hi,68,0.8095238095238095,336,0.5291338582677165,1.529903628117914,5.816413342488811e-07,True
SHORT,6,D2D_ATR:lo,0,0.0,13,0.02047244094488189,0.0,0.38224650628257767,False
SHORT,6,D2D_ATR_MA:hi,65,0.7738095238095238,317,0.49921259842519683,1.5500600871263333,1.3716550868979594e-06,True
SHORT,6,D2D_ATR_MA:lo,0,0.0,15,0.023622047244094488,0.0,0.23865496525622304,False
SHORT,6,D2D_DirStep:==-1,69,0.8214285714285714,460,0.7244094488188977,1.1339285714285714,0.06512483981663442,False
SHORT,6,D2D_DirStep:==1,15,0.17857142857142858,175,0.2755905511811024,0.6479591836734694,0.06512483981663442,False
SHORT,6,D2D_Dn_Count:hi,0,0.0,9,0.014173228346456693,0.0,0.608477365378256,False
SHORT,6,D2D_Dn_Count:lo,0,0.0,0,0.0,inf,1.0,False
SHORT,6,D2D_Dynamic_Sensitivity:hi,0,0.0,0,0.0,inf,1.0,False
SHORT,6,D2D_Dynamic_Sensitivity:lo,5,0.05952380952380952,29,0.04566929133858268,1.303366174055829,0.5816992672944349,False
SHORT,6,D2D_Persist:hi,0,0.0,12,0.01889763779527559,0.0,0.3782351490014483,False
SHORT,6,D2D_Persist:lo,50,0.5952380952380952,287,0.4519685039370079,1.3169902107184337,0.0146016881075763,False
SHORT,6,D2D_Signal:==-1,0,0.0,0,0.0,inf,1.0,False
SHORT,6,D2D_Signal:==0,84,1.0,630,0.9921259842519685,1.007936507936508,1.0,False
SHORT,6,D2D_Signal:==1,0,0.0,5,0.007874015748031496,0.0,1.0,False
SHORT,6,D2D_Up_Count:hi,0,0.0,5,0.007874015748031496,0.0,1.0,False
SHORT,6,D2D_Up_Count:lo,0,0.0,0,0.0,inf,1.0,False
SHORT,6,DailyOpen_Dist_ATR:hi,9,0.10714285714285714,103,0.16220472440944883,0.6605409153952843,0.26108635625741905,False
SHORT,6,DailyOpen_Dist_ATR:lo,27,0.32142857142857145,187,0.29448818897637796,1.0914820473644002,0.6130645222262512,False
SHORT,6,DailyOpen_Side:==-1,45,0.5357142857142857,310,0.4881889763779528,1.0973502304147464,0.4192437967438956,False
SHORT,6,DailyOpen_Side:==0,0,0.0,0,0.0,inf,1.0,False
SHORT,6,DailyOpen_Side:==1,39,0.4642857142857143,325,0.5118110236220472,0.9071428571428573,0.4192437967438956,False
SHORT,6,Dist_To_PoC_ATR:hi,11,0.13095238095238096,91,0.14330708661417324,0.9137885923600209,0.8685877591536075,False
SHORT,6,Dist_To_PoC_ATR:lo,35,0.4166666666666667,184,0.28976377952755905,1.4379528985507246,0.02272858912552604,False
SHORT,6,EMA_Oscillator:hi,0,0.0,27,0.04251968503937008,0.0,0.061859316014617506,False
SHORT,6,EMA_Oscillator:lo,70,0.8333333333333334,388,0.6110236220472441,1.363831615120275,3.559628738004372e-05,True
SHORT,6,Efficiency_Ratio:hi,27,0.32142857142857145,170,0.2677165354330709,1.2006302521008403,0.3000001428296313,False
SHORT,6,Efficiency_Ratio:lo,11,0.13095238095238096,118,0.1858267716535433,0.7047013720742534,0.2886289668145535,False
SHORT,6,Harmonic_D2D_Concordance:==0,32,0.38095238095238093,386,0.6078740157480315,0.6266962743646681,9.260573737224399e-05,True
SHORT,6,Harmonic_D2D_Concordance:==1,52,0.6190476190476191,249,0.3921259842519685,1.5786957353222415,9.260573737224399e-05,True
SHORT,6,Harmonic_LLEMA:hi,0,0.0,39,0.06141732283464567,0.0,0.009908660284427082,False
SHORT,6,Harmonic_LLEMA:lo,50,0.5952380952380952,213,0.3354330708661417,1.774536105522021,6.141389956818698e-06,True
SHORT,6,Harmonic_OBVf_Concordance:==0,34,0.40476190476190477,394,0.6204724409448819,0.6523446942228669,0.00021705093447902388,True
SHORT,6,Harmonic_OBVf_Concordance:==1,50,0.5952380952380952,241,0.3795275590551181,1.5683659355858526,0.00021705093447902388,True
SHORT,6,KAMA_Dist:hi,2,0.023809523809523808,55,0.08661417322834646,0.27489177489177485,0.050679518832890874,False
SHORT,6,KAMA_Dist:lo,58,0.6904761904761905,303,0.47716535433070867,1.447037560898947,0.00028196980231077134,True
SHORT,6,KAMA_Dist_ATR:hi,0,0.0,24,0.03779527559055118,0.0,0.09860854265662257,False
SHORT,6,KAMA_Dist_ATR:lo,34,0.40476190476190477,228,0.3590551181102362,1.1272974101921471,0.46931422753131397,False
SHORT,6,KAMA_Slope:hi,2,0.023809523809523808,48,0.07559055118110236,0.3149801587301587,0.10659364673970186,False
SHORT,6,KAMA_Slope:lo,50,0.5952380952380952,228,0.3590551181102362,1.6577903091060986,4.30555006531389e-05,True
SHORT,6,Lower_Wick:hi,36,0.42857142857142855,233,0.3669291338582677,1.1679950950337217,0.28198751263475375,False
SHORT,6,Lower_Wick:lo,12,0.14285714285714285,80,0.12598425196850394,1.1339285714285714,0.6064059903093644,False
SHORT,6,Micro_Amihud:hi,18,0.21428571428571427,124,0.1952755905511811,1.0973502304147464,0.6634104284600391,False
SHORT,6,Micro_Amihud:lo,19,0.2261904761904762,133,0.2094488188976378,1.0799319727891157,0.7760761703646082,False
SHORT,6,Micro_AutoCorr:hi,24,0.2857142857142857,151,0.2377952755905512,1.2015137180700093,0.34485506547315237,False
SHORT,6,Micro_AutoCorr:lo,11,0.13095238095238096,100,0.15748031496062992,0.8315476190476191,0.6306594331887266,False
SHORT,6,Micro_BarEntropy:hi,23,0.27380952380952384,125,0.1968503937007874,1.390952380952381,0.1139200214309084,False
SHORT,6,Micro_BarEntropy:lo,15,0.17857142857142858,110,0.1732283464566929,1.030844155844156,0.8788636745866434,False
SHORT,6,Micro_BarOverlap:hi,13,0.15476190476190477,141,0.2220472440944882,0.6969773725092874,0.20205155387544227,False
SHORT,6,Micro_BarOverlap:lo,12,0.14285714285714285,108,0.1700787401574803,0.8399470899470899,0.6408420900072508,False
SHORT,6,Micro_CSSpread:hi,26,0.30952380952380953,199,0.31338582677165355,0.9876764776262263,1.0,False
SHORT,6,Micro_CSSpread:lo,12,0.14285714285714285,67,0.10551181102362205,1.3539445628997868,0.35119527362254627,False
SHORT,6,Micro_Entropy:hi,7,0.08333333333333333,77,0.12125984251968504,0.6872294372294372,0.369431160208566,False
SHORT,6,Micro_Entropy:lo,11,0.13095238095238096,102,0.16062992125984252,0.8152427637721756,0.6318324465804981,False
SHORT,6,Micro_FailedBreak:hi,15,0.17857142857142858,111,0.17480314960629922,1.0215572715572716,0.8797813740215932,False
SHORT,6,Micro_FailedBreak:lo,19,0.2261904761904762,115,0.18110236220472442,1.2489648033126293,0.30104816301021914,False
SHORT,6,Micro_FractalDim:hi,5,0.05952380952380952,53,0.08346456692913386,0.713162623539982,0.6684212655361299,False
SHORT,6,Micro_FractalDim:lo,28,0.3333333333333333,183,0.28818897637795277,1.1566484517304187,0.4442307165742758,False
SHORT,6,Micro_GarmanKlass:hi,60,0.7142857142857143,285,0.44881889763779526,1.5914786967418548,4.5391018189481025e-06,True
SHORT,6,Micro_GarmanKlass:lo,1,0.011904761904761904,49,0.07716535433070866,0.1542759961127308,0.021444021139960752,False
SHORT,6,Micro_HLAsymmetry:hi,27,0.32142857142857145,159,0.2503937007874016,1.2836927223719676,0.1845663623610887,False
SHORT,6,Micro_HLAsymmetry:lo,25,0.2976190476190476,171,0.2692913385826772,1.1051935394040657,0.6027336489893296,False
SHORT,6,Micro_Hurst:hi,18,0.21428571428571427,109,0.17165354330708663,1.248361730013106,0.36067106864690535,False
SHORT,6,Micro_Hurst:lo,17,0.20238095238095238,134,0.2110236220472441,0.959044065387349,1.0,False
SHORT,6,Micro_IBSP:hi,17,0.20238095238095238,129,0.2031496062992126,0.9962163159837578,1.0,False
SHORT,6,Micro_IBSP:lo,15,0.17857142857142858,122,0.1921259842519685,0.9294496487119438,0.8826980875727621,False
SHORT,6,Micro_Lambda:hi,14,0.16666666666666666,121,0.19055118110236222,0.87465564738292,0.6582630859284906,False
SHORT,6,Micro_Lambda:lo,17,0.20238095238095238,143,0.2251968503937008,0.8986846486846487,0.7800976623336096,False
SHORT,6,Micro_LogReturn:hi,28,0.3333333333333333,164,0.25826771653543307,1.290650406504065,0.15009807218866028,False
SHORT,6,Micro_LogReturn:lo,25,0.2976190476190476,156,0.24566929133858267,1.2114621489621489,0.3487199367202227,False
SHORT,6,Micro_MicroGap:hi,12,0.14285714285714285,79,0.12440944881889764,1.1482820976491863,0.602529299464353,False
SHORT,6,Micro_MicroGap:lo,15,0.17857142857142858,71,0.11181102362204724,1.597082494969819,0.10469588869087484,False
SHORT,6,Micro_MomoTransfer:hi,16,0.19047619047619047,109,0.17165354330708663,1.109654871122761,0.6475899746214058,False
SHORT,6,Micro_MomoTransfer:lo,16,0.19047619047619047,114,0.1795275590551181,1.0609857978279031,0.7648065538217489,False
SHORT,6,Micro_OrderFlowDelta:hi,28,0.3333333333333333,182,0.2866141732283465,1.1630036630036629,0.3739939816380994,False
SHORT,6,Micro_OrderFlowDelta:lo,27,0.32142857142857145,165,0.25984251968503935,1.2370129870129871,0.23885125114980987,False
SHORT,6,Micro_PriceAccel:hi,32,0.38095238095238093,179,0.28188976377952757,1.3514232508645916,0.07373602059767026,False
SHORT,6,Micro_PriceAccel:lo,23,0.27380952380952384,180,0.28346456692913385,0.9659391534391536,0.8980968427179887,False
SHORT,6,Micro_RangeAccel:hi,33,0.39285714285714285,182,0.2866141732283465,1.3706828885400313,0.05658736246825038,False
SHORT,6,Micro_RangeAccel:lo,22,0.2619047619047619,169,0.26614173228346455,0.9840800225415611,1.0,False
SHORT,6,Micro_RangeVelocity:hi,30,0.35714285714285715,147,0.231496062992126,1.542759961127308,0.015127045350777912,False
SHORT,6,Micro_RangeVelocity:lo,25,0.2976190476190476,181,0.28503937007874014,1.0441331228624047,0.798460306597494,False
SHORT,6,Micro_Rejection:hi,10,0.11904761904761904,139,0.2188976377952756,0.5438506337786913,0.032198896232979675,False
SHORT,6,Micro_Rejection:lo,14,0.16666666666666666,119,0.18740157480314962,0.8893557422969187,0.7651628769829604,False
SHORT,6,Micro_RollProxy:hi,29,0.34523809523809523,176,0.27716535433070866,1.245603354978355,0.19999785985634416,False
SHORT,6,Micro_RollProxy:lo,27,0.32142857142857145,181,0.28503937007874014,1.1276637726913972,0.5224094519652165,False
SHORT,6,Micro_ThrustEff:hi,16,0.19047619047619047,133,0.2094488188976378,0.9094163981382025,0.7753206713534191,False
SHORT,6,Micro_ThrustEff:lo,13,0.15476190476190477,109,0.17165354330708663,0.9015945827872434,0.7595596140800566,False
SHORT,6,Micro_TickIntensity:hi,8,0.09523809523809523,128,0.2015748031496063,0.4724702380952381,0.017555164601837883,False
SHORT,6,Micro_TickIntensity:lo,20,0.23809523809523808,142,0.22362204724409449,1.0647216633132126,0.7814398560213518,False
SHORT,6,Micro_VPIN:hi,21,0.25,165,0.25984251968503935,0.9621212121212122,0.8953069591040017,False
SHORT,6,Micro_VPIN:lo,21,0.25,100,0.15748031496062992,1.5875,0.04270774936851469,False
SHORT,6,Micro_VolAccel:hi,16,0.19047619047619047,121,0.19055118110236222,0.9996064541519086,1.0,False
SHORT,6,Micro_VolAccel:lo,22,0.2619047619047619,144,0.22677165354330708,1.1549272486772488,0.4914607348244137,False
SHORT,6,Micro_VolOfVol:hi,41,0.4880952380952381,245,0.3858267716535433,1.2650631681243927,0.07610113395830367,False
SHORT,6,Micro_VolOfVol:lo,5,0.05952380952380952,71,0.11181102362204724,0.5323608316566063,0.1852711615912424,False
SHORT,6,Micro_WickImbalance:hi,28,0.3333333333333333,205,0.3228346456692913,1.032520325203252,0.901357438329589,False
SHORT,6,Micro_WickImbalance:lo,33,0.39285714285714285,173,0.27244094488188975,1.4419900908340215,0.02848955365698491,False
SHORT,6,Momentum_Value:hi,0,0.0,30,0.047244094488188976,0.0,0.03892580682162654,False
SHORT,6,Momentum_Value:lo,71,0.8452380952380952,422,0.6645669291338583,1.2718630106070863,0.0006527944206488842,True
SHORT,6,MultiDay_Position:hi,32,0.38095238095238093,192,0.30236220472440944,1.2599206349206349,0.16756447926086743,False
SHORT,6,MultiDay_Position:lo,28,0.3333333333333333,204,0.32125984251968503,1.037581699346405,0.8052491550822474,False
SHORT,6,MultiDay_Slope:hi,24,0.2857142857142857,141,0.2220472440944882,1.2867274569402227,0.21372949346641543,False
SHORT,6,MultiDay_Slope:lo,14,0.16666666666666666,151,0.2377952755905512,0.7008830022075054,0.16791453884732607,False
SHORT,6,OBV_Macd:hi,12,0.14285714285714285,134,0.2110236220472441,0.6769722814498934,0.19292598392942328,False
SHORT,6,OBV_Macd:lo,31,0.36904761904761907,123,0.19370078740157481,1.9052458381726673,0.0005695390267341287,True
SHORT,6,OBV_Velocity:hi,4,0.047619047619047616,37,0.05826771653543307,0.8172458172458172,1.0,False
SHORT,6,OBV_Velocity:lo,39,0.4642857142857143,210,0.33070866141732286,1.4039115646258502,0.020044125621025408,False
SHORT,6,OBVf_DirStepCount:hi,15,0.17857142857142858,86,0.13543307086614173,1.3185215946843853,0.3149071707688429,False
SHORT,6,OBVf_DirStepCount:lo,11,0.13095238095238096,83,0.13070866141732285,1.0018646012621917,1.0,False
SHORT,6,OBVf_Signal:==-1,74,0.8809523809523809,519,0.8173228346456692,1.0778511790072485,0.1706606915644448,False
SHORT,6,OBVf_Signal:==1,10,0.11904761904761904,116,0.1826771653543307,0.6516830870279146,0.1706606915644448,False
SHORT,6,OBVf_Trend_Dir:==-1,74,0.8809523809523809,519,0.8173228346456692,1.0778511790072485,0.1706606915644448,False
SHORT,6,OBVf_Trend_Dir:==1,10,0.11904761904761904,116,0.1826771653543307,0.6516830870279146,0.1706606915644448,False
SHORT,6,OR_High_Dist_ATR:hi,11,0.13095238095238096,128,0.2015748031496063,0.6496465773809524,0.1420757999002864,False
SHORT,6,OR_High_Dist_ATR:lo,0,0.0,0,0.0,inf,1.0,False
SHORT,6,OR_High_Side:==-1,45,0.5357142857142857,254,0.4,1.3392857142857142,0.018825334606121926,False
SHORT,6,OR_High_Side:==0,26,0.30952380952380953,243,0.3826771653543307,0.8088379384675681,0.23021907165844574,False
SHORT,6,OR_High_Side:==1,13,0.15476190476190477,138,0.2173228346456693,0.7121290545203589,0.20245077704842546,False
SHORT,6,OR_Low_Dist_ATR:hi,11,0.13095238095238096,103,0.16220472440944883,0.8073277854831252,0.5277610016149814,False
SHORT,6,OR_Low_Dist_ATR:lo,0,0.0,0,0.0,inf,1.0,False
SHORT,6,OR_Low_Side:==-1,26,0.30952380952380953,147,0.231496062992126,1.3370586329770002,0.13459604868963915,False
SHORT,6,OR_Low_Side:==0,26,0.30952380952380953,244,0.384251968503937,0.8055230288836847,0.1900675764877669,False
SHORT,6,OR_Low_Side:==1,32,0.38095238095238093,244,0.384251968503937,0.9914129586260734,1.0,False
SHORT,6,OR_Position:hi,14,0.16666666666666666,152,0.23937007874015748,0.6962719298245613,0.16790396088650766,False
SHORT,6,OR_Position:lo,32,0.38095238095238093,173,0.27244094488188975,1.3982934214148086,0.052949426115573274,False
SHORT,6,PoC_Side:==-1,8,0.09523809523809523,69,0.10866141732283464,0.8764665286404416,0.8516620421236883,False
SHORT,6,PoC_Side:==0,2,0.023809523809523808,16,0.025196850393700787,0.9449404761904762,1.0,False
SHORT,6,PoC_Side:==1,74,0.8809523809523809,550,0.8661417322834646,1.017099567099567,0.8639186791404119,False
SHORT,6,PrevDay_Close_Dist_ATR:hi,8,0.09523809523809523,114,0.1795275590551181,0.5304928989139516,0.06240463267917798,False
SHORT,6,PrevDay_Close_Dist_ATR:lo,24,0.2857142857142857,181,0.28503937007874014,1.0023677979479084,1.0,False
SHORT,6,PrevDay_Close_Side:==-1,48,0.5714285714285714,336,0.5291338582677165,1.0799319727891157,0.4869434253488476,False
SHORT,6,PrevDay_Close_Side:==0,0,0.0,0,0.0,inf,1.0,False
SHORT,6,PrevDay_Close_Side:==1,36,0.42857142857142855,299,0.47086614173228347,0.9101767797419971,0.4869434253488476,False
SHORT,6,PrevDay_High_Dist_ATR:hi,8,0.09523809523809523,103,0.16220472440944883,0.5871474803513638,0.1465760098610598,False
SHORT,6,PrevDay_High_Dist_ATR:lo,37,0.44047619047619047,196,0.30866141732283464,1.42705296404276,0.018314119615783102,False
SHORT,6,PrevDay_High_Side:==-1,56,0.6666666666666666,474,0.7464566929133858,0.8931082981715893,0.14606028017360734,False
SHORT,6,PrevDay_High_Side:==0,0,0.0,0,0.0,inf,1.0,False
SHORT,6,PrevDay_High_Side:==1,28,0.3333333333333333,161,0.25354330708661416,1.3146997929606625,0.14606028017360734,False
SHORT,6,PrevDay_Low_Dist_ATR:hi,14,0.16666666666666666,101,0.15905511811023623,1.0478547854785478,0.8742201803795048,False
SHORT,6,PrevDay_Low_Dist_ATR:lo,30,0.35714285714285715,216,0.3401574803149606,1.0499338624338626,0.8068508696445522,False
SHORT,6,PrevDay_Low_Side:==-1,20,0.23809523809523808,154,0.24251968503937008,0.981756338899196,1.0,False
SHORT,6,PrevDay_Low_Side:==0,0,0.0,0,0.0,inf,1.0,False
SHORT,6,PrevDay_Low_Side:==1,64,0.7619047619047619,481,0.75748031496063,1.0058410058410057,1.0,False
SHORT,6,RangeOsc_State:==-1,55,0.6547619047619048,285,0.44881889763779526,1.4588554720133668,0.00044510469399688837,True
SHORT,6,RangeOsc_State:==-2,11,0.13095238095238096,97,0.15275590551181104,0.8572655866470299,0.7451322650994069,False
SHORT,6,RangeOsc_State:==1,7,0.08333333333333333,139,0.2188976377952756,0.3806954436450839,0.0023477899462358773,False
SHORT,6,RangeOsc_State:==2,11,0.13095238095238096,114,0.1795275590551181,0.7294277360066834,0.35723348718599235,False
SHORT,6,RangeOsc_Val:hi,1,0.011904761904761904,68,0.10708661417322834,0.11116946778711484,0.0024920922875940783,False
SHORT,6,RangeOsc_Val:lo,43,0.5119047619047619,181,0.28503937007874014,1.7959089713233358,4.941715444544545e-05,True
SHORT,6,Round_1000_Dist_ATR:hi,3,0.03571428571428571,62,0.09763779527559055,0.36578341013824883,0.0681460433903621,False
SHORT,6,Round_1000_Dist_ATR:lo,38,0.4523809523809524,220,0.3464566929133858,1.3057359307359309,0.06903114005462896,False
SHORT,6,Round_100_Dist_ATR:hi,4,0.047619047619047616,56,0.08818897637795275,0.5399659863945578,0.2921169505784641,False
SHORT,6,Round_100_Dist_ATR:lo,40,0.47619047619047616,197,0.3102362204724409,1.5349286922890983,0.002997580810123901,False
SHORT,6,Round_500_Dist_ATR:hi,2,0.023809523809523808,74,0.11653543307086614,0.2043114543114543,0.007092245598361217,False
SHORT,6,Round_500_Dist_ATR:lo,43,0.5119047619047619,209,0.3291338582677165,1.5553087263613579,0.0014450647749257098,True
SHORT,6,ST_Flip_Event:==-1,1,0.011904761904761904,7,0.011023622047244094,1.0799319727891157,1.0,False
SHORT,6,ST_Flip_Event:==0,83,0.9880952380952381,619,0.9748031496062992,1.0136356642818678,0.7085736474517902,False
SHORT,6,ST_Flip_Event:==1,0,0.0,9,0.014173228346456693,0.0,0.608477365378256,False
SHORT,6,Session_High_Dist_ATR:hi,4,0.047619047619047616,85,0.13385826771653545,0.35574229691876746,0.021427258938203846,False
SHORT,6,Session_High_Dist_ATR:lo,17,0.20238095238095238,119,0.18740157480314962,1.0799319727891157,0.7669672460432388,False
SHORT,6,Session_High_Side:==-1,84,1.0,634,0.9984251968503937,1.001577287066246,1.0,False
SHORT,6,Session_High_Side:==0,0,0.0,1,0.0015748031496062992,0.0,1.0,False
SHORT,6,Session_Low_Dist_ATR:hi,7,0.08333333333333333,81,0.12755905511811025,0.6532921810699588,0.290759112684309,False
SHORT,6,Session_Low_Dist_ATR:lo,39,0.4642857142857143,203,0.31968503937007875,1.4523223082336383,0.00989307328396718,False
SHORT,6,Session_Low_Side:==0,2,0.023809523809523808,2,0.0031496062992125984,7.559523809523809,0.0691996500422792,False
SHORT,6,Session_Low_Side:==1,82,0.9761904761904762,633,0.9968503937007874,0.9792748062890242,0.0691996500422792,False
SHORT,6,Slope_Accel_LT:hi,0,0.0,29,0.04566929133858268,0.0,0.038805189064568424,False
SHORT,6,Slope_Accel_LT:lo,36,0.42857142857142855,133,0.2094488188976378,2.0461868958109557,2.870184891529936e-05,True
SHORT,6,Slope_Accel_ST:hi,11,0.13095238095238096,105,0.16535433070866143,0.7919501133786848,0.5278332156370641,False
SHORT,6,Slope_Accel_ST:lo,42,0.5,252,0.3968503937007874,1.2599206349206349,0.07700650332619213,False
SHORT,6,Slope_EMA_LT:hi,31,0.36904761904761907,204,0.32125984251968503,1.1487511671335202,0.38805154618583493,False
SHORT,6,Slope_EMA_LT:lo,15,0.17857142857142858,135,0.2125984251968504,0.8399470899470899,0.5678977575051363,False
SHORT,6,Slope_EMA_ST:hi,1,0.011904761904761904,33,0.05196850393700787,0.22907647907647907,0.16508129953861408,False
SHORT,6,Slope_EMA_ST:lo,70,0.8333333333333334,417,0.6566929133858268,1.2689848121502798,0.001118349006929443,True
SHORT,6,Sqz_State:==-1,71,0.8452380952380952,505,0.7952755905511811,1.0628241395568128,0.3118917460862375,False
SHORT,6,Sqz_State:==1,13,0.15476190476190477,130,0.2047244094488189,0.755952380952381,0.3118917460862375,False
SHORT,6,Sqz_Val:hi,0,0.0,31,0.048818897637795275,0.0,0.03992866764089069,False
SHORT,6,Sqz_Val:lo,70,0.8333333333333334,436,0.6866141732283465,1.2136850152905199,0.005018269740788445,False
SHORT,6,TChan_A15:hi,19,0.2261904761904762,160,0.25196850393700787,0.8976934523809524,0.6878828227392915,False
SHORT,6,TChan_A15:lo,6,0.07142857142857142,77,0.12125984251968504,0.5890538033395176,0.20681020304392234,False
SHORT,6,Trend_Concordance:==0,9,0.10714285714285714,105,0.16535433070866143,0.6479591836734693,0.20405318695284966,False
SHORT,6,Trend_Concordance:==1,75,0.8928571428571429,530,0.8346456692913385,1.0697439353099731,0.20405318695284966,False
SHORT,6,Trend_Conflict:==0,75,0.8928571428571429,530,0.8346456692913385,1.0697439353099731,0.20405318695284966,False
SHORT,6,Trend_Conflict:==1,9,0.10714285714285714,105,0.16535433070866143,0.6479591836734693,0.20405318695284966,False
SHORT,6,Upper_Wick:hi,49,0.5833333333333334,216,0.3401574803149606,1.714891975308642,2.1695110044381805e-05,True
SHORT,6,Upper_Wick:lo,7,0.08333333333333333,80,0.12598425196850394,0.6614583333333333,0.3717821053811514,False
SHORT,6,VAH_Dist_ATR:hi,11,0.13095238095238096,91,0.14330708661417324,0.9137885923600209,0.8685877591536075,False
SHORT,6,VAH_Dist_ATR:lo,39,0.4642857142857143,193,0.30393700787401573,1.5275721687638788,0.004160194299957572,False
SHORT,6,VAH_Side:==-1,12,0.14285714285714285,90,0.14173228346456693,1.007936507936508,1.0,False
SHORT,6,VAH_Side:==0,9,0.10714285714285714,12,0.01889763779527559,5.669642857142857,0.00024225257461304238,True
SHORT,6,VAH_Side:==1,63,0.75,533,0.8393700787401575,0.8935272045028143,0.0457290579831355,False
SHORT,6,VAL_Dist_ATR:hi,10,0.11904761904761904,87,0.13700787401574804,0.868910782703886,0.7363242174366114,False
SHORT,6,VAL_Dist_ATR:lo,40,0.47619047619047616,201,0.3165354330708661,1.5043828476664298,0.004574944315031033,False
SHORT,6,VAL_Side:==-1,3,0.03571428571428571,15,0.023622047244094488,1.5119047619047619,0.4563857092417985,False
SHORT,6,VAL_Side:==0,1,0.011904761904761904,13,0.02047244094488189,0.5815018315018314,1.0,False
SHORT,6,VAL_Side:==1,80,0.9523809523809523,607,0.9559055118110236,0.9963128579273555,0.7812681962516956,False
SHORT,6,VA_Position:hi,16,0.19047619047619047,143,0.2251968503937008,0.8458208458208457,0.575816529316536,False
SHORT,6,VA_Position:lo,31,0.36904761904761907,165,0.25984251968503935,1.4202741702741704,0.03766559760435695,False
SHORT,6,VWAP_Dist_ATR:hi,10,0.11904761904761904,97,0.15275590551181104,0.7793323514972998,0.5145115777993354,False
SHORT,6,VWAP_Dist_ATR:lo,23,0.27380952380952384,186,0.2929133858267717,0.9347798259088582,0.7986186561047101,False
SHORT,6,VWAP_Side:==-1,46,0.5476190476190477,309,0.48661417322834644,1.1253660040067808,0.29887963412133783,False
SHORT,6,VWAP_Side:==0,0,0.0,0,0.0,inf,1.0,False
SHORT,6,VWAP_Side:==1,38,0.4523809523809524,326,0.5133858267716536,0.8811714869997078,0.29887963412133783,False
SHORT,6,VWAP_Sigma:hi,23,0.27380952380952384,171,0.2692913385826772,1.0167780562517406,0.8968036474706913,False
SHORT,6,VWAP_Sigma:lo,13,0.15476190476190477,110,0.1732283464566929,0.8933982683982684,0.7591836761125721,False
SHORT,6,VWAP_Sigma_ATR:hi,6,0.07142857142857142,78,0.12283464566929134,0.5815018315018314,0.20649462619443654,False
SHORT,6,VWAP_Sigma_ATR:lo,48,0.5714285714285714,232,0.3653543307086614,1.564039408866995,0.0003403441736860045,True
SHORT,6,VWAP_Z:hi,1,0.011904761904761904,28,0.04409448818897638,0.2699829931972789,0.23707954862070832,False
SHORT,6,VWAP_Z:lo,19,0.2261904761904762,62,0.09763779527559055,2.3166282642089095,0.0013861821773729203,True
SHORT,6,Volume:hi,55,0.6547619047619048,281,0.44251968503937006,1.4796220979495,0.0002829089426831385,True
SHORT,6,Volume:lo,6,0.07142857142857142,68,0.10708661417322834,0.667016806722689,0.4431997660347825,False
SHORT,6,Volume_Avg_10:hi,60,0.7142857142857143,285,0.44881889763779526,1.5914786967418548,4.5391018189481025e-06,True
SHORT,6,Volume_Avg_10:lo,2,0.023809523809523808,44,0.06929133858267716,0.3436147186147186,0.15160625089360863,False
SHORT,6,Volume_Ratio_10:hi,8,0.09523809523809523,91,0.14330708661417324,0.6645735217163787,0.3108452783068093,False
SHORT,6,Volume_Ratio_10:lo,17,0.20238095238095238,136,0.2141732283464567,0.9449404761904762,0.8877125209743761,False
SHORT,6,WeeklyOpen_Dist_ATR:hi,16,0.19047619047619047,113,0.17795275590551182,1.0703750526759375,0.7631621259846284,False
SHORT,6,WeeklyOpen_Dist_ATR:lo,34,0.40476190476190477,210,0.33070866141732286,1.223922902494331,0.17972129811019832,False
SHORT,6,WeeklyOpen_Side:==-1,27,0.32142857142857145,198,0.31181102362204727,1.030844155844156,0.9004760016817718,False
SHORT,6,WeeklyOpen_Side:==0,0,0.0,0,0.0,inf,1.0,False
SHORT,6,WeeklyOpen_Side:==1,57,0.6785714285714286,437,0.6881889763779527,0.986024844720497,0.9004760016817718,False
SHORT,7,ADX_Rising:==0,37,0.44047619047619047,308,0.48503937007874015,0.9081246134817563,0.48637414372499677,False
SHORT,7,ADX_Rising:==1,47,0.5595238095238095,327,0.5149606299212598,1.0865370613077037,0.48637414372499677,False
SHORT,7,ADX_Value:hi,36,0.42857142857142855,142,0.22362204724409449,1.9164989939637826,0.0001284708185553475,True
SHORT,7,ADX_Value:lo,8,0.09523809523809523,101,0.15905511811023623,0.5987741631305987,0.1458021299762265,False
SHORT,7,ATR_1M:hi,58,0.6904761904761905,277,0.43622047244094486,1.582860581055527,1.3049171819262827e-05,True
SHORT,7,ATR_1M:lo,3,0.03571428571428571,57,0.08976377952755905,0.39786967418546365,0.13774844372295106,False
SHORT,7,AT_Lookback_LT:hi,22,0.2619047619047619,144,0.22677165354330708,1.1549272486772488,0.4914607348244137,False
SHORT,7,AT_Lookback_LT:lo,0,0.0,0,0.0,inf,1.0,False
SHORT,7,AT_Lookback_ST:hi,6,0.07142857142857142,73,0.11496062992125984,0.6213307240704501,0.2695777485451717,False
SHORT,7,AT_Lookback_ST:lo,0,0.0,0,0.0,inf,1.0,False
SHORT,7,AT_Regime_LT:==0,46,0.5476190476190477,359,0.5653543307086614,0.9686297917495691,0.8151402158858403,False
SHORT,7,AT_Regime_LT:==1,38,0.4523809523809524,276,0.4346456692913386,1.0408040027605245,0.8151402158858403,False
SHORT,7,AT_Regime_ST:==0,4,0.047619047619047616,86,0.13543307086614173,0.35160575858250276,0.02145832006249425,False
SHORT,7,AT_Regime_ST:==1,80,0.9523809523809523,549,0.8645669291338582,1.1015699540289703,0.02145832006249425,False
SHORT,7,AT_Score_LT:hi,22,0.2619047619047619,104,0.16377952755905512,1.5991300366300367,0.032249420931173396,False
SHORT,7,AT_Score_LT:lo,3,0.03571428571428571,39,0.06141732283464567,0.5815018315018314,0.4616333818316167,False
SHORT,7,AT_Score_ST:hi,1,0.011904761904761904,16,0.025196850393700787,0.4724702380952381,0.7085736474517902,False
SHORT,7,AT_Score_ST:lo,17,0.20238095238095238,131,0.2062992125984252,0.9810069065794256,1.0,False
SHORT,7,AT_Slope_LT:hi,30,0.35714285714285715,194,0.30551181102362207,1.1689985272459498,0.3801812140870816,False
SHORT,7,AT_Slope_LT:lo,17,0.20238095238095238,142,0.22362204724409449,0.9050134138162308,0.7797623810212488,False
SHORT,7,AT_Slope_ST:hi,1,0.011904761904761904,32,0.050393700787401574,0.23623511904761904,0.1622072460226845,False
SHORT,7,AT_Slope_ST:lo,69,0.8214285714285714,398,0.6267716535433071,1.3105707106963387,0.00036666394982442976,True
SHORT,7,Bar_Range:hi,53,0.6309523809523809,274,0.431496062992126,1.462243656586722,0.0006717360713363117,True
SHORT,7,Bar_Range:lo,2,0.023809523809523808,54,0.08503937007874016,0.27998236331569665,0.05033647061713682,False
SHORT,7,Bars_Since_Flip:hi,9,0.10714285714285714,69,0.10866141732283464,0.9860248447204969,1.0,False
SHORT,7,Bars_Since_Flip:lo,5,0.05952380952380952,68,0.10708661417322834,0.5558473389355743,0.2466503950460962,False
SHORT,7,Body_Size:hi,33,0.39285714285714285,220,0.3464566929133858,1.1339285714285714,0.3978858720410824,False
SHORT,7,Body_Size:lo,9,0.10714285714285714,77,0.12125984251968504,0.8835807050092764,0.8582575300073031,False
SHORT,7,D2D_ATR:hi,70,0.8333333333333334,329,0.5181102362204725,1.6084093211752786,1.824849462294033e-08,True
SHORT,7,D2D_ATR:lo,0,0.0,16,0.025196850393700787,0.0,0.23942380823536344,False
SHORT,7,D2D_ATR_MA:hi,66,0.7857142857142857,319,0.5023622047244094,1.564039408866995,6.552371349786411e-07,True
SHORT,7,D2D_ATR_MA:lo,0,0.0,17,0.026771653543307086,0.0,0.2440515870463119,False
SHORT,7,D2D_DirStep:==-1,71,0.8452380952380952,440,0.6929133858267716,1.219832251082251,0.003128958434429092,False
SHORT,7,D2D_DirStep:==1,13,0.15476190476190477,195,0.30708661417322836,0.503968253968254,0.003128958434429092,False
SHORT,7,D2D_Dn_Count:hi,0,0.0,9,0.014173228346456693,0.0,0.608477365378256,False
SHORT,7,D2D_Dn_Count:lo,0,0.0,0,0.0,inf,1.0,False
SHORT,7,D2D_Dynamic_Sensitivity:hi,0,0.0,0,0.0,inf,1.0,False
SHORT,7,D2D_Dynamic_Sensitivity:lo,3,0.03571428571428571,26,0.04094488188976378,0.8722527472527473,1.0,False
SHORT,7,D2D_Persist:hi,0,0.0,12,0.01889763779527559,0.0,0.3782351490014483,False
SHORT,7,D2D_Persist:lo,51,0.6071428571428571,303,0.47716535433070867,1.2723950966525224,0.027450243207793587,False
SHORT,7,D2D_Signal:==-1,0,0.0,0,0.0,inf,1.0,False
SHORT,7,D2D_Signal:==0,84,1.0,630,0.9921259842519685,1.007936507936508,1.0,False
SHORT,7,D2D_Signal:==1,0,0.0,5,0.007874015748031496,0.0,1.0,False
SHORT,7,D2D_Up_Count:hi,0,0.0,6,0.009448818897637795,0.0,1.0,False
SHORT,7,D2D_Up_Count:lo,0,0.0,0,0.0,inf,1.0,False
SHORT,7,DailyOpen_Dist_ATR:hi,8,0.09523809523809523,108,0.1700787401574803,0.5599647266313933,0.08390713537062505,False
SHORT,7,DailyOpen_Dist_ATR:lo,28,0.3333333333333333,182,0.2866141732283465,1.1630036630036629,0.3739939816380994,False
SHORT,7,DailyOpen_Side:==-1,44,0.5238095238095238,308,0.48503937007874015,1.0799319727891157,0.5618370958752095,False
SHORT,7,DailyOpen_Side:==0,0,0.0,0,0.0,inf,1.0,False
SHORT,7,DailyOpen_Side:==1,40,0.47619047619047616,327,0.5149606299212598,0.9247123926023009,0.5618370958752095,False
SHORT,7,Dist_To_PoC_ATR:hi,12,0.14285714285714285,102,0.16062992125984252,0.8893557422969187,0.7525945896770907,False
SHORT,7,Dist_To_PoC_ATR:lo,35,0.4166666666666667,186,0.2929133858267717,1.4224910394265233,0.023717017741031018,False
SHORT,7,EMA_Oscillator:hi,0,0.0,30,0.047244094488188976,0.0,0.03892580682162654,False
SHORT,7,EMA_Oscillator:lo,69,0.8214285714285714,379,0.5968503937007874,1.3762721447418016,3.921706558813276e-05,True
SHORT,7,Efficiency_Ratio:hi,27,0.32142857142857145,143,0.2251968503937008,1.4273226773226773,0.05625875246746201,False
SHORT,7,Efficiency_Ratio:lo,14,0.16666666666666666,115,0.18110236220472442,0.9202898550724636,0.8798269848204388,False
SHORT,7,Harmonic_D2D_Concordance:==0,32,0.38095238095238093,372,0.5858267716535434,0.6502816180235534,0.00042726631567385363,True
SHORT,7,Harmonic_D2D_Concordance:==1,52,0.6190476190476191,263,0.4141732283464567,1.4946586999818938,0.00042726631567385363,True
SHORT,7,Harmonic_LLEMA:hi,2,0.023809523809523808,44,0.06929133858267716,0.3436147186147186,0.15160625089360863,False
SHORT,7,Harmonic_LLEMA:lo,50,0.5952380952380952,214,0.33700787401574805,1.766243880729862,6.6122520182966805e-06,True
SHORT,7,Harmonic_OBVf_Concordance:==0,35,0.4166666666666667,385,0.6062992125984252,0.6872294372294372,0.0013559437161317516,True
SHORT,7,Harmonic_OBVf_Concordance:==1,49,0.5833333333333334,250,0.3937007874015748,1.4816666666666667,0.0013559437161317516,True
SHORT,7,KAMA_Dist:hi,3,0.03571428571428571,63,0.09921259842519685,0.3599773242630385,0.06841178733988704,False
SHORT,7,KAMA_Dist:lo,61,0.7261904761904762,288,0.45354330708661417,1.6011491402116402,2.4703108270624796e-06,True
SHORT,7,KAMA_Dist_ATR:hi,1,0.011904761904761904,30,0.047244094488188976,0.251984126984127,0.24511488419780952,False
SHORT,7,KAMA_Dist_ATR:lo,36,0.42857142857142855,231,0.3637795275590551,1.1781076066790352,0.2796313608627592,False
SHORT,7,KAMA_Slope:hi,3,0.03571428571428571,52,0.08188976377952756,0.43612637362637363,0.18756046031139773,False
SHORT,7,KAMA_Slope:lo,53,0.6309523809523809,227,0.35748031496062993,1.764998951122299,2.372874109607991e-06,True
SHORT,7,Lower_Wick:hi,42,0.5,203,0.31968503937007875,1.564039408866995,0.0013998601380440607,True
SHORT,7,Lower_Wick:lo,8,0.09523809523809523,93,0.14645669291338584,0.6502816180235534,0.24367897703050162,False
SHORT,7,Micro_Amihud:hi,14,0.16666666666666666,127,0.2,0.8333333333333333,0.5592438249650111,False
SHORT,7,Micro_Amihud:lo,26,0.30952380952380953,136,0.2141732283464567,1.445203081232493,0.05276445947290003,False
SHORT,7,Micro_AutoCorr:hi,26,0.30952380952380953,156,0.24566929133858267,1.2599206349206349,0.22928531239197636,False
SHORT,7,Micro_AutoCorr:lo,12,0.14285714285714285,94,0.14803149606299212,0.9650455927051671,1.0,False
SHORT,7,Micro_BarEntropy:hi,17,0.20238095238095238,129,0.2031496062992126,0.9962163159837578,1.0,False
SHORT,7,Micro_BarEntropy:lo,12,0.14285714285714285,119,0.18740157480314962,0.7623049219687874,0.369072577529414,False
SHORT,7,Micro_BarOverlap:hi,20,0.23809523809523808,127,0.2,1.1904761904761902,0.4712671125432489,False
SHORT,7,Micro_BarOverlap:lo,11,0.13095238095238096,106,0.16692913385826771,0.7844788858939803,0.5287095839060718,False
SHORT,7,Micro_CSSpread:hi,23,0.27380952380952384,193,0.30393700787401573,0.9008758943992106,0.6144138438654307,False
SHORT,7,Micro_CSSpread:lo,13,0.15476190476190477,82,0.12913385826771653,1.1984610917537748,0.4950041103470578,False
SHORT,7,Micro_Entropy:hi,6,0.07142857142857142,85,0.13385826771653545,0.5336134453781511,0.11763836302156472,False
SHORT,7,Micro_Entropy:lo,12,0.14285714285714285,108,0.1700787401574803,0.8399470899470899,0.6408420900072508,False
SHORT,7,Micro_FailedBreak:hi,14,0.16666666666666666,123,0.19370078740157481,0.8604336043360432,0.6578584772963378,False
SHORT,7,Micro_FailedBreak:lo,16,0.19047619047619047,122,0.1921259842519685,0.9914129586260734,1.0,False
SHORT,7,Micro_FractalDim:hi,15,0.17857142857142858,111,0.17480314960629922,1.0215572715572716,0.8797813740215932,False
SHORT,7,Micro_FractalDim:lo,15,0.17857142857142858,113,0.17795275590551182,1.0034766118836915,1.0,False
SHORT,7,Micro_GarmanKlass:hi,55,0.6547619047619048,279,0.4393700787401575,1.4902287079706433,0.00026996631140343533,True
SHORT,7,Micro_GarmanKlass:lo,3,0.03571428571428571,63,0.09921259842519685,0.3599773242630385,0.06841178733988704,False
SHORT,7,Micro_HLAsymmetry:hi,23,0.27380952380952384,182,0.2866141732283465,0.9553244374672947,0.8978731592990636,False
SHORT,7,Micro_HLAsymmetry:lo,22,0.2619047619047619,157,0.247244094488189,1.0592963299969669,0.7886824425671513,False
SHORT,7,Micro_Hurst:hi,20,0.23809523809523808,112,0.1763779527559055,1.3499149659863945,0.17784075779944258,False
SHORT,7,Micro_Hurst:lo,16,0.19047619047619047,141,0.2220472440944882,0.8578183046268152,0.5757276750295935,False
SHORT,7,Micro_IBSP:hi,18,0.21428571428571427,133,0.2094488188976378,1.0230934479054778,0.8874303145802729,False
SHORT,7,Micro_IBSP:lo,19,0.2261904761904762,127,0.2,1.130952380952381,0.5654891602805913,False
SHORT,7,Micro_Lambda:hi,15,0.17857142857142858,129,0.2031496062992126,0.8790143964562569,0.6652901617715767,False
SHORT,7,Micro_Lambda:lo,18,0.21428571428571427,121,0.19055118110236222,1.1245572609208971,0.6589794704169587,False
SHORT,7,Micro_LogReturn:hi,28,0.3333333333333333,176,0.27716535433070866,1.2026515151515151,0.3033755804783451,False
SHORT,7,Micro_LogReturn:lo,22,0.2619047619047619,164,0.25826771653543307,1.014082462253194,1.0,False
SHORT,7,Micro_MicroGap:hi,15,0.17857142857142858,79,0.12440944881889764,1.435352622061483,0.169594061572036,False
SHORT,7,Micro_MicroGap:lo,9,0.10714285714285714,80,0.12598425196850394,0.8504464285714285,0.7262301201557806,False
SHORT,7,Micro_MomoTransfer:hi,15,0.17857142857142858,124,0.1952755905511811,0.9144585253456221,0.7709321704048827,False
SHORT,7,Micro_MomoTransfer:lo,17,0.20238095238095238,133,0.2094488188976378,0.9662549230218402,1.0,False
SHORT,7,Micro_OrderFlowDelta:hi,32,0.38095238095238093,179,0.28188976377952757,1.3514232508645916,0.07373602059767026,False
SHORT,7,Micro_OrderFlowDelta:lo,26,0.30952380952380953,186,0.2929133858267717,1.0567076292882744,0.7991548103834487,False
SHORT,7,Micro_PriceAccel:hi,26,0.30952380952380953,169,0.26614173228346455,1.163003663003663,0.43349467095979877,False
SHORT,7,Micro_PriceAccel:lo,26,0.30952380952380953,171,0.2692913385826772,1.1494012809802283,0.436855280887293,False
SHORT,7,Micro_RangeAccel:hi,23,0.27380952380952384,170,0.2677165354330709,1.0227591036414565,0.8962808788878467,False
SHORT,7,Micro_RangeAccel:lo,24,0.2857142857142857,139,0.2188976377952756,1.305241521068859,0.1681451843868282,False
SHORT,7,Micro_RangeVelocity:hi,19,0.2261904761904762,161,0.25354330708661416,0.8921177166518782,0.6879057498680103,False
SHORT,7,Micro_RangeVelocity:lo,32,0.38095238095238093,154,0.24251968503937008,1.5708101422387135,0.008074249649053282,False
SHORT,7,Micro_Rejection:hi,17,0.20238095238095238,121,0.19055118110236222,1.062081857536403,0.7694863200245701,False
SHORT,7,Micro_Rejection:lo,16,0.19047619047619047,131,0.2062992125984252,0.9233006179571064,0.8855192223603268,False
SHORT,7,Micro_RollProxy:hi,32,0.38095238095238093,180,0.28346456692913385,1.343915343915344,0.07462252970755087,False
SHORT,7,Micro_RollProxy:lo,30,0.35714285714285715,173,0.27244094488188975,1.3109000825763832,0.12135576785704469,False
SHORT,7,Micro_ThrustEff:hi,12,0.14285714285714285,130,0.2047244094488189,0.6978021978021978,0.24237519060903487,False
SHORT,7,Micro_ThrustEff:lo,13,0.15476190476190477,109,0.17165354330708663,0.9015945827872434,0.7595596140800566,False
SHORT,7,Micro_TickIntensity:hi,22,0.2619047619047619,115,0.18110236220472442,1.4461697722567288,0.10252234613091052,False
SHORT,7,Micro_TickIntensity:lo,17,0.20238095238095238,136,0.2141732283464567,0.9449404761904762,0.8877125209743761,False
SHORT,7,Micro_VPIN:hi,20,0.23809523809523808,156,0.24566929133858267,0.9691697191697192,1.0,False
SHORT,7,Micro_VPIN:lo,21,0.25,127,0.2,1.25,0.3144724734746439,False
SHORT,7,Micro_VolAccel:hi,19,0.2261904761904762,145,0.2283464566929134,0.9905582922824302,1.0,False
SHORT,7,Micro_VolAccel:lo,16,0.19047619047619047,128,0.2015748031496063,0.9449404761904762,0.8854092449880775,False
SHORT,7,Micro_VolOfVol:hi,41,0.4880952380952381,228,0.3590551181102362,1.3593880534670009,0.023111139382077504,False
SHORT,7,Micro_VolOfVol:lo,7,0.08333333333333333,72,0.11338582677165354,0.7349537037037037,0.5764505969991535,False
SHORT,7,Micro_WickImbalance:hi,27,0.32142857142857145,207,0.32598425196850395,0.9860248447204969,1.0,False
SHORT,7,Micro_WickImbalance:lo,31,0.36904761904761907,179,0.28188976377952757,1.309191274275073,0.1247928032794966,False
SHORT,7,Momentum_Value:hi,0,0.0,37,0.05826771653543307,0.0,0.01563890454858029,False
SHORT,7,Momentum_Value:lo,73,0.8690476190476191,405,0.6377952755905512,1.362580834803057,1.2047366344227908e-05,True
SHORT,7,MultiDay_Position:hi,32,0.38095238095238093,199,0.31338582677165355,1.215601818616894,0.21588539859348146,False
SHORT,7,MultiDay_Position:lo,28,0.3333333333333333,201,0.3165354330708661,1.0530679933665008,0.8033650158585529,False
SHORT,7,MultiDay_Slope:hi,24,0.2857142857142857,154,0.24251968503937008,1.1781076066790352,0.4196974786546676,False
SHORT,7,MultiDay_Slope:lo,12,0.14285714285714285,153,0.2409448818897638,0.5929038281979457,0.052469775035546506,False
SHORT,7,OBV_Macd:hi,13,0.15476190476190477,131,0.2062992125984252,0.750181752090149,0.31130518364249044,False
SHORT,7,OBV_Macd:lo,32,0.38095238095238093,127,0.2,1.9047619047619047,0.0003972835946410065,True
SHORT,7,OBV_Velocity:hi,3,0.03571428571428571,51,0.08031496062992126,0.44467787114845936,0.1865284586656208,False
SHORT,7,OBV_Velocity:lo,28,0.3333333333333333,187,0.29448818897637796,1.1319073083778965,0.45024820435909196,False
SHORT,7,OBVf_DirStepCount:hi,16,0.19047619047619047,93,0.14645669291338584,1.3005632360471069,0.33015202679181516,False
SHORT,7,OBVf_DirStepCount:lo,10,0.11904761904761904,88,0.13858267716535433,0.8590367965367965,0.7361229236597622,False
SHORT,7,OBVf_Signal:==-1,73,0.8690476190476191,506,0.7968503937007874,1.0906032373423677,0.14208153580840152,False
SHORT,7,OBVf_Signal:==1,11,0.13095238095238096,129,0.2031496062992126,0.6446105574012551,0.14208153580840152,False
SHORT,7,OBVf_Trend_Dir:==-1,73,0.8690476190476191,506,0.7968503937007874,1.0906032373423677,0.14208153580840152,False
SHORT,7,OBVf_Trend_Dir:==1,11,0.13095238095238096,129,0.2031496062992126,0.6446105574012551,0.14208153580840152,False
SHORT,7,OR_High_Dist_ATR:hi,14,0.16666666666666666,143,0.2251968503937008,0.7400932400932401,0.26167144503449274,False
SHORT,7,OR_High_Dist_ATR:lo,0,0.0,0,0.0,inf,1.0,False
SHORT,7,OR_High_Side:==-1,45,0.5357142857142857,255,0.4015748031496063,1.334033613445378,0.02484898449257214,False
SHORT,7,OR_High_Side:==0,27,0.32142857142857145,243,0.3826771653543307,0.83994708994709,0.33750459840771585,False
SHORT,7,OR_High_Side:==1,12,0.14285714285714285,137,0.215748031496063,0.662148070907195,0.15134173698994274,False
SHORT,7,OR_Low_Dist_ATR:hi,12,0.14285714285714285,111,0.17480314960629922,0.8172458172458171,0.5393096877485655,False
SHORT,7,OR_Low_Dist_ATR:lo,0,0.0,0,0.0,inf,1.0,False
SHORT,7,OR_Low_Side:==-1,27,0.32142857142857145,145,0.2283464566929134,1.4076354679802956,0.07595939690212271,False
SHORT,7,OR_Low_Side:==0,27,0.32142857142857145,243,0.3826771653543307,0.83994708994709,0.33750459840771585,False
SHORT,7,OR_Low_Side:==1,30,0.35714285714285715,247,0.3889763779527559,0.9181607865818392,0.6338931833333444,False
SHORT,7,OR_Position:hi,14,0.16666666666666666,152,0.23937007874015748,0.6962719298245613,0.16790396088650766,False
SHORT,7,OR_Position:lo,32,0.38095238095238093,176,0.27716535433070866,1.3744588744588744,0.05491840697021648,False
SHORT,7,PoC_Side:==-1,13,0.15476190476190477,58,0.09133858267716535,1.694376026272578,0.07870371445532193,False
SHORT,7,PoC_Side:==0,2,0.023809523809523808,21,0.03307086614173228,0.719954648526077,1.0,False
SHORT,7,PoC_Side:==1,69,0.8214285714285714,556,0.8755905511811024,0.9381423432682424,0.169594061572036,False
SHORT,7,PrevDay_Close_Dist_ATR:hi,8,0.09523809523809523,122,0.1921259842519685,0.4957064793130367,0.03371493354609022,False
SHORT,7,PrevDay_Close_Dist_ATR:lo,24,0.2857142857142857,174,0.2740157480314961,1.0426929392446633,0.7964127930453264,False
SHORT,7,PrevDay_Close_Side:==-1,47,0.5595238095238095,332,0.5228346456692914,1.07017355134825,0.5621270129938972,False
SHORT,7,PrevDay_Close_Side:==0,0,0.0,0,0.0,inf,1.0,False
SHORT,7,PrevDay_Close_Side:==1,37,0.44047619047619047,303,0.47716535433070867,0.9231101681596731,0.5621270129938972,False
SHORT,7,PrevDay_High_Dist_ATR:hi,9,0.10714285714285714,118,0.1858267716535433,0.5765738498789346,0.09294129470926606,False
SHORT,7,PrevDay_High_Dist_ATR:lo,34,0.40476190476190477,190,0.2992125984251969,1.3527568922305764,0.059652710157004574,False
SHORT,7,PrevDay_High_Side:==-1,56,0.6666666666666666,476,0.7496062992125985,0.8893557422969187,0.11265298030547821,False
SHORT,7,PrevDay_High_Side:==0,0,0.0,0,0.0,inf,1.0,False
SHORT,7,PrevDay_High_Side:==1,28,0.3333333333333333,159,0.2503937007874016,1.331236897274633,0.11265298030547821,False
SHORT,7,PrevDay_Low_Dist_ATR:hi,13,0.15476190476190477,110,0.1732283464566929,0.8933982683982684,0.7591836761125721,False
SHORT,7,PrevDay_Low_Dist_ATR:lo,28,0.3333333333333333,213,0.3354330708661417,0.9937402190923318,1.0,False
SHORT,7,PrevDay_Low_Side:==-1,18,0.21428571428571427,153,0.2409448818897638,0.8893557422969187,0.6829536632343677,False
SHORT,7,PrevDay_Low_Side:==0,0,0.0,0,0.0,inf,1.0,False
SHORT,7,PrevDay_Low_Side:==1,66,0.7857142857142857,482,0.7590551181102362,1.0351215174866628,0.6829536632343677,False
SHORT,7,RangeOsc_State:==-1,56,0.6666666666666666,278,0.4377952755905512,1.5227817745803356,0.00010324007152344474,True
SHORT,7,RangeOsc_State:==-2,8,0.09523809523809523,103,0.16220472440944883,0.5871474803513638,0.1465760098610598,False
SHORT,7,RangeOsc_State:==1,6,0.07142857142857142,141,0.2220472440944882,0.3216818642350557,0.0007869288215589393,True
SHORT,7,RangeOsc_State:==2,14,0.16666666666666666,113,0.17795275590551182,0.9365781710914454,0.8798489505398499,False
SHORT,7,RangeOsc_Val:hi,2,0.023809523809523808,70,0.11023622047244094,0.21598639455782312,0.010604830205694754,False
SHORT,7,RangeOsc_Val:lo,45,0.5357142857142857,185,0.29133858267716534,1.8388030888030888,1.6797487678923295e-05,True
SHORT,7,Round_1000_Dist_ATR:hi,5,0.05952380952380952,75,0.11811023622047244,0.503968253968254,0.1383368324441263,False
SHORT,7,Round_1000_Dist_ATR:lo,37,0.44047619047619047,209,0.3291338582677165,1.3382889040783779,0.05012231172691567,False
SHORT,7,Round_100_Dist_ATR:hi,4,0.047619047619047616,56,0.08818897637795275,0.5399659863945578,0.2921169505784641,False
SHORT,7,Round_100_Dist_ATR:lo,35,0.4166666666666667,173,0.27244094488188975,1.5293834296724471,0.009977099407113938,False
SHORT,7,Round_500_Dist_ATR:hi,4,0.047619047619047616,79,0.12440944881889764,0.3827606992163954,0.04385036569667028,False
SHORT,7,Round_500_Dist_ATR:lo,39,0.4642857142857143,195,0.30708661417322836,1.5119047619047619,0.006084732189801372,False
SHORT,7,ST_Flip_Event:==-1,1,0.011904761904761904,5,0.007874015748031496,1.5119047619047619,0.5267791034702338,False
SHORT,7,ST_Flip_Event:==0,83,0.9880952380952381,614,0.9669291338582677,1.0218900263688537,0.4988966305339195,False
SHORT,7,ST_Flip_Event:==1,0,0.0,16,0.025196850393700787,0.0,0.23942380823536344,False
SHORT,7,Session_High_Dist_ATR:hi,7,0.08333333333333333,91,0.14330708661417324,0.5815018315018314,0.1743767662982431,False
SHORT,7,Session_High_Dist_ATR:lo,20,0.23809523809523808,109,0.17165354330708663,1.387068588903451,0.17187349040620298,False
SHORT,7,Session_High_Side:==-1,84,1.0,634,0.9984251968503937,1.001577287066246,1.0,False
SHORT,7,Session_High_Side:==0,0,0.0,1,0.0015748031496062992,0.0,1.0,False
SHORT,7,Session_Low_Dist_ATR:hi,8,0.09523809523809523,91,0.14330708661417324,0.6645735217163787,0.3108452783068093,False
SHORT,7,Session_Low_Dist_ATR:lo,38,0.4523809523809524,194,0.30551181102362207,1.4807314678448698,0.008884406857549432,False
SHORT,7,Session_Low_Side:==0,0,0.0,3,0.004724409448818898,0.0,1.0,False
SHORT,7,Session_Low_Side:==1,84,1.0,632,0.9952755905511811,1.004746835443038,1.0,False
SHORT,7,Slope_Accel_LT:hi,0,0.0,25,0.03937007874015748,0.0,0.10266398715258056,False
SHORT,7,Slope_Accel_LT:lo,35,0.4166666666666667,128,0.2015748031496063,2.067057291666667,4.0066747530331213e-05,True
SHORT,7,Slope_Accel_ST:hi,19,0.2261904761904762,147,0.231496062992126,0.9770813087139617,1.0,False
SHORT,7,Slope_Accel_ST:lo,38,0.4523809523809524,198,0.31181102362204727,1.4508177008177008,0.013073608993798003,False
SHORT,7,Slope_EMA_LT:hi,31,0.36904761904761907,203,0.31968503937007875,1.1544100398780202,0.38651918073607,False
SHORT,7,Slope_EMA_LT:lo,16,0.19047619047619047,138,0.2173228346456693,0.8764665286404416,0.6716386750537326,False
SHORT,7,Slope_EMA_ST:hi,1,0.011904761904761904,30,0.047244094488188976,0.251984126984127,0.24511488419780952,False
SHORT,7,Slope_EMA_ST:lo,69,0.8214285714285714,422,0.6645669291338583,1.2360358835477319,0.0038609753057169335,False
SHORT,7,Sqz_State:==-1,70,0.8333333333333334,501,0.7889763779527559,1.056220891550233,0.39120762015644195,False
SHORT,7,Sqz_State:==1,14,0.16666666666666666,134,0.2110236220472441,0.7898009950248756,0.39120762015644195,False
SHORT,7,Sqz_Val:hi,1,0.011904761904761904,43,0.06771653543307087,0.17580287929125138,0.049422724775134166,False
SHORT,7,Sqz_Val:lo,67,0.7976190476190477,407,0.6409448818897637,1.2444424944424946,0.004606584205141345,False
SHORT,7,TChan_A15:hi,23,0.27380952380952384,168,0.26456692913385826,1.0349348072562359,0.8955157113629082,False
SHORT,7,TChan_A15:lo,6,0.07142857142857142,73,0.11496062992125984,0.6213307240704501,0.2695777485451717,False
SHORT,7,Trend_Concordance:==0,10,0.11904761904761904,113,0.17795275590551182,0.6689844079224609,0.21750126369380438,False
SHORT,7,Trend_Concordance:==1,74,0.8809523809523809,522,0.8220472440944881,1.0716566320014596,0.21750126369380438,False
SHORT,7,Trend_Conflict:==0,74,0.8809523809523809,522,0.8220472440944881,1.0716566320014596,0.21750126369380438,False
SHORT,7,Trend_Conflict:==1,10,0.11904761904761904,113,0.17795275590551182,0.6689844079224609,0.21750126369380438,False
SHORT,7,Upper_Wick:hi,35,0.4166666666666667,220,0.3464566929133858,1.2026515151515151,0.22540534284341743,False
SHORT,7,Upper_Wick:lo,10,0.11904761904761904,74,0.11653543307086614,1.0215572715572716,1.0,False
SHORT,7,VAH_Dist_ATR:hi,12,0.14285714285714285,105,0.16535433070866143,0.8639455782312924,0.7529249488574261,False
SHORT,7,VAH_Dist_ATR:lo,38,0.4523809523809524,191,0.30078740157480316,1.5039890301670407,0.006135833115535618,False
SHORT,7,VAH_Side:==-1,17,0.20238095238095238,91,0.14330708661417324,1.4122187336473049,0.19181120495742174,False
SHORT,7,VAH_Side:==0,1,0.011904761904761904,12,0.01889763779527559,0.6299603174603174,1.0,False
SHORT,7,VAH_Side:==1,66,0.7857142857142857,532,0.8377952755905512,0.9378356605800214,0.27613166620997914,False
SHORT,7,VAL_Dist_ATR:hi,12,0.14285714285714285,99,0.15590551181102363,0.9163059163059162,0.8727802011411085,False
SHORT,7,VAL_Dist_ATR:lo,36,0.42857142857142855,191,0.30078740157480316,1.4248317127898278,0.024022393226562928,False
SHORT,7,VAL_Side:==-1,3,0.03571428571428571,14,0.02204724409448819,1.6198979591836733,0.4364586797109917,False
SHORT,7,VAL_Side:==0,3,0.03571428571428571,6,0.009448818897637795,3.7797619047619047,0.07677886078843504,False
SHORT,7,VAL_Side:==1,78,0.9285714285714286,615,0.968503937007874,0.9587688734030199,0.10849654006442078,False
SHORT,7,VA_Position:hi,18,0.21428571428571427,145,0.2283464566929134,0.938423645320197,0.8898321219479475,False
SHORT,7,VA_Position:lo,30,0.35714285714285715,164,0.25826771653543307,1.3828397212543555,0.06653433735883667,False
SHORT,7,VWAP_Dist_ATR:hi,10,0.11904761904761904,110,0.1732283464566929,0.6872294372294372,0.2749515195549037,False
SHORT,7,VWAP_Dist_ATR:lo,24,0.2857142857142857,172,0.27086614173228346,1.0548172757475083,0.7946853014854991,False
SHORT,7,VWAP_Side:==-1,45,0.5357142857142857,310,0.4881889763779528,1.0973502304147464,0.4192437967438956,False
SHORT,7,VWAP_Side:==0,0,0.0,0,0.0,inf,1.0,False
SHORT,7,VWAP_Side:==1,39,0.4642857142857143,325,0.5118110236220472,0.9071428571428573,0.4192437967438956,False
SHORT,7,VWAP_Sigma:hi,23,0.27380952380952384,173,0.27244094488188975,1.005023396641894,1.0,False
SHORT,7,VWAP_Sigma:lo,13,0.15476190476190477,109,0.17165354330708663,0.9015945827872434,0.7595596140800566,False
SHORT,7,VWAP_Sigma_ATR:hi,7,0.08333333333333333,98,0.15433070866141732,0.5399659863945578,0.0994142170367703,False
SHORT,7,VWAP_Sigma_ATR:lo,48,0.5714285714285714,219,0.34488188976377954,1.6568819308545335,9.943109344611833e-05,True
SHORT,7,VWAP_Z:hi,1,0.011904761904761904,28,0.04409448818897638,0.2699829931972789,0.23707954862070832,False
SHORT,7,VWAP_Z:lo,22,0.2619047619047619,63,0.09921259842519685,2.6398337112622827,9.010497116034312e-05,True
SHORT,7,Volume:hi,54,0.6428571428571429,279,0.4393700787401575,1.4631336405529956,0.0004637950255585802,True
SHORT,7,Volume:lo,5,0.05952380952380952,71,0.11181102362204724,0.5323608316566063,0.1852711615912424,False
SHORT,7,Volume_Avg_10:hi,58,0.6904761904761905,299,0.47086614173228347,1.466395922917662,0.00017737487598693354,True
SHORT,7,Volume_Avg_10:lo,2,0.023809523809523808,38,0.05984251968503937,0.39786967418546365,0.21350435188848804,False
SHORT,7,Volume_Ratio_10:hi,6,0.07142857142857142,70,0.11023622047244094,0.6479591836734694,0.3467940939944604,False
SHORT,7,Volume_Ratio_10:lo,22,0.2619047619047619,166,0.2614173228346457,1.0018646012621917,1.0,False
SHORT,7,WeeklyOpen_Dist_ATR:hi,16,0.19047619047619047,113,0.17795275590551182,1.0703750526759375,0.7631621259846284,False
SHORT,7,WeeklyOpen_Dist_ATR:lo,33,0.39285714285714285,205,0.3228346456692913,1.2168989547038327,0.21776894352370882,False
SHORT,7,WeeklyOpen_Side:==-1,28,0.3333333333333333,201,0.3165354330708661,1.0530679933665008,0.8033650158585529,False
SHORT,7,WeeklyOpen_Side:==0,0,0.0,0,0.0,inf,1.0,False
SHORT,7,WeeklyOpen_Side:==1,56,0.6666666666666666,434,0.6834645669291338,0.9754224270353302,0.8033650158585529,False
SHORT,8,ADX_Rising:==0,40,0.47619047619047616,317,0.49921259842519683,0.953883130539282,0.728395151120623,False
SHORT,8,ADX_Rising:==1,44,0.5238095238095238,318,0.5007874015748032,1.0459718478586404,0.728395151120623,False
SHORT,8,ADX_Value:hi,36,0.42857142857142855,149,0.2346456692913386,1.8264621284755511,0.0002850945796685584,True
SHORT,8,ADX_Value:lo,7,0.08333333333333333,110,0.1732283464566929,0.481060606060606,0.039875598924514345,False
SHORT,8,ATR_1M:hi,55,0.6547619047619048,271,0.4267716535433071,1.5342206993498506,0.00010179915477654693,True
SHORT,8,ATR_1M:lo,5,0.05952380952380952,63,0.09921259842519685,0.5999622071050642,0.3212232309770904,False
SHORT,8,AT_Lookback_LT:hi,22,0.2619047619047619,145,0.2283464566929134,1.1469622331691298,0.4934362435553482,False
SHORT,8,AT_Lookback_LT:lo,0,0.0,0,0.0,inf,1.0,False
SHORT,8,AT_Lookback_ST:hi,6,0.07142857142857142,68,0.10708661417322834,0.667016806722689,0.4431997660347825,False
SHORT,8,AT_Lookback_ST:lo,0,0.0,0,0.0,inf,1.0,False
SHORT,8,AT_Regime_LT:==0,46,0.5476190476190477,357,0.5622047244094488,0.9740562891823398,0.8158584157812863,False
SHORT,8,AT_Regime_LT:==1,38,0.4523809523809524,278,0.4377952755905512,1.0333162041795134,0.8158584157812863,False
SHORT,8,AT_Regime_ST:==0,6,0.07142857142857142,99,0.15590551181102363,0.4581529581529581,0.04696346700494561,False
SHORT,8,AT_Regime_ST:==1,78,0.9285714285714286,536,0.8440944881889764,1.1000799573560769,0.04696346700494561,False
SHORT,8,AT_Score_LT:hi,22,0.2619047619047619,102,0.16062992125984252,1.6304855275443513,0.03025632034636203,False
SHORT,8,AT_Score_LT:lo,3,0.03571428571428571,40,0.06299212598425197,0.5669642857142857,0.46254713050526075,False
SHORT,8,AT_Score_ST:hi,2,0.023809523809523808,17,0.026771653543307086,0.8893557422969187,1.0,False
SHORT,8,AT_Score_ST:lo,21,0.25,132,0.2078740157480315,1.2026515151515151,0.39502197974703773,False
SHORT,8,AT_Slope_LT:hi,28,0.3333333333333333,192,0.30236220472440944,1.1024305555555556,0.6144488196875562,False
SHORT,8,AT_Slope_LT:lo,19,0.2261904761904762,143,0.2251968503937008,1.0044122544122545,1.0,False
SHORT,8,AT_Slope_ST:hi,1,0.011904761904761904,37,0.05826771653543307,0.2043114543114543,0.11304640618624892,False
SHORT,8,AT_Slope_ST:lo,67,0.7976190476190477,385,0.6062992125984252,1.3155534941249227,0.00047605240506431984,True
SHORT,8,Bar_Range:hi,55,0.6547619047619048,256,0.4031496062992126,1.624116443452381,1.8894450270482052e-05,True
SHORT,8,Bar_Range:lo,1,0.011904761904761904,49,0.07716535433070866,0.1542759961127308,0.021444021139960752,False
SHORT,8,Bars_Since_Flip:hi,9,0.10714285714285714,63,0.09921259842519685,1.0799319727891157,0.8463177014148124,False
SHORT,8,Bars_Since_Flip:lo,5,0.05952380952380952,83,0.13070866141732285,0.4553930005737234,0.07478348579272573,False
SHORT,8,Body_Size:hi,38,0.4523809523809524,202,0.31811023622047246,1.422088637435172,0.018883464118997294,False
SHORT,8,Body_Size:lo,11,0.13095238095238096,88,0.13858267716535433,0.9449404761904763,1.0,False
SHORT,8,D2D_ATR:hi,69,0.8214285714285714,315,0.49606299212598426,1.6558956916099772,9.726183283437565e-09,True
SHORT,8,D2D_ATR:lo,0,0.0,18,0.028346456692913385,0.0,0.2521381801054463,False
SHORT,8,D2D_ATR_MA:hi,67,0.7976190476190477,321,0.5055118110236221,1.5778445334520101,3.187356973276436e-07,True
SHORT,8,D2D_ATR_MA:lo,0,0.0,16,0.025196850393700787,0.0,0.23942380823536344,False
SHORT,8,D2D_DirStep:==-1,68,0.8095238095238095,416,0.6551181102362205,1.2356913919413919,0.004266283667569929,False
SHORT,8,D2D_DirStep:==1,16,0.19047619047619047,219,0.34488188976377954,0.5522939769515112,0.004266283667569929,False
SHORT,8,D2D_Dn_Count:hi,0,0.0,7,0.011023622047244094,0.0,1.0,False
SHORT,8,D2D_Dn_Count:lo,0,0.0,0,0.0,inf,1.0,False
SHORT,8,D2D_Dynamic_Sensitivity:hi,0,0.0,0,0.0,inf,1.0,False
SHORT,8,D2D_Dynamic_Sensitivity:lo,5,0.05952380952380952,24,0.03779527559055118,1.5749007936507935,0.3695848671252638,False
SHORT,8,D2D_Persist:hi,0,0.0,14,0.02204724409448819,0.0,0.39077195556794786,False
SHORT,8,D2D_Persist:lo,50,0.5952380952380952,295,0.4645669291338583,1.281275221953188,0.02721236103867016,False
SHORT,8,D2D_Signal:==-1,0,0.0,0,0.0,inf,1.0,False
SHORT,8,D2D_Signal:==0,83,0.9880952380952381,617,0.9716535433070866,1.0169213552519873,0.714232239598719,False
SHORT,8,D2D_Signal:==1,1,0.011904761904761904,18,0.028346456692913385,0.41997354497354494,0.714232239598719,False
SHORT,8,D2D_Up_Count:hi,1,0.011904761904761904,18,0.028346456692913385,0.41997354497354494,0.714232239598719,False
SHORT,8,D2D_Up_Count:lo,0,0.0,0,0.0,inf,1.0,False
SHORT,8,DailyOpen_Dist_ATR:hi,10,0.11904761904761904,113,0.17795275590551182,0.6689844079224609,0.21750126369380438,False
SHORT,8,DailyOpen_Dist_ATR:lo,26,0.30952380952380953,188,0.29606299212598425,1.045466058763931,0.8003741830453208,False
SHORT,8,DailyOpen_Side:==-1,44,0.5238095238095238,306,0.4818897637795276,1.086990351696234,0.48777857125079727,False
SHORT,8,DailyOpen_Side:==0,0,0.0,0,0.0,inf,1.0,False
SHORT,8,DailyOpen_Side:==1,40,0.47619047619047616,329,0.5181102362204725,0.9190910406715876,0.48777857125079727,False
SHORT,8,Dist_To_PoC_ATR:hi,11,0.13095238095238096,97,0.15275590551181104,0.8572655866470299,0.7451322650994069,False
SHORT,8,Dist_To_PoC_ATR:lo,33,0.39285714285714285,184,0.28976377952755905,1.3557841614906831,0.05825026154178345,False
SHORT,8,EMA_Oscillator:hi,0,0.0,33,0.05196850393700787,0.0,0.024579316799669952,False
SHORT,8,EMA_Oscillator:lo,67,0.7976190476190477,356,0.5606299212598426,1.4227193686463349,2.845401079931591e-05,True
SHORT,8,Efficiency_Ratio:hi,23,0.27380952380952384,130,0.2047244094488189,1.3374542124542126,0.15645582356284815,False
SHORT,8,Efficiency_Ratio:lo,11,0.13095238095238096,132,0.2078740157480315,0.6299603174603176,0.1099452745218505,False
SHORT,8,Harmonic_D2D_Concordance:==0,33,0.39285714285714285,364,0.573228346456693,0.6853414442700156,0.002273189267263366,False
SHORT,8,Harmonic_D2D_Concordance:==1,51,0.6071428571428571,271,0.4267716535433071,1.4226410121244069,0.002273189267263366,False
SHORT,8,Harmonic_LLEMA:hi,1,0.011904761904761904,51,0.08031496062992126,0.14822595704948646,0.022105520087217303,False
SHORT,8,Harmonic_LLEMA:lo,46,0.5476190476190477,214,0.33700787401574805,1.6249443702714732,0.00025394693455385527,True
SHORT,8,Harmonic_OBVf_Concordance:==0,36,0.42857142857142855,379,0.5968503937007874,0.7180550320392008,0.004575195647979124,False
SHORT,8,Harmonic_OBVf_Concordance:==1,48,0.5714285714285714,256,0.4031496062992126,1.4174107142857142,0.004575195647979124,False
SHORT,8,KAMA_Dist:hi,3,0.03571428571428571,75,0.11811023622047244,0.30238095238095236,0.023284105707615563,False
SHORT,8,KAMA_Dist:lo,58,0.6904761904761905,268,0.4220472440944882,1.6360163468372424,4.006110046039659e-06,True
SHORT,8,KAMA_Dist_ATR:hi,1,0.011904761904761904,32,0.050393700787401574,0.23623511904761904,0.1622072460226845,False
SHORT,8,KAMA_Dist_ATR:lo,36,0.42857142857142855,215,0.33858267716535434,1.26578073089701,0.11380112930675083,False
SHORT,8,KAMA_Slope:hi,2,0.023809523809523808,63,0.09921259842519685,0.23998488284202568,0.023731603187106716,False
SHORT,8,KAMA_Slope:lo,52,0.6190476190476191,216,0.3401574803149606,1.8198853615520283,1.8015712230373257e-06,True
SHORT,8,Lower_Wick:hi,44,0.5238095238095238,222,0.34960629921259845,1.4982839982839982,0.0025229453921113533,False
SHORT,8,Lower_Wick:lo,10,0.11904761904761904,72,0.11338582677165354,1.0499338624338623,0.8555083067631892,False
SHORT,8,Micro_Amihud:hi,17,0.20238095238095238,119,0.18740157480314962,1.0799319727891157,0.7669672460432388,False
SHORT,8,Micro_Amihud:lo,26,0.30952380952380953,135,0.2125984251968504,1.4559082892416226,0.05135396922378731,False
SHORT,8,Micro_AutoCorr:hi,30,0.35714285714285715,155,0.2440944881889764,1.4631336405529953,0.03304514691820008,False
SHORT,8,Micro_AutoCorr:lo,13,0.15476190476190477,87,0.13700787401574804,1.129584017515052,0.6176693995339466,False
SHORT,8,Micro_BarEntropy:hi,18,0.21428571428571427,149,0.2346456692913386,0.9132310642377756,0.7836210717140337,False
SHORT,8,Micro_BarEntropy:lo,16,0.19047619047619047,103,0.16220472440944883,1.1742949607027275,0.5320901915326713,False
SHORT,8,Micro_BarOverlap:hi,13,0.15476190476190477,134,0.2110236220472441,0.7333866382373846,0.25261286461184446,False
SHORT,8,Micro_BarOverlap:lo,19,0.2261904761904762,114,0.1795275590551181,1.2599206349206349,0.2974339940466613,False
SHORT,8,Micro_CSSpread:hi,26,0.30952380952380953,171,0.2692913385826772,1.1494012809802283,0.436855280887293,False
SHORT,8,Micro_CSSpread:lo,11,0.13095238095238096,86,0.13543307086614173,0.9669158361018827,1.0,False
SHORT,8,Micro_Entropy:hi,15,0.17857142857142858,92,0.14488188976377953,1.232531055900621,0.4157012012056212,False
SHORT,8,Micro_Entropy:lo,16,0.19047619047619047,105,0.16535433070866143,1.1519274376417232,0.5375527341369293,False
SHORT,8,Micro_FailedBreak:hi,18,0.21428571428571427,136,0.2141732283464567,1.0005252100840336,1.0,False
SHORT,8,Micro_FailedBreak:lo,19,0.2261904761904762,114,0.1795275590551181,1.2599206349206349,0.2974339940466613,False
SHORT,8,Micro_FractalDim:hi,26,0.30952380952380953,191,0.30078740157480316,1.0290451259037647,0.8995322445510314,False
SHORT,8,Micro_FractalDim:lo,7,0.08333333333333333,76,0.11968503937007874,0.6962719298245613,0.4659929026450652,False
SHORT,8,Micro_GarmanKlass:hi,57,0.6785714285714286,269,0.42362204724409447,1.6018321826872015,1.2503809811170814e-05,True
SHORT,8,Micro_GarmanKlass:lo,1,0.011904761904761904,54,0.08503937007874016,0.13999118165784832,0.014284703574986343,False
SHORT,8,Micro_HLAsymmetry:hi,29,0.34523809523809523,180,0.28346456692913385,1.2179232804232805,0.2510970859437222,False
SHORT,8,Micro_HLAsymmetry:lo,30,0.35714285714285715,147,0.231496062992126,1.542759961127308,0.015127045350777912,False
SHORT,8,Micro_Hurst:hi,21,0.25,117,0.18425196850393702,1.3568376068376067,0.18335969681837633,False
SHORT,8,Micro_Hurst:lo,13,0.15476190476190477,133,0.2094488188976378,0.7389008234872897,0.31179744124434783,False
SHORT,8,Micro_IBSP:hi,13,0.15476190476190477,137,0.215748031496063,0.717327076816128,0.25234381593037236,False
SHORT,8,Micro_IBSP:lo,16,0.19047619047619047,106,0.16692913385826771,1.1410601976639712,0.6422819125532637,False
SHORT,8,Micro_Lambda:hi,17,0.20238095238095238,112,0.1763779527559055,1.1474277210884354,0.5468590410139194,False
SHORT,8,Micro_Lambda:lo,20,0.23809523809523808,135,0.2125984251968504,1.1199294532627864,0.5746480760380606,False
SHORT,8,Micro_LogReturn:hi,23,0.27380952380952384,185,0.29133858267716534,0.93983268983269,0.798791062772246,False
SHORT,8,Micro_LogReturn:lo,29,0.34523809523809523,148,0.23307086614173228,1.4812580437580438,0.0307194668997057,False
SHORT,8,Micro_MicroGap:hi,7,0.08333333333333333,89,0.14015748031496064,0.5945692883895131,0.17383567268519093,False
SHORT,8,Micro_MicroGap:lo,18,0.21428571428571427,70,0.11023622047244094,1.943877551020408,0.011835214868056932,False
SHORT,8,Micro_MomoTransfer:hi,16,0.19047619047619047,119,0.18740157480314962,1.0164065626250498,1.0,False
SHORT,8,Micro_MomoTransfer:lo,15,0.17857142857142858,131,0.2062992125984252,0.8655943293347873,0.6652134245886319,False
SHORT,8,Micro_OrderFlowDelta:hi,22,0.2619047619047619,203,0.31968503937007875,0.8192587379779498,0.31778221829131537,False
SHORT,8,Micro_OrderFlowDelta:lo,31,0.36904761904761907,155,0.2440944881889764,1.5119047619047619,0.016991428778059293,False
SHORT,8,Micro_PriceAccel:hi,24,0.2857142857142857,172,0.27086614173228346,1.0548172757475083,0.7946853014854991,False
SHORT,8,Micro_PriceAccel:lo,27,0.32142857142857145,157,0.247244094488189,1.3000454959053687,0.1452772440543333,False
SHORT,8,Micro_RangeAccel:hi,28,0.3333333333333333,163,0.2566929133858268,1.2985685071574642,0.14837636033775242,False
SHORT,8,Micro_RangeAccel:lo,17,0.20238095238095238,168,0.26456692913385826,0.764951814058957,0.23526722972578107,False
SHORT,8,Micro_RangeVelocity:hi,23,0.27380952380952384,161,0.25354330708661416,1.079931972789116,0.6908588875960544,False
SHORT,8,Micro_RangeVelocity:lo,22,0.2619047619047619,170,0.2677165354330709,0.9782913165266106,1.0,False
SHORT,8,Micro_Rejection:hi,17,0.20238095238095238,123,0.19370078740157481,1.0448122338366241,0.8834630299694674,False
SHORT,8,Micro_Rejection:lo,13,0.15476190476190477,108,0.1700787401574803,0.9099426807760141,0.8766631569747299,False
SHORT,8,Micro_RollProxy:hi,33,0.39285714285714285,175,0.2755905511811024,1.4255102040816325,0.029652519762157634,False
SHORT,8,Micro_RollProxy:lo,25,0.2976190476190476,181,0.28503937007874014,1.0441331228624047,0.798460306597494,False
SHORT,8,Micro_ThrustEff:hi,13,0.15476190476190477,140,0.2204724409448819,0.7019557823129252,0.20168924102139532,False
SHORT,8,Micro_ThrustEff:lo,9,0.10714285714285714,99,0.15590551181102363,0.6872294372294372,0.32835814246351114,False
SHORT,8,Micro_TickIntensity:hi,15,0.17857142857142858,121,0.19055118110236222,0.9371310507674143,0.8827180382913375,False
SHORT,8,Micro_TickIntensity:lo,18,0.21428571428571427,140,0.2204724409448819,0.971938775510204,1.0,False
SHORT,8,Micro_VPIN:hi,15,0.17857142857142858,136,0.2141732283464567,0.8337710084033614,0.568413172649876,False
SHORT,8,Micro_VPIN:lo,24,0.2857142857142857,116,0.1826771653543307,1.564039408866995,0.038912287692261086,False
SHORT,8,Micro_VolAccel:hi,20,0.23809523809523808,129,0.2031496062992126,1.1720191952750092,0.4743687169551679,False
SHORT,8,Micro_VolAccel:lo,21,0.25,153,0.2409448818897638,1.037581699346405,0.8922519956626688,False
SHORT,8,Micro_VolOfVol:hi,37,0.44047619047619047,207,0.32598425196850395,1.3512192316540141,0.049158356628336994,False
SHORT,8,Micro_VolOfVol:lo,9,0.10714285714285714,83,0.13070866141732285,0.8197074010327021,0.7276404022935099,False
SHORT,8,Micro_WickImbalance:hi,27,0.32142857142857145,205,0.3228346456692913,0.995644599303136,1.0,False
SHORT,8,Micro_WickImbalance:lo,32,0.38095238095238093,178,0.2803149606299213,1.3590155163188868,0.07310291150371788,False
SHORT,8,Momentum_Value:hi,1,0.011904761904761904,40,0.06299212598425197,0.18898809523809523,0.07488522153286781,False
SHORT,8,Momentum_Value:lo,69,0.8214285714285714,390,0.6141732283464567,1.3374542124542124,0.00015340260195738362,True
SHORT,8,MultiDay_Position:hi,32,0.38095238095238093,196,0.30866141732283464,1.2342079689018464,0.2118476419611204,False
SHORT,8,MultiDay_Position:lo,27,0.32142857142857145,198,0.31181102362204727,1.030844155844156,0.9004760016817718,False
SHORT,8,MultiDay_Slope:hi,25,0.2976190476190476,150,0.23622047244094488,1.2599206349206349,0.2246784064848194,False
SHORT,8,MultiDay_Slope:lo,13,0.15476190476190477,154,0.24251968503937008,0.6381416202844774,0.07534523819672985,False
SHORT,8,OBV_Macd:hi,14,0.16666666666666666,129,0.2031496062992126,0.8204134366925063,0.4710482916137637,False
SHORT,8,OBV_Macd:lo,32,0.38095238095238093,136,0.2141732283464567,1.7787114845938374,0.0014133211157768264,True
SHORT,8,OBV_Velocity:hi,7,0.08333333333333333,68,0.10708661417322834,0.7781862745098039,0.703221203751854,False
SHORT,8,OBV_Velocity:lo,31,0.36904761904761907,171,0.2692913385826772,1.3704399888610415,0.06985281578357787,False
SHORT,8,OBVf_DirStepCount:hi,15,0.17857142857142858,100,0.15748031496062992,1.1339285714285714,0.6348572825400474,False
SHORT,8,OBVf_DirStepCount:lo,11,0.13095238095238096,94,0.14803149606299212,0.8846251266464032,0.7452259632760964,False
SHORT,8,OBVf_Signal:==-1,72,0.8571428571428571,491,0.7732283464566929,1.1085248763456501,0.09087111068851796,False
SHORT,8,OBVf_Signal:==1,12,0.14285714285714285,144,0.22677165354330708,0.6299603174603174,0.09087111068851796,False
SHORT,8,OBVf_Trend_Dir:==-1,72,0.8571428571428571,491,0.7732283464566929,1.1085248763456501,0.09087111068851796,False
SHORT,8,OBVf_Trend_Dir:==1,12,0.14285714285714285,144,0.22677165354330708,0.6299603174603174,0.09087111068851796,False
SHORT,8,OR_High_Dist_ATR:hi,13,0.15476190476190477,139,0.2188976377952756,0.7070058239122987,0.20182123526685597,False
SHORT,8,OR_High_Dist_ATR:lo,0,0.0,0,0.0,inf,1.0,False
SHORT,8,OR_High_Side:==-1,45,0.5357142857142857,259,0.4078740157480315,1.313430777716492,0.03390744914039763,False
SHORT,8,OR_High_Side:==0,27,0.32142857142857145,243,0.3826771653543307,0.83994708994709,0.33750459840771585,False
SHORT,8,OR_High_Side:==1,12,0.14285714285714285,133,0.2094488188976378,0.6820622986036519,0.19221905669789985,False
SHORT,8,OR_Low_Dist_ATR:hi,12,0.14285714285714285,118,0.1858267716535433,0.7687651331719128,0.3698489120438272,False
SHORT,8,OR_Low_Dist_ATR:lo,0,0.0,0,0.0,inf,1.0,False
SHORT,8,OR_Low_Side:==-1,27,0.32142857142857145,138,0.2173228346456693,1.4790372670807455,0.038385861652978255,False
SHORT,8,OR_Low_Side:==0,27,0.32142857142857145,243,0.3826771653543307,0.83994708994709,0.33750459840771585,False
SHORT,8,OR_Low_Side:==1,30,0.35714285714285715,254,0.4,0.8928571428571428,0.4781393896488315,False
SHORT,8,OR_Position:hi,14,0.16666666666666666,151,0.2377952755905512,0.7008830022075054,0.16791453884732607,False
SHORT,8,OR_Position:lo,30,0.35714285714285715,167,0.262992125984252,1.3579982891360136,0.08976879878473787,False
SHORT,8,PoC_Side:==-1,12,0.14285714285714285,58,0.09133858267716535,1.564039408866995,0.167122793759738,False
SHORT,8,PoC_Side:==0,2,0.023809523809523808,13,0.02047244094488189,1.1630036630036629,0.6913690589460579,False
SHORT,8,PoC_Side:==1,70,0.8333333333333334,564,0.8881889763779528,0.9382387706855791,0.15065497661775024,False
SHORT,8,PrevDay_Close_Dist_ATR:hi,9,0.10714285714285714,130,0.2047244094488189,0.5233516483516484,0.038573690769460635,False
SHORT,8,PrevDay_Close_Dist_ATR:lo,24,0.2857142857142857,177,0.27874015748031494,1.0250201775625505,0.8974398202999301,False
SHORT,8,PrevDay_Close_Side:==-1,46,0.5476190476190477,334,0.525984251968504,1.0411320216709439,0.7285816592526373,False
SHORT,8,PrevDay_Close_Side:==0,0,0.0,0,0.0,inf,1.0,False
SHORT,8,PrevDay_Close_Side:==1,38,0.4523809523809524,301,0.47401574803149604,0.954358487581079,0.7285816592526373,False
SHORT,8,PrevDay_High_Dist_ATR:hi,9,0.10714285714285714,110,0.1732283464566929,0.6185064935064934,0.15882287979425036,False
SHORT,8,PrevDay_High_Dist_ATR:lo,35,0.4166666666666667,183,0.28818897637795277,1.4458105646630237,0.02241037906008518,False
SHORT,8,PrevDay_High_Side:==-1,56,0.6666666666666666,470,0.7401574803149606,0.900709219858156,0.15219168909880426,False
SHORT,8,PrevDay_High_Side:==0,0,0.0,0,0.0,inf,1.0,False
SHORT,8,PrevDay_High_Side:==1,28,0.3333333333333333,165,0.25984251968503935,1.2828282828282829,0.15219168909880426,False
SHORT,8,PrevDay_Low_Dist_ATR:hi,14,0.16666666666666666,115,0.18110236220472442,0.9202898550724636,0.8798269848204388,False
SHORT,8,PrevDay_Low_Dist_ATR:lo,26,0.30952380952380953,214,0.33700787401574805,0.9184468179795282,0.7120703923692454,False
SHORT,8,PrevDay_Low_Side:==-1,18,0.21428571428571427,155,0.2440944881889764,0.8778801843317972,0.5898666450453911,False
SHORT,8,PrevDay_Low_Side:==0,0,0.0,0,0.0,inf,1.0,False
SHORT,8,PrevDay_Low_Side:==1,66,0.7857142857142857,480,0.7559055118110236,1.0394345238095237,0.5898666450453911,False
SHORT,8,RangeOsc_State:==-1,56,0.6666666666666666,271,0.4267716535433071,1.5621156211562115,3.8266777114840735e-05,True
SHORT,8,RangeOsc_State:==-2,8,0.09523809523809523,102,0.16062992125984252,0.5929038281979458,0.14590433318605095,False
SHORT,8,RangeOsc_State:==1,7,0.08333333333333333,143,0.2251968503937008,0.37004662004662003,0.0015798763753304729,True
SHORT,8,RangeOsc_State:==2,13,0.15476190476190477,119,0.18740157480314962,0.8258303321328532,0.549754747171729,False
SHORT,8,RangeOsc_Val:hi,3,0.03571428571428571,72,0.11338582677165354,0.3149801587301587,0.03425403709603587,False
SHORT,8,RangeOsc_Val:lo,45,0.5357142857142857,179,0.28188976377952757,1.9004389465283318,7.741865608319629e-06,True
SHORT,8,Round_1000_Dist_ATR:hi,5,0.05952380952380952,81,0.12755905511811025,0.4666372721928277,0.07462861072797633,False
SHORT,8,Round_1000_Dist_ATR:lo,33,0.39285714285714285,212,0.33385826771653543,1.1767183288409704,0.3270447161359026,False
SHORT,8,Round_100_Dist_ATR:hi,5,0.05952380952380952,53,0.08346456692913386,0.713162623539982,0.6684212655361299,False
SHORT,8,Round_100_Dist_ATR:lo,26,0.30952380952380953,190,0.2992125984251969,1.0344611528822054,0.8992944954722506,False
SHORT,8,Round_500_Dist_ATR:hi,6,0.07142857142857142,79,0.12440944881889764,0.5741410488245932,0.20698629801575297,False
SHORT,8,Round_500_Dist_ATR:lo,40,0.47619047619047616,184,0.28976377952755905,1.6433747412008282,0.0009976187495013427,True
SHORT,8,ST_Flip_Event:==-1,0,0.0,7,0.011023622047244094,0.0,1.0,False
SHORT,8,ST_Flip_Event:==0,82,0.9761904761904762,608,0.9574803149606299,1.0195410401002507,0.5630964295938219,False
SHORT,8,ST_Flip_Event:==1,2,0.023809523809523808,20,0.031496062992125984,0.7559523809523809,1.0,False
SHORT,8,Session_High_Dist_ATR:hi,6,0.07142857142857142,96,0.15118110236220472,0.4724702380952381,0.04699322773386978,False
SHORT,8,Session_High_Dist_ATR:lo,17,0.20238095238095238,116,0.1826771653543307,1.1078612479474548,0.6548780589583068,False
SHORT,8,Session_High_Side:==-1,84,1.0,633,0.9968503937007874,1.0031595576619272,1.0,False
SHORT,8,Session_High_Side:==0,0,0.0,2,0.0031496062992125984,0.0,1.0,False
SHORT,8,Session_Low_Dist_ATR:hi,8,0.09523809523809523,91,0.14330708661417324,0.6645735217163787,0.3108452783068093,False
SHORT,8,Session_Low_Dist_ATR:lo,38,0.4523809523809524,192,0.30236220472440944,1.496155753968254,0.008564065216282264,False
SHORT,8,Session_Low_Side:==0,1,0.011904761904761904,1,0.0015748031496062992,7.559523809523809,0.22015256410753098,False
SHORT,8,Session_Low_Side:==1,83,0.9880952380952381,634,0.9984251968503937,0.9896537479345051,0.22015256410753098,False
SHORT,8,Slope_Accel_LT:hi,2,0.023809523809523808,27,0.04251968503937008,0.5599647266313933,0.5630964295938219,False
SHORT,8,Slope_Accel_LT:lo,35,0.4166666666666667,126,0.1984251968503937,2.099867724867725,2.199649111308116e-05,True
SHORT,8,Slope_Accel_ST:hi,29,0.34523809523809523,181,0.28503937007874014,1.2111944225203894,0.2531587179108416,False
SHORT,8,Slope_Accel_ST:lo,28,0.3333333333333333,153,0.2409448818897638,1.3834422657952068,0.08132452676382408,False
SHORT,8,Slope_EMA_LT:hi,31,0.36904761904761907,200,0.31496062992125984,1.1717261904761906,0.32209194390790086,False
SHORT,8,Slope_EMA_LT:lo,16,0.19047619047619047,141,0.2220472440944882,0.8578183046268152,0.5757276750295935,False
SHORT,8,Slope_EMA_ST:hi,1,0.011904761904761904,30,0.047244094488188976,0.251984126984127,0.24511488419780952,False
SHORT,8,Slope_EMA_ST:lo,69,0.8214285714285714,409,0.6440944881889764,1.275323087670276,0.0008771131349513586,True
SHORT,8,Sqz_State:==-1,66,0.7857142857142857,479,0.7543307086614173,1.0416045332538026,0.5892823295912417,False
SHORT,8,Sqz_State:==1,18,0.21428571428571427,156,0.24566929133858267,0.8722527472527473,0.5892823295912417,False
SHORT,8,Sqz_Val:hi,4,0.047619047619047616,50,0.07874015748031496,0.6047619047619047,0.38381755340061685,False
SHORT,8,Sqz_Val:lo,65,0.7738095238095238,378,0.5952755905511811,1.299918115394306,0.0017662524687986397,True
SHORT,8,TChan_A15:hi,25,0.2976190476190476,170,0.2677165354330709,1.1116946778711483,0.6016283285286941,False
SHORT,8,TChan_A15:lo,5,0.05952380952380952,70,0.11023622047244094,0.5399659863945578,0.18495734296112082,False
SHORT,8,Trend_Concordance:==0,10,0.11904761904761904,124,0.1952755905511811,0.6096390168970814,0.10167093370567344,False
SHORT,8,Trend_Concordance:==1,74,0.8809523809523809,511,0.8047244094488188,1.0947255614574598,0.10167093370567344,False
SHORT,8,Trend_Conflict:==0,74,0.8809523809523809,511,0.8047244094488188,1.0947255614574598,0.10167093370567344,False
SHORT,8,Trend_Conflict:==1,10,0.11904761904761904,124,0.1952755905511811,0.6096390168970814,0.10167093370567344,False
SHORT,8,Upper_Wick:hi,38,0.4523809523809524,215,0.33858267716535434,1.3361018826135105,0.05119994687196826,False
SHORT,8,Upper_Wick:lo,12,0.14285714285714285,71,0.11181102362204724,1.2776659959758552,0.36903340697655085,False
SHORT,8,VAH_Dist_ATR:hi,11,0.13095238095238096,102,0.16062992125984252,0.8152427637721756,0.6318324465804981,False
SHORT,8,VAH_Dist_ATR:lo,36,0.42857142857142855,189,0.29763779527559053,1.439909297052154,0.01743888485841716,False
SHORT,8,VAH_Side:==-1,15,0.17857142857142858,83,0.13070866141732285,1.3661790017211703,0.23669463596105425,False
SHORT,8,VAH_Side:==0,2,0.023809523809523808,12,0.01889763779527559,1.2599206349206349,0.6735061748979196,False
SHORT,8,VAH_Side:==1,67,0.7976190476190477,540,0.8503937007874016,0.9379409171075838,0.20356813455408407,False
SHORT,8,VAL_Dist_ATR:hi,11,0.13095238095238096,99,0.15590551181102363,0.8399470899470899,0.6307914068363185,False
SHORT,8,VAL_Dist_ATR:lo,35,0.4166666666666667,186,0.2929133858267717,1.4224910394265233,0.023717017741031018,False
SHORT,8,VAL_Side:==-1,3,0.03571428571428571,11,0.01732283464566929,2.061688311688312,0.21808559569252778,False
SHORT,8,VAL_Side:==0,6,0.07142857142857142,5,0.007874015748031496,9.071428571428571,0.0006114632351876943,True
SHORT,8,VAL_Side:==1,75,0.8928571428571429,619,0.9748031496062992,0.9159358412185553,0.0011287587110101241,True
SHORT,8,VA_Position:hi,18,0.21428571428571427,147,0.231496062992126,0.9256559766763848,0.7838885047467439,False
SHORT,8,VA_Position:lo,29,0.34523809523809523,152,0.23937007874015748,1.4422775689223057,0.044245505096711546,False
SHORT,8,VWAP_Dist_ATR:hi,13,0.15476190476190477,111,0.17480314960629922,0.8853496353496353,0.7591125714577094,False
SHORT,8,VWAP_Dist_ATR:lo,23,0.27380952380952384,187,0.29448818897637796,0.9297810033104151,0.7986225841221882,False
SHORT,8,VWAP_Side:==-1,45,0.5357142857142857,302,0.4755905511811024,1.1264191106906338,0.3527634407563439,False
SHORT,8,VWAP_Side:==0,0,0.0,0,0.0,inf,1.0,False
SHORT,8,VWAP_Side:==1,39,0.4642857142857143,333,0.5244094488188976,0.8853496353496354,0.3527634407563439,False
SHORT,8,VWAP_Sigma:hi,23,0.27380952380952384,173,0.27244094488188975,1.005023396641894,1.0,False
SHORT,8,VWAP_Sigma:lo,13,0.15476190476190477,109,0.17165354330708663,0.9015945827872434,0.7595596140800566,False
SHORT,8,VWAP_Sigma_ATR:hi,9,0.10714285714285714,95,0.14960629921259844,0.7161654135338344,0.4081698104670168,False
SHORT,8,VWAP_Sigma_ATR:lo,49,0.5833333333333334,200,0.31496062992125984,1.8520833333333335,2.501706227611627e-06,True
SHORT,8,VWAP_Z:hi,2,0.023809523809523808,28,0.04409448818897638,0.5399659863945578,0.5635662872732929,False
SHORT,8,VWAP_Z:lo,20,0.23809523809523808,61,0.09606299212598425,2.4785323965651833,0.00039104465638623395,True
SHORT,8,Volume:hi,55,0.6547619047619048,272,0.4283464566929134,1.528580182072829,0.00010529884932553601,True
SHORT,8,Volume:lo,4,0.047619047619047616,70,0.11023622047244094,0.43197278911564624,0.08541335919767108,False
SHORT,8,Volume_Avg_10:hi,60,0.7142857142857143,304,0.47874015748031495,1.4920112781954888,6.460841592432714e-05,True
SHORT,8,Volume_Avg_10:lo,1,0.011904761904761904,37,0.05826771653543307,0.2043114543114543,0.11304640618624892,False
SHORT,8,Volume_Ratio_10:hi,5,0.05952380952380952,48,0.07559055118110236,0.7874503968253967,0.8236615484655083,False
SHORT,8,Volume_Ratio_10:lo,23,0.27380952380952384,198,0.31181102362204727,0.8781265031265032,0.5305725403882665,False
SHORT,8,WeeklyOpen_Dist_ATR:hi,16,0.19047619047619047,120,0.1889763779527559,1.007936507936508,1.0,False
SHORT,8,WeeklyOpen_Dist_ATR:lo,33,0.39285714285714285,205,0.3228346456692913,1.2168989547038327,0.21776894352370882,False
SHORT,8,WeeklyOpen_Side:==-1,29,0.34523809523809523,201,0.3165354330708661,1.0906775645581617,0.6193315241535728,False
SHORT,8,WeeklyOpen_Side:==0,0,0.0,0,0.0,inf,1.0,False
SHORT,8,WeeklyOpen_Side:==1,55,0.6547619047619048,434,0.6834645669291338,0.9580041694096995,0.6193315241535728,False
SHORT,9,ADX_Rising:==0,44,0.5238095238095238,342,0.5385826771653544,0.9725703146755779,0.8167093764273332,False
SHORT,9,ADX_Rising:==1,40,0.47619047619047616,293,0.46141732283464565,1.0320169023240695,0.8167093764273332,False
SHORT,9,ADX_Value:hi,38,0.4523809523809524,151,0.2377952755905512,1.902396720277515,6.268705114757635e-05,True
SHORT,9,ADX_Value:lo,9,0.10714285714285714,111,0.17480314960629922,0.6129343629343629,0.15962792849917534,False
SHORT,9,ATR_1M:hi,51,0.6071428571428571,252,0.3968503937007874,1.5299036281179137,0.00037069885980525963,True
SHORT,9,ATR_1M:lo,5,0.05952380952380952,72,0.11338582677165354,0.5249669312169312,0.1864335049664906,False
SHORT,9,AT_Lookback_LT:hi,22,0.2619047619047619,147,0.231496062992126,1.1313573048266925,0.5838657752611025,False
SHORT,9,AT_Lookback_LT:lo,0,0.0,0,0.0,inf,1.0,False
SHORT,9,AT_Lookback_ST:hi,7,0.08333333333333333,71,0.11181102362204724,0.7453051643192488,0.5749298553405284,False
SHORT,9,AT_Lookback_ST:lo,0,0.0,0,0.0,inf,1.0,False
SHORT,9,AT_Regime_LT:==0,46,0.5476190476190477,356,0.5606299212598426,0.9767924023542002,0.8164183593792336,False
SHORT,9,AT_Regime_LT:==1,38,0.4523809523809524,279,0.4393700787401575,1.0296125618706264,0.8164183593792336,False
SHORT,9,AT_Regime_ST:==0,9,0.10714285714285714,119,0.18740157480314962,0.5717286914765906,0.09353480808343398,False
SHORT,9,AT_Regime_ST:==1,75,0.8928571428571429,516,0.8125984251968504,1.0987679955703211,0.09353480808343398,False
SHORT,9,AT_Score_LT:hi,21,0.25,96,0.15118110236220472,1.6536458333333333,0.02718738676313187,False
SHORT,9,AT_Score_LT:lo,3,0.03571428571428571,39,0.06141732283464567,0.5815018315018314,0.4616333818316167,False
SHORT,9,AT_Score_ST:hi,1,0.011904761904761904,21,0.03307086614173228,0.3599773242630385,0.4988966305339195,False
SHORT,9,AT_Score_ST:lo,22,0.2619047619047619,141,0.2220472440944882,1.179500168861871,0.4076468070453527,False
SHORT,9,AT_Slope_LT:hi,26,0.30952380952380953,191,0.30078740157480316,1.0290451259037647,0.8995322445510314,False
SHORT,9,AT_Slope_LT:lo,22,0.2619047619047619,148,0.23307086614173228,1.1237129987129988,0.5850268106265917,False
SHORT,9,AT_Slope_ST:hi,1,0.011904761904761904,45,0.07086614173228346,0.167989417989418,0.032541673179123626,False
SHORT,9,AT_Slope_ST:lo,67,0.7976190476190477,359,0.5653543307086614,1.4108303488526333,3.020450981241878e-05,True
SHORT,9,Bar_Range:hi,53,0.6309523809523809,252,0.3968503937007874,1.5898998488284202,5.665778516650492e-05,True
SHORT,9,Bar_Range:lo,1,0.011904761904761904,54,0.08503937007874016,0.13999118165784832,0.014284703574986343,False
SHORT,9,Bars_Since_Flip:hi,9,0.10714285714285714,62,0.09763779527559055,1.0973502304147464,0.7015400714789164,False
SHORT,9,Bars_Since_Flip:lo,7,0.08333333333333333,99,0.15590551181102363,0.5345117845117845,0.09989529093888626,False
SHORT,9,Body_Size:hi,38,0.4523809523809524,193,0.30393700787401573,1.488403651616087,0.008696111525528868,False
SHORT,9,Body_Size:lo,11,0.13095238095238096,98,0.15433070866141732,0.8485179786200195,0.7458105840234713,False
SHORT,9,D2D_ATR:hi,66,0.7857142857142857,313,0.49291338582677163,1.5940209949794615,3.3667011961096277e-07,True
SHORT,9,D2D_ATR:lo,1,0.011904761904761904,22,0.03464566929133858,0.3436147186147186,0.5039671584224727,False
SHORT,9,D2D_ATR_MA:hi,66,0.7857142857142857,323,0.5086614173228347,1.544670499778859,1.1801013461667968e-06,True
SHORT,9,D2D_ATR_MA:lo,0,0.0,16,0.025196850393700787,0.0,0.23942380823536344,False
SHORT,9,D2D_DirStep:==-1,66,0.7857142857142857,398,0.6267716535433071,1.2535893754486718,0.004977432424570364,False
SHORT,9,D2D_DirStep:==1,18,0.21428571428571427,237,0.3732283464566929,0.5741410488245932,0.004977432424570364,False
SHORT,9,D2D_Dn_Count:hi,0,0.0,9,0.014173228346456693,0.0,0.608477365378256,False
SHORT,9,D2D_Dn_Count:lo,0,0.0,0,0.0,inf,1.0,False
SHORT,9,D2D_Dynamic_Sensitivity:hi,0,0.0,0,0.0,inf,1.0,False
SHORT,9,D2D_Dynamic_Sensitivity:lo,2,0.023809523809523808,22,0.03464566929133858,0.6872294372294372,1.0,False
SHORT,9,D2D_Persist:hi,0,0.0,21,0.03307086614173228,0.0,0.15757620227366148,False
SHORT,9,D2D_Persist:lo,48,0.5714285714285714,280,0.4409448818897638,1.2959183673469388,0.026810384303261808,False
SHORT,9,D2D_Signal:==-1,0,0.0,0,0.0,inf,1.0,False
SHORT,9,D2D_Signal:==0,83,0.9880952380952381,628,0.988976377952756,0.9991090385198665,1.0,False
SHORT,9,D2D_Signal:==1,1,0.011904761904761904,7,0.011023622047244094,1.0799319727891157,1.0,False
SHORT,9,D2D_Up_Count:hi,1,0.011904761904761904,7,0.011023622047244094,1.0799319727891157,1.0,False
SHORT,9,D2D_Up_Count:lo,0,0.0,0,0.0,inf,1.0,False
SHORT,9,DailyOpen_Dist_ATR:hi,10,0.11904761904761904,123,0.19370078740157481,0.6145954316686023,0.10221031717863137,False
SHORT,9,DailyOpen_Dist_ATR:lo,28,0.3333333333333333,183,0.28818897637795277,1.1566484517304187,0.4442307165742758,False
SHORT,9,DailyOpen_Side:==-1,45,0.5357142857142857,307,0.48346456692913387,1.1080735225686364,0.4165848646126762,False
SHORT,9,DailyOpen_Side:==0,0,0.0,0,0.0,inf,1.0,False
SHORT,9,DailyOpen_Side:==1,39,0.4642857142857143,328,0.5165354330708661,0.8988458188153311,0.4165848646126762,False
SHORT,9,Dist_To_PoC_ATR:hi,11,0.13095238095238096,104,0.16377952755905512,0.7995650183150184,0.5275140750740831,False
SHORT,9,Dist_To_PoC_ATR:lo,32,0.38095238095238093,180,0.28346456692913385,1.343915343915344,0.07462252970755087,False
SHORT,9,EMA_Oscillator:hi,0,0.0,40,0.06299212598425197,0.0,0.009828751485538821,False
SHORT,9,EMA_Oscillator:lo,63,0.75,338,0.5322834645669291,1.4090236686390534,0.00015842362594354015,True
SHORT,9,Efficiency_Ratio:hi,15,0.17857142857142858,120,0.1889763779527559,0.9449404761904763,0.8828784787314322,False
SHORT,9,Efficiency_Ratio:lo,21,0.25,143,0.2251968503937008,1.11013986013986,0.5830264825285113,False
SHORT,9,Harmonic_D2D_Concordance:==0,33,0.39285714285714285,371,0.584251968503937,0.6724104736234116,0.0010178325079877844,True
SHORT,9,Harmonic_D2D_Concordance:==1,51,0.6071428571428571,264,0.415748031496063,1.460362554112554,0.0010178325079877844,True
SHORT,9,Harmonic_LLEMA:hi,2,0.023809523809523808,51,0.08031496062992126,0.2964519140989729,0.07338994893901901,False
SHORT,9,Harmonic_LLEMA:lo,49,0.5833333333333334,202,0.31811023622047246,1.8337458745874586,4.420236373257526e-06,True
SHORT,9,Harmonic_OBVf_Concordance:==0,35,0.4166666666666667,388,0.6110236220472441,0.6819158075601375,0.000887933661673668,True
SHORT,9,Harmonic_OBVf_Concordance:==1,49,0.5833333333333334,247,0.3889763779527559,1.4996626180836707,0.000887933661673668,True
SHORT,9,KAMA_Dist:hi,3,0.03571428571428571,74,0.11653543307086614,0.30646718146718144,0.022993118316494546,False
SHORT,9,KAMA_Dist:lo,58,0.6904761904761905,277,0.43622047244094486,1.582860581055527,1.3049171819262827e-05,True
SHORT,9,KAMA_Dist_ATR:hi,2,0.023809523809523808,42,0.06614173228346457,0.3599773242630385,0.15078944511208825,False
SHORT,9,KAMA_Dist_ATR:lo,39,0.4642857142857143,212,0.33385826771653543,1.390667115902965,0.020808035632027364,False
SHORT,9,KAMA_Slope:hi,3,0.03571428571428571,61,0.09606299212598425,0.3717798594847775,0.06849080347897736,False
SHORT,9,KAMA_Slope:lo,52,0.6190476190476191,220,0.3464566929133858,1.7867965367965368,2.2002357485921398e-06,True
SHORT,9,Lower_Wick:hi,45,0.5357142857142857,200,0.31496062992125984,1.7008928571428572,0.00012068764271778575,True
SHORT,9,Lower_Wick:lo,11,0.13095238095238096,81,0.12755905511811025,1.026601998824221,0.8635290751173039,False
SHORT,9,Micro_Amihud:hi,13,0.15476190476190477,124,0.1952755905511811,0.7925307219662059,0.46001020974124135,False
SHORT,9,Micro_Amihud:lo,24,0.2857142857142857,138,0.2173228346456693,1.3146997929606625,0.16566417791520116,False
SHORT,9,Micro_AutoCorr:hi,20,0.23809523809523808,142,0.22362204724409449,1.0647216633132126,0.7814398560213518,False
SHORT,9,Micro_AutoCorr:lo,23,0.27380952380952384,137,0.215748031496063,1.2691171359054572,0.26349906368487175,False
SHORT,9,Micro_BarEntropy:hi,21,0.25,133,0.2094488188976378,1.193609022556391,0.3973242642941392,False
SHORT,9,Micro_BarEntropy:lo,17,0.20238095238095238,125,0.1968503937007874,1.028095238095238,0.8846346746463153,False
SHORT,9,Micro_BarOverlap:hi,22,0.2619047619047619,138,0.2173228346456693,1.2051414768806075,0.4019262415814887,False
SHORT,9,Micro_BarOverlap:lo,15,0.17857142857142858,104,0.16377952755905512,1.090315934065934,0.754742018566793,False
SHORT,9,Micro_CSSpread:hi,25,0.2976190476190476,163,0.2566929133858268,1.1594361671048787,0.42939676018487977,False
SHORT,9,Micro_CSSpread:lo,22,0.2619047619047619,104,0.16377952755905512,1.5991300366300367,0.032249420931173396,False
SHORT,9,Micro_Entropy:hi,15,0.17857142857142858,87,0.13700787401574804,1.303366174055829,0.3180055172181474,False
SHORT,9,Micro_Entropy:lo,14,0.16666666666666666,104,0.16377952755905512,1.017628205128205,1.0,False
SHORT,9,Micro_FailedBreak:hi,20,0.23809523809523808,127,0.2,1.1904761904761902,0.4712671125432489,False
SHORT,9,Micro_FailedBreak:lo,19,0.2261904761904762,131,0.2062992125984252,1.096419483824064,0.6692836516410854,False
SHORT,9,Micro_FractalDim:hi,19,0.2261904761904762,144,0.22677165354330708,0.9974371693121693,1.0,False
SHORT,9,Micro_FractalDim:lo,11,0.13095238095238096,126,0.1984251968503937,0.6599584278155707,0.1822845898029356,False
SHORT,9,Micro_GarmanKlass:hi,51,0.6071428571428571,267,0.4204724409448819,1.4439539860888173,0.0015078299854115443,True
SHORT,9,Micro_GarmanKlass:lo,2,0.023809523809523808,56,0.08818897637795275,0.2699829931972789,0.05159966189347506,False
SHORT,9,Micro_HLAsymmetry:hi,24,0.2857142857142857,185,0.29133858267716534,0.9806949806949807,1.0,False
SHORT,9,Micro_HLAsymmetry:lo,25,0.2976190476190476,150,0.23622047244094488,1.2599206349206349,0.2246784064848194,False
SHORT,9,Micro_Hurst:hi,19,0.2261904761904762,125,0.1968503937007874,1.149047619047619,0.5616728136581255,False
SHORT,9,Micro_Hurst:lo,16,0.19047619047619047,118,0.1858267716535433,1.0250201775625505,0.8823126742808595,False
SHORT,9,Micro_IBSP:hi,14,0.16666666666666666,106,0.16692913385826771,0.9984276729559748,1.0,False
SHORT,9,Micro_IBSP:lo,14,0.16666666666666666,125,0.1968503937007874,0.8466666666666666,0.5599049106560615,False
SHORT,9,Micro_Lambda:hi,17,0.20238095238095238,121,0.19055118110236222,1.062081857536403,0.7694863200245701,False
SHORT,9,Micro_Lambda:lo,16,0.19047619047619047,148,0.23307086614173228,0.8172458172458172,0.4888233226731079,False
SHORT,9,Micro_LogReturn:hi,27,0.32142857142857145,152,0.23937007874015748,1.34281015037594,0.10809304219445787,False
SHORT,9,Micro_LogReturn:lo,28,0.3333333333333333,167,0.262992125984252,1.2674650698602794,0.1916009795736835,False
SHORT,9,Micro_MicroGap:hi,11,0.13095238095238096,82,0.12913385826771653,1.014082462253194,1.0,False
SHORT,9,Micro_MicroGap:lo,10,0.11904761904761904,69,0.10866141732283464,1.095583160800552,0.7133419966131584,False
SHORT,9,Micro_MomoTransfer:hi,8,0.09523809523809523,120,0.1889763779527559,0.503968253968254,0.033785870543202666,False
SHORT,9,Micro_MomoTransfer:lo,18,0.21428571428571427,120,0.1889763779527559,1.1339285714285714,0.5579567170041971,False
SHORT,9,Micro_OrderFlowDelta:hi,28,0.3333333333333333,169,0.26614173228346455,1.252465483234714,0.1953074027984673,False
SHORT,9,Micro_OrderFlowDelta:lo,25,0.2976190476190476,179,0.28188976377952757,1.0557994147379621,0.7969962102989787,False
SHORT,9,Micro_PriceAccel:hi,30,0.35714285714285715,137,0.215748031496063,1.6553701772679874,0.00573436418810443,False
SHORT,9,Micro_PriceAccel:lo,22,0.2619047619047619,176,0.27716535433070866,0.9449404761904763,0.8966339287972548,False
SHORT,9,Micro_RangeAccel:hi,24,0.2857142857142857,165,0.25984251968503935,1.0995670995670996,0.5999743457694163,False
SHORT,9,Micro_RangeAccel:lo,24,0.2857142857142857,172,0.27086614173228346,1.0548172757475083,0.7946853014854991,False
SHORT,9,Micro_RangeVelocity:hi,21,0.25,162,0.2551181102362205,0.9799382716049382,1.0,False
SHORT,9,Micro_RangeVelocity:lo,26,0.30952380952380953,178,0.2803149606299213,1.1042001070090957,0.606896291855909,False
SHORT,9,Micro_Rejection:hi,17,0.20238095238095238,126,0.1984251968503937,1.0199357520786092,0.8854092449880782,False
SHORT,9,Micro_Rejection:lo,18,0.21428571428571427,128,0.2015748031496063,1.0630580357142856,0.7737926507326752,False
SHORT,9,Micro_RollProxy:hi,29,0.34523809523809523,177,0.27874015748031494,1.2385660478880818,0.20215921858875602,False
SHORT,9,Micro_RollProxy:lo,24,0.2857142857142857,169,0.26614173228346455,1.073541842772612,0.6957555800913182,False
SHORT,9,Micro_ThrustEff:hi,16,0.19047619047619047,135,0.2125984251968504,0.8959435626102292,0.7755831880089681,False
SHORT,9,Micro_ThrustEff:lo,19,0.2261904761904762,102,0.16062992125984252,1.4081465919701215,0.16097899272783472,False
SHORT,9,Micro_TickIntensity:hi,14,0.16666666666666666,127,0.2,0.8333333333333333,0.5592438249650111,False
SHORT,9,Micro_TickIntensity:lo,20,0.23809523809523808,134,0.2110236220472441,1.1282871357498223,0.5724790985979777,False
SHORT,9,Micro_VPIN:hi,15,0.17857142857142858,110,0.1732283464566929,1.030844155844156,0.8788636745866434,False
SHORT,9,Micro_VPIN:lo,28,0.3333333333333333,125,0.1968503937007874,1.6933333333333331,0.006598241944979211,False
SHORT,9,Micro_VolAccel:hi,12,0.14285714285714285,145,0.2283464566929134,0.6256157635467979,0.09094086422059988,False
SHORT,9,Micro_VolAccel:lo,23,0.27380952380952384,144,0.22677165354330708,1.2074239417989419,0.3378091445860548,False
SHORT,9,Micro_VolOfVol:hi,32,0.38095238095238093,185,0.29133858267716534,1.3075933075933075,0.10066664246618422,False
SHORT,9,Micro_VolOfVol:lo,10,0.11904761904761904,94,0.14803149606299212,0.8042046605876393,0.6200983769634341,False
SHORT,9,Micro_WickImbalance:hi,25,0.2976190476190476,202,0.31811023622047246,0.9355846298915605,0.8029136947083748,False
SHORT,9,Micro_WickImbalance:lo,32,0.38095238095238093,176,0.27716535433070866,1.3744588744588744,0.05491840697021648,False
SHORT,9,Momentum_Value:hi,2,0.023809523809523808,47,0.07401574803149606,0.32168186423505574,0.10553392495993444,False
SHORT,9,Momentum_Value:lo,67,0.7976190476190477,381,0.6,1.3293650793650795,0.00045101510181951785,True
SHORT,9,MultiDay_Position:hi,32,0.38095238095238093,199,0.31338582677165355,1.215601818616894,0.21588539859348146,False
SHORT,9,MultiDay_Position:lo,27,0.32142857142857145,197,0.3102362204724409,1.0360768672951415,0.9002938067191756,False
SHORT,9,MultiDay_Slope:hi,27,0.32142857142857145,153,0.2409448818897638,1.3340336134453783,0.13957729687028658,False
SHORT,9,MultiDay_Slope:lo,14,0.16666666666666666,154,0.24251968503937008,0.6872294372294372,0.13287945676522742,False
SHORT,9,OBV_Macd:hi,15,0.17857142857142858,129,0.2031496062992126,0.8790143964562569,0.6652901617715767,False
SHORT,9,OBV_Macd:lo,31,0.36904761904761907,143,0.2251968503937008,1.6387778887778888,0.00628857733562122,False
SHORT,9,OBV_Velocity:hi,5,0.05952380952380952,65,0.10236220472440945,0.5815018315018314,0.24577344353047192,False
SHORT,9,OBV_Velocity:lo,22,0.2619047619047619,152,0.23937007874015748,1.0941416040100251,0.6844535778747656,False
SHORT,9,OBVf_DirStepCount:hi,18,0.21428571428571427,112,0.1763779527559055,1.214923469387755,0.4500722629757812,False
SHORT,9,OBVf_DirStepCount:lo,12,0.14285714285714285,104,0.16377952755905512,0.8722527472527473,0.7524891467337875,False
SHORT,9,OBVf_Signal:==-1,72,0.8571428571428571,483,0.7606299212598425,1.126885536823425,0.05244431137250587,False
SHORT,9,OBVf_Signal:==1,12,0.14285714285714285,152,0.23937007874015748,0.5968045112781954,0.05244431137250587,False
SHORT,9,OBVf_Trend_Dir:==-1,72,0.8571428571428571,483,0.7606299212598425,1.126885536823425,0.05244431137250587,False
SHORT,9,OBVf_Trend_Dir:==1,12,0.14285714285714285,152,0.23937007874015748,0.5968045112781954,0.05244431137250587,False
SHORT,9,OR_High_Dist_ATR:hi,13,0.15476190476190477,143,0.2251968503937008,0.6872294372294372,0.15995563798213688,False
SHORT,9,OR_High_Dist_ATR:lo,0,0.0,0,0.0,inf,1.0,False
SHORT,9,OR_High_Side:==-1,45,0.5357142857142857,255,0.4015748031496063,1.334033613445378,0.02484898449257214,False
SHORT,9,OR_High_Side:==0,27,0.32142857142857145,244,0.384251968503937,0.8365046838407495,0.28302049333155016,False
SHORT,9,OR_High_Side:==1,12,0.14285714285714285,136,0.2141732283464567,0.667016806722689,0.15119435812309767,False
SHORT,9,OR_Low_Dist_ATR:hi,14,0.16666666666666666,123,0.19370078740157481,0.8604336043360432,0.6578584772963378,False
SHORT,9,OR_Low_Dist_ATR:lo,0,0.0,0,0.0,inf,1.0,False
SHORT,9,OR_Low_Side:==-1,27,0.32142857142857145,139,0.2188976377952756,1.4683967112024667,0.03953131505723385,False
SHORT,9,OR_Low_Side:==0,27,0.32142857142857145,244,0.384251968503937,0.8365046838407495,0.28302049333155016,False
SHORT,9,OR_Low_Side:==1,30,0.35714285714285715,252,0.3968503937007874,0.8999433106575964,0.5525276721725791,False
SHORT,9,OR_Position:hi,15,0.17857142857142858,157,0.247244094488189,0.7222474977252047,0.1764337062944813,False
SHORT,9,OR_Position:lo,30,0.35714285714285715,162,0.2551181102362205,1.3999118165784832,0.05000345803322645,False
SHORT,9,PoC_Side:==-1,14,0.16666666666666666,52,0.08188976377952756,2.03525641025641,0.02440882551552479,False
SHORT,9,PoC_Side:==0,4,0.047619047619047616,14,0.02204724409448819,2.1598639455782314,0.14829780806966567,False
SHORT,9,PoC_Side:==1,66,0.7857142857142857,569,0.8960629921259843,0.8768516193823751,0.005965873323547517,False
SHORT,9,PrevDay_Close_Dist_ATR:hi,9,0.10714285714285714,133,0.2094488188976378,0.5115467239527389,0.02812727195672827,False
SHORT,9,PrevDay_Close_Dist_ATR:lo,25,0.2976190476190476,166,0.2614173228346457,1.1384825014343085,0.5113357396083168,False
SHORT,9,PrevDay_Close_Side:==-1,48,0.5714285714285714,336,0.5291338582677165,1.0799319727891157,0.4869434253488476,False
SHORT,9,PrevDay_Close_Side:==0,0,0.0,0,0.0,inf,1.0,False
SHORT,9,PrevDay_Close_Side:==1,36,0.42857142857142855,299,0.47086614173228347,0.9101767797419971,0.4869434253488476,False
SHORT,9,PrevDay_High_Dist_ATR:hi,10,0.11904761904761904,121,0.19055118110236222,0.6247540338449429,0.13227953190739272,False
SHORT,9,PrevDay_High_Dist_ATR:lo,32,0.38095238095238093,189,0.29763779527559053,1.2799193751574705,0.13141669572087122,False
SHORT,9,PrevDay_High_Side:==-1,56,0.6666666666666666,470,0.7401574803149606,0.900709219858156,0.15219168909880426,False
SHORT,9,PrevDay_High_Side:==0,0,0.0,0,0.0,inf,1.0,False
SHORT,9,PrevDay_High_Side:==1,28,0.3333333333333333,165,0.25984251968503935,1.2828282828282829,0.15219168909880426,False
SHORT,9,PrevDay_Low_Dist_ATR:hi,16,0.19047619047619047,120,0.1889763779527559,1.007936507936508,1.0,False
SHORT,9,PrevDay_Low_Dist_ATR:lo,24,0.2857142857142857,213,0.3354330708661417,0.85177733065057,0.3896974474385803,False
SHORT,9,PrevDay_Low_Side:==-1,18,0.21428571428571427,158,0.24881889763779527,0.8612115732368897,0.5892366469549745,False
SHORT,9,PrevDay_Low_Side:==0,0,0.0,0,0.0,inf,1.0,False
SHORT,9,PrevDay_Low_Side:==1,66,0.7857142857142857,477,0.7511811023622047,1.0459718478586404,0.5892366469549745,False
SHORT,9,RangeOsc_State:==-1,53,0.6309523809523809,278,0.4377952755905512,1.441204179513532,0.0010345631798711124,True
SHORT,9,RangeOsc_State:==-2,8,0.09523809523809523,100,0.15748031496062992,0.6047619047619047,0.14627484932590232,False
SHORT,9,RangeOsc_State:==1,7,0.08333333333333333,148,0.23307086614173228,0.35754504504504503,0.001041300724619079,True
SHORT,9,RangeOsc_State:==2,16,0.19047619047619047,109,0.17165354330708663,1.109654871122761,0.6475899746214058,False
SHORT,9,RangeOsc_Val:hi,4,0.047619047619047616,81,0.12755905511811025,0.37330981775426214,0.030711698054391876,False
SHORT,9,RangeOsc_Val:lo,44,0.5238095238095238,181,0.28503937007874014,1.8376742962378323,2.6564828367095463e-05,True
SHORT,9,Round_1000_Dist_ATR:hi,5,0.05952380952380952,90,0.14173228346456693,0.41997354497354494,0.038642413273648556,False
SHORT,9,Round_1000_Dist_ATR:lo,34,0.40476190476190477,194,0.30551181102362207,1.3248649975454099,0.08019708117776828,False
SHORT,9,Round_100_Dist_ATR:hi,3,0.03571428571428571,60,0.09448818897637795,0.37797619047619047,0.09741041258357022,False
SHORT,9,Round_100_Dist_ATR:lo,32,0.38095238095238093,170,0.2677165354330709,1.4229691876750699,0.0381881032021575,False
SHORT,9,Round_500_Dist_ATR:hi,9,0.10714285714285714,84,0.13228346456692913,0.8099489795918366,0.6063457859733588,False
SHORT,9,Round_500_Dist_ATR:lo,39,0.4642857142857143,185,0.29133858267716534,1.5936293436293438,0.002418283952424924,False
SHORT,9,ST_Flip_Event:==-1,0,0.0,4,0.006299212598425197,0.0,1.0,False
SHORT,9,ST_Flip_Event:==0,81,0.9642857142857143,607,0.9559055118110236,1.0087667686514474,1.0,False
SHORT,9,ST_Flip_Event:==1,3,0.03571428571428571,24,0.03779527559055118,0.9449404761904762,1.0,False
SHORT,9,Session_High_Dist_ATR:hi,8,0.09523809523809523,97,0.15275590551181104,0.6234658811978399,0.18953416335323434,False
SHORT,9,Session_High_Dist_ATR:lo,14,0.16666666666666666,114,0.1795275590551181,0.9283625730994152,0.879762738354157,False
SHORT,9,Session_High_Side:==-1,84,1.0,634,0.9984251968503937,1.001577287066246,1.0,False
SHORT,9,Session_High_Side:==0,0,0.0,1,0.0015748031496062992,0.0,1.0,False
SHORT,9,Session_Low_Dist_ATR:hi,8,0.09523809523809523,98,0.15433070866141732,0.6171039844509232,0.1896509887235624,False
SHORT,9,Session_Low_Dist_ATR:lo,36,0.42857142857142855,188,0.29606299212598425,1.4475683890577506,0.01701045194523247,False
SHORT,9,Session_Low_Side:==0,1,0.011904761904761904,1,0.0015748031496062992,7.559523809523809,0.22015256410753098,False
SHORT,9,Session_Low_Side:==1,83,0.9880952380952381,634,0.9984251968503937,0.9896537479345051,0.22015256410753098,False
SHORT,9,Slope_Accel_LT:hi,1,0.011904761904761904,29,0.04566929133858268,0.26067323481116583,0.24007083767714252,False
SHORT,9,Slope_Accel_LT:lo,35,0.4166666666666667,127,0.2,2.0833333333333335,3.8384234220751766e-05,True
SHORT,9,Slope_Accel_ST:hi,35,0.4166666666666667,235,0.3700787401574803,1.125886524822695,0.404402032969427,False
SHORT,9,Slope_Accel_ST:lo,19,0.2261904761904762,107,0.16850393700787403,1.342345349354695,0.22068986644915956,False
SHORT,9,Slope_EMA_LT:hi,30,0.35714285714285715,196,0.30866141732283464,1.157069970845481,0.3825909720471542,False
SHORT,9,Slope_EMA_LT:lo,17,0.20238095238095238,142,0.22362204724409449,0.9050134138162308,0.7797623810212488,False
SHORT,9,Slope_EMA_ST:hi,1,0.011904761904761904,34,0.05354330708661417,0.22233893557422968,0.10917681270832849,False
SHORT,9,Slope_EMA_ST:lo,68,0.8095238095238095,398,0.6267716535433071,1.2915769322804498,0.0009318390471858645,True
SHORT,9,Sqz_State:==-1,63,0.75,449,0.7070866141732284,1.0606904231625836,0.44462364131337406,False
SHORT,9,Sqz_State:==1,21,0.25,186,0.2929133858267717,0.8534946236559139,0.44462364131337406,False
SHORT,9,Sqz_Val:hi,5,0.05952380952380952,69,0.10866141732283464,0.547791580400276,0.18550674570148523,False
SHORT,9,Sqz_Val:lo,61,0.7261904761904762,336,0.5291338582677165,1.3724135487528344,0.0006546578269444141,True
SHORT,9,TChan_A15:hi,29,0.34523809523809523,176,0.27716535433070866,1.245603354978355,0.19999785985634416,False
SHORT,9,TChan_A15:lo,5,0.05952380952380952,70,0.11023622047244094,0.5399659863945578,0.18495734296112082,False
SHORT,9,Trend_Concordance:==0,9,0.10714285714285714,125,0.1968503937007874,0.5442857142857143,0.05209164034110711,False
SHORT,9,Trend_Concordance:==1,75,0.8928571428571429,510,0.8031496062992126,1.1116946778711485,0.05209164034110711,False
SHORT,9,Trend_Conflict:==0,75,0.8928571428571429,510,0.8031496062992126,1.1116946778711485,0.05209164034110711,False
SHORT,9,Trend_Conflict:==1,9,0.10714285714285714,125,0.1968503937007874,0.5442857142857143,0.05209164034110711,False
SHORT,9,Upper_Wick:hi,36,0.42857142857142855,209,0.3291338582677165,1.3021189336978811,0.0858856973143125,False
SHORT,9,Upper_Wick:lo,9,0.10714285714285714,89,0.14015748031496064,0.7644462279293739,0.49958582557889875,False
SHORT,9,VAH_Dist_ATR:hi,11,0.13095238095238096,108,0.1700787401574803,0.7699514991181658,0.43601422556879543,False
SHORT,9,VAH_Dist_ATR:lo,34,0.40476190476190477,185,0.29133858267716534,1.3893178893178895,0.042976758173542344,False
SHORT,9,VAH_Side:==-1,19,0.2261904761904762,89,0.14015748031496064,1.6138309256286782,0.049844959578324105,False
SHORT,9,VAH_Side:==0,3,0.03571428571428571,5,0.007874015748031496,4.535714285714286,0.05579168249888759,False
SHORT,9,VAH_Side:==1,62,0.7380952380952381,541,0.8519685039370078,0.8663409911099376,0.011160605970496498,False
SHORT,9,VAL_Dist_ATR:hi,11,0.13095238095238096,106,0.16692913385826771,0.7844788858939803,0.5287095839060718,False
SHORT,9,VAL_Dist_ATR:lo,37,0.44047619047619047,182,0.2866141732283465,1.5368262689691259,0.00535374757889316,False
SHORT,9,VAL_Side:==-1,3,0.03571428571428571,10,0.015748031496062992,2.267857142857143,0.18623915889986614,False
SHORT,9,VAL_Side:==0,4,0.047619047619047616,12,0.01889763779527559,2.5198412698412698,0.10546244806604876,False
SHORT,9,VAL_Side:==1,77,0.9166666666666666,613,0.9653543307086614,0.9495649809679173,0.06740959252092353,False
SHORT,9,VA_Position:hi,17,0.20238095238095238,148,0.23307086614173228,0.8683236808236808,0.5830589656003622,False
SHORT,9,VA_Position:lo,34,0.40476190476190477,155,0.2440944881889764,1.6582181259600615,0.002371851747193114,False
SHORT,9,VWAP_Dist_ATR:hi,13,0.15476190476190477,110,0.1732283464566929,0.8933982683982684,0.7591836761125721,False
SHORT,9,VWAP_Dist_ATR:lo,23,0.27380952380952384,183,0.28818897637795277,0.950104085349987,0.8978993602245439,False
SHORT,9,VWAP_Side:==-1,45,0.5357142857142857,300,0.47244094488188976,1.1339285714285714,0.2967798918059835,False
SHORT,9,VWAP_Side:==0,0,0.0,0,0.0,inf,1.0,False
SHORT,9,VWAP_Side:==1,39,0.4642857142857143,335,0.5275590551181102,0.8800639658848615,0.2967798918059835,False
SHORT,9,VWAP_Sigma:hi,23,0.27380952380952384,176,0.27716535433070866,0.9878923160173161,1.0,False
SHORT,9,VWAP_Sigma:lo,13,0.15476190476190477,109,0.17165354330708663,0.9015945827872434,0.7595596140800566,False
SHORT,9,VWAP_Sigma_ATR:hi,9,0.10714285714285714,108,0.1700787401574803,0.6299603174603174,0.15887356748768644,False
SHORT,9,VWAP_Sigma_ATR:lo,38,0.4523809523809524,204,0.32125984251968503,1.4081465919701215,0.019582139044157402,False
SHORT,9,VWAP_Z:hi,2,0.023809523809523808,34,0.05354330708661417,0.44467787114845936,0.41971184624583474,False
SHORT,9,VWAP_Z:lo,21,0.25,63,0.09921259842519685,2.5198412698412698,0.00022160240522837394,True
SHORT,9,Volume:hi,55,0.6547619047619048,275,0.4330708661417323,1.5119047619047619,0.00016695520677435964,True
SHORT,9,Volume:lo,6,0.07142857142857142,70,0.11023622047244094,0.6479591836734694,0.3467940939944604,False
SHORT,9,Volume_Avg_10:hi,60,0.7142857142857143,308,0.48503937007874015,1.4726345083487942,7.092282551223071e-05,True
SHORT,9,Volume_Avg_10:lo,1,0.011904761904761904,39,0.06141732283464567,0.19383394383394384,0.07358219517103895,False
SHORT,9,Volume_Ratio_10:hi,2,0.023809523809523808,55,0.08661417322834646,0.27489177489177485,0.050679518832890874,False
SHORT,9,Volume_Ratio_10:lo,32,0.38095238095238093,211,0.33228346456692914,1.1464680658993454,0.3914867298193971,False
SHORT,9,WeeklyOpen_Dist_ATR:hi,18,0.21428571428571427,128,0.2015748031496063,1.0630580357142856,0.7737926507326752,False
SHORT,9,WeeklyOpen_Dist_ATR:lo,31,0.36904761904761907,197,0.3102362204724409,1.1895697365240514,0.31809908529207775,False
SHORT,9,WeeklyOpen_Side:==-1,28,0.3333333333333333,200,0.31496062992125984,1.0583333333333333,0.8030577148860591,False
SHORT,9,WeeklyOpen_Side:==0,0,0.0,0,0.0,inf,1.0,False
SHORT,9,WeeklyOpen_Side:==1,56,0.6666666666666666,435,0.6850393700787402,0.9731800766283524,0.8030577148860591,False
SHORT,10,ADX_Rising:==0,45,0.5357142857142857,342,0.5385826771653544,0.994674185463659,1.0,False
SHORT,10,ADX_Rising:==1,39,0.4642857142857143,293,0.46141732283464565,1.0062164797659678,1.0,False
SHORT,10,ADX_Value:hi,37,0.44047619047619047,150,0.23622047244094488,1.8646825396825397,0.000168003415436912,True
SHORT,10,ADX_Value:lo,9,0.10714285714285714,120,0.1889763779527559,0.5669642857142857,0.07005114661789955,False
SHORT,10,ATR_1M:hi,52,0.6190476190476191,253,0.3984251968503937,1.5537361189535104,0.00015274421931727662,True
SHORT,10,ATR_1M:lo,3,0.03571428571428571,61,0.09606299212598425,0.3717798594847775,0.06849080347897736,False
SHORT,10,AT_Lookback_LT:hi,23,0.27380952380952384,145,0.2283464566929134,1.1990968801313628,0.34062515292189516,False
SHORT,10,AT_Lookback_LT:lo,0,0.0,0,0.0,inf,1.0,False
SHORT,10,AT_Lookback_ST:hi,6,0.07142857142857142,73,0.11496062992125984,0.6213307240704501,0.2695777485451717,False
SHORT,10,AT_Lookback_ST:lo,0,0.0,0,0.0,inf,1.0,False
SHORT,10,AT_Regime_LT:==0,46,0.5476190476190477,353,0.5559055118110237,0.9850937542155673,0.907376405080389,False
SHORT,10,AT_Regime_LT:==1,38,0.4523809523809524,282,0.4440944881889764,1.018659236744343,0.907376405080389,False
SHORT,10,AT_Regime_ST:==0,10,0.11904761904761904,144,0.22677165354330708,0.5249669312169312,0.023339750554843136,False
SHORT,10,AT_Regime_ST:==1,74,0.8809523809523809,491,0.7732283464566929,1.1393172340219182,0.023339750554843136,False
SHORT,10,AT_Score_LT:hi,21,0.25,93,0.14645669291338584,1.7069892473118278,0.024703008544331995,False
SHORT,10,AT_Score_LT:lo,3,0.03571428571428571,39,0.06141732283464567,0.5815018315018314,0.4616333818316167,False
SHORT,10,AT_Score_ST:hi,1,0.011904761904761904,21,0.03307086614173228,0.3599773242630385,0.4988966305339195,False
SHORT,10,AT_Score_ST:lo,24,0.2857142857142857,139,0.2188976377952756,1.305241521068859,0.1681451843868282,False
SHORT,10,AT_Slope_LT:hi,26,0.30952380952380953,188,0.29606299212598425,1.045466058763931,0.8003741830453208,False
SHORT,10,AT_Slope_LT:lo,23,0.27380952380952384,149,0.2346456692913386,1.16690635985938,0.4171877534181424,False
SHORT,10,AT_Slope_ST:hi,2,0.023809523809523808,53,0.08346456692913386,0.2852650494159928,0.050574682858623606,False
SHORT,10,AT_Slope_ST:lo,62,0.7380952380952381,336,0.5291338582677165,1.3949121315192745,0.00026904628968530325,True
SHORT,10,Bar_Range:hi,54,0.6428571428571429,247,0.3889763779527559,1.6526894158473107,1.7189469005767417e-05,True
SHORT,10,Bar_Range:lo,2,0.023809523809523808,49,0.07716535433070866,0.3085519922254616,0.1086323039073416,False
SHORT,10,Bars_Since_Flip:hi,9,0.10714285714285714,61,0.09606299212598425,1.1153395784543325,0.6974945470713698,False
SHORT,10,Bars_Since_Flip:lo,9,0.10714285714285714,105,0.16535433070866143,0.6479591836734693,0.20405318695284966,False
SHORT,10,Body_Size:hi,35,0.4166666666666667,193,0.30393700787401573,1.3708981001727116,0.04546389259134509,False
SHORT,10,Body_Size:lo,9,0.10714285714285714,90,0.14173228346456693,0.7559523809523809,0.500101260262975,False
SHORT,10,D2D_ATR:hi,66,0.7857142857142857,310,0.4881889763779528,1.609447004608295,1.8538728568466488e-07,True
SHORT,10,D2D_ATR:lo,0,0.0,25,0.03937007874015748,0.0,0.10266398715258056,False
SHORT,10,D2D_ATR_MA:hi,67,0.7976190476190477,321,0.5055118110236221,1.5778445334520101,3.187356973276436e-07,True
SHORT,10,D2D_ATR_MA:lo,0,0.0,17,0.026771653543307086,0.0,0.2440515870463119,False
SHORT,10,D2D_DirStep:==-1,64,0.7619047619047619,392,0.6173228346456693,1.2342079689018464,0.011030449346608255,False
SHORT,10,D2D_DirStep:==1,20,0.23809523809523808,243,0.3826771653543307,0.6221830295904369,0.011030449346608255,False
SHORT,10,D2D_Dn_Count:hi,0,0.0,5,0.007874015748031496,0.0,1.0,False
SHORT,10,D2D_Dn_Count:lo,0,0.0,0,0.0,inf,1.0,False
SHORT,10,D2D_Dynamic_Sensitivity:hi,0,0.0,0,0.0,inf,1.0,False
SHORT,10,D2D_Dynamic_Sensitivity:lo,2,0.023809523809523808,18,0.028346456692913385,0.8399470899470899,1.0,False
SHORT,10,D2D_Persist:hi,0,0.0,26,0.04094488188976378,0.0,0.0610251002623271,False
SHORT,10,D2D_Persist:lo,48,0.5714285714285714,265,0.41732283464566927,1.3692722371967654,0.009693567879388541,False
SHORT,10,D2D_Signal:==-1,0,0.0,0,0.0,inf,1.0,False
SHORT,10,D2D_Signal:==0,83,0.9880952380952381,624,0.9826771653543307,1.0055135836385838,1.0,False
SHORT,10,D2D_Signal:==1,1,0.011904761904761904,11,0.01732283464566929,0.6872294372294372,1.0,False
SHORT,10,D2D_Up_Count:hi,1,0.011904761904761904,11,0.01732283464566929,0.6872294372294372,1.0,False
SHORT,10,D2D_Up_Count:lo,0,0.0,0,0.0,inf,1.0,False
SHORT,10,DailyOpen_Dist_ATR:hi,10,0.11904761904761904,114,0.1795275590551181,0.6631161236424394,0.21797781341393518,False
SHORT,10,DailyOpen_Dist_ATR:lo,27,0.32142857142857145,175,0.2755905511811024,1.166326530612245,0.3693035276018135,False
SHORT,10,DailyOpen_Side:==-1,45,0.5357142857142857,308,0.48503937007874015,1.1044758812615956,0.41712977906030735,False
SHORT,10,DailyOpen_Side:==0,0,0.0,0,0.0,inf,1.0,False
SHORT,10,DailyOpen_Side:==1,39,0.4642857142857143,327,0.5149606299212598,0.9015945827872435,0.41712977906030735,False
SHORT,10,Dist_To_PoC_ATR:hi,11,0.13095238095238096,102,0.16062992125984252,0.8152427637721756,0.6318324465804981,False
SHORT,10,Dist_To_PoC_ATR:lo,33,0.39285714285714285,176,0.27716535433070866,1.4174107142857142,0.0400446761281545,False
SHORT,10,EMA_Oscillator:hi,0,0.0,50,0.07874015748031496,0.0,0.0024387036797356523,False
SHORT,10,EMA_Oscillator:lo,62,0.7380952380952381,324,0.510236220472441,1.4465755437977659,6.844966964460158e-05,True
SHORT,10,Efficiency_Ratio:hi,12,0.14285714285714285,120,0.1889763779527559,0.7559523809523809,0.3688894887103375,False
SHORT,10,Efficiency_Ratio:lo,23,0.27380952380952384,134,0.2110236220472441,1.2975302061122957,0.20606186974275453,False
SHORT,10,Harmonic_D2D_Concordance:==0,34,0.40476190476190477,359,0.5653543307086614,0.7159437591192467,0.0070594688201958316,False
SHORT,10,Harmonic_D2D_Concordance:==1,50,0.5952380952380952,276,0.4346456692913386,1.3694789510006902,0.0070594688201958316,False
SHORT,10,Harmonic_LLEMA:hi,1,0.011904761904761904,63,0.09921259842519685,0.11999244142101284,0.0038613048323291386,False
SHORT,10,Harmonic_LLEMA:lo,47,0.5595238095238095,204,0.32125984251968503,1.741654995331466,2.8743579193819905e-05,True
SHORT,10,Harmonic_OBVf_Concordance:==0,38,0.4523809523809524,373,0.5874015748031496,0.7701391548576535,0.02533955755161292,False
SHORT,10,Harmonic_OBVf_Concordance:==1,46,0.5476190476190477,262,0.4125984251968504,1.3272446383133407,0.02533955755161292,False
SHORT,10,KAMA_Dist:hi,4,0.047619047619047616,75,0.11811023622047244,0.4031746031746032,0.061566392765107905,False
SHORT,10,KAMA_Dist:lo,53,0.6309523809523809,279,0.4393700787401575,1.4360385731353473,0.001060994262297923,True
SHORT,10,KAMA_Dist_ATR:hi,1,0.011904761904761904,46,0.07244094488188976,0.16433747412008282,0.03255985740747943,False
SHORT,10,KAMA_Dist_ATR:lo,37,0.44047619047619047,217,0.3417322834645669,1.2889510642966864,0.08873574392208647,False
SHORT,10,KAMA_Slope:hi,3,0.03571428571428571,64,0.10078740157480315,0.35435267857142855,0.06928212302935571,False
SHORT,10,KAMA_Slope:lo,49,0.5833333333333334,216,0.3401574803149606,1.714891975308642,2.1695110044381805e-05,True
SHORT,10,Lower_Wick:hi,38,0.4523809523809524,199,0.31338582677165355,1.4435271596075616,0.013350994795786919,False
SHORT,10,Lower_Wick:lo,8,0.09523809523809523,102,0.16062992125984252,0.5929038281979458,0.14590433318605095,False
SHORT,10,Micro_Amihud:hi,17,0.20238095238095238,128,0.2015748031496063,1.003999255952381,1.0,False
SHORT,10,Micro_Amihud:lo,25,0.2976190476190476,130,0.2047244094488189,1.4537545787545787,0.06548168162020455,False
SHORT,10,Micro_AutoCorr:hi,18,0.21428571428571427,121,0.19055118110236222,1.1245572609208971,0.6589794704169587,False
SHORT,10,Micro_AutoCorr:lo,17,0.20238095238095238,122,0.1921259842519685,1.053376268540203,0.8830728392215969,False
SHORT,10,Micro_BarEntropy:hi,16,0.19047619047619047,141,0.2220472440944882,0.8578183046268152,0.5757276750295935,False
SHORT,10,Micro_BarEntropy:lo,14,0.16666666666666666,131,0.2062992125984252,0.8078880407124681,0.47014311875810394,False
SHORT,10,Micro_BarOverlap:hi,20,0.23809523809523808,128,0.2015748031496063,1.1811755952380951,0.472574720045868,False
SHORT,10,Micro_BarOverlap:lo,13,0.15476190476190477,120,0.1889763779527559,0.8189484126984128,0.5499386095955032,False
SHORT,10,Micro_CSSpread:hi,15,0.17857142857142858,108,0.1700787401574803,1.0499338624338626,0.8774603771914955,False
SHORT,10,Micro_CSSpread:lo,27,0.32142857142857145,145,0.2283464566929134,1.4076354679802956,0.07595939690212271,False
SHORT,10,Micro_Entropy:hi,18,0.21428571428571427,90,0.14173228346456693,1.5119047619047619,0.10233054208953857,False
SHORT,10,Micro_Entropy:lo,8,0.09523809523809523,104,0.16377952755905512,0.5815018315018314,0.11136692754630503,False
SHORT,10,Micro_FailedBreak:hi,19,0.2261904761904762,115,0.18110236220472442,1.2489648033126293,0.30104816301021914,False
SHORT,10,Micro_FailedBreak:lo,16,0.19047619047619047,149,0.2346456692913386,0.8117609459891338,0.4097205905936083,False
SHORT,10,Micro_FractalDim:hi,22,0.2619047619047619,156,0.24566929133858267,1.066086691086691,0.7880061563122069,False
SHORT,10,Micro_FractalDim:lo,13,0.15476190476190477,125,0.1968503937007874,0.7861904761904762,0.46065922974079243,False
SHORT,10,Micro_GarmanKlass:hi,56,0.6666666666666666,265,0.41732283464566927,1.5974842767295598,2.067692802327356e-05,True
SHORT,10,Micro_GarmanKlass:lo,4,0.047619047619047616,49,0.07716535433070866,0.6171039844509232,0.5028070127030272,False
SHORT,10,Micro_HLAsymmetry:hi,24,0.2857142857142857,166,0.2614173228346457,1.0929432013769362,0.6928847518124559,False
SHORT,10,Micro_HLAsymmetry:lo,28,0.3333333333333333,172,0.27086614173228346,1.2306201550387597,0.24428123572273772,False
SHORT,10,Micro_Hurst:hi,23,0.27380952380952384,124,0.1952755905511811,1.4021697388632874,0.1123217548454636,False
SHORT,10,Micro_Hurst:lo,17,0.20238095238095238,115,0.18110236220472442,1.1174948240165632,0.6530736740949796,False
SHORT,10,Micro_IBSP:hi,17,0.20238095238095238,113,0.17795275590551182,1.1372734934681836,0.549824293840055,False
SHORT,10,Micro_IBSP:lo,19,0.2261904761904762,136,0.2141732283464567,1.056109943977591,0.7789522988511045,False
SHORT,10,Micro_Lambda:hi,18,0.21428571428571427,131,0.2062992125984252,1.0387131952017448,0.8862306949385028,False
SHORT,10,Micro_Lambda:lo,14,0.16666666666666666,124,0.1952755905511811,0.853494623655914,0.6582308979286327,False
SHORT,10,Micro_LogReturn:hi,26,0.30952380952380953,159,0.2503937007874016,1.2361485474693021,0.28755844819371046,False
SHORT,10,Micro_LogReturn:lo,29,0.34523809523809523,186,0.2929133858267717,1.1786354326676907,0.3745969859311401,False
SHORT,10,Micro_MicroGap:hi,15,0.17857142857142858,80,0.12598425196850394,1.4174107142857144,0.17406395149212928,False
SHORT,10,Micro_MicroGap:lo,7,0.08333333333333333,71,0.11181102362204724,0.7453051643192488,0.5749298553405284,False
SHORT,10,Micro_MomoTransfer:hi,14,0.16666666666666666,123,0.19370078740157481,0.8604336043360432,0.6578584772963378,False
SHORT,10,Micro_MomoTransfer:lo,16,0.19047619047619047,133,0.2094488188976378,0.9094163981382025,0.7753206713534191,False
SHORT,10,Micro_OrderFlowDelta:hi,26,0.30952380952380953,151,0.2377952755905512,1.3016398612425102,0.17710607979945103,False
SHORT,10,Micro_OrderFlowDelta:lo,28,0.3333333333333333,198,0.31181102362204727,1.069023569023569,0.708271110724411,False
SHORT,10,Micro_PriceAccel:hi,23,0.27380952380952384,155,0.2440944881889764,1.1217357910906298,0.5906677551741599,False
SHORT,10,Micro_PriceAccel:lo,24,0.2857142857142857,170,0.2677165354330709,1.0672268907563023,0.6972392872668733,False
SHORT,10,Micro_RangeAccel:hi,30,0.35714285714285715,188,0.29606299212598425,1.206306990881459,0.2574942805097376,False
SHORT,10,Micro_RangeAccel:lo,22,0.2619047619047619,153,0.2409448818897638,1.086990351696234,0.6855455017634771,False
SHORT,10,Micro_RangeVelocity:hi,30,0.35714285714285715,162,0.2551181102362205,1.3999118165784832,0.05000345803322645,False
SHORT,10,Micro_RangeVelocity:lo,23,0.27380952380952384,163,0.2566929133858268,1.0666812737364886,0.79094627706799,False
SHORT,10,Micro_Rejection:hi,18,0.21428571428571427,119,0.18740157480314962,1.1434573829531811,0.555438483396957,False
SHORT,10,Micro_Rejection:lo,13,0.15476190476190477,144,0.22677165354330708,0.6824570105820106,0.1597952508397834,False
SHORT,10,Micro_RollProxy:hi,28,0.3333333333333333,175,0.2755905511811024,1.2095238095238094,0.3020258141989684,False
SHORT,10,Micro_RollProxy:lo,26,0.30952380952380953,173,0.27244094488188975,1.1361134048995323,0.51657266764796,False
SHORT,10,Micro_ThrustEff:hi,12,0.14285714285714285,124,0.1952755905511811,0.7315668202764977,0.29998872867958365,False
SHORT,10,Micro_ThrustEff:lo,16,0.19047619047619047,115,0.18110236220472442,1.05175983436853,0.8803976985141784,False
SHORT,10,Micro_TickIntensity:hi,13,0.15476190476190477,136,0.2141732283464567,0.7226015406162465,0.25190200870936474,False
SHORT,10,Micro_TickIntensity:lo,20,0.23809523809523808,142,0.22362204724409449,1.0647216633132126,0.7814398560213518,False
SHORT,10,Micro_VPIN:hi,10,0.11904761904761904,117,0.18425196850393702,0.6461131461131461,0.17052725870093677,False
SHORT,10,Micro_VPIN:lo,26,0.30952380952380953,116,0.1826771653543307,1.694376026272578,0.008483999091239171,False
SHORT,10,Micro_VolAccel:hi,23,0.27380952380952384,138,0.2173228346456693,1.259920634920635,0.2651153560168266,False
SHORT,10,Micro_VolAccel:lo,15,0.17857142857142858,147,0.231496062992126,0.771379980563654,0.3310351283079592,False
SHORT,10,Micro_VolOfVol:hi,22,0.2619047619047619,123,0.19370078740157481,1.3521099496709252,0.1490267310424745,False
SHORT,10,Micro_VolOfVol:lo,15,0.17857142857142858,132,0.2078740157480315,0.8590367965367965,0.6657112512697001,False
SHORT,10,Micro_WickImbalance:hi,29,0.34523809523809523,175,0.2755905511811024,1.252721088435374,0.19823098856170007,False
SHORT,10,Micro_WickImbalance:lo,27,0.32142857142857145,184,0.28976377952755905,1.1092779503105592,0.6101267709981261,False
SHORT,10,Momentum_Value:hi,1,0.011904761904761904,54,0.08503937007874016,0.13999118165784832,0.014284703574986343,False
SHORT,10,Momentum_Value:lo,65,0.7738095238095238,360,0.5669291338582677,1.3649140211640212,0.00023102036296124116,True
SHORT,10,MultiDay_Position:hi,32,0.38095238095238093,197,0.3102362204724409,1.2279429538312787,0.21281131291465627,False
SHORT,10,MultiDay_Position:lo,26,0.30952380952380953,193,0.30393700787401573,1.018381445842586,0.9002637989663607,False
SHORT,10,MultiDay_Slope:hi,25,0.2976190476190476,153,0.2409448818897638,1.2352163087457204,0.2818716867486788,False
SHORT,10,MultiDay_Slope:lo,14,0.16666666666666666,162,0.2551181102362205,0.6532921810699588,0.08028917399859253,False
SHORT,10,OBV_Macd:hi,15,0.17857142857142858,123,0.19370078740157481,0.9218931475029035,0.8828170349235414,False
SHORT,10,OBV_Macd:lo,33,0.39285714285714285,149,0.2346456692913386,1.6742569511025887,0.003039550243547467,False
SHORT,10,OBV_Velocity:hi,7,0.08333333333333333,69,0.10866141732283464,0.7669082125603864,0.5740469159583033,False
SHORT,10,OBV_Velocity:lo,24,0.2857142857142857,141,0.2220472440944882,1.2867274569402227,0.21372949346641543,False
SHORT,10,OBVf_DirStepCount:hi,21,0.25,127,0.2,1.25,0.3144724734746439,False
SHORT,10,OBVf_DirStepCount:lo,8,0.09523809523809523,104,0.16377952755905512,0.5815018315018314,0.11136692754630503,False
SHORT,10,OBVf_Signal:==-1,70,0.8333333333333334,474,0.7464566929133858,1.1163853727144868,0.10359027990810765,False
SHORT,10,OBVf_Signal:==1,14,0.16666666666666666,161,0.25354330708661416,0.6573498964803313,0.10359027990810765,False
SHORT,10,OBVf_Trend_Dir:==-1,70,0.8333333333333334,474,0.7464566929133858,1.1163853727144868,0.10359027990810765,False
SHORT,10,OBVf_Trend_Dir:==1,14,0.16666666666666666,161,0.25354330708661416,0.6573498964803313,0.10359027990810765,False
SHORT,10,OR_High_Dist_ATR:hi,14,0.16666666666666666,141,0.2220472440944882,0.7505910165484633,0.32241406694152214,False
SHORT,10,OR_High_Dist_ATR:lo,0,0.0,0,0.0,inf,1.0,False
SHORT,10,OR_High_Side:==-1,46,0.5476190476190477,252,0.3968503937007874,1.3799130763416478,0.009505742199212346,False
SHORT,10,OR_High_Side:==0,27,0.32142857142857145,245,0.3858267716535433,0.8330903790087465,0.28227381286650843,False
SHORT,10,OR_High_Side:==1,11,0.13095238095238096,138,0.2173228346456693,0.6025707384403037,0.08451109569088058,False
SHORT,10,OR_Low_Dist_ATR:hi,14,0.16666666666666666,126,0.1984251968503937,0.8399470899470899,0.5593428095887507,False
SHORT,10,OR_Low_Dist_ATR:lo,0,0.0,0,0.0,inf,1.0,False
SHORT,10,OR_Low_Side:==-1,25,0.2976190476190476,141,0.2220472440944882,1.3403411009793988,0.13035608047407665,False
SHORT,10,OR_Low_Side:==0,27,0.32142857142857145,245,0.3858267716535433,0.8330903790087465,0.28227381286650843,False
SHORT,10,OR_Low_Side:==1,32,0.38095238095238093,249,0.3921259842519685,0.9715050678906101,0.905532474384658,False
SHORT,10,OR_Position:hi,12,0.14285714285714285,157,0.247244094488189,0.5777979981801638,0.03926253011505282,False
SHORT,10,OR_Position:lo,30,0.35714285714285715,167,0.262992125984252,1.3579982891360136,0.08976879878473787,False
SHORT,10,PoC_Side:==-1,14,0.16666666666666666,62,0.09763779527559055,1.706989247311828,0.059677555069767546,False
SHORT,10,PoC_Side:==0,2,0.023809523809523808,18,0.028346456692913385,0.8399470899470899,1.0,False
SHORT,10,PoC_Side:==1,68,0.8095238095238095,555,0.8740157480314961,0.9262119262119263,0.12271950929448701,False
SHORT,10,PrevDay_Close_Dist_ATR:hi,11,0.13095238095238096,127,0.2,0.6547619047619048,0.14253939516589287,False
SHORT,10,PrevDay_Close_Dist_ATR:lo,25,0.2976190476190476,163,0.2566929133858268,1.1594361671048787,0.42939676018487977,False
SHORT,10,PrevDay_Close_Side:==-1,48,0.5714285714285714,339,0.5338582677165354,1.0703750526759375,0.5612283329732259,False
SHORT,10,PrevDay_Close_Side:==0,0,0.0,0,0.0,inf,1.0,False
SHORT,10,PrevDay_Close_Side:==1,36,0.42857142857142855,296,0.46614173228346456,0.9194015444015443,0.5612283329732259,False
SHORT,10,PrevDay_High_Dist_ATR:hi,11,0.13095238095238096,121,0.19055118110236222,0.6872294372294372,0.22997600465963314,False
SHORT,10,PrevDay_High_Dist_ATR:lo,32,0.38095238095238093,183,0.28818897637795277,1.3218839448347643,0.09864285696495079,False
SHORT,10,PrevDay_High_Side:==-1,56,0.6666666666666666,476,0.7496062992125985,0.8893557422969187,0.11265298030547821,False
SHORT,10,PrevDay_High_Side:==0,0,0.0,0,0.0,inf,1.0,False
SHORT,10,PrevDay_High_Side:==1,28,0.3333333333333333,159,0.2503937007874016,1.331236897274633,0.11265298030547821,False
SHORT,10,PrevDay_Low_Dist_ATR:hi,15,0.17857142857142858,119,0.18740157480314962,0.9528811524609844,1.0,False
SHORT,10,PrevDay_Low_Dist_ATR:lo,24,0.2857142857142857,216,0.3401574803149606,0.8399470899470899,0.38883074445670773,False
SHORT,10,PrevDay_Low_Side:==-1,18,0.21428571428571427,158,0.24881889763779527,0.8612115732368897,0.5892366469549745,False
SHORT,10,PrevDay_Low_Side:==0,0,0.0,0,0.0,inf,1.0,False
SHORT,10,PrevDay_Low_Side:==1,66,0.7857142857142857,477,0.7511811023622047,1.0459718478586404,0.5892366469549745,False
SHORT,10,RangeOsc_State:==-1,52,0.6190476190476191,280,0.4409448818897638,1.4039115646258504,0.002387647871180218,False
SHORT,10,RangeOsc_State:==-2,8,0.09523809523809523,98,0.15433070866141732,0.6171039844509232,0.1896509887235624,False
SHORT,10,RangeOsc_State:==1,7,0.08333333333333333,149,0.2346456692913386,0.35514541387024606,0.0010413947037962445,True
SHORT,10,RangeOsc_State:==2,17,0.20238095238095238,108,0.1700787401574803,1.1899250440917108,0.4464112914581069,False
SHORT,10,RangeOsc_Val:hi,3,0.03571428571428571,83,0.13070866141732285,0.27323580034423406,0.010968122517588427,False
SHORT,10,RangeOsc_Val:lo,45,0.5357142857142857,176,0.27716535433070866,1.9328327922077921,3.9574601103239945e-06,True
SHORT,10,Round_1000_Dist_ATR:hi,7,0.08333333333333333,84,0.13228346456692913,0.6299603174603174,0.2929512690948671,False
SHORT,10,Round_1000_Dist_ATR:lo,36,0.42857142857142855,200,0.31496062992125984,1.3607142857142858,0.04733240438640597,False
SHORT,10,Round_100_Dist_ATR:hi,3,0.03571428571428571,64,0.10078740157480315,0.35435267857142855,0.06928212302935571,False
SHORT,10,Round_100_Dist_ATR:lo,25,0.2976190476190476,179,0.28188976377952757,1.0557994147379621,0.7969962102989787,False
SHORT,10,Round_500_Dist_ATR:hi,8,0.09523809523809523,83,0.13070866141732285,0.7286288009179575,0.48403323716691654,False
SHORT,10,Round_500_Dist_ATR:lo,37,0.44047619047619047,188,0.29606299212598425,1.4877786220871327,0.008635213550623248,False
SHORT,10,ST_Flip_Event:==-1,1,0.011904761904761904,2,0.0031496062992125984,3.7797619047619047,0.31151544362631395,False
SHORT,10,ST_Flip_Event:==0,81,0.9642857142857143,606,0.9543307086614173,1.0104314002828854,1.0,False
SHORT,10,ST_Flip_Event:==1,2,0.023809523809523808,27,0.04251968503937008,0.5599647266313933,0.5630964295938219,False
SHORT,10,Session_High_Dist_ATR:hi,7,0.08333333333333333,100,0.15748031496062992,0.5291666666666667,0.07443357891142365,False
SHORT,10,Session_High_Dist_ATR:lo,15,0.17857142857142858,115,0.18110236220472442,0.9860248447204969,1.0,False
SHORT,10,Session_High_Side:==-1,84,1.0,633,0.9968503937007874,1.0031595576619272,1.0,False
SHORT,10,Session_High_Side:==0,0,0.0,2,0.0031496062992125984,0.0,1.0,False
SHORT,10,Session_Low_Dist_ATR:hi,8,0.09523809523809523,97,0.15275590551181104,0.6234658811978399,0.18953416335323434,False
SHORT,10,Session_Low_Dist_ATR:lo,38,0.4523809523809524,190,0.2992125984251969,1.5119047619047619,0.005927530167904744,False
SHORT,10,Session_Low_Side:==0,0,0.0,3,0.004724409448818898,0.0,1.0,False
SHORT,10,Session_Low_Side:==1,84,1.0,632,0.9952755905511811,1.004746835443038,1.0,False
SHORT,10,Slope_Accel_LT:hi,1,0.011904761904761904,31,0.048818897637795275,0.24385560675883255,0.1610570724125166,False
SHORT,10,Slope_Accel_LT:lo,34,0.40476190476190477,127,0.2,2.0238095238095237,7.244723649061627e-05,True
SHORT,10,Slope_Accel_ST:hi,43,0.5119047619047619,278,0.4377952755905512,1.1692788626241861,0.20158576794015826,False
SHORT,10,Slope_Accel_ST:lo,12,0.14285714285714285,76,0.11968503937007874,1.193609022556391,0.5942084174532277,False
SHORT,10,Slope_EMA_LT:hi,29,0.34523809523809523,193,0.30393700787401573,1.135886997285961,0.4522645423644117,False
SHORT,10,Slope_EMA_LT:lo,19,0.2261904761904762,143,0.2251968503937008,1.0044122544122545,1.0,False
SHORT,10,Slope_EMA_ST:hi,1,0.011904761904761904,37,0.05826771653543307,0.2043114543114543,0.11304640618624892,False
SHORT,10,Slope_EMA_ST:lo,69,0.8214285714285714,377,0.5937007874015748,1.3835733232284955,3.770681155509645e-05,True
SHORT,10,Sqz_State:==-1,57,0.6785714285714286,395,0.6220472440944882,1.090867992766727,0.33836033982947916,False
SHORT,10,Sqz_State:==1,27,0.32142857142857145,240,0.3779527559055118,0.8504464285714286,0.33836033982947916,False
SHORT,10,Sqz_Val:hi,8,0.09523809523809523,98,0.15433070866141732,0.6171039844509232,0.1896509887235624,False
SHORT,10,Sqz_Val:lo,51,0.6071428571428571,286,0.4503937007874016,1.348026973026973,0.007435832849083194,False
SHORT,10,TChan_A15:hi,31,0.36904761904761907,190,0.2992125984251969,1.2333959899749374,0.20874605922979858,False
SHORT,10,TChan_A15:lo,5,0.05952380952380952,65,0.10236220472440945,0.5815018315018314,0.24577344353047192,False
SHORT,10,Trend_Concordance:==0,10,0.11904761904761904,127,0.2,0.5952380952380951,0.07773037108503972,False
SHORT,10,Trend_Concordance:==1,74,0.8809523809523809,508,0.8,1.101190476190476,0.07773037108503972,False
SHORT,10,Trend_Conflict:==0,74,0.8809523809523809,508,0.8,1.101190476190476,0.07773037108503972,False
SHORT,10,Trend_Conflict:==1,10,0.11904761904761904,127,0.2,0.5952380952380951,0.07773037108503972,False
SHORT,10,Upper_Wick:hi,34,0.40476190476190477,210,0.33070866141732286,1.223922902494331,0.17972129811019832,False
SHORT,10,Upper_Wick:lo,11,0.13095238095238096,77,0.12125984251968504,1.0799319727891157,0.8591224429649298,False
SHORT,10,VAH_Dist_ATR:hi,11,0.13095238095238096,104,0.16377952755905512,0.7995650183150184,0.5275140750740831,False
SHORT,10,VAH_Dist_ATR:lo,33,0.39285714285714285,172,0.27086614173228346,1.4503737541528239,0.028121184847757146,False
SHORT,10,VAH_Side:==-1,16,0.19047619047619047,95,0.14960629921259844,1.2731829573934836,0.3357366663009191,False
SHORT,10,VAH_Side:==0,4,0.047619047619047616,13,0.02047244094488189,2.3260073260073257,0.12609698968527955,False
SHORT,10,VAH_Side:==1,64,0.7619047619047619,527,0.8299212598425196,0.9180446372097226,0.130343819931625,False
SHORT,10,VAL_Dist_ATR:hi,11,0.13095238095238096,105,0.16535433070866143,0.7919501133786848,0.5278332156370641,False
SHORT,10,VAL_Dist_ATR:lo,35,0.4166666666666667,181,0.28503937007874014,1.4617863720073667,0.016073814870053212,False
SHORT,10,VAL_Side:==-1,1,0.011904761904761904,12,0.01889763779527559,0.6299603174603174,1.0,False
SHORT,10,VAL_Side:==0,1,0.011904761904761904,8,0.012598425196850394,0.9449404761904762,1.0,False
SHORT,10,VAL_Side:==1,82,0.9761904761904762,615,0.968503937007874,1.007936507936508,1.0,False
SHORT,10,VA_Position:hi,16,0.19047619047619047,147,0.231496062992126,0.8228053126012309,0.4881754906065437,False
SHORT,10,VA_Position:lo,33,0.39285714285714285,166,0.2614173228346457,1.5027969018932872,0.013714554945649271,False
SHORT,10,VWAP_Dist_ATR:hi,14,0.16666666666666666,123,0.19370078740157481,0.8604336043360432,0.6578584772963378,False
SHORT,10,VWAP_Dist_ATR:lo,26,0.30952380952380953,172,0.27086614173228346,1.142718715393134,0.43915247358526993,False
SHORT,10,VWAP_Side:==-1,40,0.47619047619047616,310,0.4881889763779528,0.9754224270353302,0.907647170265775,False
SHORT,10,VWAP_Side:==0,0,0.0,0,0.0,inf,1.0,False
SHORT,10,VWAP_Side:==1,44,0.5238095238095238,325,0.5118110236220472,1.0234432234432236,0.907647170265775,False
SHORT,10,VWAP_Sigma:hi,24,0.2857142857142857,180,0.28346456692913385,1.007936507936508,1.0,False
SHORT,10,VWAP_Sigma:lo,12,0.14285714285714285,110,0.1732283464566929,0.8246753246753247,0.5398546728233388,False
SHORT,10,VWAP_Sigma_ATR:hi,9,0.10714285714285714,106,0.16692913385826771,0.6418463611859838,0.20435239071732986,False
SHORT,10,VWAP_Sigma_ATR:lo,39,0.4642857142857143,201,0.3165354330708661,1.4667732764747692,0.009420281272259598,False
SHORT,10,VWAP_Z:hi,1,0.011904761904761904,36,0.05669291338582677,0.20998677248677247,0.11042977846699303,False
SHORT,10,VWAP_Z:lo,18,0.21428571428571427,62,0.09763779527559055,2.194700460829493,0.002896559590950515,False
SHORT,10,Volume:hi,51,0.6071428571428571,253,0.3984251968503937,1.5238565782044042,0.0003781828706071116,True
SHORT,10,Volume:lo,5,0.05952380952380952,64,0.10078740157480315,0.5905877976190476,0.32254596134238467,False
SHORT,10,Volume_Avg_10:hi,60,0.7142857142857143,305,0.48031496062992124,1.4871194379391102,6.499194917007277e-05,True
SHORT,10,Volume_Avg_10:lo,1,0.011904761904761904,39,0.06141732283464567,0.19383394383394384,0.07358219517103895,False
SHORT,10,Volume_Ratio_10:hi,4,0.047619047619047616,47,0.07401574803149606,0.6433637284701115,0.4993850221084678,False
SHORT,10,Volume_Ratio_10:lo,25,0.2976190476190476,216,0.3401574803149606,0.874944885361552,0.4633398663544733,False
SHORT,10,WeeklyOpen_Dist_ATR:hi,18,0.21428571428571427,123,0.19370078740157481,1.1062717770034842,0.6615774324546719,False
SHORT,10,WeeklyOpen_Dist_ATR:lo,31,0.36904761904761907,201,0.3165354330708661,1.1658967069414832,0.3846341258352764,False
SHORT,10,WeeklyOpen_Side:==-1,27,0.32142857142857145,201,0.3165354330708661,1.0154584221748402,0.9015204533171817,False
SHORT,10,WeeklyOpen_Side:==0,0,0.0,0,0.0,inf,1.0,False
SHORT,10,WeeklyOpen_Side:==1,57,0.6785714285714286,434,0.6834645669291338,0.9928406846609613,0.9015204533171817,False
