direction,condition,location,turn,in_book_side,n_297A,rate_297A,n_Ai297,rate_Ai297,rate_untraded_hm,lift_297A,lift_Ai297,lift_973,p_297A_vs_untraded,p_297A_vs_Ai297,BY_297A_vs_untraded,BY_297A_vs_Ai297
LONG,ADX_Rising:==0,False,False,True,151,0.4339080459770115,118,0.466403162055336,0.4809899697766878,0.902114541345768,0.962114642475195,0.9274870097942121,0.17432741335151808,0.45500874513787093,False,False
LONG,ADX_Rising:==1,False,False,True,197,0.5660919540229885,135,0.5335968379446641,0.5190100302232905,1.0907148630238268,1.035645433368304,1.0676305912753181,0.17432741335151808,0.45500874513787093,False,False
LONG,ADX_Value:hi,False,False,True,83,0.23850574712643677,26,0.10276679841897234,0.23359185135924418,1.0210362465068845,0.44398727681846384,0.7794053871981043,0.8497268914530125,1.5685103645762725e-05,False,True
LONG,ADX_Value:lo,False,False,True,60,0.1724137931034483,66,0.2608695652173913,0.1837108132202959,0.9385065042235655,1.4016881754768042,1.1349567947344197,0.8868858228626182,0.010994499430090666,False,False
LONG,ATR_1M:hi,False,False,False,305,0.8764367816091954,233,0.9209486166007905,0.6854562908296835,1.278618043680578,1.3360953965264168,1.3028920448386048,1.7545175830827076e-21,0.08138464066706445,True,False
LONG,ATR_1M:lo,False,False,False,0,0.0,0,0.0,0.0,inf,inf,inf,1.0,1.0,False,False
LONG,AT_Lookback_LT:hi,False,False,True,59,0.16954022988505746,28,0.11067193675889328,0.19593221424104632,0.8653004333247619,0.5734187734569716,0.743498597955813,0.2443282704275892,0.04622641838672992,False,False
LONG,AT_Lookback_LT:lo,False,False,False,0,0.0,0,0.0,0.0,inf,inf,inf,1.0,1.0,False,False
LONG,AT_Lookback_ST:hi,False,False,True,60,0.1724137931034483,112,0.4426877470355731,0.15911914552021808,1.0835515270005076,2.6200871534761894,1.7529532012085844,0.659449346449652,5.740152190495946e-13,False,True
LONG,AT_Lookback_ST:lo,False,False,False,0,0.0,0,0.0,0.0,inf,inf,inf,1.0,1.0,False,False
LONG,AT_Regime_LT:==0,False,False,False,133,0.382183908045977,74,0.2924901185770751,0.6068302049500178,0.6298036995001856,0.49199432596598025,0.5724792625169419,1.2861069088986224e-14,0.023926421549546783,True,False
LONG,AT_Regime_LT:==1,False,False,True,215,0.617816091954023,179,0.7075098814229249,0.3931697950499517,1.5713722155984293,1.7447794799958054,1.6456790377618165,1.2861069088986224e-14,0.023926421549546783,True,False
LONG,AT_Regime_ST:==0,False,False,False,233,0.6695402298850575,62,0.2450592885375494,0.8345681257109538,0.8022595271233106,0.2941996086536395,0.5886214713541624,9.639250039285565e-15,2.1476198139363406e-25,True,True
LONG,AT_Regime_ST:==1,False,False,True,115,0.33045977011494254,191,0.7549407114624506,0.16543187428903017,1.9975580373198698,4.519776455350113,3.065240967356527,9.639250039285565e-15,2.1476198139363406e-25,True,True
LONG,AT_Score_LT:hi,False,False,True,17,0.04885057471264368,9,0.03557312252964427,0.09163091671777422,0.5331232782828618,0.3934451659579642,0.4747782182352588,0.003410718615439191,0.5435872993538737,True,False
LONG,AT_Score_LT:lo,False,False,True,56,0.16091954022988506,63,0.2490118577075099,0.06111621988056519,2.6330087257418398,4.2949564518408,3.3113677322100896,6.110375355879937e-10,0.009388870543715603,True,False
LONG,AT_Score_ST:hi,False,False,False,65,0.1867816091954023,5,0.019762845849802372,0.24107320579469016,0.7747920743812348,0.07970802795227584,0.4774167737053996,0.021763707303081685,1.373175019090448e-11,False,True
LONG,AT_Score_ST:lo,False,True,False,7,0.020114942528735632,66,0.2608695652173913,0.01270196247805703,1.583609033917768,17.505657217074265,8.912772710689191,0.36555250245626264,4.8061062658327894e-20,False,True
LONG,AT_Slope_LT:hi,False,False,False,77,0.22126436781609196,38,0.15019762845849802,0.3615490773111866,0.6119898561534675,0.4234351265438231,0.5334909884991849,4.4180038761422163e-07,0.03539048550275335,True,False
LONG,AT_Slope_LT:lo,False,False,True,142,0.40804597701149425,141,0.5573122529644269,0.1873614560380861,2.177854429827596,2.810206465556321,2.4528490458041654,5.139486667239439e-21,0.00036508354990812076,True,True
LONG,AT_Slope_ST:hi,False,False,False,195,0.5603448275862069,31,0.1225296442687747,0.6091406003603668,0.9198940724927999,0.20122864429641418,0.6174280653106643,0.18450321455164154,6.819766598813222e-30,False,True
LONG,AT_Slope_ST:lo,False,True,True,33,0.09482758620689655,159,0.6284584980237155,0.045812503517760506,2.0699062248395563,13.104621883498549,6.838611429195051,1.6591676414486997e-05,2.830526807207652e-45,True,True
LONG,Bar_Range:hi,False,False,True,262,0.7528735632183908,218,0.8616600790513834,0.6280275565799118,1.1987906507134187,1.362385772131362,1.2679393449599532,2.221359946350567e-09,0.0009711617836049924,True,True
LONG,Bar_Range:lo,False,False,False,0,0.0,0,0.0,0.0010055124129276507,0.0,0.0,0.0,1.0,1.0,False,False
LONG,Bars_Since_Flip:hi,False,False,True,79,0.22701149425287356,94,0.3715415019762846,0.1687701736966975,1.3450924963841269,2.057463369708189,1.6567811009150732,0.012342229824714876,0.00012640104366402004,False,True
LONG,Bars_Since_Flip:lo,False,False,False,119,0.34195402298850575,54,0.2134387351778656,0.203822289024884,1.6777067151216112,1.0541396892872266,1.4162130231116024,2.178382873369912e-09,0.0007105346164745952,True,True
LONG,Body_Size:hi,False,False,True,178,0.5114942528735632,173,0.6837944664031621,0.5013711742746361,1.0201907870223548,1.37156990080359,1.1676258132851254,0.5504628555415567,2.665268242824858e-05,False,True
LONG,Body_Size:lo,False,False,False,28,0.08045977011494253,6,0.023715415019762844,0.07225923307274544,1.1134877398150818,0.3225914695640857,0.777221218892184,0.5266689263195059,0.0035981747346327704,False,True
LONG,D2D_ATR:hi,False,False,True,307,0.882183908045977,222,0.8774703557312253,0.6656306369204,1.3253354925600782,1.313492256320039,1.320339454030905,1.6923286954167352e-29,0.8990560658033737,True,False
LONG,D2D_ATR:lo,False,False,False,0,0.0,0,0.0,0.0009331668145267369,0.0,0.0,0.0,1.0,1.0,False,False
LONG,D2D_ATR_MA:hi,False,False,True,285,0.8189655172413793,196,0.7747035573122529,0.6302311786353357,1.2994684252447133,1.23459184315739,1.272226365255028,5.837600998161895e-24,0.18124724176926668,True,False
LONG,D2D_ATR_MA:lo,False,False,False,2,0.005747126436781609,0,0.0,0.010566258180311996,0.5439131184102781,0.0,0.3181265967882539,0.03690067146183239,0.5116805324459235,False,False
LONG,D2D_DirStep:==-1,False,False,True,108,0.3103448275862069,67,0.2648221343873518,0.27226599537099755,1.1398589352420674,0.9681817620192655,1.0673956782331147,0.056931516865007664,0.23805689858935197,False,False
LONG,D2D_DirStep:==1,False,False,True,240,0.6896551724137931,186,0.7351778656126482,0.7277340046289847,0.9476747932995037,1.0119798938744027,0.9747178515106132,0.056931516865007664,0.23805689858935197,False,False
LONG,D2D_Dn_Count:hi,False,False,False,0,0.0,0,0.0,0.0,inf,inf,inf,1.0,1.0,False,False
LONG,D2D_Dn_Count:lo,False,False,False,0,0.0,0,0.0,0.0,inf,inf,inf,1.0,1.0,False,False
LONG,D2D_Dynamic_Sensitivity:hi,False,False,False,0,0.0,0,0.0,0.0,inf,inf,inf,1.0,1.0,False,False
LONG,D2D_Dynamic_Sensitivity:lo,False,False,True,51,0.14655172413793102,39,0.1541501976284585,0.09453493241449706,1.5502388418215773,1.5945091874663053,1.5691171624124474,0.07320195535802856,0.8175317171040585,False,False
LONG,D2D_Persist:hi,False,False,True,128,0.367816091954023,28,0.11067193675889328,0.39001601042278256,0.9430794688538694,0.2884130832200526,0.67007849412646,0.46911238872558453,3.1619839097972627e-13,False,True
LONG,D2D_Persist:lo,False,False,False,4,0.011494252873563218,19,0.07509881422924901,0.008267482739849983,1.3902965673166663,8.933396141448299,4.596382911644289,0.3534089377775202,0.00011034963659180313,False,True
LONG,D2D_Signal:==-1,False,False,False,0,0.0,0,0.0,0.0,inf,inf,inf,1.0,1.0,False,False
LONG,D2D_Signal:==0,False,False,True,348,1.0,135,0.5335968379446641,0.974238656147999,1.0264425391965637,0.5488624453751184,0.8256433981609606,6.263323249014645e-05,5.323030726288472e-54,True,True
LONG,D2D_Signal:==1,False,True,True,0,0.0,118,0.466403162055336,0.025761343851981762,0.0,16.76914470804177,7.374225235625935,6.263323249014645e-05,5.323030726288472e-54,True,True
LONG,D2D_Up_Count:hi,False,True,False,1,0.0028735632183908046,120,0.4743083003952569,0.026976112953847282,0.1065225083875912,16.261469265544658,7.216515744156728,0.0004022428629088967,3.632390118549311e-53,True,True
LONG,D2D_Up_Count:lo,False,False,False,0,0.0,0,0.0,0.0,inf,inf,inf,1.0,1.0,False,False
LONG,DailyOpen_Dist_ATR:hi,True,False,False,40,0.11494252873563218,24,0.09486166007905138,0.13213933480737167,0.8698585391185114,0.7481210546373939,0.8198311183731911,0.7404210801737341,0.5035124115495446,False,False
LONG,DailyOpen_Dist_ATR:lo,True,False,True,147,0.4224137931034483,110,0.43478260869565216,0.28229490507088184,1.4963564184673606,1.5457422226020405,1.5171026678231045,2.0270272875110207e-06,0.8023152631428272,True,False
LONG,DailyOpen_Side:==-1,True,False,True,183,0.5258620689655172,152,0.6007905138339921,0.33968047828661463,1.5481080090855466,1.7172797417732921,1.6205425951050259,1.0397590927144876e-10,0.0806132651751819,True,False
LONG,DailyOpen_Side:==0,True,False,False,0,0.0,0,0.0,0.0002795476773011599,0.0,0.0,0.0,1.0,1.0,False,False
LONG,DailyOpen_Side:==1,True,False,True,165,0.47413793103448276,101,0.39920948616600793,0.6600399740360531,0.7183472966571932,0.614341680513084,0.6749598130355292,1.0672209501463024e-10,0.0806132651751819,True,False
LONG,Dist_To_PoC_ATR:hi,True,False,False,35,0.10057471264367816,12,0.04743083003952569,0.1904036278828432,0.5282184681142869,0.2514262427799276,0.4123234630652484,6.42656377230523e-05,0.020268881209513475,True,False
LONG,Dist_To_PoC_ATR:lo,True,False,True,53,0.15229885057471265,59,0.233201581027668,0.0765126659607999,1.990505083860764,2.6815845268305822,2.3031844244494777,4.4265405447566915e-05,0.014512105050381158,True,False
LONG,EMA_Oscillator:hi,False,False,True,228,0.6551724137931034,81,0.3201581027667984,0.6500061957579217,1.0079479519870695,0.49532343429031117,0.7928531973649231,0.4636067464629367,3.3642792264910763e-16,False,True
LONG,EMA_Oscillator:lo,False,True,True,3,0.008620689655172414,41,0.16205533596837945,0.010273998939111533,0.8390783088710254,14.539585439373495,6.880117669649325,1.0,1.70195198046386e-13,False,True
LONG,Efficiency_Ratio:hi,False,False,True,113,0.32471264367816094,86,0.33992094861660077,0.21423142434924464,1.5157096801485457,1.5636857243839244,1.5360769735052129,1.1443389084901148e-05,0.7257968643947439,True,False
LONG,Efficiency_Ratio:lo,False,False,False,46,0.13218390804597702,26,0.10276679841897234,0.19604956250229086,0.6742371998123303,0.52087860812889,0.6094417318367397,0.003692461539759032,0.30959103428897483,True,False
LONG,Harmonic_D2D_Concordance:==0,False,False,False,204,0.5862068965517241,222,0.8774703557312253,0.4805974125369933,1.2197462600916555,1.8021974154862432,1.4667863137029011,0.00013878084907246703,1.7153389356368403e-15,True,True
LONG,Harmonic_D2D_Concordance:==1,False,False,False,144,0.41379310344827586,31,0.1225296442687747,0.5194025874629875,0.7966712400672487,0.2387976061608415,0.5634816001252348,0.00013878084907246703,1.7153389356368403e-15,True,True
LONG,Harmonic_LLEMA:hi,False,False,True,141,0.4051724137931034,29,0.11462450592885376,0.5007054617765345,0.8092031038677433,0.23202511799591216,0.5681211158830192,0.0006157070653958651,9.188197587859658e-16,True,True
LONG,Harmonic_LLEMA:lo,False,False,False,15,0.04310344827586207,6,0.023715415019762844,0.013756936893641112,3.133215526763508,1.885346916815129,2.634929662159796,5.363386971653892e-05,0.2621107128787548,True,False
LONG,Harmonic_OBVf_Concordance:==0,False,False,True,204,0.5862068965517241,228,0.9011857707509882,0.5367868972038977,1.0920663294973354,1.6566846472680261,1.331582134111659,0.09125303826896483,1.1276134011414344e-18,False,True
LONG,Harmonic_OBVf_Concordance:==1,False,False,False,144,0.41379310344827586,25,0.09881422924901186,0.4632131027960848,0.893310445992361,0.21668333549770272,0.611048261034961,0.09125303826896483,1.1276134011414344e-18,False,True
LONG,KAMA_Dist:hi,False,False,True,232,0.6666666666666666,130,0.5138339920948617,0.6351323121276893,1.049650055487395,0.8141788532739016,0.9508896457513436,0.08286380889828812,0.0001985079687763293,False,True
LONG,KAMA_Dist:lo,False,False,True,47,0.13505747126436782,27,0.1067193675889328,0.02513823878388969,5.3725908336475,4.32282709485678,4.935300989786985,1.3641908503318764e-21,0.3167883109112668,True,False
LONG,KAMA_Dist_ATR:hi,False,False,False,110,0.3160919540229885,19,0.07509881422924901,0.35077345599031173,0.9011284879883239,0.21852632568841512,0.617179968455054,0.3594139911125053,1.2876982703058948e-13,False,True
LONG,KAMA_Dist_ATR:lo,False,False,False,4,0.011494252873563218,4,0.015810276679841896,0.003845003070704716,2.9894001804936243,4.687078522084037,3.650515795790828,0.029554758633723876,0.7264306520602983,False,False
LONG,KAMA_Slope:hi,False,False,False,174,0.5,63,0.2490118577075099,0.5493114166065334,0.9102304901813926,0.4575298736195463,0.7206795191039386,0.090949277409385,5.193535048782447e-10,False,True
LONG,KAMA_Slope:lo,False,False,False,29,0.08333333333333333,11,0.043478260869565216,0.018882774945192096,4.413193165475477,2.4299654895268135,3.6042468671142074,1.0880226163494982e-11,0.06739155038723618,True,False
LONG,Lower_Wick:hi,False,False,True,144,0.41379310344827586,88,0.34782608695652173,0.4159545355892268,0.9948036817584183,0.8249464996876399,0.9227375806565628,0.43670782567242106,0.1073864911062948,False,False
LONG,Lower_Wick:lo,False,False,True,56,0.16091954022988506,41,0.16205533596837945,0.10866692621460809,1.4808511277118708,1.5299779272218983,1.501225838825706,0.01866850367669047,1.0,False,False
LONG,Micro_Amihud:hi,False,False,True,80,0.22988505747126436,86,0.33992094861660077,0.21097772167117487,1.0896176887792828,1.612889727290646,1.3097608634364541,0.3185590567946057,0.0031448409330369327,False,True
LONG,Micro_Amihud:lo,False,False,True,64,0.1839080459770115,35,0.1383399209486166,0.1629510235413835,1.1286093329159463,0.8310137582087711,1.0017790270408513,0.06590529265449685,0.1485524104540844,False,False
LONG,Micro_AutoCorr:hi,False,False,True,105,0.3017241379310345,71,0.28063241106719367,0.2066235639164464,1.4602600604306897,1.384977030351129,1.4289264756539037,8.260400651263693e-05,0.5872388512777986,True,False
LONG,Micro_AutoCorr:lo,False,False,False,57,0.16379310344827586,36,0.1422924901185771,0.20280730430061597,0.8076292124345266,0.7063274866593449,0.7651499615025623,0.08995652725200663,0.4950230783786832,False,False
LONG,Micro_BarEntropy:hi,False,False,False,50,0.14367816091954022,44,0.17391304347826086,0.18226579421661934,0.7882892208989116,0.9405463455859067,0.8529185755791102,0.10206824005864856,0.36296305233045295,False,False
LONG,Micro_BarEntropy:lo,False,False,False,60,0.1724137931034483,68,0.26877470355731226,0.20795570027662028,0.8290890457636191,1.3102200108479143,1.0300296764163213,0.04763995525787533,0.004776669306713284,False,True
LONG,Micro_BarOverlap:hi,False,False,False,61,0.1752873563218391,25,0.09881422924901186,0.1935344582174552,0.905716521679495,0.5155594369583534,0.742396869565216,0.48997281521185476,0.009239203104451756,False,False
LONG,Micro_BarOverlap:lo,False,False,True,87,0.25,101,0.39920948616600793,0.2111096973723275,1.1842184566210756,1.8700344163726867,1.4747888472455852,0.2688794883644341,0.00012290084398730138,False,True
LONG,Micro_CSSpread:hi,False,False,True,95,0.27298850574712646,57,0.22529644268774704,0.19261590958372296,1.4172687310051537,1.164723888904533,1.3106953948220237,0.004114960779227732,0.21657754505677562,True,False
LONG,Micro_CSSpread:lo,False,False,True,47,0.13505747126436782,48,0.18972332015810275,0.22183532900791536,0.6088185856976316,0.8580380305809157,0.7135331736698705,0.0003877089247406269,0.0713602984281842,True,False
LONG,Micro_Entropy:hi,False,False,False,36,0.10344827586206896,33,0.13043478260869565,0.15368436193717325,0.6731216797735023,0.8456089675484231,0.7458871773993763,0.012031300564512314,0.3644081273572477,False,False
LONG,Micro_Entropy:lo,False,False,True,87,0.25,59,0.233201581027668,0.15747751109812805,1.5875282651896814,1.4422015552380476,1.5254119366269767,7.854060149238832e-05,0.7001213314182226,True,False
LONG,Micro_FailedBreak:hi,False,False,True,87,0.25,127,0.5019762845849802,0.24474495202751032,1.0214715275185695,2.067715291735781,1.4598371693497914,0.9008329055207082,2.362417060082297e-10,False,True
LONG,Micro_FailedBreak:lo,False,False,False,19,0.05459770114942529,0,0.0,0.20114791278072816,0.27143061240184174,0.0,0.15696431579090053,3.012206575338035e-14,4.447706457623101e-05,True,True
LONG,Micro_FractalDim:hi,False,False,True,47,0.13505747126436782,40,0.15810276679841898,0.20400163602665264,0.6620411183698678,0.7880613906240781,0.7145788423824508,0.0014196938173786657,0.48136982038145926,True,False
LONG,Micro_FractalDim:lo,False,False,True,110,0.3160919540229885,42,0.16600790513833993,0.19650458553438707,1.6085729153006172,0.8486750735941698,1.289528932987155,1.8933087024145015e-07,2.6965528684653104e-05,True,True
LONG,Micro_GarmanKlass:hi,False,False,True,275,0.7902298850574713,217,0.857707509881423,0.630322336460531,1.2536917055722223,1.3455388255185172,1.2926079352255961,2.2309396241336434e-14,0.04133655051428923,True,False
LONG,Micro_GarmanKlass:lo,False,False,False,0,0.0,0,0.0,0.00224130175162425,0.0,0.0,0.0,0.626909618527097,1.0,False,False
LONG,Micro_HLAsymmetry:hi,False,False,True,168,0.4827586206896552,183,0.7233201581027668,0.38312986701941154,1.2600391205345416,1.8820050485251498,1.5223412371239338,0.0004445489097430077,3.6347977876762844e-09,True,True
LONG,Micro_HLAsymmetry:lo,False,False,True,118,0.3390804597701149,42,0.16600790513833993,0.28598207577742585,1.1856703216393691,0.5780289225167997,0.9292466578773394,0.0157044725818513,1.6912545557795113e-06,False,True
LONG,Micro_Hurst:hi,False,False,True,128,0.367816091954023,74,0.2924901185770751,0.2022335943573208,1.8187685044263178,1.4679477139471107,1.6723542487565537,1.0225145795381179e-12,0.05499508009351531,True,False
LONG,Micro_Hurst:lo,False,False,False,55,0.15804597701149425,30,0.11857707509881422,0.19354796461533363,0.8165726636578292,0.6133871830330813,0.7310982646817373,0.16434953073589115,0.19269891726115063,False,False
LONG,Micro_IBSP:hi,False,False,True,71,0.20402298850574713,90,0.3557312252964427,0.23532825897439977,0.8669719029704027,1.5290069576259244,1.1438236173088674,0.1426585578536183,3.94924959002303e-05,False,True
LONG,Micro_IBSP:lo,False,False,True,64,0.1839080459770115,13,0.05138339920948617,0.19464104306049437,0.9448574827039584,0.2676260518432045,0.6620220568398744,0.6321230405919406,8.692033040598268e-07,False,True
LONG,Micro_Lambda:hi,False,False,False,66,0.1896551724137931,90,0.3557312252964427,0.23679875822600605,0.8009128672574455,1.5208180729537741,1.101814404019596,0.0008839651701585613,5.640480162079332e-06,True,True
LONG,Micro_Lambda:lo,False,False,True,85,0.2442528735632184,27,0.1067193675889328,0.16793229208980456,1.4544723383671805,0.6299044874269011,1.1055823335840456,4.0983098086984346e-05,1.849247884616475e-05,True,True
LONG,Micro_LogReturn:hi,False,False,True,155,0.4454022988505747,187,0.7391304347826086,0.3778934493235135,1.178645196543926,1.9578634907195058,1.5064805268082364,0.022150516129951954,4.902693678970763e-13,False,True
LONG,Micro_LogReturn:lo,False,False,True,90,0.25862068965517243,24,0.09486166007905138,0.3291000184070251,0.7858422217871618,0.28882498571425297,0.5768585293794678,0.010495994991722914,2.987796069910098e-07,False,True
LONG,Micro_MicroGap:hi,False,False,True,53,0.15229885057471265,38,0.15019762845849802,0.1350801149408951,1.1274705432502161,1.084077927730617,1.1089350712691357,0.3846143654599864,1.0,False,False
LONG,Micro_MicroGap:lo,False,False,True,62,0.1781609195402299,38,0.15019762845849802,0.13470164561982967,1.3226335782344927,1.1092885717193264,1.2325537774117454,0.026290625328154887,0.37721718928463643,False,False
LONG,Micro_MomoTransfer:hi,False,False,True,81,0.23275862068965517,82,0.3241106719367589,0.20829083380445523,1.117469340528784,1.5474448789994328,1.2990553889111347,0.389760039601855,0.015584342438538155,False,False
LONG,Micro_MomoTransfer:lo,False,False,True,42,0.1206896551724138,46,0.18181818181818182,0.21617716670671708,0.5582904846567392,0.84018321372165,0.677029228985663,4.622633382493578e-06,0.04652265672024475,True,False
LONG,Micro_OrderFlowDelta:hi,False,False,True,148,0.42528735632183906,160,0.6324110671936759,0.38982611697119474,1.0909668126552554,1.627743121336675,1.3164919429339117,0.07312373571774927,6.504376305062952e-07,False,True
LONG,Micro_OrderFlowDelta:lo,False,False,True,116,0.3333333333333333,33,0.13043478260869565,0.34042870814220766,0.9791575309626638,0.38661819908955297,0.7310202713587256,0.7281721689557339,6.8573708693034786e-09,False,True
LONG,Micro_PriceAccel:hi,False,False,True,132,0.3793103448275862,131,0.5177865612648221,0.33567053927856777,1.1300078512782512,1.5464699944477176,1.3050658710295662,0.08472436625164809,0.0008571701635633422,False,True
LONG,Micro_PriceAccel:lo,False,False,True,103,0.2959770114942529,44,0.17391304347826086,0.35614545347641124,0.8310565489609892,0.485473826838589,0.6850856139397686,0.02658895829909741,0.000544709446563739,False,True
LONG,Micro_RangeAccel:hi,False,False,True,97,0.27873563218390807,113,0.44664031620553357,0.364120906857213,0.7655029605130912,1.2217219621752895,0.9580008830789372,0.0012452030030711283,3.0018305897980675e-05,True,True
LONG,Micro_RangeAccel:lo,False,False,True,159,0.45689655172413796,92,0.36363636363636365,0.30150502587492,1.5153861876706574,1.2107240412632896,1.3874199579260629,1.1638342441836715e-09,0.023834198084790897,True,False
LONG,Micro_RangeVelocity:hi,False,False,True,90,0.25862068965517243,118,0.466403162055336,0.34767261182321946,0.7438627054887857,1.3281869837053457,0.9912645694718089,0.0002595265261839555,1.655561217744723e-07,True,True
LONG,Micro_RangeVelocity:lo,False,False,True,164,0.47126436781609193,76,0.30039525691699603,0.31348506133453613,1.5033072574810233,0.9605065743727766,1.275119080503062,3.566131629506623e-10,2.4322029928702622e-05,True,True
LONG,Micro_Rejection:hi,False,False,True,58,0.16666666666666666,33,0.13043478260869565,0.18783927461172192,0.8872833810244388,0.6831596364010645,0.8005416999273461,0.4822107904872941,0.2496276026435052,False,False
LONG,Micro_Rejection:lo,False,False,True,120,0.3448275862068966,63,0.2490118577075099,0.1757610852736875,1.9619108841410833,1.4049648046992205,1.726320006765955,1.314962774202662e-13,0.012091144265580028,True,False
LONG,Micro_RollProxy:hi,False,False,True,180,0.5172413793103449,152,0.6007905138339921,0.36767711804503006,1.4067815317432872,1.6315372091501694,1.5014790201431354,2.950041703800739e-08,0.046262633064428516,True,False
LONG,Micro_RollProxy:lo,False,False,True,102,0.29310344827586204,68,0.26877470355731226,0.3847529325739672,0.761796528268213,0.7047328016190099,0.7378968906376433,0.0007735084625836784,0.5224231168535465,True,False
LONG,Micro_ThrustEff:hi,False,False,False,119,0.34195402298850575,138,0.5454545454545454,0.2725320384438589,1.2547296271698625,1.9842363372234093,1.5633619372530871,0.026664247592607857,7.787544223951743e-07,False,True
LONG,Micro_ThrustEff:lo,False,False,True,69,0.19827586206896552,16,0.06324110671936758,0.14765385296797087,1.3428424526922138,0.4301229280739677,0.959560628723447,0.006898267843083471,1.4989645590894397e-06,True,True
LONG,Micro_TickIntensity:hi,False,False,True,91,0.2614942528735632,36,0.1422924901185771,0.16285852526896677,1.6056528354392006,0.8574054422817973,1.2872242960143065,2.2612709636801175e-08,0.0003867869279777676,True,True
LONG,Micro_TickIntensity:lo,False,False,True,75,0.21551724137931033,90,0.3557312252964427,0.22194616379746776,0.971033865563795,1.60293155875411,1.2370263035612303,0.036340197044452474,0.00020205892634489312,False,True
LONG,Micro_VPIN:hi,False,False,True,82,0.23563218390804597,63,0.2490118577075099,0.22259788714682655,1.0585553480686092,1.121624386746862,1.0850645648204111,0.5131017799476469,0.7721460776456042,False,False
LONG,Micro_VPIN:lo,False,False,True,80,0.22988505747126436,41,0.16205533596837945,0.19450130426466805,1.1819203904074997,0.8337494467531088,1.0354101827296731,0.13370606719051656,0.05000413739770676,False,False
LONG,Micro_VolAccel:hi,False,False,False,84,0.2413793103448276,86,0.33992094861660077,0.24361041832663363,0.9908414919315374,1.3801013979388064,1.1557495779063063,0.7540312182962025,0.01011543490660002,False,False
LONG,Micro_VolAccel:lo,False,False,False,98,0.28160919540229884,53,0.20948616600790515,0.254662688567642,1.1058125435893977,0.8326474332405035,0.9916269474106557,0.2903471957015582,0.04596024360958932,False,False
LONG,Micro_VolOfVol:hi,False,False,True,121,0.34770114942528735,102,0.4031620553359684,0.26397440336325423,1.317177517953576,1.502737833036895,1.3960254919069852,0.037191709062685346,0.1720180521798262,False,False
LONG,Micro_VolOfVol:lo,False,False,True,56,0.16091954022988506,49,0.19367588932806323,0.20837502448776624,0.7722592504810128,0.9535726157274081,0.8474561747539905,0.1879579812819187,0.32782522256811486,False,False
LONG,Micro_WickImbalance:hi,False,False,True,139,0.3994252873563218,52,0.20553359683794467,0.33037162961781197,1.2090181224652796,0.6251416688257156,0.9639139269306728,0.0005259583888517622,3.838864943195443e-07,True,True
LONG,Micro_WickImbalance:lo,False,False,True,130,0.3735632183908046,102,0.4031620553359684,0.3105338282247922,1.202971091833467,1.2889481584436613,1.2393158138552518,0.008065334041418775,0.4974207276882613,False,False
LONG,Momentum_Value:hi,False,False,True,206,0.5919540229885057,161,0.6363636363636364,0.575708027367838,1.028219157712539,1.0997557969083684,1.058422223960874,0.5102595307441821,0.3093159356181685,False,False
LONG,Momentum_Value:lo,False,False,True,42,0.1206896551724138,54,0.2134387351778656,0.07321804008908317,1.6483595439808647,2.8496646219416766,2.1607276971546416,0.0003178175162428869,0.0032135748909801623,True,True
LONG,MultiDay_Position:hi,True,False,True,77,0.22126436781609196,34,0.13438735177865613,0.39869521688696424,0.554971212204995,0.339908480159132,0.46487695397697687,1.489467855907592e-11,0.007638640244434324,True,False
LONG,MultiDay_Position:lo,True,False,True,125,0.35919540229885055,106,0.4189723320158103,0.18660161355930086,1.9249319201878201,2.200484566010784,2.0422855733440968,6.631049925454836e-12,0.14907420693758444,True,False
LONG,MultiDay_Slope:hi,False,False,False,41,0.11781609195402298,35,0.1383399209486166,0.19534822465342078,0.6031080761703758,0.7257070956333898,0.6539884327534122,4.401448612324464e-05,0.4586974586439557,True,False
LONG,MultiDay_Slope:lo,False,False,True,82,0.23563218390804597,53,0.20948616600790515,0.23555283006486755,1.00033688342083,0.9025869995676817,0.9595395158034776,0.9492445569407775,0.4888154282524505,False,False
LONG,OBV_Macd:hi,False,False,False,107,0.3074712643678161,32,0.12648221343873517,0.4871043202678797,0.631222618183153,0.2674196608186224,0.48067877064978376,2.2101276506480392e-08,1.5567654305140096e-07,True,True
LONG,OBV_Macd:lo,False,False,True,118,0.3390804597701149,149,0.5889328063241107,0.11948815374502815,2.837774701027414,4.797538611579601,3.675687603119476,1.3517264911316614e-28,1.7408214652868088e-09,True,True
LONG,OBV_Velocity:hi,False,False,True,111,0.31896551724137934,78,0.308300395256917,0.27588440636870337,1.156156382449179,1.104446081389059,1.134239928970452,0.20890394689191516,0.7902838416755261,False,False
LONG,OBV_Velocity:lo,False,False,False,14,0.040229885057471264,32,0.12648221343873517,0.04332722063041422,0.9285129411054645,3.010236806769692,1.7893077876433026,1.0,0.00013784141482923003,False,True
LONG,OBVf_DirStepCount:hi,False,False,False,41,0.11781609195402298,0,0.0,0.186249450539068,0.6325714873951249,0.0,0.3697131716505469,0.0014606462226930458,1.0272333448614275e-10,True,True
LONG,OBVf_DirStepCount:lo,False,False,False,45,0.12931034482758622,38,0.15019762845849802,0.175099043179897,0.7384982949034884,0.8523301724708247,0.7865946928995774,0.022174936474871003,0.4745831508251319,False,False
LONG,OBVf_Signal:==-1,False,False,True,66,0.1896551724137931,106,0.4189723320158103,0.19817305760911338,0.9570179453348224,2.134895198958555,1.450064990094411,0.7848873438196742,1.1611930090071973e-09,False,True
LONG,OBVf_Signal:==1,False,False,True,282,0.8103448275862069,147,0.5810276679841897,0.8018269423908648,1.0106230967619318,0.7228956515112694,0.8893318240005911,0.7848873438196742,1.1611930090071973e-09,False,True
LONG,OBVf_Trend_Dir:==-1,False,False,False,66,0.1896551724137931,106,0.4189723320158103,0.19817305760911338,0.9570179453348224,2.134895198958555,1.450064990094411,0.7848873438196742,1.1611930090071973e-09,False,True
LONG,OBVf_Trend_Dir:==1,False,False,False,282,0.8103448275862069,147,0.5810276679841897,0.8018269423908648,1.0106230967619318,0.7228956515112694,0.8893318240005911,0.7848873438196742,1.1611930090071973e-09,False,True
LONG,OR_High_Dist_ATR:hi,True,False,False,71,0.20402298850574713,62,0.2450592885375494,0.22429812053769194,0.9096063222315869,1.0633215425285198,0.9753335753484383,0.5341535886023897,0.23431955118135922,False,False
LONG,OR_High_Dist_ATR:lo,True,False,False,0,0.0,0,0.0,0.0,inf,inf,inf,1.0,1.0,False,False
LONG,OR_High_Side:==-1,True,False,True,198,0.5689655172413793,163,0.6442687747035574,0.4048832302426839,1.4052582936081244,1.59971583043326,1.4868665962315828,2.0774817559895043e-14,0.06420852732127728,True,False
LONG,OR_High_Side:==0,True,False,True,44,0.12643678160919541,35,0.1383399209486166,0.12997370754845725,0.9727873736467572,1.0128878477509409,0.9901546669355175,1.0676807695063809e-07,0.7142884476946728,True,False
LONG,OR_High_Side:==1,True,False,True,106,0.3045977011494253,55,0.21739130434782608,0.4651430622088371,0.6548473489058918,0.4718914088523356,0.5782588519347447,0.0008229621920741092,0.01961018225596547,True,False
LONG,OR_Low_Dist_ATR:hi,True,False,False,63,0.1810344827586207,47,0.1857707509881423,0.3033079804424633,0.5968668628320594,0.6264210779085623,0.609146340086318,0.0014203191273096229,0.9150913379307621,True,False
LONG,OR_Low_Dist_ATR:lo,True,False,False,0,0.0,0,0.0,0.0,inf,inf,inf,1.0,1.0,False,False
LONG,OR_Low_Side:==-1,True,False,True,131,0.3764367816091954,115,0.45454545454545453,0.19784917340526317,1.9026452076103617,2.1822087011458,2.023851614414029,1.1392906607351782e-19,0.06446065006421417,True,False
LONG,OR_Low_Side:==0,True,False,False,45,0.12931034482758622,35,0.1383399209486166,0.12903218547541362,1.0021557361920805,1.0199882195377472,1.0098801326675573,2.942433558937809e-07,0.8080478845577286,True,False
LONG,OR_Low_Side:==1,True,False,True,172,0.4942528735632184,103,0.40711462450592883,0.6731186411193057,0.7342730439634569,0.6205306081926436,0.6871010271477037,0.0005038500205360606,0.038216253914220025,True,False
LONG,OR_Position:hi,True,False,True,128,0.367816091954023,66,0.2608695652173913,0.5233579802825925,0.7028001975921279,0.5084676256070051,0.6219337075677345,0.0022270514358872897,0.006151041232028644,True,False
LONG,OR_Position:lo,True,False,True,140,0.40229885057471265,121,0.4782608695652174,0.22754732161841995,1.767978843756017,2.0017235112482696,1.8691672234231744,3.031792406490813e-18,0.06714218189087548,True,False
LONG,PoC_Side:==-1,True,False,False,0,0.0,6,0.023715415019762844,0.0024354838263278685,0.0,5.417867316103556,3.069061236810487,0.40588300711765113,0.005375408830284144,False,True
LONG,PoC_Side:==0,True,False,False,2,0.005747126436781609,1,0.003952569169960474,0.0021118695651184505,2.721345357547811,0.6542693350091556,1.3254670396719097,0.6518689667479719,1.0,False,False
LONG,PoC_Side:==1,True,False,True,346,0.9942528735632183,246,0.9723320158102767,0.9954526466085318,0.998794746239913,0.9825688663368877,0.9919876027823291,1.0,0.03980402252629222,False,False
LONG,PrevDay_Close_Dist_ATR:hi,True,False,True,39,0.11206896551724138,23,0.09090909090909091,0.1316668587462126,0.8511554584381322,0.7070904063595326,0.7913439022092911,0.33364036364218963,0.41872947063566723,False,False
LONG,PrevDay_Close_Dist_ATR:lo,True,False,False,135,0.3879310344827586,110,0.43478260869565216,0.30017065174835794,1.292368298576947,1.4491034943012826,1.3583311447350428,0.0018515529337449369,0.2745465835366412,True,False
LONG,PrevDay_Close_Side:==-1,True,False,True,217,0.6235632183908046,162,0.6403162055335968,0.3798294204794704,1.6416927830489318,1.6420960458331446,1.641865129709435,2.6304400541581465e-16,0.7321322381683066,True,False
LONG,PrevDay_Close_Side:==0,True,False,False,0,0.0,0,0.0,0.0,inf,inf,inf,1.0,1.0,False,False
LONG,PrevDay_Close_Side:==1,True,False,False,131,0.3764367816091954,91,0.35968379446640314,0.6201705795204995,0.6069890995155671,0.5895859677780995,0.5997326136540689,2.6304400541581465e-16,0.7321322381683066,True,False
LONG,PrevDay_High_Dist_ATR:hi,True,False,True,45,0.12931034482758622,25,0.09881422924901186,0.06337017824897083,2.040555169650107,1.4757199619975385,1.7951615265196932,3.6859584274530424e-05,0.3029312246451441,True,False
LONG,PrevDay_High_Dist_ATR:lo,True,False,True,157,0.4511494252873563,102,0.4031620553359684,0.433823366012243,1.0399380499819006,0.936403207288016,0.9965449252199293,0.38064942088961906,0.24431345802456597,False,False
LONG,PrevDay_High_Side:==-1,True,False,True,299,0.8591954022988506,232,0.9169960474308301,0.6785788382886865,1.2661688720881166,1.338099996391216,1.2966222313780402,2.4014798767923254e-12,0.029294400518855034,True,False
LONG,PrevDay_High_Side:==0,True,False,False,0,0.0,0,0.0,0.0,inf,inf,inf,1.0,1.0,False,False
LONG,PrevDay_High_Side:==1,True,False,True,49,0.14080459770114942,21,0.08300395256916997,0.32142116171130153,0.43806884696540055,0.2637533770639908,0.36558412386901656,2.4014798767923254e-12,0.029294400518855034,True,False
LONG,PrevDay_Low_Dist_ATR:hi,True,False,False,19,0.05459770114942529,5,0.019762845849802372,0.12930366537390725,0.42224403300204355,0.1563729258160982,0.31179958715670697,1.4594092027120801e-06,0.03486248328443775,True,False
LONG,PrevDay_Low_Dist_ATR:lo,True,False,True,195,0.5603448275862069,138,0.5454545454545454,0.326798013789583,1.714651876516602,1.6508997811077941,1.687644060771964,5.5109951294566e-19,0.739932689169374,True,False
LONG,PrevDay_Low_Side:==-1,True,False,True,140,0.40229885057471265,80,0.31620553359683795,0.16520257398426988,2.4351851237682194,1.9527611218252154,2.2344523902411004,3.0633455940955892e-22,0.03228000664045505,True,False
LONG,PrevDay_Low_Side:==0,True,False,False,0,0.0,0,0.0,0.0,inf,inf,inf,1.0,1.0,False,False
LONG,PrevDay_Low_Side:==1,True,False,True,208,0.5977011494252874,173,0.6837944664031621,0.8347974260157052,0.7159834599370731,0.8159131647687892,0.7581457813075461,3.0633455940955892e-22,0.03228000664045505,True,False
LONG,RangeOsc_State:==-1,False,False,True,52,0.14942528735632185,106,0.4189723320158103,0.08060106454953872,1.8538872680085094,4.977088079366862,3.201831011643229,2.5793663653320153e-05,1.9825861231477853e-13,True,True
LONG,RangeOsc_State:==-2,False,False,True,50,0.14367816091954022,54,0.2134387351778656,0.09692574229987724,1.4823529591861808,2.034107504524556,1.7253556407075195,0.008670454779716143,0.028971219198960972,False,False
LONG,RangeOsc_State:==1,False,False,False,171,0.49137931034482757,49,0.19367588932806323,0.6703875476300701,0.7329779797997948,0.2967534135627159,0.5521878734523678,3.7736958995854765e-11,2.7423397468431634e-14,True,True
LONG,RangeOsc_State:==2,False,False,True,75,0.21551724137931033,44,0.17391304347826086,0.15208564552049736,1.4170781249060351,1.099041649202023,1.2801110608134407,0.002626383029332506,0.2151763826333517,True,False
LONG,RangeOsc_Val:hi,False,False,True,126,0.3620689655172414,24,0.09486166007905138,0.49252917587932843,0.7351218633308937,0.19961962638506844,0.5143524703217224,2.1018478029505835e-06,1.3243460434346358e-14,True,True
LONG,RangeOsc_Val:lo,False,False,True,14,0.040229885057471264,61,0.24110671936758893,0.02859740139809582,1.4067671568281026,8.05000042502207,4.278493401986101,0.13407444585466255,1.6314665124578048e-13,False,True
LONG,Round_1000_Dist_ATR:hi,True,False,False,2,0.005747126436781609,0,0.0,0.018465508748827696,0.3112357484949594,0.0,0.1829192858764407,0.05112299774955067,0.5116805324459235,False,False
LONG,Round_1000_Dist_ATR:lo,True,False,True,189,0.5431034482758621,163,0.6442687747035574,0.4244310981399445,1.2796033341006239,1.5013171899789126,1.37353338052833,4.3946443785798026e-07,0.014971699068519568,True,False
LONG,Round_100_Dist_ATR:hi,True,False,False,1,0.0028735632183908046,0,0.0,0.0034126822917986527,0.8420248275957427,0.0,0.4807772468284126,1.0,1.0,False,False
LONG,Round_100_Dist_ATR:lo,True,False,True,168,0.4827586206896552,137,0.541501976284585,0.36132065336605546,1.3360947296875676,1.488771058927938,1.4006129933212856,1.7440286361551318e-06,0.16093689608110856,True,False
LONG,Round_500_Dist_ATR:hi,True,False,False,0,0.0,0,0.0,0.0070829237198122095,0.0,0.0,0.0,0.08084015800076841,1.0,False,False
LONG,Round_500_Dist_ATR:lo,True,False,True,181,0.5201149425287356,139,0.549407114624506,0.3902755903441115,1.3326863257580184,1.4373050741865427,1.3761980528986313,1.508370716145233e-08,0.5080428216212327,True,False
LONG,ST_Flip_Event:==-1,False,False,True,37,0.10632183908045977,0,0.0,0.02436370373935884,4.363944013516303,0.0,2.54532389946343,5.4014484176899776e-14,7.876931577637865e-10,True,True
LONG,ST_Flip_Event:==0,False,False,False,296,0.8505747126436781,241,0.9525691699604744,0.9533255561322784,0.8922185156711112,0.9997017676657346,0.9374522289398015,6.4211317400752e-13,4.532708677121698e-05,True,True
LONG,ST_Flip_Event:==1,False,False,True,15,0.04310344827586207,12,0.04743083003952569,0.022310740128346863,1.9319595866341106,2.0442188054671835,1.9802923274334054,0.03417102922542817,0.8433733633261682,False,False
LONG,Session_High_Dist_ATR:hi,True,False,False,50,0.14367816091954022,41,0.16205533596837945,0.07819035488784123,1.8375432766053665,1.8753771700491475,1.8543986343555914,6.790029419393421e-06,0.5653071630785074,True,False
LONG,Session_High_Dist_ATR:lo,True,False,True,104,0.2988505747126437,62,0.2450592885375494,0.46369663529192945,0.644495887973171,0.538805376996897,0.6005010758197814,3.060529664142938e-11,0.16579160372752397,True,False
LONG,Session_High_Side:==-1,True,False,False,348,1.0,253,1.0,0.9954644547666052,1.0045562101305348,1.0047960357955106,1.0046571544011822,0.26652668185178907,1.0,False,False
LONG,Session_High_Side:==0,True,False,False,0,0.0,0,0.0,0.004535545233374938,0.0,0.0,0.0,0.26652668185178907,1.0,False,False
LONG,Session_Low_Dist_ATR:hi,True,False,False,27,0.07758620689655173,9,0.03557312252964427,0.16698608546348745,0.4646267782204909,0.2175869052616419,0.36190382769469653,2.941949670511617e-05,0.03645129176382692,True,False
LONG,Session_Low_Dist_ATR:lo,True,False,True,86,0.2471264367816092,71,0.28063241106719367,0.11313467955278153,2.184356182900713,2.3448162935925225,2.254113992528613,8.02852944412258e-11,0.39744440206436993,True,False
LONG,Session_Low_Side:==0,True,False,False,0,0.0,0,0.0,5.076966816944885e-05,0.0,0.0,0.0,1.0,1.0,False,False
LONG,Session_Low_Side:==1,True,False,False,348,1.0,253,1.0,0.9999492303318119,1.0000507722458782,1.000079150759036,1.0000627184119502,1.0,1.0,False,False
LONG,Slope_Accel_LT:hi,False,False,True,142,0.40804597701149425,37,0.14624505928853754,0.3344630210194473,1.2200032630446416,0.43711991851436577,0.8903785088282357,0.0003675596504862774,1.8182190026604317e-12,True,True
LONG,Slope_Accel_LT:lo,False,False,True,22,0.06321839080459771,30,0.11857707509881422,0.028026844321064302,2.2556371341843966,4.042233253157082,3.027659681646477,0.00032460091464934625,0.01898206569031974,True,False
LONG,Slope_Accel_ST:hi,False,False,False,124,0.3563218390804598,73,0.2885375494071146,0.30993122449003524,1.1496803513965275,0.9296546252469052,1.0569812064946797,0.11489560735519982,0.09439352574210322,False,False
LONG,Slope_Accel_ST:lo,False,False,True,114,0.3275862068965517,56,0.22134387351778656,0.26988028732027114,1.2138204318265011,0.829512596588463,1.053101964531543,0.0017700597238999916,0.004478461346512943,True,True
LONG,Slope_EMA_LT:hi,False,False,False,77,0.22126436781609196,38,0.15019762845849802,0.3520914344815595,0.6284287152338563,0.4348372372771464,0.5478359929112466,2.8683581880151584e-06,0.03539048550275335,True,False
LONG,Slope_EMA_LT:lo,False,False,False,142,0.40804597701149425,140,0.5533596837944664,0.19405379799836942,2.1027466672665844,2.6939980237284478,2.3598702627044426,9.053305698395024e-20,0.0005010429683314329,True,True
LONG,Slope_EMA_ST:hi,False,False,True,198,0.5689655172413793,22,0.08695652173913043,0.6166363066417947,0.9226922111349057,0.14078313034523424,0.593218715622737,0.2931335419246283,2.9749602785693195e-37,False,True
LONG,Slope_EMA_ST:lo,False,True,True,10,0.028735632183908046,164,0.6482213438735178,0.03378811494825615,0.8504656808441198,17.89034291049247,8.315324455798361,1.0,1.4984844260060993e-67,False,True
LONG,Sqz_State:==-1,False,False,True,222,0.6379310344827587,157,0.6205533596837944,0.5592251308967279,1.140740998995922,1.1087638615691542,1.127273398588183,0.009926470301389746,0.6695880118542291,False,False
LONG,Sqz_State:==1,False,False,True,126,0.3620689655172414,96,0.3794466403162055,0.4407748691032536,0.8214374069326195,0.8617527082104367,0.838398586368876,0.009926470301389746,0.6695880118542291,False,False
LONG,Sqz_Val:hi,False,False,True,196,0.5632183908045977,122,0.48221343873517786,0.5302124018027017,1.0622505035523064,0.9065475578653143,0.9965827282540025,0.1285317735277503,0.056935920825559455,False,False
LONG,Sqz_Val:lo,False,False,False,65,0.1867816091954023,59,0.233201581027668,0.10996040208022081,1.6986261023230629,2.1123461561501546,1.873189650076983,1.4457995304481081e-06,0.18460821482205692,True,False
LONG,TChan_A15:hi,False,False,True,197,0.5660919540229885,137,0.541501976284585,0.4719630901444063,1.1994411551330881,1.163156606504293,1.184287590278106,1.595826375797748e-08,0.5614504498885378,True,False
LONG,TChan_A15:lo,False,False,False,6,0.017241379310344827,4,0.015810276679841896,0.04465923471547689,0.3860652655646546,0.40230206228613763,0.39240012856262213,2.6382685601512492e-05,1.0,True,False
LONG,Trend_Concordance:==0,False,False,False,66,0.1896551724137931,106,0.4189723320158103,0.19817305760911338,0.9570179453348224,2.134895198958555,1.450064990094411,0.7848873438196742,1.1611930090071973e-09,False,True
LONG,Trend_Concordance:==1,False,False,False,282,0.8103448275862069,147,0.5810276679841897,0.8018269423908648,1.0106230967619318,0.7228956515112694,0.8893318240005911,0.7848873438196742,1.1611930090071973e-09,False,True
LONG,Trend_Conflict:==0,False,False,False,282,0.8103448275862069,147,0.5810276679841897,0.8018269423908648,1.0106230967619318,0.7228956515112694,0.8893318240005911,0.7848873438196742,1.1611930090071973e-09,False,True
LONG,Trend_Conflict:==1,False,False,False,66,0.1896551724137931,106,0.4189723320158103,0.19817305760911338,0.9570179453348224,2.134895198958555,1.450064990094411,0.7848873438196742,1.1611930090071973e-09,False,True
LONG,Upper_Wick:hi,False,False,True,197,0.5660919540229885,142,0.5612648221343873,0.40051302049969645,1.4134171051835194,1.375960878350553,1.3974820770998857,5.008786743403615e-11,0.9336915450358033,True,False
LONG,Upper_Wick:lo,False,False,False,29,0.08333333333333333,19,0.07509881422924901,0.1169058915451826,0.712824069273926,0.6452264991002038,0.6844405034046865,0.03005029108281963,0.7621964058324983,False,False
LONG,VAH_Dist_ATR:hi,True,False,True,37,0.10632183908045977,13,0.05138339920948617,0.19317194443238322,0.5504000044772343,0.26853296813619976,0.4323949439490153,0.00013145390707951045,0.01668080077558221,True,False
LONG,VAH_Dist_ATR:lo,True,False,False,53,0.15229885057471265,63,0.2490118577075099,0.07752162414721656,1.964598294348055,2.828344939558692,2.3552325818785227,7.759677894251895e-05,0.0033841165331827154,True,True
LONG,VAH_Side:==-1,True,False,False,1,0.0028735632183908046,8,0.03162055335968379,0.003693650152260692,0.7779738469903668,5.200137866311531,3.187182140827021,0.72563252928686,0.005262795774498394,False,True
LONG,VAH_Side:==0,True,False,False,1,0.0028735632183908046,1,0.003952569169960474,0.0018964244423746231,1.5152532071315477,0.6882760155478604,0.946583715992182,1.0,1.0,False,False
LONG,VAH_Side:==1,True,False,False,346,0.9942528735632183,244,0.9644268774703557,0.9944099254053431,0.9998420652910712,0.9759661388093818,0.9898277120568747,0.7769193992378602,0.010624865471338016,False,False
LONG,VAL_Dist_ATR:hi,True,False,False,31,0.08908045977011494,12,0.04743083003952569,0.17411217578984536,0.5116268254417525,0.27492449389949875,0.41251202607375786,6.672572256745098e-05,0.05510554378114364,True,False
LONG,VAL_Dist_ATR:lo,True,False,False,67,0.1925287356321839,75,0.2964426877470356,0.09671754825431593,1.990628785646378,2.7573127707678156,2.333296518601299,9.240246454825135e-07,0.0035143688833789424,True,True
LONG,VAL_Side:==-1,True,False,False,0,0.0,0,0.0,6.146659290675517e-05,0.0,0.0,0.0,1.0,1.0,False,False
LONG,VAL_Side:==0,True,False,False,0,0.0,0,0.0,0.0013432079785118708,0.0,0.0,0.0,0.626909618527097,1.0,False,False
LONG,VAL_Side:==1,True,False,False,348,1.0,253,1.0,0.998595325428561,1.0014066504575676,1.005119550317449,1.0029663031777927,0.6271600351778034,1.0,False,False
LONG,VA_Position:hi,True,False,True,112,0.3218390804597701,53,0.20948616600790515,0.41503776461960906,0.775445291718797,0.5063469116533864,0.6623727175378987,0.03319851233792219,0.002280713000600343,False,True
LONG,VA_Position:lo,True,False,False,30,0.08620689655172414,28,0.11067193675889328,0.0804818554697961,1.0711345563358263,1.2812419204198282,1.1632225440342085,0.924253152697845,0.33001956838115576,False,False
LONG,VWAP_Dist_ATR:hi,True,False,False,41,0.11781609195402298,24,0.09486166007905138,0.14960424216352317,0.7875183901887319,0.6436118242159603,0.7274612886905167,0.4711130247546751,0.42553535126600284,False,False
LONG,VWAP_Dist_ATR:lo,True,False,True,129,0.3706896551724138,86,0.33992094861660077,0.23072544880371068,1.6066266512619398,1.4069949370780617,1.5203411092771049,6.656787519480081e-07,0.490579532241661,True,False
LONG,VWAP_Side:==-1,True,False,True,171,0.49137931034482757,155,0.6126482213438735,0.27985262939686617,1.7558502537704943,2.13438073040141,1.917542037450481,1.1205157507533743e-16,0.003689021687482456,True,True
LONG,VWAP_Side:==0,True,False,False,0,0.0,0,0.0,0.0007375991148810623,0.0,0.0,0.0,1.0,1.0,False,False
LONG,VWAP_Side:==1,True,False,True,177,0.5086206896551724,98,0.38735177865612647,0.71940977148823,0.7069971938287659,0.545628607457062,0.6395885030351725,2.1815541398815683e-16,0.003689021687482456,True,True
LONG,VWAP_Sigma:hi,False,False,True,134,0.3850574712643678,115,0.45454545454545453,0.34521146672552866,1.1154249159704765,1.287504907458838,1.1888072320055574,0.010356585211154061,0.09386854432300935,False,False
LONG,VWAP_Sigma:lo,False,False,True,28,0.08045977011494253,19,0.07509881422924901,0.06399067755246035,1.2573670602093658,1.067285756855267,1.1729203107545447,0.24056713373759783,0.8783374224034868,False,False
LONG,VWAP_Sigma_ATR:hi,False,False,False,34,0.09770114942528736,15,0.05928853754940711,0.09964082605119103,0.9805333144778713,0.5833550681100247,0.8114149845271389,0.6349213216784974,0.09808382248919162,False,False
LONG,VWAP_Sigma_ATR:lo,False,False,True,142,0.40804597701149425,106,0.4189723320158103,0.32917588057260416,1.2395986495173794,1.2660160514863168,1.2507538382183185,0.07041954165170204,0.8016855625526551,False,False
LONG,VWAP_Z:hi,True,False,False,35,0.10057471264367816,9,0.03557312252964427,0.23341432027874107,0.43088492824079017,0.15684678274141764,0.31743965288892234,5.309950399404019e-10,0.0023704180253344073,True,True
LONG,VWAP_Z:lo,True,False,False,0,0.0,5,0.019762845849802372,0.0025901871874167864,0.0,6.902926017472598,3.0755685730259703,0.626909618527097,0.012918321221166732,False,False
LONG,Volume:hi,False,False,True,297,0.853448275862069,202,0.7984189723320159,0.6147686811433685,1.3882429311050715,1.281319513584906,1.3428797663739365,5.000013255982638e-34,0.07929585493774494,True,False
LONG,Volume:lo,False,False,False,0,0.0,1,0.003952569169960474,0.0070967139997128266,0.0,0.3936795431307963,0.199609024253886,0.02425196871526239,0.4209650582362729,False,False
LONG,Volume_Avg_10:hi,False,False,True,266,0.764367816091954,174,0.6877470355731226,0.5929811361717133,1.2890255177874852,1.1541156661218048,1.2320711934651174,2.3820123302576517e-21,0.04024402796160951,True,False
LONG,Volume_Avg_10:lo,False,False,False,5,0.014367816091954023,4,0.015810276679841896,0.021902866828545954,0.6559787905585255,0.6054982870695793,0.6325409868516535,0.011120689765907955,1.0,False,False
LONG,Volume_Ratio_10:hi,False,False,True,102,0.29310344827586204,63,0.2490118577075099,0.18722720371021537,1.5654960522164223,1.301672211111409,1.4530487125932088,0.005371083473486865,0.2666551883913524,True,False
LONG,Volume_Ratio_10:lo,False,False,False,16,0.04597701149425287,15,0.05928853754940711,0.10849398865962448,0.423774736851969,0.5716886323907322,0.4844206646891721,4.973935201452004e-05,0.4628876434313373,True,False
LONG,WeeklyOpen_Dist_ATR:hi,True,False,False,23,0.06609195402298851,19,0.07509881422924901,0.12201084540713554,0.5416891736340945,0.6151282745747251,0.5726155554819077,0.0008344453280923854,0.7464110702537956,True,False
LONG,WeeklyOpen_Dist_ATR:lo,True,False,True,184,0.5287356321839081,120,0.4743083003952569,0.3527365276016836,1.4989534420460298,1.3132805053624577,1.4197212184118766,1.331908850197997e-09,0.21516849262901613,True,False
LONG,WeeklyOpen_Side:==-1,True,False,True,109,0.3132183908045977,100,0.3952569169960474,0.2257806394993254,1.3872685961877327,1.7610150122840915,1.5440638641833773,0.0008697868294086114,0.0379266155525738,True,False
LONG,WeeklyOpen_Side:==0,True,False,False,0,0.0,0,0.0,0.0,inf,inf,inf,1.0,1.0,False,False
LONG,WeeklyOpen_Side:==1,True,False,False,239,0.6867816091954023,153,0.6047430830039525,0.774219360500647,0.8870633366121157,0.7797586200801029,0.8418468235079036,0.0008697868294086114,0.0379266155525738,True,False
SHORT,ADX_Rising:==0,False,False,False,171,0.59375,20,0.23809523809523808,0.49594744786678147,1.1972034588622174,0.4975444247193658,1.0435431745534782,0.00021558798033578542,6.982957800992385e-09,True,True
SHORT,ADX_Rising:==1,False,False,False,117,0.40625,64,0.7619047619047619,0.5040525521331569,0.8059675489802497,1.4611010016463812,0.9578254152179587,0.00021558798033578542,6.982957800992385e-09,True,True
SHORT,ADX_Value:hi,False,False,False,64,0.2222222222222222,15,0.17857142857142858,0.19122887842080474,1.1620745990739731,0.7021360644317205,1.0335268574709233,0.6627130229463889,0.45004191396456844,False,False
SHORT,ADX_Value:lo,False,False,True,61,0.21180555555555555,14,0.16666666666666666,0.1944821672133542,1.0890744307841702,1.195651788223736,1.107502149745771,0.1890522383014715,0.440344606858323,False,False
SHORT,ATR_1M:hi,False,False,True,237,0.8229166666666666,79,0.9404761904761905,0.7081716897246693,1.162029884287819,1.3801989522398135,1.2098399582699864,1.1678660446073751e-11,0.008495425837626865,True,False
SHORT,ATR_1M:lo,False,False,False,0,0.0,0,0.0,0.0,inf,inf,inf,1.0,1.0,False,False
SHORT,AT_Lookback_LT:hi,False,False,True,72,0.25,23,0.27380952380952384,0.1827419688116216,1.3680491768024614,1.4044424131243358,1.3766860367940101,0.002513096420282613,0.6711054276883028,True,False
SHORT,AT_Lookback_LT:lo,False,False,False,0,0.0,0,0.0,0.0,inf,inf,inf,1.0,1.0,False,False
SHORT,AT_Lookback_ST:hi,False,False,True,86,0.2986111111111111,19,0.2261904761904762,0.18213556252261826,1.6394992113307278,1.213641299857878,1.5416145854240826,1.547699469993809e-05,0.21678872376202182,True,False
SHORT,AT_Lookback_ST:lo,False,False,False,0,0.0,0,0.0,0.0,inf,inf,inf,1.0,1.0,False,False
SHORT,AT_Regime_LT:==0,False,False,False,156,0.5416666666666666,49,0.5833333333333334,0.42147780168379206,1.2851606051439088,1.4901397490904087,1.328852582428869,7.316283752471496e-07,0.5345097798220846,True,False
SHORT,AT_Regime_LT:==1,False,False,False,132,0.4583333333333333,35,0.4166666666666667,0.5785221983161762,0.792248481851414,0.6847013335284602,0.7669994713246422,7.316283752471496e-07,0.5345097798220846,True,False
SHORT,AT_Regime_ST:==0,False,False,True,85,0.2951388888888889,14,0.16666666666666666,0.15416939285348402,1.9143805617070584,1.1166882419726099,1.7387377459785058,8.562595642256445e-10,0.024175893719549396,True,False
SHORT,AT_Regime_ST:==1,False,False,False,203,0.7048611111111112,70,0.8333333333333334,0.8458306071465979,0.8333360192402518,0.9795288435187042,0.8664957231353452,8.562595642256445e-10,0.024175893719549396,True,False
SHORT,AT_Score_LT:hi,False,True,True,49,0.1701388888888889,30,0.35714285714285715,0.04568523335197775,3.7241549709961905,6.6021023310321185,4.462935352139796,2.505303427290254e-15,0.0004331312768923425,True,True
SHORT,AT_Score_LT:lo,False,False,True,39,0.13541666666666666,4,0.047619047619047616,0.09130788292414714,1.483077499224928,0.4464099141853215,1.2196144145777343,0.12318144890009658,0.031383423154446366,False,False
SHORT,AT_Score_ST:hi,False,False,False,9,0.03125,8,0.09523809523809523,0.01340204387089985,2.3317338982790385,7.285805105572484,3.428930460227084,0.021748885700063312,0.031483966676736155,False,False
SHORT,AT_Score_ST:lo,False,False,False,73,0.2534722222222222,7,0.08333333333333333,0.271383671519621,0.9339995321122192,0.36041872385678636,0.8198371749606987,0.5919834260171744,0.00048107624490592094,False,True
SHORT,AT_Slope_LT:hi,False,False,True,89,0.3090277777777778,32,0.38095238095238093,0.21732431286445814,1.4219659719826825,2.0370029689116156,1.5453629990932711,1.0127671346663208e-05,0.23454517440436967,True,False
SHORT,AT_Slope_LT:lo,False,False,False,103,0.3576388888888889,13,0.15476190476190477,0.3710115464885527,0.9639562225859825,0.4435952660466906,0.8519556709465357,0.7581257726193362,0.00028833772584373787,False,True
SHORT,AT_Slope_ST:hi,False,False,True,50,0.1736111111111111,5,0.05952380952380952,0.05991845579959524,2.8974563645594467,1.072959084946862,2.509521900701952,9.560897815524836e-14,0.008371200106218925,True,False
SHORT,AT_Slope_ST:lo,False,False,True,162,0.5625,40,0.47619047619047616,0.6114134964176909,0.9199993184575118,0.8331986076858457,0.9014040323722985,0.8571487710322174,0.17262617239364514,False,False
SHORT,Bar_Range:hi,False,False,True,213,0.7395833333333334,79,0.9404761904761905,0.6427252473821639,1.1506990527378145,1.503639708359576,1.2287284123316478,1.170795647688767e-07,3.203399528390173e-05,True,True
SHORT,Bar_Range:lo,False,False,False,0,0.0,0,0.0,0.0009847314814252644,0.0,0.0,0.0,1.0,1.0,False,False
SHORT,Bars_Since_Flip:hi,False,False,True,82,0.2847222222222222,13,0.15476190476190477,0.1920563648910136,1.4824930295009686,0.7745742000972836,1.317693965466881,0.0015510962219339878,0.015833098321676037,True,False
SHORT,Bars_Since_Flip:lo,False,False,False,65,0.22569444444444445,34,0.40476190476190477,0.1882756426765191,1.1987447831062008,2.0082202602403822,1.3913522756110224,0.10992573587540067,0.001862103143487378,False,True
SHORT,Body_Size:hi,False,False,True,173,0.6006944444444444,75,0.8928571428571429,0.48774601264833456,1.2315722299457235,1.7995345093042694,1.3615279691186526,1.7033584281003938e-05,1.6589484393458413e-07,True,True
SHORT,Body_Size:lo,False,False,True,19,0.06597222222222222,0,0.0,0.07664595357896548,0.860739793057092,0.0,0.677797413125777,0.5760969708958916,0.009952069728977747,False,False
SHORT,D2D_ATR:hi,False,False,True,241,0.8368055555555556,64,0.7619047619047619,0.6933844754817359,1.2068420697971014,1.2137650505960402,1.2082882059048798,7.932447387365354e-19,0.14544729045903415,True,False
SHORT,D2D_ATR:lo,False,False,False,0,0.0,0,0.0,0.0006409767046570951,0.0,0.0,0.0,1.0,1.0,False,False
SHORT,D2D_ATR_MA:hi,False,False,True,234,0.8125,42,0.5,0.6560765734765756,1.2384225147600234,0.8905046887187239,1.1689252943127972,1.2723932103038223e-21,6.392157008750516e-08,True,True
SHORT,D2D_ATR_MA:lo,False,False,False,1,0.003472222222222222,2,0.023809523809523808,0.006537460181255673,0.531127093083923,1.2273583806218726,0.8541400824671785,0.13956596347657965,0.12916056653122995,False,False
SHORT,D2D_DirStep:==-1,False,False,False,144,0.5,83,0.9880952380952381,0.7180423730381121,0.6963377354520847,1.3541744433364025,0.8467363897265979,2.7450665719475454e-15,7.289087106621425e-20,True,True
SHORT,D2D_DirStep:==1,False,False,False,144,0.5,1,0.011904761904761904,0.28195762696191573,1.7733161020947854,0.04403725776998428,1.3954136391209306,2.7450665719475454e-15,7.289087106621425e-20,True,True
SHORT,D2D_Dn_Count:hi,False,True,True,0,0.0,37,0.44047619047619047,0.027312773796129224,0.0,11.9469054273584,3.3749531425017683,0.0004496073714228457,6.337393177804409e-28,True,True
SHORT,D2D_Dn_Count:lo,False,False,False,0,0.0,0,0.0,0.0,inf,inf,inf,1.0,1.0,False,False
SHORT,D2D_Dynamic_Sensitivity:hi,False,False,False,0,0.0,0,0.0,0.0,inf,inf,inf,1.0,1.0,False,False
SHORT,D2D_Dynamic_Sensitivity:lo,False,True,True,40,0.1388888888888889,64,0.7619047619047619,0.07063367716933447,1.9663267502826165,5.0935506172046985,3.160382607976962,0.00979137980369933,7.748253403399582e-27,False,True
SHORT,D2D_Persist:hi,False,False,False,13,0.04513888888888889,0,0.0,0.013709812093739228,3.2924513173672287,0.0,2.5981607898266237,0.0001887872446121115,0.046136282462683025,True,False
SHORT,D2D_Persist:lo,False,False,False,60,0.20833333333333334,21,0.25,0.3699269533298004,0.5631742468562387,0.6987262581771245,0.5929997434201035,9.789253712797323e-09,0.4529635509606027,True,False
SHORT,D2D_Signal:==-1,False,True,True,0,0.0,36,0.42857142857142855,0.025681132583586876,0.0,13.395838208685664,3.5701648445054968,0.0006663586826848368,4.436175224463086e-27,True,True
SHORT,D2D_Signal:==0,False,False,False,288,1.0,48,0.5714285714285714,0.9743188674165465,1.0263580368217113,0.5903144294383669,0.928391115452252,0.0006663586826848368,4.436175224463086e-27,True,True
SHORT,D2D_Signal:==1,False,False,False,0,0.0,0,0.0,0.0,inf,inf,inf,1.0,1.0,False,False
SHORT,D2D_Up_Count:hi,False,False,False,0,0.0,0,0.0,0.0,inf,inf,inf,1.0,1.0,False,False
SHORT,D2D_Up_Count:lo,False,False,False,0,0.0,0,0.0,0.0,inf,inf,inf,1.0,1.0,False,False
SHORT,DailyOpen_Dist_ATR:hi,True,False,True,84,0.2916666666666667,5,0.05952380952380952,0.11940261879316971,2.442715826626,0.6508127587307905,2.1154887891698126,2.319925078440332e-15,2.201982311334579e-06,True,True
SHORT,DailyOpen_Dist_ATR:lo,True,False,True,78,0.2708333333333333,43,0.5119047619047619,0.28896970180005943,0.9372378199037807,1.480326514582289,1.0777501447398916,0.2713265765648951,6.065835243930856e-05,False,True
SHORT,DailyOpen_Side:==-1,True,False,True,153,0.53125,43,0.5119047619047619,0.6060346996879495,0.876599970717095,0.8201706154716651,0.8635650520672065,0.0008811877437351612,0.8042674475543742,True,False
SHORT,DailyOpen_Side:==0,True,False,False,0,0.0,0,0.0,6.0867640548915455e-05,0.0,0.0,0.0,1.0,1.0,False,False
SHORT,DailyOpen_Side:==1,True,False,False,135,0.46875,41,0.4880952380952381,0.39390443267148134,1.190009456915506,1.29888604322846,1.2137095139187666,0.0008788645474820753,0.8042674475543742,True,False
SHORT,Dist_To_PoC_ATR:hi,True,False,False,49,0.1701388888888889,7,0.08333333333333333,0.08001220152978925,2.1264117926507082,1.324584077824821,1.9768293161838637,5.530400358105439e-07,0.05640819449851349,True,False
SHORT,Dist_To_PoC_ATR:lo,True,False,True,92,0.3194444444444444,46,0.5476190476190477,0.41977259347594886,0.7609940463222432,1.1281843751327276,0.8536012907702156,0.0001868347721331071,0.00018822069874322575,True,True
SHORT,EMA_Oscillator:hi,False,True,False,27,0.09375,0,0.0,0.021920261096116393,4.276865115288689,0.0,3.2585459667139345,1.1593793892936772e-11,0.001264920386014525,True,True
SHORT,EMA_Oscillator:lo,False,False,True,140,0.4861111111111111,53,0.6309523809523809,0.6326321586169563,0.768394563080439,1.0276194120059834,0.8255851797259061,9.758433775217996e-05,0.025169720853458685,True,False
SHORT,Efficiency_Ratio:hi,False,False,True,64,0.2222222222222222,44,0.5238095238095238,0.20487991012692444,1.0846462304896274,2.371408330784541,1.3924741274538182,0.5575650456396927,2.5920032077070293e-07,False,True
SHORT,Efficiency_Ratio:lo,False,False,True,37,0.1284722222222222,1,0.011904761904761904,0.19620965048157396,0.6547701497194555,0.06260206963814047,0.524265981266745,0.00414713364268451,0.0007661354129289491,True,True
SHORT,Harmonic_D2D_Concordance:==0,False,False,False,171,0.59375,41,0.4880952380952381,0.49367423979030417,1.202716188416484,0.984629882484522,1.15331348118735,0.00035219439040424827,0.10331444953910955,True,False
SHORT,Harmonic_D2D_Concordance:==1,False,False,False,117,0.40625,43,0.5119047619047619,0.5063257602096369,0.8023490644280038,1.0151088776040924,0.8502415961238768,0.00035219439040424827,0.10331444953910955,True,False
SHORT,Harmonic_LLEMA:hi,False,False,False,17,0.059027777777777776,0,0.0,0.01774769191795111,3.3259410886028196,0.0,2.4059320739488155,3.30525183146124e-05,0.016611178803253007,True,False
SHORT,Harmonic_LLEMA:lo,False,False,False,113,0.3923611111111111,40,0.47619047619047616,0.4821669723790611,0.8137453073053953,1.0021679921718813,0.8558121246211041,0.004255541274615613,0.20747424280636662,True,False
SHORT,Harmonic_OBVf_Concordance:==0,False,False,False,177,0.6145833333333334,50,0.5952380952380952,0.5435265718324277,1.1307328200373852,1.0902724557345065,1.1215650572858977,0.01225051957721115,0.7996115605235301,False,False
SHORT,Harmonic_OBVf_Concordance:==1,False,False,False,111,0.3854166666666667,34,0.40476190476190477,0.45647342816752823,0.8443353827053799,0.8914547981073755,0.8549314022558552,0.01225051957721115,0.7996115605235301,False,False
SHORT,KAMA_Dist:hi,False,False,True,35,0.12152777777777778,1,0.011904761904761904,0.03564854158472425,3.409053284520723,0.30372687382463215,2.6550216008193046,2.8543722464420405e-11,0.0012638056997846896,True,True
SHORT,KAMA_Dist:lo,False,False,False,137,0.4756944444444444,62,0.7380952380952381,0.6153444595597827,0.7730539164759136,1.2421205795069459,0.8761353979144308,8.0101501777177e-05,2.064825211592977e-05,True,True
SHORT,KAMA_Dist_ATR:hi,False,False,False,9,0.03125,0,0.0,0.00685296926807265,4.560067144265605,0.0,3.3831630077218837,0.00020839724516148752,0.21800433850528,True,False
SHORT,KAMA_Dist_ATR:lo,False,False,False,72,0.25,13,0.15476190476190477,0.35978121176491373,0.6948667463028994,0.49656619264824275,0.6548698579046036,0.0006980755645482364,0.07663483740117252,True,False
SHORT,KAMA_Slope:hi,False,False,False,25,0.08680555555555555,0,0.0,0.02748568911637566,3.1582091752554167,0.0,2.316470550548186,3.528023781025933e-07,0.002123453780105985,True,True
SHORT,KAMA_Slope:lo,False,False,False,121,0.4201388888888889,53,0.6309523809523809,0.5343690701061289,0.7862335460498243,1.1933888783840383,0.87741577406971,0.0008381618415150792,0.0007663168175002879,True,True
SHORT,Lower_Wick:hi,False,False,True,105,0.3645833333333333,26,0.30952380952380953,0.4163189732430212,0.875730765987723,0.7424517348344435,0.8456033189350454,0.42809091859939574,0.36720133216927064,False,False
SHORT,Lower_Wick:lo,False,False,True,70,0.24305555555555555,28,0.3333333333333333,0.10623441661464646,2.2879172616649517,2.9078956595440055,2.43632804538017,2.539916559284087e-09,0.12102176035075685,True,False
SHORT,Micro_Amihud:hi,False,False,False,63,0.21875,47,0.5595238095238095,0.17553515810912199,1.246189095998725,1.9328235152179358,1.4691959822021936,1.0,9.425757374683236e-09,False,True
SHORT,Micro_Amihud:lo,False,False,True,52,0.18055555555555555,2,0.023809523809523808,0.1864351915673512,0.9684628424367425,0.16055307307437108,0.8163231347177198,0.5224119468902855,7.945426718321228e-05,False,True
SHORT,Micro_AutoCorr:hi,False,False,True,86,0.2986111111111111,28,0.3333333333333333,0.20045425989149543,1.4896720642043093,1.7936952430122879,1.5543816904136945,0.00015994932007932093,0.5909960416722289,True,False
SHORT,Micro_AutoCorr:lo,False,False,True,40,0.1388888888888889,9,0.10714285714285714,0.20680840878008994,0.6715824066736891,0.5355856699555099,0.6416564177622837,0.007435723626670528,0.5824334568245362,True,False
SHORT,Micro_BarEntropy:hi,False,False,True,46,0.1597222222222222,5,0.05952380952380952,0.1922554770679008,0.8307811286219507,0.3189914071676301,0.7178651790387421,0.25306867195275773,0.01857022091061316,False,False
SHORT,Micro_BarEntropy:lo,False,False,True,84,0.2916666666666667,36,0.42857142857142855,0.20162720720705118,1.4465640362074443,1.999135780072779,1.577361351975865,0.0013774162097948135,0.023792324902877665,True,False
SHORT,Micro_BarOverlap:hi,False,False,True,60,0.20833333333333334,11,0.13095238095238096,0.18925444278941506,1.1008107934625742,0.6780697766509078,1.0038485749326824,0.322088844592881,0.11803115656345642,False,False
SHORT,Micro_BarOverlap:lo,False,False,True,76,0.2638888888888889,42,0.5,0.20231601849387876,1.3043400658701332,2.2840630105431954,1.5393587090786773,0.06058041170726507,9.244971301206814e-05,False,True
SHORT,Micro_CSSpread:hi,False,False,True,71,0.2465277777777778,30,0.35714285714285715,0.1755544241831401,1.4042812018260364,1.603190808401769,1.4580130573644987,0.03553684779722288,0.05130019740963142,False,False
SHORT,Micro_CSSpread:lo,False,False,True,53,0.1840277777777778,12,0.14285714285714285,0.22185888766393413,0.8294812063447199,0.6908052992775091,0.7998386515441348,0.341661770879151,0.41921838979805215,False,False
SHORT,Micro_Entropy:hi,False,False,False,43,0.14930555555555555,6,0.07142857142857142,0.14836122704973392,1.0063650626555216,0.5111760114524712,0.8996492092771895,0.7996413740446782,0.06803570513925886,False,False
SHORT,Micro_Entropy:lo,False,False,True,61,0.21180555555555555,43,0.5119047619047619,0.1441699211015898,1.4691383191248755,2.8733509355811635,1.8411627866957632,0.005980393392241056,3.432294981653792e-07,True,True
SHORT,Micro_FailedBreak:hi,False,False,False,73,0.2534722222222222,2,0.023809523809523808,0.1899950912707955,1.3340987944838756,0.12601813089251848,1.062483696880302,0.012735444035813424,2.960965442670849e-07,False,True
SHORT,Micro_FailedBreak:lo,False,False,True,69,0.23958333333333334,52,0.6190476190476191,0.23901637049697125,1.0023720669642135,2.4998074710698126,1.3498691686641215,0.7832938819958783,3.1313816846246323e-10,False,True
SHORT,Micro_FractalDim:hi,False,False,False,31,0.1076388888888889,14,0.16666666666666666,0.19946547111495175,0.5396367014662738,0.7934229772490783,0.599271919188372,3.804423227342024e-05,0.181563322850466,True,False
SHORT,Micro_FractalDim:lo,False,False,True,64,0.2222222222222222,16,0.19047619047619047,0.19926843517753218,1.1151902810108387,0.9389298547223357,1.0748356190617958,0.2614600134550059,0.6508830640253341,False,False
SHORT,Micro_GarmanKlass:hi,False,False,True,205,0.7118055555555556,74,0.8809523809523809,0.6570267825327233,1.083373729167736,1.3974653030190785,1.152051243027419,4.659426737493053e-05,0.0014826096877478857,True,True
SHORT,Micro_GarmanKlass:lo,False,False,False,2,0.006944444444444444,1,0.011904761904761904,0.0022209614424286415,3.12677397805278,2.917333293845937,3.0536971466528375,0.23916634746314835,0.5370630520965275,False,False
SHORT,Micro_HLAsymmetry:hi,False,False,True,102,0.3541666666666667,3,0.03571428571428571,0.29662036150518617,1.1940065910157498,0.1209197044386031,0.9524974434379168,0.012585472213353408,2.943178564443628e-10,False,True
SHORT,Micro_HLAsymmetry:lo,False,False,True,126,0.4375,76,0.9047619047619048,0.3789533664112023,1.154495615498158,2.3559379814324912,1.4285968562257656,0.036895072674844,2.1671720607784958e-15,False,True
SHORT,Micro_Hurst:hi,False,False,True,132,0.4583333333333333,27,0.32142857142857145,0.19037987609247592,2.4074673370976485,1.844803810073147,2.288918954599959,8.729908135399666e-24,0.032748102069615315,True,False
SHORT,Micro_Hurst:lo,False,False,True,32,0.1111111111111111,7,0.08333333333333333,0.19952008980678665,0.5568918459224333,0.44354740514333363,0.5324694477291797,0.0001630980522243786,0.548117386300214,True,False
SHORT,Micro_IBSP:hi,False,False,True,71,0.2465277777777778,2,0.023809523809523808,0.19158965422834395,1.286748904948471,0.11626509325833828,1.0085674618323475,0.035773147651451495,5.357612505988708e-07,False,True
SHORT,Micro_IBSP:lo,False,False,True,79,0.2743055555555556,54,0.6428571428571429,0.2256131333878325,1.2158226404489496,2.855659125674278,1.585477457568083,0.07722906429235057,2.1991379024158592e-09,False,True
SHORT,Micro_Lambda:hi,False,False,True,76,0.2638888888888889,47,0.5595238095238095,0.2116493778852695,1.2468209995492512,1.974471173336641,1.4511756738691155,0.4902539770009733,8.216540107697718e-07,False,True
SHORT,Micro_Lambda:lo,False,False,False,51,0.17708333333333334,1,0.011904761904761904,0.18169295973277472,0.9746295816512593,0.07426106359684519,0.7903506770031751,0.6337791732794054,1.9694978143454347e-05,False,True
SHORT,Micro_LogReturn:hi,False,False,True,110,0.3819444444444444,9,0.10714285714285714,0.32155775190794833,1.1877942365817473,0.32785866782408923,0.9911753306555386,0.021500163915708425,5.842653837383135e-07,False,True
SHORT,Micro_LogReturn:lo,False,False,True,109,0.3784722222222222,72,0.8571428571428571,0.3732655758653326,1.0139489058020397,2.252468836279476,1.2978128226155439,0.9023101125558145,2.883081914340599e-15,False,True
SHORT,Micro_MicroGap:hi,False,False,True,47,0.16319444444444445,20,0.23809523809523808,0.130797644738793,1.2476864149224467,1.6177361344345649,1.3391248207795958,0.11189231801702143,0.14544729045903415,False,False
SHORT,Micro_MicroGap:lo,False,False,True,45,0.15625,21,0.25,0.1273157961631483,1.2272632674721216,1.7205514792231156,1.3504571784329402,0.12924002185662692,0.05271834977228187,False,False
SHORT,Micro_MomoTransfer:hi,False,False,True,67,0.2326388888888889,36,0.42857142857142855,0.20429139581627997,1.1387600929512565,2.0597930855789257,1.3496973318557801,0.34230213726301373,0.0007862145641067311,False,True
SHORT,Micro_MomoTransfer:lo,False,False,False,51,0.17708333333333334,13,0.15476190476190477,0.22024802302365976,0.8040178109308636,0.6966297009441094,0.7796063942928723,0.07335753421619072,0.7431620107353083,False,False
SHORT,Micro_OrderFlowDelta:hi,False,False,True,120,0.4166666666666667,10,0.11904761904761904,0.34092571146551753,1.2221626373545307,0.37319466703261467,1.0401475192313623,0.0012030218843517675,1.2778009058883042e-07,True,True
SHORT,Micro_OrderFlowDelta:lo,False,False,True,122,0.4236111111111111,64,0.7619047619047619,0.3947937687963608,1.0729934071720737,2.1189524186161366,1.2925264702384924,0.1112433433141651,5.603321628303615e-08,False,True
SHORT,Micro_PriceAccel:hi,False,False,True,118,0.4097222222222222,22,0.2619047619047619,0.34897283052826444,1.1740805769950549,0.7417743614257157,1.0755762079685776,0.020389864975337547,0.015018217382647681,False,False
SHORT,Micro_PriceAccel:lo,False,False,True,93,0.3229166666666667,41,0.4880952380952381,0.33733122892107237,0.9572688176528763,1.4192286273924786,1.0631518007792924,0.752813452427987,0.006678112887080891,False,False
SHORT,Micro_RangeAccel:hi,False,False,False,89,0.3090277777777778,31,0.36904761904761907,0.35261891696864006,0.8763788977471705,1.0188786864032606,0.909229686195632,0.16994104970260152,0.35312588724126986,False,False
SHORT,Micro_RangeAccel:lo,False,False,True,130,0.4513888888888889,43,0.5119047619047619,0.3003860044334166,1.502696138391306,1.6936995740355842,1.5460318148344534,2.2997031344050857e-08,0.38432605388167584,True,False
SHORT,Micro_RangeVelocity:hi,False,False,False,88,0.3055555555555556,42,0.5,0.3457282569598888,0.8838026669917408,1.4029764165121876,1.0038137745335105,0.13435405833648326,0.001678935957404265,False,True
SHORT,Micro_RangeVelocity:lo,False,False,True,140,0.4861111111111111,33,0.39285714285714285,0.3109339028470641,1.5633905040911849,1.256096557917743,1.4936864164113635,5.3123598939073705e-11,0.13783518943359593,True,False
SHORT,Micro_Rejection:hi,False,False,True,50,0.1736111111111111,8,0.09523809523809523,0.18038216434746993,0.9624627342683628,0.5226447176664292,0.8623659667999971,0.8768865011520288,0.08905138123759984,False,False
SHORT,Micro_Rejection:lo,False,False,False,54,0.1875,17,0.20238095238095238,0.19314279300816858,0.9707843460256375,1.0902819344156107,0.9969470724395185,0.939320753802256,0.7539679424305796,False,False
SHORT,Micro_RollProxy:hi,False,False,True,131,0.4548611111111111,64,0.7619047619047619,0.36766294713289777,1.2371687564879748,2.0554442680926557,1.4231109606550956,0.0020185099299855126,5.30716385201207e-07,True,True
SHORT,Micro_RollProxy:lo,False,False,True,106,0.3680555555555556,16,0.19047619047619047,0.3789460772531214,0.971261025377256,0.4975292123254884,0.8634393768506821,0.9509996463007675,0.0022775842698649074,False,True
SHORT,Micro_ThrustEff:hi,False,False,True,63,0.21875,0,0.0,0.15216680954309394,1.437567105841498,0.0,1.117710477931736,0.0020548945131380197,2.5467371846261116e-08,True,True
SHORT,Micro_ThrustEff:lo,False,False,True,81,0.28125,70,0.8333333333333334,0.2577599932855022,1.091131313339536,3.1386447202122834,1.5641590395322478,0.6385936678424058,7.139561335255645e-20,False,True
SHORT,Micro_TickIntensity:hi,False,False,True,82,0.2847222222222222,2,0.023809523809523808,0.17956894943415763,1.5855871692707153,0.18238479654420814,1.340104397044997,2.5930056151223865e-08,1.3907278876488013e-08,True,True
SHORT,Micro_TickIntensity:lo,False,False,True,53,0.1840277777777778,45,0.5357142857142857,0.18627268599026597,0.987948269492364,1.7940827405803832,1.2447765621438416,0.048880646941069875,8.930326791337597e-10,False,True
SHORT,Micro_VPIN:hi,False,False,False,64,0.2222222222222222,32,0.38095238095238093,0.20387259539558789,1.0900053623736397,1.9567922829169873,1.2788302670888032,0.33481231079087764,0.0045641579564152926,False,True
SHORT,Micro_VPIN:lo,False,False,True,61,0.21180555555555555,15,0.17857142857142858,0.19639751220777918,1.078453352970558,0.9259638319227183,1.044503829689982,0.6025014504049633,0.5428252297576841,False,False
SHORT,Micro_VolAccel:hi,False,False,True,75,0.2604166666666667,25,0.2976190476190476,0.23495615886949334,1.108362802318859,1.1660857209704405,1.1222510623354367,0.6304604877857318,0.488210053893402,False,False
SHORT,Micro_VolAccel:lo,False,False,True,93,0.3229166666666667,37,0.44047619047619047,0.24914612612291262,1.2960934680853133,1.7302724051824583,1.3957783006151978,0.009509196217456274,0.05171291931552027,False,False
SHORT,Micro_VolOfVol:hi,False,False,False,73,0.2534722222222222,61,0.7261904761904762,0.19739502948159904,1.2840861438501958,2.3171778435124186,1.6110630486891262,0.5307577713437255,1.0406797611817752e-14,False,True
SHORT,Micro_VolOfVol:lo,False,False,True,56,0.19444444444444445,6,0.07142857142857142,0.2359401186148773,0.8241262468882377,0.38559941181779966,0.7424176655889678,0.46850742617476027,0.0072805229780452466,False,False
SHORT,Micro_WickImbalance:hi,False,False,True,81,0.28125,38,0.4523809523809524,0.29190374429881444,0.9635025431948263,1.4371222809237139,1.0768255406495117,0.7438077677475523,0.0049928151494053295,False,True
SHORT,Micro_WickImbalance:lo,False,False,True,108,0.375,23,0.27380952380952384,0.3389846235712979,1.106244867537855,0.9069199219542476,1.0651433995885904,0.020695172933548757,0.0929922274933303,False,False
SHORT,Momentum_Value:hi,False,False,True,79,0.2743055555555556,0,0.0,0.08359181974693711,3.281488025813751,0.0,2.573938179193646,3.3749283182024776e-24,1.3906435731223076e-10,True,True
SHORT,Momentum_Value:lo,False,False,False,119,0.4131944444444444,77,0.9166666666666666,0.5709944548908152,0.7236400299604571,1.6061215128704167,0.9228394137311141,3.803410669452117e-06,7.528481481909538e-18,True,True
SHORT,MultiDay_Position:hi,True,False,True,103,0.3576388888888889,32,0.38095238095238093,0.20457498378100206,1.7482044103287921,1.717061570501264,1.7407206883598116,1.5331764228785828e-08,0.7006173242862199,True,False
SHORT,MultiDay_Position:lo,True,False,False,101,0.3506944444444444,24,0.2857142857142857,0.4005210655267044,0.8755955045292422,0.7147626476343476,0.8393337476586805,0.03450733397000616,0.2953620585749032,False,False
SHORT,MultiDay_Slope:hi,False,False,True,85,0.2951388888888889,17,0.20238095238095238,0.19185413970665738,1.5383503808682608,1.071893807899269,1.4343213242990407,7.087520764958817e-05,0.09760605515613266,True,False
SHORT,MultiDay_Slope:lo,False,False,True,54,0.1875,14,0.16666666666666666,0.21643397800733283,0.8663149923421334,0.7417706816657381,0.8373688847850687,0.07805626199014401,0.7495817009553989,False,False
SHORT,OBV_Macd:hi,False,False,False,39,0.13541666666666666,17,0.20238095238095238,0.1151361059852186,1.176144229543873,2.28153897798925,1.3789601892476906,0.15010065767309816,0.16415620806988507,False,False
SHORT,OBV_Macd:lo,False,False,True,141,0.4895833333333333,17,0.20238095238095238,0.5155442068544961,0.9496437489239603,0.4748189493006894,0.8573916156622884,0.7212060194693142,2.517665609258084e-06,False,True
SHORT,OBV_Velocity:hi,False,False,True,51,0.17708333333333334,5,0.05952380952380952,0.047514064570819844,3.726966634676984,1.2315169145898968,3.1559814253560656,2.241523381569764e-16,0.008495425837626865,True,False
SHORT,OBV_Velocity:lo,False,False,True,65,0.22569444444444445,33,0.39285714285714285,0.26477993424023166,0.8523850007443335,1.3381762657556278,0.9710945822802759,0.10732901013414745,0.0030556782821600094,False,True
SHORT,OBVf_DirStepCount:hi,False,False,True,30,0.10416666666666667,9,0.10714285714285714,0.17969952076344928,0.5796713659787015,0.5986930679124506,0.5839529145509537,0.0005986041992708554,1.0,True,False
SHORT,OBVf_DirStepCount:lo,False,False,False,50,0.1736111111111111,6,0.07142857142857142,0.17648966150620024,0.9836899772455623,0.3985246321462652,0.8499716081280927,0.816824256236728,0.023327758039846734,False,False
SHORT,OBVf_Signal:==-1,False,False,False,173,0.6006944444444444,54,0.6428571428571429,0.7939905247170581,0.7565511498496842,0.8079694302656593,0.7681804552246307,7.2043902262423e-14,0.5264217938180786,True,False
SHORT,OBVf_Signal:==1,False,False,True,115,0.3993055555555556,30,0.35714285714285715,0.2060094752830052,1.938287328808591,1.7476622445141712,1.895511135159635,7.2043902262423e-14,0.5264217938180786,True,False
SHORT,OBVf_Trend_Dir:==-1,False,False,False,173,0.6006944444444444,54,0.6428571428571429,0.7939905247170581,0.7565511498496842,0.8079694302656593,0.7681804552246307,7.2043902262423e-14,0.5264217938180786,True,False
SHORT,OBVf_Trend_Dir:==1,False,False,False,115,0.3993055555555556,30,0.35714285714285715,0.2060094752830052,1.938287328808591,1.7476622445141712,1.895511135159635,7.2043902262423e-14,0.5264217938180786,True,False
SHORT,OR_High_Dist_ATR:hi,True,False,True,84,0.2916666666666667,3,0.03571428571428571,0.27403991417081797,1.0643218435868484,0.19289304715286282,0.9208672774577414,0.035918502474294615,6.176771314718997e-08,False,True
SHORT,OR_High_Dist_ATR:lo,True,False,False,0,0.0,0,0.0,0.0,inf,inf,inf,1.0,1.0,False,False
SHORT,OR_High_Side:==-1,True,False,True,182,0.6319444444444444,42,0.5,0.6669662794844792,0.9474908460633058,0.8499258374012749,0.9275271495850638,0.02634507310467303,0.031963034180850565,False,False
SHORT,OR_High_Side:==0,True,False,False,41,0.1423611111111111,27,0.32142857142857145,0.1328559989636122,1.0715444708680582,1.0824541886803618,1.0758498410987087,3.8169933773109427e-07,0.0003740213139650737,True,True
SHORT,OR_High_Side:==1,True,False,True,65,0.22569444444444445,15,0.17857142857142858,0.20017772155193855,1.127470343326319,1.5559189721694848,1.188852333821187,0.008159798889755349,0.4504624561883844,False,False
SHORT,OR_Low_Dist_ATR:hi,True,False,False,71,0.2465277777777778,10,0.11904761904761904,0.21074790700572602,1.1697756873622458,0.9291478759490284,1.133533829756878,0.00415756816255532,0.015556918281302281,True,False
SHORT,OR_Low_Dist_ATR:lo,True,False,False,0,0.0,0,0.0,0.0,inf,inf,inf,1.0,1.0,False,False
SHORT,OR_Low_Side:==-1,True,False,True,123,0.4270833333333333,24,0.2857142857142857,0.47680655686075174,0.8957161498474532,0.7218924912622297,0.8618352810808346,0.16052617621977905,0.022354053845292654,False,False
SHORT,OR_Low_Side:==0,True,False,False,41,0.1423611111111111,27,0.32142857142857145,0.13297972437407904,1.0705474972307938,1.0801467399569047,1.0743384658652733,3.8151761907549926e-07,0.0003740213139650737,True,True
SHORT,OR_Low_Side:==1,True,False,False,124,0.4305555555555556,33,0.39285714285714285,0.3902137187651243,1.1033839530760159,1.2811827949133154,1.1365363904349313,0.0026695896905514775,0.6158010871597589,True,False
SHORT,OR_Position:hi,True,False,False,67,0.2326388888888889,17,0.20238095238095238,0.22623307777787074,1.0283150950954563,1.4620065498325736,1.0939924263940422,0.05718271849742827,0.6568885684292204,False,False
SHORT,OR_Position:lo,True,False,False,133,0.4618055555555556,29,0.34523809523809523,0.5197727721341627,0.8884758500515592,0.7724161324158824,0.8652039600333362,0.30829181476868106,0.061659225373696655,False,False
SHORT,PoC_Side:==-1,True,False,False,17,0.059027777777777776,4,0.047619047619047616,0.13786809789716228,0.4281467480737089,0.32044730407952576,0.4023870074888779,3.257485547779454e-06,1.0,True,False
SHORT,PoC_Side:==0,True,False,True,24,0.08333333333333333,27,0.32142857142857145,0.044576237360874835,1.8694564249264367,4.541960446253056,2.715289738171009,0.01267913874282654,2.634600579262404e-07,False,True
SHORT,PoC_Side:==1,True,False,False,247,0.8576388888888888,53,0.6309523809523809,0.8175556647420373,1.0490281284510443,0.8082609906764764,0.9965820217432367,0.020144506954098133,1.4062609642967832e-05,False,True
SHORT,PrevDay_Close_Dist_ATR:hi,True,False,True,72,0.25,3,0.03571428571428571,0.11118682625251611,2.248467812474705,0.3797723819000411,1.8786975329515827,1.6581480458483936e-09,2.1144305763092767e-06,True,True
SHORT,PrevDay_Close_Dist_ATR:lo,True,False,True,85,0.2951388888888889,45,0.5357142857142857,0.291431460182594,1.0127214429903073,1.684374191879601,1.174892570861698,1.0,8.200071733260936e-05,False,True
SHORT,PrevDay_Close_Side:==-1,True,False,True,156,0.5416666666666666,46,0.5476190476190477,0.6406143599827225,0.8455424987371114,0.8053931221514886,0.8360515331318862,1.23206256569382e-05,1.0,True,False
SHORT,PrevDay_Close_Side:==0,True,False,False,0,0.0,0,0.0,0.00015216910137228864,0.0,0.0,0.0,1.0,1.0,False,False
SHORT,PrevDay_Close_Side:==1,True,False,False,132,0.4583333333333333,38,0.4523809523809524,0.3592334709158975,1.2758647799849272,1.4142640358205367,1.3043978167403396,1.2235788507645446e-05,1.0,True,False
SHORT,PrevDay_High_Dist_ATR:hi,True,False,False,51,0.17708333333333334,2,0.023809523809523808,0.10155817628332064,1.74366397481693,0.24605354055050171,1.417981780572445,0.0020563686193427193,0.00013114002613444738,True,True
SHORT,PrevDay_High_Dist_ATR:lo,True,False,True,112,0.3888888888888889,58,0.6904761904761905,0.33425561339110815,1.1634475931264467,2.0625318845154084,1.3667089659806806,0.0023812790527005063,1.6103504400012048e-06,True,True
SHORT,PrevDay_High_Side:==-1,True,False,False,186,0.6458333333333334,54,0.6428571428571429,0.8464373536533096,0.7630019286670786,0.756090460846047,0.7614358543314723,1.4041219762823253e-19,1.0,True,False
SHORT,PrevDay_High_Side:==0,True,False,False,0,0.0,0,0.0,0.0,inf,inf,inf,1.0,1.0,False,False
SHORT,PrevDay_High_Side:==1,True,False,True,102,0.3541666666666667,30,0.35714285714285715,0.15356264634676867,2.3063334417075785,2.3847425143155037,2.3236975202276478,1.4041219762823253e-19,1.0,True,False
SHORT,PrevDay_Low_Dist_ATR:hi,True,False,True,53,0.1840277777777778,6,0.07142857142857142,0.07891881961735073,2.331861762125473,0.9040412791089085,2.0091614264420805,3.017010930686203e-07,0.010998565482203262,True,False
SHORT,PrevDay_Low_Dist_ATR:lo,True,False,False,103,0.3576388888888889,41,0.4880952380952381,0.44465338689027634,0.8043093776707039,1.0612958636940166,0.8638676939940526,0.009813404050577155,0.041240204486149776,False,False
SHORT,PrevDay_Low_Side:==-1,True,False,True,87,0.3020833333333333,16,0.19047619047619047,0.3197563275172302,0.9447298062211308,0.5577960759746168,0.8528315726952861,0.3756239950329807,0.05210007924834026,False,False
SHORT,PrevDay_Low_Side:==0,True,False,False,0,0.0,0,0.0,0.0,inf,inf,inf,1.0,1.0,False,False
SHORT,PrevDay_Low_Side:==1,True,False,True,201,0.6979166666666666,68,0.8095238095238095,0.6802436724827787,1.0259803874681912,1.229307810949868,1.0707496445825169,0.3756239950329807,0.05210007924834026,False,False
SHORT,RangeOsc_State:==-1,False,False,True,181,0.6284722222222222,56,0.6666666666666666,0.670192188659953,0.9377492499261298,0.9629091179262707,0.9435748288060153,0.1287325608064783,0.6062323104056867,False,False
SHORT,RangeOsc_State:==-2,False,False,True,23,0.0798611111111111,8,0.09523809523809523,0.13506009097615873,0.59130058727125,0.7000882394234419,0.6160029151788664,0.0012112839003626365,0.6558070132093876,True,False
SHORT,RangeOsc_State:==1,False,False,False,30,0.10416666666666667,3,0.03571428571428571,0.10066434997877409,1.0347920260611734,0.43276759589782954,0.9186197558368934,0.4714434750272374,0.05206459554438311,False,False
SHORT,RangeOsc_State:==2,False,False,True,54,0.1875,17,0.20238095238095238,0.09408337038513898,1.9929132984123699,2.2716206715273994,2.053230462974028,5.328962632512683e-07,0.7539679424305796,True,False
SHORT,RangeOsc_Val:hi,False,False,False,19,0.06597222222222222,2,0.023809523809523808,0.04577953949178753,1.4410853179083878,0.6769728907649101,1.3012091299832804,0.04962790724483493,0.18304589514498087,False,False
SHORT,RangeOsc_Val:lo,False,False,True,132,0.4583333333333333,44,0.5238095238095238,0.47277347571172573,0.969456530198413,1.0896691715825444,0.9969525591764201,1.0,0.32129150515250327,False,False
SHORT,Round_1000_Dist_ATR:hi,True,False,False,2,0.006944444444444444,1,0.011904761904761904,0.014978146290287205,0.46363844429451656,0.6244603963329753,0.5071775161364093,0.09874233556370532,0.5370630520965275,False,False
SHORT,Round_1000_Dist_ATR:lo,True,False,False,122,0.4236111111111111,57,0.6785714285714286,0.4329166921071371,0.9785049152280709,1.49772794434576,1.0999298335373124,0.7171948900086091,3.9860240285197136e-05,False,True
SHORT,Round_100_Dist_ATR:hi,True,False,False,1,0.003472222222222222,0,0.0,0.002433626465158426,1.42676876337971,0.0,1.0963080849905829,1.0,1.0,False,False
SHORT,Round_100_Dist_ATR:lo,True,False,True,121,0.4201388888888889,49,0.5833333333333334,0.36761179914791103,1.1428873878986763,1.488711943211497,1.2249024901806018,0.014951881697427467,0.009076317321744293,False,False
SHORT,Round_500_Dist_ATR:hi,True,False,False,0,0.0,0,0.0,0.013516991550808842,0.0,0.0,0.0,0.01673825706445567,1.0,False,False
SHORT,Round_500_Dist_ATR:lo,True,False,True,143,0.4965277777777778,56,0.6666666666666666,0.39487368105543613,1.2574344698047133,1.577233378366358,1.3335224954036142,1.577401423133138e-05,0.006298585183488123,True,True
SHORT,ST_Flip_Event:==-1,False,False,False,3,0.010416666666666666,17,0.20238095238095238,0.019146198384809975,0.5440592673964425,8.746469179071322,2.681775223124488,0.29355468169346277,1.6632309711655666e-09,False,True
SHORT,ST_Flip_Event:==0,False,False,False,279,0.96875,67,0.7976190476190477,0.9583909865948351,1.010808755038453,0.8345586119500138,0.9710956936309069,0.45699374021963146,1.3843598338547174e-06,False,True
SHORT,ST_Flip_Event:==1,False,False,False,6,0.020833333333333332,0,0.0,0.022462815020478234,0.927458705168547,0.0,0.7278293534369132,1.0,0.3441862566283027,False,False
SHORT,Session_High_Dist_ATR:hi,True,False,True,81,0.28125,0,0.0,0.17808070946530094,1.5793400691432085,0.0,1.3150133756114168,3.91585986670237e-06,7.006722146994004e-11,True,True
SHORT,Session_High_Dist_ATR:lo,True,False,True,66,0.22916666666666666,39,0.4642857142857143,0.11206477535559785,2.0449482537174366,2.718398752606815,2.2521876914659855,3.4265058844435216e-06,5.287327797577991e-05,True,True
SHORT,Session_High_Side:==-1,True,False,False,288,1.0,84,1.0,0.9993611106629602,1.000639297777573,1.002005552439123,1.0009474811234313,1.0,1.0,False,False
SHORT,Session_High_Side:==0,True,False,False,0,0.0,0,0.0,0.0006388893371783728,0.0,0.0,0.0,1.0,1.0,False,False
SHORT,Session_Low_Dist_ATR:hi,True,False,False,42,0.14583333333333334,5,0.05952380952380952,0.06542983545225106,2.2288506814258855,1.2265959311916825,2.050600564824019,9.02778124494828e-07,0.039546706744127774,True,False
SHORT,Session_Low_Dist_ATR:lo,True,False,False,101,0.3506944444444444,46,0.5476190476190477,0.4388154673293064,0.7991843281614955,1.0896703800368153,0.8719199670989619,0.0004123973013281571,0.0014781478719769507,True,True
SHORT,Session_Low_Side:==0,True,False,False,4,0.013888888888888888,12,0.14285714285714285,0.004126828235184467,3.3655117434922905,25.12638908877571,9.603195553369725,0.07273073118929459,7.405749975947046e-06,False,True
SHORT,Session_Low_Side:==1,True,False,False,284,0.9861111111111112,72,0.8571428571428571,0.9958731717649539,0.9901974860548339,0.8620440448475782,0.9612946900097469,0.07273073118929459,7.405749975947046e-06,False,True
SHORT,Slope_Accel_LT:hi,False,False,True,16,0.05555555555555555,1,0.011904761904761904,0.028852569522119773,1.9254976757950095,0.4313391614974548,1.5995632209513468,0.020429383713989183,0.13522198961827955,False,False
SHORT,Slope_Accel_LT:lo,False,False,True,84,0.2916666666666667,20,0.23809523809523808,0.318499866825024,0.915751298655648,0.7884181720281423,0.8881661301382887,0.9480664660981657,0.40730290006184766,False,False
SHORT,Slope_Accel_ST:hi,False,False,True,89,0.3090277777777778,3,0.03571428571428571,0.2650899223733077,1.1657469850649225,0.13982081622449244,0.9406767301101552,0.012710381376948673,1.645485940971778e-08,False,True
SHORT,Slope_Accel_ST:lo,False,False,True,84,0.2916666666666667,61,0.7261904761904762,0.30043004578502114,0.9708305502685132,2.2637362073517213,1.2778656697813289,1.0,1.2750668154269801e-12,False,True
SHORT,Slope_EMA_LT:hi,False,False,True,93,0.3229166666666667,33,0.39285714285714285,0.22494778437492555,1.435518325125862,2.0328060925040696,1.5551969102582943,3.2851399204620205e-06,0.24076561309523004,True,False
SHORT,Slope_EMA_LT:lo,False,False,False,103,0.3576388888888889,13,0.15476190476190477,0.36563239646784795,0.978137857432275,0.453653111718632,0.8659405561806478,0.9506829269038222,0.00028833772584373787,False,True
SHORT,Slope_EMA_ST:hi,False,False,True,38,0.13194444444444445,8,0.09523809523809523,0.04600402175012719,2.8681067312137696,2.137947753703837,2.707305362780729,1.8386218597982536e-10,0.4531805260722663,True,False
SHORT,Slope_EMA_ST:lo,False,False,True,152,0.5277777777777778,29,0.34523809523809523,0.6202712105727459,0.8508822734017244,0.599669074451035,0.7973634509442965,0.13298162042757927,0.004174627851181488,False,True
SHORT,Sqz_State:==-1,False,False,True,180,0.625,63,0.75,0.552790071577138,1.1306281211181008,1.319398669326305,1.1741821094137754,0.022997989636768773,0.03734675189181791,False,False
SHORT,Sqz_State:==1,False,False,False,108,0.375,21,0.25,0.44720992842282353,0.8385323673884287,0.5792947632312669,0.7815934882747444,0.022997989636768773,0.03734675189181791,False,False
SHORT,Sqz_Val:hi,False,False,True,117,0.40625,1,0.011904761904761904,0.11415819225801148,3.558658314085995,0.11290667329749848,2.8274016191709745,1.44425272492101e-40,3.896299189863101e-15,True,True
SHORT,Sqz_Val:lo,False,False,False,118,0.4097222222222222,58,0.6904761904761905,0.5279573108599906,0.7760518015269547,1.3218642925610724,0.8982839889513565,0.0016108761152366284,6.472569516339707e-06,True,True
SHORT,TChan_A15:hi,False,False,True,169,0.5868055555555556,14,0.16666666666666666,0.5038564468407634,1.16462845565417,0.5332116253820617,1.06788573937762,7.620387900328818e-09,4.926839564250025e-12,True,True
SHORT,TChan_A15:lo,False,False,False,8,0.027777777777777776,15,0.17857142857142858,0.033765144353365306,0.8226761149625951,2.143886029450681,1.3755156409710327,0.012913474552830585,6.990244226022743e-06,False,True
SHORT,Trend_Concordance:==0,False,False,False,115,0.3993055555555556,30,0.35714285714285715,0.2060094752830052,1.938287328808591,1.7476622445141712,1.895511135159635,7.2043902262423e-14,0.5264217938180786,True,False
SHORT,Trend_Concordance:==1,False,False,False,173,0.6006944444444444,54,0.6428571428571429,0.7939905247170581,0.7565511498496842,0.8079694302656593,0.7681804552246307,7.2043902262423e-14,0.5264217938180786,True,False
SHORT,Trend_Conflict:==0,False,False,False,173,0.6006944444444444,54,0.6428571428571429,0.7939905247170581,0.7565511498496842,0.8079694302656593,0.7681804552246307,7.2043902262423e-14,0.5264217938180786,True,False
SHORT,Trend_Conflict:==1,False,False,False,115,0.3993055555555556,30,0.35714285714285715,0.2060094752830052,1.938287328808591,1.7476622445141712,1.895511135159635,7.2043902262423e-14,0.5264217938180786,True,False
SHORT,Upper_Wick:hi,False,False,True,116,0.4027777777777778,43,0.5119047619047619,0.4243784699411026,0.9491004051965155,1.2469987630468182,1.014653173350298,0.6697672275721627,0.08045959790353528,False,False
SHORT,Upper_Wick:lo,False,False,False,23,0.0798611111111111,14,0.16666666666666666,0.10681075904175841,0.7476878905044467,1.3837780533181359,0.9051162257064457,0.05152350953830125,0.03587785669524673,False,False
SHORT,VAH_Dist_ATR:hi,True,False,False,48,0.16666666666666666,8,0.09523809523809523,0.08203484874448876,2.031656902126776,1.466239303784842,1.9255783417667778,3.950910828017837e-06,0.12056829882193623,True,False
SHORT,VAH_Dist_ATR:lo,True,False,False,86,0.2986111111111111,44,0.5238095238095238,0.43023245212546196,0.6940692400954259,1.0555426967103372,0.7850636706727341,2.5320865944341867e-06,0.00023976362831738352,True,True
SHORT,VAH_Side:==-1,True,False,True,31,0.1076388888888889,10,0.11904761904761904,0.19423426358248624,0.5541704481154915,0.5316866235160914,0.5485130394166109,5.198771542672478e-06,0.8430253513409323,True,False
SHORT,VAH_Side:==0,True,False,True,15,0.052083333333333336,23,0.27380952380952384,0.02979801410766302,1.7478793434069588,5.339582543930857,2.94818619302638,0.05751135064341553,9.271334622663023e-08,False,True
SHORT,VAH_Side:==1,True,False,False,242,0.8402777777777778,51,0.6071428571428571,0.7759677223099113,1.0828772300946068,0.8376519531435036,1.030372498528629,0.0008237089244551976,1.4451543264035738e-05,True,True
SHORT,VAL_Dist_ATR:hi,True,False,False,47,0.16319444444444445,6,0.07142857142857142,0.07345433655738867,2.2217128639769728,1.2252427642467136,2.034405430742569,3.0169233135773784e-07,0.033888157921783214,True,False
SHORT,VAL_Dist_ATR:lo,True,False,False,96,0.3333333333333333,50,0.5952380952380952,0.44615124066972783,0.7471307999344774,1.144763952261734,0.848005553238497,7.485223103348036e-05,2.344815211173523e-05,True,True
SHORT,VAL_Side:==-1,True,False,True,4,0.013888888888888888,0,0.0,0.025347081503728306,0.5479482474874264,0.0,0.42498196080281525,0.2615339593737591,0.5784639173561876,False,False
SHORT,VAL_Side:==0,True,True,True,14,0.04861111111111111,28,0.3333333333333333,0.02838440553242104,1.7125992318418248,7.793536348609441,3.569173686858467,0.08094607953049758,6.457247189503207e-11,False,True
SHORT,VAL_Side:==1,True,False,False,270,0.9375,56,0.6666666666666666,0.9462685129639676,0.9907335889931471,0.715242949424551,0.9292503919995372,0.6093292170932222,1.6851769273603049e-09,False,True
SHORT,VA_Position:hi,True,False,True,70,0.24305555555555555,20,0.23809523809523808,0.16670304533525718,1.4580150894468995,1.9115038148547356,1.5391602551761534,0.00017283148494147654,1.0,True,False
SHORT,VA_Position:lo,True,False,False,69,0.23958333333333334,35,0.4166666666666667,0.28847056064507853,0.8305295791625202,1.174008467386601,0.9212351647715359,0.006983106448144625,0.002236750444016954,True,True
SHORT,VWAP_Dist_ATR:hi,True,False,False,52,0.18055555555555555,6,0.07142857142857142,0.12271901497768527,1.4712924120877848,0.7410029938826427,1.3351685120048054,0.0033393424570769097,0.01598690741234862,True,False
SHORT,VWAP_Dist_ATR:lo,True,False,True,76,0.2638888888888889,40,0.47619047619047616,0.25008154829386625,1.0552113528135947,1.3216640930909953,1.1340488569963743,0.9464845843089069,0.00044171414326998383,False,True
SHORT,VWAP_Side:==-1,True,False,True,149,0.5173611111111112,44,0.5238095238095238,0.6475816019352956,0.798912615128316,0.7824690601418464,0.7951032950861505,2.042280135456674e-07,1.0,True,False
SHORT,VWAP_Side:==0,True,False,False,0,0.0,2,0.023809523809523808,0.0011169386169386163,0.0,3.5527950310559016,2.2608695652173902,1.0,0.05051734631771151,False,False
SHORT,VWAP_Side:==1,True,False,True,139,0.4826388888888889,38,0.4523809523809524,0.35130145944775976,1.373859618026038,1.3968119381189696,1.3787234228354293,1.8969726599493717e-07,0.7097256072376303,True,False
SHORT,VWAP_Sigma:hi,False,False,True,145,0.5034722222222222,22,0.2619047619047619,0.31974410604681863,1.5746098605129601,1.0857937590914732,1.4864531077063197,4.167464607873705e-13,9.78411871739083e-05,True,True
SHORT,VWAP_Sigma:lo,False,False,True,29,0.10069444444444445,18,0.21428571428571427,0.054951030869334706,1.8324395894206371,1.4366774236117932,1.6575673623922085,0.6067976693396331,0.008683775398247535,False,False
SHORT,VWAP_Sigma_ATR:hi,False,False,False,37,0.1284722222222222,4,0.047619047619047616,0.08715049936966687,1.4741421236989212,0.7613407534302333,1.3507622040650986,0.013796747138976004,0.04598842779341804,False,False
SHORT,VWAP_Sigma_ATR:lo,False,False,True,88,0.3055555555555556,70,0.8333333333333334,0.3160574653927812,0.9667721506778069,1.6840443410444932,1.1916330629615703,0.31372574262415376,3.090000477370275e-18,False,True
SHORT,VWAP_Z:hi,True,False,False,5,0.017361111111111112,1,0.011904761904761904,0.009201789623989856,1.8867102836006164,1.1647827547357799,1.7100620534955913,0.19470323060572126,1.0,False,False
SHORT,VWAP_Z:lo,True,False,True,43,0.14930555555555555,22,0.2619047619047619,0.18186507018410455,0.8209688391751723,1.4545204537819356,0.9629287228386011,0.16526560757514508,0.02194159277703214,False,False
SHORT,Volume:hi,False,False,True,240,0.8333333333333334,64,0.7619047619047619,0.6669289714369395,1.2495083719902966,1.412256905214473,1.280576515287803,1.9215707514128766e-23,0.1495870130678361,True,False
SHORT,Volume:lo,False,False,False,0,0.0,1,0.011904761904761904,0.006809217004283983,0.0,0.3760129058848526,0.21642502866236288,0.08174535230224184,0.22580645161290322,False,False
SHORT,Volume_Avg_10:hi,False,False,True,226,0.7847222222222222,32,0.38095238095238093,0.65512074837368,1.197828376173819,0.7715280049627761,1.1210036013057791,3.473541680060597e-19,1.6555652812998074e-11,True,True
SHORT,Volume_Avg_10:lo,False,False,False,1,0.003472222222222222,10,0.11904761904761904,0.017807836157338587,0.19498282618639903,1.6613050108566212,0.9867222112338304,0.0012354339015520814,1.99754775318717e-06,True,True
SHORT,Volume_Ratio_10:hi,False,False,True,64,0.2222222222222222,67,0.7976190476190477,0.16652032917038292,1.3345050621107368,2.810663378902065,1.8246232422831958,0.8860884232859514,9.894491382102919e-22,False,True
SHORT,Volume_Ratio_10:lo,False,False,True,27,0.09375,2,0.023809523809523808,0.08598895897629619,1.09025625052448,0.22908221147477328,0.8657928430910825,0.8361646276123189,0.036686431197386724,False,False
SHORT,WeeklyOpen_Dist_ATR:hi,True,False,True,53,0.1840277777777778,6,0.07142857142857142,0.09177617829336664,2.005180224322752,0.7820392147807947,1.7300130553202235,1.8833629531172062e-05,0.010998565482203262,True,False
SHORT,WeeklyOpen_Dist_ATR:lo,True,False,True,94,0.3263888888888889,44,0.5238095238095238,0.40437184330623693,0.8071503847059639,1.1038737375153884,0.8828117209864724,0.004420960799919363,0.0012901996674723195,True,True
SHORT,WeeklyOpen_Side:==-1,True,False,True,100,0.3472222222222222,28,0.3333333333333333,0.38127358956041724,0.9106904640904869,0.865609131070453,0.9004321971090194,0.14361340733981348,0.8963344803710047,False,False
SHORT,WeeklyOpen_Side:==0,True,False,False,0,0.0,0,0.0,4.856254856254856e-05,0.0,0.0,0.0,1.0,1.0,False,False
SHORT,WeeklyOpen_Side:==1,True,False,False,188,0.6527777777777778,56,0.6666666666666666,0.618677847891005,1.0551174250104722,1.0846751442291158,1.0617578351834258,0.14360192815548486,0.8963344803710047,False,False
