direction,cond_a,cond_b,bars,profitable_bars,loss_events,mean_depth,mean_bar_pnl,sum_pnl,bars_same_signal,bars_cross_signal_only
LONG,AT_Slope_ST:lo,Slope_EMA_ST:lo,135,125,10,15.6,590.89,79770.7,0,135
LONG,AT_Regime_ST:==1,OR_Low_Side:==-1,121,117,4,14.44,569.18,68871.3,107,14
LONG,AT_Regime_ST:==1,Slope_EMA_ST:lo,121,113,8,16.89,630.84,76331.3,57,64
LONG,AT_Regime_ST:==1,AT_Slope_ST:lo,116,109,7,17.23,657.83,76308.0,68,48
LONG,AT_Regime_ST:==1,Momentum_Value:hi,98,93,5,17.98,824.21,80772.6,88,10
LONG,AT_Regime_ST:==1,Bars_Since_Flip:hi,97,90,7,17.39,568.04,55099.6,0,97
LONG,AT_Regime_ST:==1,OBV_Macd:lo,94,88,6,16.43,860.01,80841.3,59,35
LONG,AT_Slope_ST:lo,Micro_HLAsymmetry:hi,85,82,3,16.88,839.73,71377.0,63,22
LONG,AT_Regime_ST:==1,Volume:hi,84,80,4,15.99,806.03,67706.2,0,84
LONG,Momentum_Value:hi,Slope_EMA_ST:lo,84,79,5,20.05,875.0,73499.6,43,41
LONG,AT_Regime_ST:==1,AT_Slope_LT:lo,83,78,5,19.43,841.7,69861.5,0,83
LONG,AT_Regime_ST:==1,PrevDay_Low_Side:==-1,83,78,5,12.66,799.34,66345.3,79,4
LONG,AT_Slope_LT:lo,Micro_FailedBreak:hi,80,78,2,15.91,769.32,61545.3,75,5
LONG,AT_Regime_ST:==1,Micro_VolOfVol:hi,80,77,3,16.15,621.38,49710.7,77,3
LONG,AT_Slope_LT:lo,Slope_EMA_ST:lo,81,77,4,19.98,869.79,70452.7,63,18
LONG,Micro_HLAsymmetry:hi,Slope_EMA_ST:lo,79,76,3,17.52,861.56,68063.0,40,39
LONG,AT_Slope_LT:lo,AT_Slope_ST:lo,80,76,4,20.19,877.33,70186.1,70,10
LONG,AT_Slope_ST:lo,Momentum_Value:hi,82,76,6,20.35,867.98,71174.6,82,0
LONG,AT_Slope_LT:lo,Momentum_Value:hi,78,74,4,20.04,909.72,70958.3,0,78
LONG,Micro_RangeVelocity:hi,Slope_EMA_ST:lo,73,71,2,15.23,642.88,46929.9,67,6
LONG,Bars_Since_Flip:hi,OR_Low_Side:==-1,72,70,2,17.15,626.11,45080.2,51,21
LONG,AT_Slope_ST:lo,Micro_RollProxy:hi,74,70,4,19.09,902.7,66799.7,72,2
LONG,AT_Regime_LT:==1,Micro_RangeAccel:lo,75,70,5,13.08,596.4,44730.3,73,2
LONG,AT_Regime_ST:==1,D2D_ATR:hi,73,70,3,20.03,732.83,53496.7,0,73
LONG,AT_Regime_ST:==1,Upper_Wick:hi,71,69,2,17.03,1198.13,85066.9,0,71
LONG,Bars_Since_Flip:hi,Slope_EMA_ST:lo,71,68,3,20.92,725.79,51531.2,0,71
LONG,Micro_VolOfVol:hi,Volume:hi,69,67,2,16.96,722.09,49824.4,49,20
LONG,Micro_Rejection:lo,Volume_Avg_10:hi,68,67,1,8.78,254.82,17328.0,64,4
LONG,AT_Slope_ST:lo,Volume:hi,70,66,4,17.71,637.15,44600.2,60,10
LONG,Momentum_Value:hi,OBV_Macd:lo,69,66,3,18.57,925.23,63841.1,0,69
LONG,OR_Low_Side:==-1,Slope_EMA_ST:lo,68,66,2,19.47,876.64,59611.6,34,34
LONG,Bars_Since_Flip:hi,Upper_Wick:hi,67,65,2,15.6,677.43,45387.6,59,8
LONG,AT_Slope_ST:lo,Micro_RangeVelocity:hi,67,65,2,15.46,646.31,43302.9,26,41
LONG,AT_Slope_ST:lo,D2D_ATR:hi,68,65,3,20.91,756.27,51426.4,61,7
LONG,D2D_Signal:==1,PoC_Side:==1,65,65,0,10.25,1233.6,80183.9,65,0
LONG,D2D_Signal:==1,Upper_Wick:hi,65,65,0,10.25,1233.6,80183.9,65,0
LONG,Micro_RollProxy:hi,OBV_Macd:lo,68,65,3,15.93,991.66,67432.7,41,27
LONG,PoC_Side:==1,Upper_Wick:hi,65,65,0,10.25,1233.6,80183.9,65,0
LONG,OR_High_Side:==-1,Volume:hi,67,64,3,11.43,604.4,40494.5,0,67
LONG,Bars_Since_Flip:hi,Momentum_Value:hi,67,64,3,20.54,771.28,51675.9,0,67
LONG,AT_Slope_ST:lo,Bars_Since_Flip:hi,67,64,3,21.73,744.71,49895.8,64,3
LONG,AT_Slope_ST:lo,OR_Low_Side:==-1,67,64,3,19.84,889.12,59571.1,0,67
LONG,OBV_Macd:lo,OR_Low_Side:==-1,66,63,3,15.94,743.73,49086.5,0,66
LONG,Bars_Since_Flip:hi,Volume_Avg_10:hi,65,63,2,13.48,636.33,41361.5,55,10
LONG,AT_Regime_ST:==1,Micro_FailedBreak:hi,65,63,2,18.22,900.91,58559.4,0,65
LONG,AT_Slope_ST:lo,VWAP_Side:==-1,67,63,4,18.43,706.78,47354.0,52,15
LONG,Micro_FailedBreak:hi,Slope_EMA_ST:lo,64,63,1,18.77,923.42,59098.8,56,8
LONG,AT_Slope_ST:lo,Micro_FailedBreak:hi,63,62,1,18.73,911.55,57427.5,52,11
LONG,AT_Lookback_ST:hi,AT_Slope_ST:lo,64,62,2,20.56,698.91,44730.4,52,12
LONG,Upper_Wick:hi,Volume:hi,62,61,1,14.45,1112.89,68998.9,0,62
LONG,AT_Regime_ST:==1,VWAP_Side:==-1,64,61,3,18.45,1032.54,66082.4,0,64
LONG,Bars_Since_Flip:hi,D2D_ATR:hi,64,61,3,21.44,770.67,49322.8,61,3
LONG,OR_Low_Side:==-1,Slope_Accel_LT:hi,63,61,2,11.11,211.67,13335.4,46,17
LONG,AT_Slope_LT:lo,Micro_RollProxy:hi,63,60,3,20.57,1014.11,63888.9,60,3
LONG,D2D_ATR:hi,Slope_EMA_ST:lo,62,60,2,21.89,803.75,49832.5,0,62
LONG,OBV_Macd:lo,Slope_EMA_ST:lo,64,60,4,20.75,951.64,60905.2,0,64
LONG,AT_Slope_LT:lo,OBV_Macd:lo,62,59,3,19.81,942.16,58414.0,0,62
LONG,AT_Regime_ST:==1,Micro_HLAsymmetry:hi,61,59,2,20.33,1065.2,64977.2,0,61
LONG,Micro_FailedBreak:hi,Momentum_Value:hi,61,59,2,18.84,961.24,58635.9,0,61
LONG,PrevDay_High_Dist_ATR:lo,PrevDay_Low_Side:==-1,66,59,7,6.33,381.65,25189.0,65,1
LONG,Bars_Since_Flip:hi,MultiDay_Position:lo,62,58,4,16.34,703.47,43615.1,62,0
LONG,Bars_Since_Flip:hi,OBV_Macd:lo,63,58,5,18.92,653.56,41174.3,0,63
LONG,OBV_Macd:lo,Upper_Wick:hi,60,58,2,16.1,1239.86,74391.6,0,60
LONG,Momentum_Value:hi,OR_Low_Side:==-1,61,58,3,20.26,956.91,58371.7,0,61
LONG,AT_Slope_ST:lo,RangeOsc_State:==-1,62,58,4,19.1,392.86,24357.6,47,15
LONG,AT_Regime_ST:==1,Volume_Avg_10:hi,59,57,2,15.27,701.17,41369.2,0,59
LONG,AT_Regime_ST:==1,Micro_Hurst:hi,60,57,3,15.22,1012.55,60753.0,44,16
LONG,Session_Low_Dist_ATR:lo,Volume:hi,59,57,2,13.46,942.2,55589.8,34,25
LONG,AT_Regime_ST:==1,Micro_RollProxy:hi,61,57,4,20.93,1057.32,64496.5,0,61
LONG,AT_Slope_ST:lo,Micro_Hurst:hi,60,57,3,14.92,956.87,57412.3,59,1
LONG,AT_Slope_ST:lo,OBV_Macd:lo,60,57,3,21.55,980.92,58855.3,0,60
LONG,Body_Size:hi,Momentum_Value:hi,61,57,4,21.16,1048.84,63979.5,58,3
LONG,Micro_RollProxy:hi,Momentum_Value:hi,60,57,3,20.9,1076.02,64561.3,56,4
LONG,Micro_Hurst:hi,Momentum_Value:hi,59,56,3,14.71,1071.9,63242.0,56,3
LONG,Slope_EMA_ST:lo,Volume:hi,61,56,5,19.33,706.52,43097.5,0,61
LONG,RangeOsc_State:==-1,Slope_EMA_ST:lo,60,56,4,19.33,382.77,22966.4,34,26
LONG,Micro_FailedBreak:hi,VWAP_Side:==-1,57,56,1,18.25,727.3,41456.2,52,5
LONG,Slope_EMA_ST:lo,VWAP_Side:==-1,61,56,5,19.26,737.82,45006.9,31,30
LONG,D2D_ATR_MA:hi,Volume:hi,58,56,2,16.33,685.75,39773.4,0,58
LONG,Micro_Rejection:lo,OBV_Macd:lo,58,56,2,9.29,476.08,27612.5,28,30
LONG,AT_Slope_LT:lo,Bars_Since_Flip:hi,58,56,2,22.12,842.47,48863.5,0,58
LONG,AT_Slope_ST:lo,Body_Size:hi,59,56,3,22.07,1104.38,65158.5,58,1
LONG,AT_Slope_ST:lo,Micro_AutoCorr:hi,58,56,2,15.64,1055.83,61238.0,54,4
LONG,Micro_VolOfVol:hi,Slope_EMA_ST:lo,59,56,3,19.1,759.38,44803.2,57,2
LONG,AT_Regime_ST:==1,RangeOsc_State:==-1,58,55,3,19.83,423.43,24558.9,0,58
LONG,AT_Lookback_ST:hi,AT_Slope_LT:lo,56,55,1,21.46,781.13,43743.2,0,56
LONG,AT_Slope_LT:lo,VWAP_Side:==-1,57,55,2,20.23,860.18,49030.3,0,57
LONG,OBV_Macd:lo,Volume_Ratio_10:hi,56,54,2,15.98,1206.01,67536.8,44,12
LONG,OR_Low_Side:==-1,Volume:hi,56,54,2,17.71,652.99,36567.4,0,56
LONG,Micro_RollProxy:hi,Slope_EMA_ST:lo,58,54,4,21.64,1046.9,60720.3,0,58
LONG,AT_Regime_ST:==1,Micro_RangeVelocity:hi,55,54,1,18.07,705.59,38807.4,0,55
LONG,Bar_Range:hi,OBV_Macd:lo,56,54,2,14.61,914.7,51223.4,33,23
LONG,AT_Lookback_ST:hi,Slope_EMA_ST:lo,56,54,2,21.8,750.85,42047.6,27,29
LONG,OBV_Macd:lo,PrevDay_Low_Side:==-1,57,54,3,12.81,921.8,52542.8,0,57
LONG,OR_Low_Side:==-1,PrevDay_Low_Side:==-1,55,54,1,14.42,669.03,36796.9,0,55
LONG,OBV_Macd:lo,Slope_Accel_LT:hi,57,54,3,8.77,144.51,8236.9,35,22
LONG,AT_Slope_ST:lo,Micro_VolOfVol:hi,56,54,2,19.39,759.09,42509.2,54,2
LONG,AT_Regime_ST:==1,OR_High_Side:==-1,54,53,1,14.43,731.26,39488.1,0,54
LONG,AT_Regime_LT:==1,AT_Regime_ST:==1,58,53,5,15.29,541.5,31407.1,0,58
LONG,Bar_Range:hi,Slope_EMA_ST:lo,56,53,3,17.21,1096.61,61409.9,45,11
LONG,AT_Lookback_ST:hi,Momentum_Value:hi,55,53,2,21.56,788.57,43371.6,0,55
LONG,AT_Slope_LT:lo,Body_Size:hi,55,53,2,21.62,1153.59,63447.2,0,55
LONG,OR_Low_Side:==-1,OR_Position:lo,56,53,3,17.61,582.89,32641.7,0,56
LONG,Micro_VolOfVol:hi,OR_Low_Side:==-1,54,52,2,17.81,646.29,34899.5,52,2
LONG,Volume:hi,Volume_Avg_10:hi,52,52,0,13.04,336.48,17497.1,0,52
LONG,AT_Slope_LT:lo,OR_Low_Side:==-1,53,52,1,20.85,1061.33,56250.4,0,53
LONG,PrevDay_Low_Side:==-1,Slope_Accel_LT:hi,53,52,1,9.4,279.26,14801.0,34,19
LONG,D2D_Signal:==1,Volume:hi,52,52,0,11.62,1168.39,60756.2,39,13
LONG,Momentum_Value:hi,Volume:hi,54,52,2,19.31,904.99,48869.5,0,54
LONG,AT_Regime_ST:==1,D2D_ATR_MA:hi,54,52,2,16.91,683.51,36909.7,0,54
LONG,Lower_Wick:hi,Volume:hi,55,51,4,13.8,373.71,20554.2,0,55
LONG,Micro_HLAsymmetry:hi,Volume:hi,54,51,3,15.59,694.4,37497.8,35,19
LONG,Micro_Hurst:hi,Slope_EMA_ST:lo,55,51,4,15.6,973.3,53531.6,50,5
LONG,AT_Lookback_ST:hi,Bars_Since_Flip:hi,52,51,1,22.13,796.53,41419.8,0,52
LONG,AT_Lookback_ST:hi,Micro_RollProxy:hi,53,51,2,20.23,748.26,39657.9,52,1
LONG,OR_Low_Side:==1,PrevDay_Low_Side:==-1,58,51,7,5.97,484.63,28108.6,56,2
LONG,AT_Regime_ST:==1,Micro_Amihud:hi,51,50,1,16.86,889.95,45387.3,42,9
LONG,PrevDay_High_Side:==-1,Slope_EMA_ST:lo,53,50,3,16.81,1017.87,53947.1,50,3
LONG,Micro_TickIntensity:hi,OBV_Macd:lo,53,50,3,8.47,162.29,8601.5,51,2
LONG,AT_Lookback_ST:hi,AT_Regime_ST:==1,51,50,1,23.0,829.08,42283.2,0,51
LONG,AT_Regime_ST:==1,Body_Size:hi,53,50,3,22.92,1178.71,62471.7,0,53
LONG,AT_Regime_ST:==1,KAMA_Dist:hi,52,50,2,14.04,1188.92,61823.6,52,0
LONG,KAMA_Dist:hi,PrevDay_Low_Side:==-1,52,50,2,14.04,1188.92,61823.6,52,0
LONG,Micro_HLAsymmetry:hi,Momentum_Value:hi,51,50,1,22.39,1269.67,64753.0,0,51
LONG,AT_Slope_ST:lo,Micro_LogReturn:hi,52,50,2,17.25,1133.03,58917.5,44,8
LONG,Session_High_Dist_ATR:lo,Volume:hi,50,50,0,8.9,1120.9,56044.8,39,11
LONG,AT_Regime_ST:==1,Slope_Accel_LT:hi,52,50,2,12.1,256.99,13363.4,46,6
LONG,AT_Slope_ST:lo,OBVf_Signal:==1,52,50,2,16.02,275.21,14311.1,52,0
LONG,D2D_ATR:hi,Volume_Avg_10:hi,50,50,0,15.3,772.53,38626.7,0,50
LONG,Micro_HLAsymmetry:hi,Micro_Hurst:hi,49,49,0,16.53,1194.5,58530.4,42,7
LONG,Body_Size:hi,Slope_EMA_ST:lo,52,49,3,23.52,1190.12,61886.0,0,52
LONG,D2D_ATR:hi,Momentum_Value:hi,52,49,3,23.13,910.46,47344.0,0,52
LONG,Momentum_Value:hi,Upper_Wick:hi,49,49,0,19.55,1406.2,68903.9,0,49
LONG,AT_Slope_ST:lo,D2D_Signal:==0,54,49,5,19.7,487.14,26305.5,54,0
LONG,D2D_Signal:==0,Momentum_Value:hi,54,49,5,19.7,487.14,26305.5,54,0
LONG,Micro_HLAsymmetry:hi,Micro_LogReturn:hi,51,49,2,16.61,1111.12,56667.2,0,51
LONG,AT_Score_LT:lo,Slope_Accel_LT:hi,51,49,2,9.61,191.65,9774.3,51,0
LONG,MultiDay_Position:lo,Volume_Avg_10:hi,49,48,1,16.22,810.46,39712.3,49,0
LONG,Micro_Hurst:hi,PrevDay_High_Side:==-1,51,48,3,16.57,1049.96,53548.0,50,1
LONG,AT_Regime_LT:==1,AT_Slope_ST:lo,53,48,5,16.45,567.87,30096.9,47,6
LONG,AT_Slope_LT:lo,D2D_ATR:hi,50,48,2,23.22,944.18,47209.2,0,50
LONG,AT_Slope_LT:lo,Micro_RangeAccel:lo,51,48,3,14.41,585.77,29874.3,34,17
LONG,Micro_TickIntensity:hi,Slope_Accel_LT:hi,51,48,3,7.02,207.45,10580.1,50,1
LONG,Micro_AutoCorr:hi,Slope_EMA_ST:lo,50,48,2,17.22,1186.67,59333.6,45,5
LONG,D2D_ATR_MA:hi,Micro_VolOfVol:hi,50,48,2,18.38,766.25,38312.6,45,5
LONG,AT_Regime_ST:==1,Micro_Rejection:lo,53,48,5,12.26,530.63,28123.5,35,18
LONG,AT_Regime_ST:==1,MultiDay_Position:lo,50,47,3,18.44,779.46,38972.8,0,50
LONG,KAMA_Dist:lo,Volume:hi,52,47,5,8.54,245.19,12749.8,44,8
LONG,Micro_WickImbalance:hi,Volume:hi,50,47,3,9.06,305.49,15274.5,44,6
LONG,OBV_Macd:lo,Volume:hi,48,47,1,18.94,1222.46,58678.3,0,48
LONG,AT_Regime_LT:==1,OR_Low_Side:==-1,49,47,2,14.78,546.44,26775.6,0,49
LONG,OR_Low_Side:==-1,Volume_Avg_10:hi,48,47,1,16.35,727.24,34907.3,0,48
LONG,AT_Slope_ST:lo,Bar_Range:hi,50,47,3,17.88,1175.81,58790.4,0,50
LONG,Micro_HLAsymmetry:hi,Micro_RollProxy:hi,49,47,2,20.82,1232.73,60403.6,0,49
LONG,AT_Regime_ST:==1,Bar_Range:hi,49,47,2,18.67,1181.47,57891.8,0,49
LONG,AT_Regime_ST:==1,Micro_RangeAccel:lo,50,47,3,16.16,622.81,31140.6,0,50
LONG,AT_Slope_LT:lo,RangeOsc_State:==-1,50,47,3,20.94,449.96,22497.9,0,50
LONG,D2D_ATR:hi,OR_Low_Side:==-1,48,47,1,21.81,843.62,40493.9,0,48
LONG,Slope_EMA_ST:lo,Upper_Wick:hi,48,47,1,21.58,1290.25,61932.2,0,48
LONG,Momentum_Value:hi,VWAP_Side:==-1,50,47,3,21.68,962.24,48111.9,0,50
LONG,AT_Slope_ST:lo,Micro_WickImbalance:lo,48,47,1,17.98,1276.58,61275.8,43,5
LONG,Micro_WickImbalance:lo,OBV_Macd:lo,48,47,1,15.44,1305.08,62643.7,29,19
LONG,AT_Regime_ST:==1,Volume_Ratio_10:hi,48,46,2,17.85,1242.02,59616.9,44,4
LONG,OR_High_Side:==-1,OR_Low_Side:==-1,46,46,0,14.15,711.28,32719.1,0,46
LONG,OR_Position:lo,Slope_EMA_ST:lo,51,46,5,19.67,588.37,30006.7,32,19
LONG,Micro_FailedBreak:hi,OBV_Macd:lo,47,46,1,18.45,1138.97,53531.4,0,47
LONG,ADX_Rising:==1,PrevDay_High_Dist_ATR:lo,48,46,2,6.44,525.78,25237.3,48,0
LONG,ADX_Rising:==1,PrevDay_Low_Side:==-1,48,46,2,6.44,525.78,25237.3,48,0
LONG,Micro_AutoCorr:hi,Micro_LogReturn:hi,48,46,2,17.23,1199.81,57591.1,44,4
LONG,AT_Score_LT:lo,VWAP_Sigma:hi,47,46,1,10.49,280.98,13206.2,44,3
LONG,Slope_Accel_LT:hi,VWAP_Sigma:hi,47,46,1,10.53,215.96,10150.2,44,3
LONG,AT_Slope_ST:lo,D2D_ATR_MA:hi,48,46,2,18.77,802.11,38501.4,45,3
LONG,Micro_AutoCorr:hi,TChan_A15:hi,46,46,0,11.28,966.81,44473.4,46,0
LONG,AT_Regime_ST:==1,Lower_Wick:hi,49,45,4,17.24,510.91,25034.7,0,49
LONG,Micro_LogReturn:hi,Volume:hi,46,45,1,14.2,753.89,34679.1,0,46
LONG,Micro_VolOfVol:hi,OBV_Macd:lo,47,45,2,18.6,925.03,43476.3,0,47
LONG,Micro_FailedBreak:hi,Micro_RangeVelocity:hi,45,45,0,18.36,807.3,36328.7,0,45
LONG,AT_Regime_ST:==1,OR_Position:lo,49,45,4,20.24,610.02,29891.0,0,49
LONG,Body_Size:hi,OBV_Macd:lo,47,45,2,21.15,1175.09,55229.1,0,47
LONG,D2D_ATR:hi,OBV_Macd:lo,47,45,2,21.57,803.23,37751.7,0,47
LONG,Body_Size:hi,Micro_FailedBreak:hi,47,45,2,20.06,1106.01,51982.4,0,47
LONG,Bar_Range:hi,Micro_AutoCorr:hi,46,45,1,17.8,1295.33,59585.4,45,1
LONG,Micro_VolOfVol:hi,Momentum_Value:hi,47,45,2,20.79,938.07,44089.5,0,47
LONG,AT_Regime_ST:==1,Micro_WickImbalance:lo,46,45,1,18.63,1282.51,58995.3,0,46
LONG,AT_Regime_ST:==1,PrevDay_High_Side:==-1,47,44,3,18.6,1114.43,52378.1,0,47
LONG,Bars_Since_Flip:hi,Volume:hi,44,44,0,20.27,618.11,27196.8,0,44
LONG,Micro_HLAsymmetry:hi,Micro_Rejection:lo,46,44,2,12.76,332.71,15304.6,39,7
LONG,Micro_RollProxy:hi,RangeOsc_State:==-1,47,44,3,19.91,450.22,21160.2,47,0
LONG,AT_Slope_ST:lo,Upper_Wick:hi,45,44,1,22.53,1295.5,58297.6,35,10
LONG,AT_Slope_LT:lo,Micro_HLAsymmetry:hi,45,44,1,23.76,1360.56,61225.1,0,45
LONG,Micro_Rejection:lo,PrevDay_Low_Side:==-1,48,44,4,10.75,535.3,25694.2,35,13
LONG,AT_Regime_ST:==1,VWAP_Sigma:hi,45,44,1,17.44,848.44,38179.8,0,45
LONG,Micro_Rejection:lo,Upper_Wick:hi,47,44,3,11.53,589.56,27709.5,0,47
LONG,KAMA_Dist:lo,Micro_WickImbalance:hi,47,43,4,8.64,253.01,11891.6,47,0
LONG,Micro_Rejection:lo,Slope_EMA_ST:lo,46,43,3,12.87,281.57,12952.3,46,0
LONG,AT_Slope_ST:lo,Lower_Wick:hi,47,43,4,17.06,522.1,24538.5,36,11
LONG,AT_Lookback_ST:hi,D2D_ATR:hi,44,43,1,23.82,918.01,40392.4,0,44
LONG,AT_Slope_ST:lo,Micro_RangeAccel:lo,47,43,4,17.11,611.87,28758.1,47,0
LONG,AT_Slope_ST:lo,OR_Position:lo,48,43,5,20.33,615.19,29529.2,33,15
LONG,Micro_RangeVelocity:hi,Momentum_Value:hi,44,43,1,19.75,858.3,37765.4,43,1
LONG,PrevDay_Low_Side:==-1,Sqz_State:==1,48,43,5,10.33,814.61,39101.3,36,12
LONG,Micro_WickImbalance:lo,Volume:hi,43,43,0,16.7,892.31,38369.5,0,43
LONG,AT_Regime_ST:==1,Micro_AutoCorr:hi,44,43,1,19.02,1326.21,58353.2,0,44
LONG,Bars_Since_Flip:hi,Micro_VolOfVol:hi,43,42,1,19.72,562.58,24190.8,0,43
LONG,Bars_Since_Flip:hi,RangeOsc_State:==-1,43,42,1,21.95,488.59,21009.3,0,43
LONG,AT_Regime_ST:==1,Session_Low_Dist_ATR:lo,44,42,2,15.61,1300.83,57236.7,0,44
LONG,OR_Low_Side:==-1,Round_500_Dist_ATR:lo,43,42,1,10.3,266.84,11474.0,33,10
LONG,AT_Regime_LT:==1,Micro_RangeVelocity:lo,48,42,6,14.33,780.55,37466.2,22,26
LONG,Bars_Since_Flip:hi,Micro_FailedBreak:hi,43,42,1,20.05,851.43,36611.7,0,43
LONG,OBV_Macd:lo,Sqz_State:==1,43,42,1,14.14,1010.48,43450.6,30,13
LONG,Micro_WickImbalance:lo,Slope_EMA_ST:lo,43,42,1,19.12,1405.8,60449.6,25,18
LONG,Micro_AutoCorr:hi,Volume_Ratio_10:hi,42,42,0,15.29,1104.15,46374.1,33,9
LONG,TChan_A15:hi,Volume_Ratio_10:hi,42,42,0,11.38,1024.44,43026.3,42,0
LONG,AT_Regime_ST:==1,Micro_LogReturn:hi,42,41,1,20.02,1408.16,59142.6,0,42
LONG,Bars_Since_Flip:hi,PrevDay_Low_Dist_ATR:lo,41,41,0,16.17,402.94,16520.5,41,0
LONG,Harmonic_OBVf_Concordance:==0,KAMA_Dist:lo,45,41,4,8.8,261.63,11773.4,45,0
LONG,Harmonic_OBVf_Concordance:==0,Micro_WickImbalance:hi,45,41,4,8.8,261.63,11773.4,45,0
LONG,Micro_Amihud:hi,OR_Low_Side:==-1,42,41,1,17.29,905.35,38024.6,42,0
LONG,MultiDay_Position:lo,OR_Low_Side:==-1,42,41,1,20.0,901.23,37851.7,0,42
LONG,OR_Low_Side:==-1,PrevDay_Low_Dist_ATR:lo,41,41,0,16.17,402.94,16520.5,41,0
LONG,OR_Low_Side:==-1,Upper_Wick:hi,41,41,0,18.63,1295.99,53135.5,0,41
LONG,Micro_Rejection:lo,Session_Low_Dist_ATR:lo,46,41,5,9.54,638.89,29388.9,38,8
LONG,AT_Slope_ST:lo,Micro_Rejection:lo,44,41,3,13.09,270.34,11895.0,0,44
LONG,AT_Slope_ST:lo,PrevDay_High_Side:==-1,43,41,2,18.51,1197.1,51475.3,0,43
LONG,Micro_RangeAccel:lo,Micro_RangeVelocity:lo,45,41,4,14.8,837.71,37696.9,0,45
LONG,AT_Lookback_ST:hi,Body_Size:hi,43,41,2,22.53,891.93,38353.1,0,43
LONG,Bars_Since_Flip:hi,Body_Size:hi,44,41,3,23.43,966.25,42514.9,0,44
LONG,Body_Size:hi,Micro_RollProxy:hi,43,41,2,22.88,1356.18,58315.8,0,43
LONG,Micro_FailedBreak:hi,OR_Low_Side:==-1,41,41,0,18.85,1098.44,45036.0,0,41
LONG,Micro_HLAsymmetry:hi,Micro_RangeVelocity:hi,41,41,0,16.54,830.49,34050.2,0,41
LONG,PrevDay_Low_Side:==-1,VWAP_Side:==-1,43,41,2,13.98,1258.11,54098.8,0,43
LONG,Micro_OrderFlowDelta:hi,PrevDay_Low_Side:==-1,44,41,3,11.59,1156.2,50872.6,29,15
LONG,Body_Size:hi,VWAP_Sigma:hi,42,41,1,14.69,795.64,33416.7,0,42
LONG,VWAP_Dist_ATR:lo,Volume:hi,41,40,1,9.34,821.56,33683.8,0,41
LONG,Session_Low_Dist_ATR:lo,Volume_Avg_10:hi,41,40,1,11.56,358.99,14718.6,28,13
LONG,AT_Slope_ST:lo,Round_1000_Dist_ATR:lo,43,40,3,15.65,1232.14,52981.9,35,8
LONG,Slope_EMA_ST:lo,Volume_Avg_10:hi,40,40,0,18.73,902.57,36102.8,0,40
LONG,AT_Regime_LT:==1,Slope_EMA_ST:lo,45,40,5,17.96,636.62,28647.8,0,45
LONG,Bars_Since_Flip:hi,Micro_RollProxy:hi,42,40,2,23.6,999.88,41995.1,0,42
LONG,AT_Regime_ST:==1,D2D_Signal:==0,45,40,5,21.96,551.96,24838.2,0,45
LONG,Micro_FailedBreak:hi,Micro_HLAsymmetry:hi,40,40,0,20.82,1327.64,53105.7,0,40
LONG,Micro_FailedBreak:hi,Micro_RollProxy:hi,41,40,1,20.05,1203.18,49330.5,0,41
LONG,Micro_HLAsymmetry:hi,Upper_Wick:hi,40,40,0,20.7,1467.28,58691.4,0,40
LONG,Micro_WickImbalance:lo,Momentum_Value:hi,40,40,0,20.4,1526.79,61071.6,0,40
LONG,AT_Regime_LT:==1,Round_1000_Dist_ATR:lo,42,40,2,8.81,732.84,30779.2,34,8
LONG,AT_Slope_ST:lo,VWAP_Sigma:hi,40,40,0,18.65,877.84,35113.5,29,11
LONG,OBV_Macd:lo,VWAP_Sigma:hi,41,40,1,13.85,622.11,25506.6,0,41
LONG,D2D_ATR_MA:hi,OR_Low_Side:==-1,43,40,3,16.98,632.82,27211.1,0,43
LONG,PrevDay_High_Dist_ATR:lo,WeeklyOpen_Side:==-1,43,40,3,7.72,1003.33,43143.1,43,0
LONG,Harmonic_OBVf_Concordance:==0,Volume:hi,42,39,3,8.86,282.9,11881.9,0,42
LONG,Micro_VolOfVol:hi,Upper_Wick:hi,39,39,0,18.85,1061.96,41416.3,0,39
LONG,PrevDay_High_Side:==-1,Volume:hi,41,39,2,13.63,832.45,34130.5,0,41
LONG,AT_Slope_ST:lo,Volume_Avg_10:hi,39,39,0,18.85,931.75,36338.2,0,39
LONG,Bar_Range:hi,Micro_RollProxy:hi,41,39,2,19.37,1340.49,54959.9,0,41
LONG,AT_Lookback_ST:hi,OBV_Macd:lo,40,39,1,22.45,797.04,31881.5,0,40
LONG,AT_Lookback_ST:hi,RangeOsc_State:==-1,40,39,1,21.32,378.14,15125.4,0,40
LONG,AT_Regime_ST:==1,D2D_Signal:==1,40,39,1,14.43,1676.59,67063.6,0,40
LONG,AT_Slope_ST:lo,PrevDay_Low_Side:==-1,41,39,2,18.34,981.86,40256.4,0,41
LONG,Body_Size:hi,OR_Low_Side:==-1,40,39,1,22.65,1352.09,54083.6,0,40
LONG,D2D_ATR:hi,Micro_RollProxy:hi,40,39,1,23.0,1071.62,42864.8,0,40
LONG,D2D_Signal:==1,Momentum_Value:hi,39,39,0,14.85,1393.55,54348.5,0,39
LONG,Momentum_Value:hi,RangeOsc_State:==-1,41,39,2,23.15,560.63,22985.9,0,41
LONG,AT_Slope_LT:lo,Micro_RangeVelocity:hi,40,39,1,20.65,852.86,34114.3,0,40
LONG,Bars_Since_Flip:hi,Micro_HLAsymmetry:hi,39,39,0,23.49,1044.57,40738.4,0,39
LONG,Body_Size:hi,VWAP_Side:==-1,41,39,2,22.83,1065.61,43690.0,0,41
LONG,D2D_ATR:hi,Micro_HLAsymmetry:hi,39,39,0,22.38,1072.2,41815.8,0,39
LONG,OR_Low_Side:==-1,VWAP_Side:==-1,39,39,0,20.36,951.67,37115.1,0,39
LONG,PrevDay_Low_Side:==-1,Volume_Avg_10:hi,40,39,1,15.05,841.75,33670.0,0,40
LONG,RangeOsc_State:==-2,Sqz_State:==1,40,39,1,10.8,1073.41,42936.4,40,0
LONG,D2D_Signal:==1,Session_High_Dist_ATR:lo,39,39,0,9.08,1336.31,52116.0,39,0
LONG,D2D_ATR:hi,Micro_Rejection:lo,39,39,0,11.67,284.25,11085.6,30,9
LONG,KAMA_Dist:lo,OR_High_Side:==-1,41,38,3,8.88,266.2,10914.4,40,1
LONG,OBV_Macd:lo,RangeOsc_State:==-1,41,38,3,21.1,490.93,20128.0,0,41
LONG,Micro_Rejection:lo,Volume:hi,40,38,2,11.12,740.45,29617.8,19,21
LONG,Lower_Wick:hi,Slope_EMA_ST:lo,43,38,5,18.09,524.34,22546.6,34,9
LONG,Bar_Range:hi,Micro_TickIntensity:hi,40,38,2,9.12,204.67,8186.8,39,1
LONG,D2D_ATR:hi,Upper_Wick:hi,38,38,0,22.05,1063.75,40422.4,0,38
LONG,Micro_RollProxy:hi,OR_Low_Side:==-1,40,38,2,21.98,1250.17,50006.7,0,40
LONG,AT_Lookback_ST:hi,Micro_HLAsymmetry:hi,38,38,0,23.13,1005.49,38208.7,0,38
LONG,AT_Slope_LT:lo,D2D_Signal:==0,41,38,3,21.9,574.44,23551.9,0,41
LONG,D2D_Signal:==0,Slope_EMA_ST:lo,42,38,4,22.57,550.63,23126.6,0,42
LONG,Micro_HLAsymmetry:hi,OBV_Macd:lo,39,38,1,23.28,1331.12,51913.8,0,39
LONG,DailyOpen_Side:==1,OR_Low_Side:==-1,39,38,1,10.51,288.99,11270.8,39,0
LONG,Micro_LogReturn:hi,Slope_EMA_ST:lo,40,38,2,19.75,1385.45,55417.8,0,40
LONG,AT_Score_LT:lo,Body_Size:hi,40,38,2,12.15,282.93,11317.4,35,5
LONG,Micro_AutoCorr:hi,Micro_Hurst:hi,38,38,0,15.82,1424.37,54126.1,0,38
LONG,AT_Regime_ST:==1,Sqz_State:==1,39,38,1,17.26,1156.05,45086.0,0,39
LONG,Slope_Accel_LT:lo,Volume:hi,39,38,1,12.38,803.91,31352.3,35,4
LONG,Micro_RangeVelocity:lo,Volume:hi,41,37,4,14.83,671.61,27536.1,0,41
LONG,Micro_FailedBreak:hi,Volume:hi,37,37,0,17.97,942.87,34886.2,0,37
LONG,AT_Regime_LT:==1,Volume:hi,39,37,2,16.74,857.4,33438.5,0,39
LONG,OBV_Macd:lo,Volume_Avg_10:hi,39,37,2,14.56,679.97,26518.9,0,39
LONG,AT_Regime_LT:==1,AT_Slope_LT:lo,39,37,2,17.38,745.59,29078.0,0,39
LONG,AT_Regime_LT:==1,OBV_Macd:lo,38,37,1,15.84,1034.05,39294.0,0,38
LONG,Bars_Since_Flip:hi,VA_Position:hi,40,37,3,10.2,281.3,11252.1,26,14
LONG,Body_Size:hi,D2D_ATR:hi,39,37,2,24.56,1091.45,42566.4,0,39
LONG,D2D_Signal:==1,OBV_Macd:lo,38,37,1,14.03,1713.78,65123.8,0,38
LONG,Micro_RangeAccel:lo,Momentum_Value:hi,39,37,2,17.77,808.5,31531.6,0,39
LONG,Micro_RangeAccel:lo,OBV_Macd:lo,37,37,0,16.11,1075.12,39779.3,0,37
LONG,PrevDay_Low_Side:==-1,Slope_EMA_ST:lo,39,37,2,18.26,975.6,38048.5,0,39
LONG,AT_Slope_LT:lo,Micro_Hurst:hi,40,37,3,19.35,1312.38,52495.2,34,6
LONG,Micro_HLAsymmetry:hi,OR_Low_Side:==-1,38,37,1,22.11,1367.55,51966.9,0,38
LONG,ADX_Rising:==0,Volume:hi,39,37,2,10.08,753.09,29370.5,0,39
LONG,AT_Slope_ST:lo,D2D_DirStep:==1,39,37,2,19.67,1470.05,57331.8,39,0
LONG,Bar_Range:hi,Micro_LogReturn:hi,38,37,1,19.53,1454.44,55268.7,0,38
LONG,D2D_DirStep:==1,Micro_AutoCorr:hi,39,37,2,19.67,1470.05,57331.8,39,0
LONG,AT_Regime_ST:==1,OBVf_Signal:==1,39,37,2,18.38,271.78,10599.4,0,39
LONG,D2D_ATR_MA:hi,Slope_EMA_ST:lo,39,37,2,21.28,922.55,35979.3,0,39
LONG,Micro_VolOfVol:hi,Micro_WickImbalance:lo,37,37,0,17.32,1029.16,38078.9,15,22
LONG,Micro_VolOfVol:hi,OBVf_Signal:==1,39,37,2,18.41,288.5,11251.6,39,0
LONG,KAMA_Dist:lo,Lower_Wick:hi,39,36,3,8.62,190.52,7430.1,35,4
LONG,Bars_Since_Flip:hi,Round_500_Dist_ATR:lo,38,36,2,9.95,254.24,9661.2,26,12
LONG,Micro_OrderFlowDelta:lo,Micro_Rejection:lo,37,36,1,9.05,252.82,9354.5,0,37
LONG,Micro_HLAsymmetry:hi,VWAP_Side:==-1,36,36,0,22.39,1200.48,43217.2,0,36
LONG,Micro_Hurst:hi,VWAP_Side:==-1,39,36,3,17.64,982.21,38306.0,31,8
LONG,AT_Regime_ST:==1,Micro_RangeVelocity:lo,42,36,6,16.38,574.69,24137.0,0,42
LONG,Micro_RangeAccel:lo,Slope_EMA_ST:lo,40,36,4,18.62,671.12,26844.6,0,40
LONG,Micro_TickIntensity:hi,PrevDay_Low_Side:==-1,37,36,1,7.22,275.24,10183.9,34,3
LONG,AT_Lookback_ST:hi,Micro_FailedBreak:hi,37,36,1,20.84,772.18,28570.7,0,37
LONG,Micro_RangeVelocity:hi,OR_Low_Side:==-1,36,36,0,18.5,835.04,30061.3,34,2
LONG,Micro_OrderFlowDelta:hi,Micro_WickImbalance:lo,36,36,0,18.56,1603.54,57727.4,32,4
LONG,AT_Slope_ST:lo,Micro_RangeAccel:hi,36,36,0,13.94,398.67,14352.3,18,18
LONG,AT_Slope_LT:lo,Volume:hi,38,36,2,22.53,986.53,37488.0,0,38
LONG,Micro_WickImbalance:lo,Upper_Wick:hi,36,36,0,18.83,1576.72,56762.0,0,36
LONG,OR_Low_Side:==-1,VWAP_Sigma:hi,37,36,1,17.35,911.02,33707.6,0,37
LONG,Body_Size:hi,Slope_Accel_LT:hi,39,36,3,11.31,203.34,7930.1,35,4
LONG,D2D_ATR_MA:hi,OR_Position:lo,39,36,3,18.46,695.35,27118.6,10,29
LONG,OBVf_Signal:==1,Slope_EMA_ST:lo,38,36,2,19.08,299.45,11379.1,0,38
LONG,OR_Low_Side:==-1,Sqz_State:==1,37,36,1,15.54,693.36,25654.5,0,37
LONG,OR_Position:lo,Volume:hi,39,36,3,21.51,768.73,29980.6,0,39
LONG,Micro_HLAsymmetry:hi,Slope_Accel_LT:lo,37,36,1,13.05,882.88,32666.5,35,2
LONG,PrevDay_Close_Side:==-1,PrevDay_High_Dist_ATR:lo,39,36,3,7.18,960.1,37443.9,38,1
LONG,MultiDay_Position:lo,Slope_EMA_ST:lo,37,36,1,22.03,1001.91,37070.8,0,37
LONG,Lower_Wick:hi,OBV_Macd:lo,39,35,4,15.15,409.56,15972.8,25,14
LONG,Micro_Amihud:hi,Micro_VolOfVol:hi,36,35,1,18.53,976.58,35156.7,0,36
LONG,Volume:hi,Volume_Ratio_10:hi,35,35,0,18.17,1530.86,53580.0,0,35
LONG,Micro_RollProxy:hi,Volume:hi,38,35,3,18.92,883.97,33590.8,0,38
LONG,Micro_FailedBreak:hi,Volume_Avg_10:hi,36,35,1,11.97,672.73,24218.4,22,14
LONG,AT_Lookback_ST:hi,OR_Low_Side:==-1,35,35,0,25.06,1068.49,37397.3,0,35
LONG,AT_Slope_LT:lo,Bar_Range:hi,36,35,1,22.5,1543.98,55583.2,0,36
LONG,AT_Slope_LT:lo,Upper_Wick:hi,36,35,1,23.81,1567.1,56415.5,0,36
LONG,Bars_Since_Flip:hi,Micro_CSSpread:hi,37,35,2,11.65,315.36,11668.3,37,0
LONG,Micro_CSSpread:hi,Upper_Wick:hi,37,35,2,11.65,315.36,11668.3,37,0
LONG,Micro_RollProxy:hi,Upper_Wick:hi,36,35,1,21.42,1500.88,54031.8,0,36
LONG,PrevDay_Low_Side:==-1,Upper_Wick:hi,37,35,2,15.16,1418.22,52474.1,0,37
LONG,Micro_FailedBreak:hi,Micro_Hurst:hi,36,35,1,17.25,1252.67,45096.1,0,36
LONG,OBV_Macd:lo,RangeOsc_State:==-2,37,35,2,12.16,1440.29,53290.7,30,7
LONG,PrevDay_High_Dist_ATR:lo,Sqz_State:==1,39,35,4,7.33,684.32,26688.6,36,3
LONG,Micro_RangeAccel:hi,Slope_EMA_ST:lo,35,35,0,14.54,422.52,14788.3,26,9
LONG,AT_Slope_ST:lo,RangeOsc_Val:lo,37,35,2,19.84,369.32,13665.0,37,0
LONG,Micro_FailedBreak:hi,Micro_RangeAccel:lo,38,35,3,11.89,655.39,24904.7,34,4
LONG,PoC_Side:==1,Volume:hi,35,35,0,12.0,1532.53,53638.7,0,35
LONG,Micro_AutoCorr:hi,Micro_HLAsymmetry:hi,36,35,1,20.53,1521.34,54768.4,0,36
LONG,Micro_VolOfVol:hi,OR_Position:lo,37,35,2,21.95,801.88,29669.4,33,4
LONG,PrevDay_Low_Side:==-1,VWAP_Sigma:hi,36,35,1,12.61,860.29,30970.3,0,36
LONG,PrevDay_Close_Side:==-1,WeeklyOpen_Side:==-1,38,35,3,7.03,975.23,37058.9,38,0
LONG,DailyOpen_Dist_ATR:lo,Volume:hi,35,34,1,11.29,1046.71,36635.0,0,35
LONG,Lower_Wick:hi,RangeOsc_State:==-1,37,34,3,17.51,406.84,15053.1,34,3
LONG,RangeOsc_State:==-1,Upper_Wick:hi,36,34,2,19.14,528.5,19025.9,15,21
LONG,AT_Regime_LT:==1,Bars_Since_Flip:hi,35,34,1,18.43,466.28,16319.9,0,35
LONG,AT_Regime_ST:==1,Round_1000_Dist_ATR:lo,37,34,3,16.78,1376.82,50942.3,0,37
LONG,AT_Score_LT:lo,OR_Low_Side:==-1,34,34,0,14.88,349.88,11896.0,0,34
LONG,AT_Slope_ST:lo,Session_Low_Dist_ATR:lo,36,34,2,17.67,924.2,33271.3,34,2
LONG,Micro_Hurst:hi,Round_1000_Dist_ATR:lo,37,34,3,16.7,1414.27,52327.9,35,2
LONG,AT_Regime_LT:==1,Momentum_Value:hi,36,34,2,19.19,906.75,32642.9,0,36
LONG,Momentum_Value:hi,PrevDay_Low_Side:==-1,34,34,0,19.41,1162.9,39538.5,0,34
LONG,AT_Lookback_ST:hi,D2D_Signal:==0,35,34,1,21.91,550.1,19253.4,0,35
LONG,AT_Lookback_ST:hi,VWAP_Side:==-1,36,34,2,23.11,983.87,35419.2,0,36
LONG,Bars_Since_Flip:hi,D2D_Signal:==0,37,34,3,23.51,615.03,22756.2,0,37
LONG,Micro_RollProxy:hi,VWAP_Side:==-1,36,34,2,23.42,1115.94,40173.7,0,36
LONG,Micro_HLAsymmetry:hi,Micro_WickImbalance:lo,35,34,1,18.69,1583.83,55434.2,0,35
LONG,D2D_DirStep:==1,Micro_LogReturn:hi,36,34,2,20.03,1531.97,55150.8,0,36
LONG,Momentum_Value:hi,Volume_Ratio_10:hi,34,34,0,19.53,1125.4,38263.6,0,34
LONG,Momentum_Value:hi,VWAP_Sigma:hi,35,34,1,19.14,983.61,34426.5,0,35
LONG,OBVf_Signal:==1,Volume:hi,36,34,2,18.72,320.4,11534.5,0,36
LONG,PrevDay_Close_Side:==-1,PrevDay_Low_Side:==-1,37,34,3,6.84,726.34,26874.5,0,37
LONG,PrevDay_Low_Side:==-1,WeeklyOpen_Side:==-1,38,34,4,9.37,963.18,36600.9,0,38
LONG,VWAP_Side:==-1,WeeklyOpen_Side:==-1,36,34,2,9.14,1171.38,42169.5,32,4
LONG,Momentum_Value:hi,MultiDay_Position:lo,34,34,0,21.85,1093.92,37193.4,0,34
LONG,OR_Low_Side:==1,PrevDay_High_Dist_ATR:lo,40,34,6,6.22,531.04,21241.5,40,0
LONG,Lower_Wick:hi,Micro_WickImbalance:hi,36,33,3,8.75,199.97,7198.8,35,1
LONG,Micro_LogReturn:hi,Micro_VolOfVol:hi,33,33,0,15.64,1007.76,33256.1,10,23
LONG,Upper_Wick:hi,Volume_Ratio_10:hi,34,33,1,18.15,1563.08,53144.7,0,34
LONG,Bars_Since_Flip:hi,Session_Low_Dist_ATR:lo,34,33,1,14.91,558.52,18989.7,28,6
LONG,Session_Low_Dist_ATR:lo,Upper_Wick:hi,36,33,3,15.39,1321.56,47576.2,0,36
LONG,Upper_Wick:hi,Volume_Avg_10:hi,34,33,1,13.35,852.78,28994.4,0,34
LONG,Bar_Range:hi,Micro_Lambda:lo,35,33,2,7.77,242.79,8497.5,32,3
LONG,Bar_Range:hi,Volume:hi,34,33,1,17.35,961.01,32674.4,0,34
LONG,OR_Low_Side:==1,Session_Low_Dist_ATR:lo,36,33,3,7.58,752.16,27077.9,30,6
LONG,AT_Slope_ST:lo,Micro_RangeVelocity:lo,37,33,4,17.35,727.3,26910.1,0,37
LONG,Round_1000_Dist_ATR:lo,Slope_EMA_ST:lo,36,33,3,16.94,1381.71,49741.4,0,36
LONG,Micro_VPIN:lo,Volume:hi,33,33,0,12.55,326.23,10765.5,17,16
LONG,Bars_Since_Flip:hi,PrevDay_Low_Side:==-1,38,33,5,16.97,894.73,33999.7,0,38
LONG,D2D_ATR:hi,RangeOsc_State:==-1,34,33,1,24.09,559.94,19038.0,0,34
LONG,Micro_RangeAccel:lo,OR_Low_Side:==-1,33,33,0,18.33,727.08,23993.7,0,33
LONG,Bars_Since_Flip:hi,VWAP_Side:==-1,35,33,2,25.14,1141.25,39943.9,0,35
LONG,Body_Size:hi,Micro_HLAsymmetry:hi,33,33,0,25.76,1779.87,58735.7,0,33
LONG,D2D_ATR:hi,D2D_Signal:==0,36,33,3,23.33,625.76,22527.3,0,36
LONG,D2D_Signal:==0,Micro_RollProxy:hi,35,33,2,21.29,669.17,23420.8,0,35
LONG,Micro_FailedBreak:hi,Upper_Wick:hi,34,33,1,19.53,1457.29,49547.9,0,34
LONG,AT_Slope_ST:lo,Micro_OrderFlowDelta:hi,33,33,0,20.24,1725.53,56942.6,32,1
LONG,Body_Size:hi,Volume:hi,33,33,0,23.94,1113.73,36753.0,0,33
LONG,OBV_Macd:lo,Session_Low_Dist_ATR:lo,35,33,2,15.54,1740.47,60916.5,0,35
LONG,RangeOsc_Val:lo,Slope_EMA_ST:lo,35,33,2,20.4,382.41,13384.2,0,35
LONG,OR_Low_Side:==-1,RangeOsc_State:==-2,35,33,2,12.37,1079.74,37790.9,28,7
LONG,Micro_AutoCorr:hi,Volume:hi,33,33,0,16.94,1015.88,33524.0,0,33
LONG,AT_Score_LT:lo,OBV_Macd:lo,34,33,1,11.0,220.73,7504.8,0,34
LONG,Bars_Since_Flip:hi,VWAP_Sigma:hi,34,33,1,19.76,941.86,32023.1,0,34
LONG,Micro_LogReturn:hi,Micro_RollProxy:hi,35,33,2,21.17,1514.51,53008.0,0,35
LONG,Slope_EMA_ST:lo,VWAP_Sigma:hi,33,33,0,20.76,1007.89,33260.4,0,33
LONG,AT_Regime_ST:==1,Micro_VPIN:lo,33,33,0,12.18,358.43,11828.3,0,33
LONG,AT_Slope_LT:lo,Micro_VolOfVol:hi,34,33,1,23.44,1140.0,38759.9,0,34
LONG,Micro_HLAsymmetry:hi,Micro_VolOfVol:hi,34,33,1,20.15,1062.33,36119.3,0,34
LONG,Sqz_State:==1,WeeklyOpen_Side:==-1,35,33,2,10.2,1200.72,42025.1,0,35
LONG,AT_Slope_ST:lo,MultiDay_Position:lo,33,33,0,23.61,1109.71,36620.4,0,33
LONG,Micro_OrderFlowDelta:hi,Session_High_Dist_ATR:lo,36,33,3,7.64,1176.63,42358.8,29,7
LONG,D2D_Persist:hi,OR_Low_Side:==1,37,33,4,5.3,197.77,7317.5,37,0
LONG,D2D_Persist:hi,PrevDay_Low_Side:==-1,37,33,4,5.3,197.77,7317.5,37,0
LONG,Bars_Since_Flip:hi,Lower_Wick:hi,34,32,2,20.56,727.22,24725.6,28,6
LONG,Bars_Since_Flip:hi,Volume_Ratio_10:hi,34,32,2,18.91,540.77,18386.2,0,34
LONG,KAMA_Dist:lo,PrevDay_High_Side:==-1,35,32,3,9.8,317.31,11105.7,34,1
LONG,Lower_Wick:hi,PrevDay_High_Side:==-1,36,32,4,14.83,541.41,19490.8,0,36
LONG,Micro_LogReturn:hi,OBV_Macd:lo,32,32,0,20.38,1429.6,45747.2,0,32
LONG,Micro_LogReturn:hi,OR_High_Side:==-1,33,32,1,15.3,1076.16,35513.4,23,10
LONG,Micro_VolOfVol:hi,Volume_Ratio_10:hi,33,32,1,18.48,1154.92,38112.5,0,33
LONG,Micro_WickImbalance:hi,PrevDay_High_Side:==-1,35,32,3,9.97,301.79,10562.7,34,1
LONG,AT_Slope_LT:lo,PrevDay_Low_Side:==-1,33,32,1,19.15,1168.23,38551.7,0,33
LONG,Bars_Since_Flip:hi,OR_Position:lo,32,32,0,23.09,451.66,14453.2,0,32
LONG,D2D_ATR:hi,PrevDay_Low_Side:==-1,32,32,0,19.06,1188.94,38046.2,0,32
LONG,D2D_ATR:hi,VWAP_Side:==-1,34,32,2,24.35,1165.86,39639.2,0,34
LONG,Micro_Hurst:hi,OBV_Macd:lo,34,32,2,18.21,1311.26,44583.0,0,34
LONG,RangeOsc_State:==-1,VWAP_Side:==-1,35,32,3,21.09,459.56,16084.6,0,35
LONG,Momentum_Value:hi,Volume_Avg_10:hi,32,32,0,19.22,1084.96,34718.7,0,32
LONG,Slope_Accel_LT:hi,Sqz_State:==1,32,32,0,11.66,242.55,7761.5,23,9
LONG,DailyOpen_Side:==1,Round_500_Dist_ATR:lo,33,32,1,10.7,305.55,10083.1,33,0
LONG,Micro_RangeAccel:hi,Micro_RangeVelocity:hi,32,32,0,14.25,395.51,12656.3,0,32
LONG,AT_Slope_LT:lo,Micro_WickImbalance:lo,32,32,0,22.66,1771.66,56693.0,0,32
LONG,AT_Slope_LT:lo,RangeOsc_Val:lo,34,32,2,20.06,387.13,13162.5,0,34
LONG,Micro_FailedBreak:hi,Micro_WickImbalance:lo,32,32,0,19.91,1528.84,48922.9,25,7
LONG,Momentum_Value:hi,Session_Low_Dist_ATR:lo,32,32,0,17.38,1143.42,36589.6,0,32
LONG,AT_Regime_LT:==1,MultiDay_Position:hi,34,32,2,5.59,285.8,9717.1,34,0
LONG,MultiDay_Position:hi,Round_1000_Dist_ATR:lo,34,32,2,5.59,285.8,9717.1,34,0
LONG,Session_High_Dist_ATR:lo,Upper_Wick:hi,32,32,0,9.66,1570.86,50267.6,0,32
LONG,OR_High_Side:==-1,Slope_Accel_LT:hi,33,32,1,9.36,360.18,11885.9,11,22
LONG,D2D_ATR:hi,Micro_VolOfVol:hi,32,32,0,23.06,636.29,20361.2,0,32
LONG,D2D_ATR_MA:hi,OBVf_Signal:==1,34,32,2,17.88,309.75,10531.5,0,34
LONG,Micro_AutoCorr:hi,Micro_WickImbalance:lo,33,32,1,16.64,1921.64,63414.0,23,10
LONG,Micro_Rejection:lo,OR_Low_Side:==-1,32,32,0,12.97,262.68,8405.8,0,32
LONG,Micro_Rejection:lo,Micro_WickImbalance:lo,33,32,1,10.97,302.05,9967.5,0,33
LONG,PrevDay_High_Dist_ATR:hi,Volume_Avg_10:hi,32,32,0,8.81,218.72,6998.9,30,2
LONG,Bars_Since_Flip:hi,Micro_Amihud:hi,31,31,0,20.42,827.34,25647.4,0,31
LONG,Harmonic_OBVf_Concordance:==0,PrevDay_High_Side:==-1,34,31,3,9.85,306.87,10433.7,0,34
LONG,Micro_VolOfVol:hi,MultiDay_Position:lo,32,31,1,20.22,450.77,14424.6,0,32
LONG,Micro_VolOfVol:hi,OR_High_Side:==-1,31,31,0,16.77,1067.5,33092.6,0,31
LONG,OBV_Macd:lo,OR_High_Side:==-1,31,31,0,17.23,1003.6,31111.6,0,31
LONG,OR_High_Side:==-1,PrevDay_High_Side:==-1,33,31,2,15.45,940.83,31047.5,0,33
LONG,RangeOsc_State:==-1,Volume:hi,33,31,2,21.21,628.89,20753.3,0,33
LONG,AT_Regime_LT:==1,Micro_VolOfVol:hi,32,31,1,17.59,894.48,28623.4,0,32
LONG,Bars_Since_Flip:hi,Micro_Hurst:hi,33,31,2,19.45,1050.66,34671.7,0,33
LONG,OR_Position:hi,Session_Low_Dist_ATR:lo,31,31,0,7.13,491.23,15228.0,31,0
LONG,Micro_RangeVelocity:lo,Slope_EMA_ST:lo,36,31,5,17.81,662.03,23833.0,32,4
LONG,Session_Low_Dist_ATR:lo,Slope_EMA_ST:lo,33,31,2,19.06,1069.54,35294.7,0,33
LONG,AT_Regime_LT:==1,Micro_MomoTransfer:hi,34,31,3,6.91,489.36,16638.4,34,0
LONG,Micro_HLAsymmetry:hi,PrevDay_High_Side:==-1,31,31,0,21.42,1638.72,50800.2,0,31
LONG,AT_Lookback_ST:hi,Upper_Wick:hi,31,31,0,22.94,1092.69,33873.5,0,31
LONG,AT_Regime_LT:==1,Micro_RollProxy:hi,33,31,2,18.24,1127.62,37211.6,0,33
LONG,Momentum_Value:hi,OR_Position:lo,33,31,2,24.45,862.14,28450.6,0,33
LONG,Bars_Since_Flip:hi,Micro_RangeVelocity:hi,32,31,1,22.03,904.82,28954.1,0,32
LONG,Micro_RangeVelocity:hi,OBV_Macd:lo,32,31,1,21.09,1023.28,32745.0,0,32
LONG,OBV_Macd:lo,VWAP_Side:==-1,34,31,3,22.91,1466.84,49872.7,0,34
LONG,ADX_Rising:==0,KAMA_Dist:lo,33,31,2,8.21,335.66,11076.8,32,1
LONG,Micro_AutoCorr:hi,Micro_RangeVelocity:hi,31,31,0,13.74,945.18,29300.5,26,5
LONG,Micro_OrderFlowDelta:hi,Volume:hi,31,31,0,18.52,1630.73,50552.6,0,31
LONG,OR_Low_Side:==-1,WeeklyOpen_Side:==-1,33,31,2,12.45,1164.89,38441.4,28,5
LONG,AT_Regime_ST:==1,RangeOsc_Val:lo,33,31,2,20.79,391.44,12917.6,0,33
LONG,AT_Slope_LT:lo,Micro_AutoCorr:hi,31,31,0,23.74,1796.29,55685.1,0,31
LONG,Bars_Since_Flip:hi,Sqz_State:==1,34,31,3,18.21,720.79,24506.8,0,34
LONG,D2D_ATR:hi,Volume:hi,31,31,0,24.87,672.01,20832.2,0,31
LONG,Micro_LogReturn:hi,Slope_Accel_LT:lo,32,31,1,12.97,932.27,29832.7,30,2
LONG,Micro_AutoCorr:hi,Session_Low_Dist_ATR:lo,31,31,0,13.23,1327.11,41140.5,29,2
LONG,D2D_ATR:hi,MultiDay_Position:lo,31,31,0,24.1,1171.85,36327.3,0,31
LONG,Micro_Rejection:lo,PrevDay_High_Dist_ATR:hi,32,31,1,8.84,213.87,6843.7,31,1
LONG,AT_Regime_ST:==1,PrevDay_Low_Dist_ATR:lo,30,30,0,19.93,475.42,14262.5,0,30
LONG,Harmonic_OBVf_Concordance:==0,Lower_Wick:hi,33,30,3,9.12,209.47,6912.6,0,33
LONG,OR_High_Side:==-1,VWAP_Dist_ATR:lo,31,30,1,10.32,841.31,26080.6,24,7
LONG,OR_Low_Side:==-1,RangeOsc_State:==-1,31,30,1,22.74,426.63,13225.4,0,31
LONG,Micro_VolOfVol:hi,Volume_Avg_10:hi,30,30,0,17.07,401.17,12035.0,0,30
LONG,Micro_Rejection:lo,OR_Low_Side:==1,33,30,3,7.61,807.91,26661.1,30,3
LONG,Micro_MomoTransfer:hi,Micro_RangeAccel:lo,31,30,1,6.71,565.18,17520.7,31,0
LONG,Micro_RangeAccel:lo,Volume:hi,31,30,1,18.58,927.03,28737.9,0,31
LONG,AT_Regime_LT:==1,Upper_Wick:hi,32,30,2,15.56,921.08,29474.7,0,32
LONG,Bars_Since_Flip:hi,Micro_RangeAccel:lo,30,30,0,20.03,482.82,14484.7,0,30
LONG,KAMA_Dist:hi,OR_Low_Side:==-1,30,30,0,16.57,1067.08,32012.3,0,30
LONG,Micro_RangeVelocity:lo,OR_Low_Side:==-1,31,30,1,17.65,712.48,22086.9,0,31
LONG,OBV_Macd:lo,PoC_Side:==1,30,30,0,14.53,2068.69,62060.7,0,30
LONG,Body_Size:hi,D2D_Signal:==0,32,30,2,22.12,651.27,20840.6,0,32
LONG,D2D_ATR:hi,Micro_FailedBreak:hi,30,30,0,23.87,1104.24,33127.3,0,30
LONG,Micro_HLAsymmetry:hi,RangeOsc_State:==-1,31,30,1,23.52,518.23,16065.0,0,31
LONG,ADX_Rising:==0,Micro_WickImbalance:hi,32,30,2,8.22,325.15,10404.8,32,0
LONG,Slope_EMA_ST:lo,Sqz_State:==1,31,30,1,20.16,826.5,25621.4,27,4
LONG,Micro_AutoCorr:hi,Momentum_Value:hi,31,30,1,22.68,1801.16,55836.0,0,31
LONG,Micro_RangeVelocity:hi,Micro_VolOfVol:hi,30,30,0,19.63,629.56,18886.9,0,30
LONG,AT_Slope_LT:lo,Micro_LogReturn:hi,30,30,0,24.73,1805.17,54155.0,0,30
LONG,AT_Slope_LT:lo,VWAP_Sigma:hi,31,30,1,19.97,1023.81,31738.1,0,31
LONG,AT_Slope_LT:lo,Volume_Ratio_10:hi,30,30,0,21.7,1170.35,35110.6,0,30
LONG,AT_Slope_ST:lo,Micro_Amihud:hi,31,30,1,22.23,1328.0,41167.9,20,11
LONG,Micro_Amihud:hi,Slope_EMA_ST:lo,31,30,1,22.74,1315.18,40770.7,0,31
LONG,Micro_AutoCorr:hi,Micro_RollProxy:hi,31,30,1,23.1,2075.64,64344.7,0,31
LONG,Micro_FailedBreak:hi,Micro_LogReturn:hi,31,30,1,19.48,1444.2,44770.1,0,31
LONG,Micro_Hurst:hi,Micro_LogReturn:hi,30,30,0,18.33,1647.94,49438.2,0,30
LONG,AT_Slope_LT:lo,Lower_Wick:hi,33,30,3,20.18,664.35,21923.6,0,33
LONG,Body_Size:hi,Micro_VolOfVol:hi,31,30,1,24.23,1151.13,35685.1,0,31
LONG,Session_Low_Dist_ATR:lo,TChan_A15:hi,30,30,0,12.53,1334.24,40027.3,29,1
LONG,ADX_Value:hi,Micro_WickImbalance:lo,31,30,1,9.87,741.5,22986.5,29,2
LONG,PrevDay_High_Dist_ATR:lo,VWAP_Side:==-1,32,30,2,7.09,814.67,26069.4,32,0
LONG,D2D_ATR:hi,PrevDay_High_Dist_ATR:hi,30,30,0,9.03,235.72,7071.7,30,0
LONG,ADX_Rising:==1,OR_Low_Side:==1,32,30,2,6.44,707.27,22632.8,0,32
LONG,DailyOpen_Dist_ATR:lo,VWAP_Dist_ATR:lo,30,29,1,10.03,910.5,27314.9,23,7
LONG,Lower_Wick:hi,OR_High_Side:==-1,30,29,1,14.57,420.8,12624.1,0,30
LONG,Micro_LogReturn:hi,OR_Low_Side:==-1,29,29,0,20.59,1653.46,47950.4,0,29
LONG,Micro_LogReturn:hi,Volume_Ratio_10:hi,29,29,0,20.1,1234.4,35797.5,12,17
LONG,Micro_VolOfVol:hi,RangeOsc_State:==-1,30,29,1,21.9,641.2,19236.0,0,30
LONG,Micro_TickIntensity:hi,OR_Low_Side:==-1,30,29,1,9.83,150.7,4521.1,0,30
LONG,AT_Regime_ST:==1,AT_Score_LT:lo,30,29,1,15.97,370.36,11110.9,0,30
LONG,DailyOpen_Side:==-1,Session_Low_Dist_ATR:lo,29,29,0,9.48,1018.13,29525.7,25,4
LONG,Micro_HLAsymmetry:hi,Round_100_Dist_ATR:lo,29,29,0,13.14,391.8,11362.3,0,29
LONG,Micro_RangeVelocity:lo,Micro_RollProxy:hi,32,29,3,16.19,1212.86,38811.5,0,32
LONG,Micro_RangeVelocity:hi,VWAP_Side:==-1,30,29,1,21.27,995.65,29869.5,0,30
LONG,Micro_RangeVelocity:hi,Volume:hi,29,29,0,19.28,558.52,16197.1,0,29
LONG,AT_Regime_LT:==1,OR_Position:lo,34,29,5,17.12,639.62,21747.2,0,34
LONG,AT_Regime_ST:==1,EMA_Oscillator:hi,31,29,2,16.13,1050.26,32558.2,31,0
LONG,Bar_Range:hi,OR_Low_Side:==-1,29,29,0,20.14,1594.79,46249.0,0,29
LONG,EMA_Oscillator:hi,PrevDay_Low_Side:==-1,31,29,2,16.13,1050.26,32558.2,31,0
LONG,Micro_RangeAccel:lo,Micro_RollProxy:hi,31,29,2,18.23,1160.61,35978.8,0,31
LONG,Micro_RangeVelocity:lo,OR_Position:lo,33,29,4,17.45,602.73,19890.0,32,1
LONG,Micro_RollProxy:hi,PrevDay_Low_Side:==-1,30,29,1,18.73,1361.12,40833.6,0,30
LONG,AT_Slope_LT:lo,PrevDay_High_Side:==-1,31,29,2,22.68,1610.25,49917.8,0,31
LONG,D2D_Signal:==0,OR_Low_Side:==-1,32,29,3,22.53,539.08,17250.7,0,32
LONG,Micro_FailedBreak:hi,PrevDay_Low_Side:==-1,30,29,1,17.23,1002.4,30072.1,0,30
LONG,Micro_HLAsymmetry:hi,PrevDay_Low_Side:==-1,30,29,1,18.4,1254.75,37642.6,0,30
LONG,Micro_OrderFlowDelta:hi,Momentum_Value:hi,29,29,0,22.45,1939.35,56241.2,0,29
LONG,D2D_DirStep:==1,Slope_EMA_ST:lo,31,29,2,22.03,1724.38,53455.9,0,31
LONG,Micro_RangeAccel:hi,Micro_Rejection:lo,29,29,0,13.03,389.56,11297.2,26,3
LONG,AT_Lookback_ST:hi,Sqz_State:==1,29,29,0,21.24,909.8,26384.2,27,2
LONG,AT_Slope_ST:lo,Sqz_State:==1,30,29,1,20.8,862.65,25879.6,0,30
LONG,Micro_RollProxy:hi,Micro_WickImbalance:lo,29,29,0,20.69,2169.16,62905.5,0,29
LONG,RangeOsc_State:==-2,WeeklyOpen_Side:==-1,31,29,2,12.65,1821.69,56472.4,28,3
LONG,Slope_EMA_ST:lo,Volume_Ratio_10:hi,30,29,1,23.37,1203.88,36116.4,0,30
LONG,AT_Slope_ST:lo,Micro_BarOverlap:lo,29,29,0,18.41,1092.91,31694.4,29,0
LONG,D2D_ATR:hi,VWAP_Sigma:hi,29,29,0,21.14,1108.2,32137.7,0,29
LONG,Micro_BarOverlap:lo,VWAP_Sigma:hi,29,29,0,18.41,1092.91,31694.4,29,0
LONG,AT_Regime_ST:==1,Micro_OrderFlowDelta:hi,29,29,0,21.55,2366.52,68629.1,0,29
LONG,PrevDay_Low_Side:==-1,Volume:hi,29,29,0,15.9,1076.89,31229.8,0,29
LONG,VWAP_Dist_ATR:lo,VWAP_Side:==1,29,29,0,8.41,908.5,26346.6,27,2
LONG,KAMA_Dist:lo,VWAP_Dist_ATR:lo,29,28,1,9.38,360.5,10454.4,29,0
LONG,Micro_WickImbalance:hi,OR_High_Side:==-1,30,28,2,9.67,316.96,9508.8,29,1
LONG,MultiDay_Position:lo,Volume:hi,28,28,0,22.25,571.57,16004.0,0,28
LONG,Upper_Wick:hi,VWAP_Dist_ATR:lo,28,28,0,8.89,1032.66,28914.5,0,28
LONG,Micro_LogReturn:hi,Micro_TickIntensity:hi,28,28,0,9.21,288.49,8077.7,26,2
LONG,Micro_MicroGap:lo,OR_High_Side:==-1,29,28,1,14.1,452.63,13126.4,26,3
LONG,OR_High_Side:==-1,Session_Low_Dist_ATR:lo,29,28,1,12.34,1107.65,32121.9,16,13
LONG,AT_Slope_ST:lo,OR_High_Side:==-1,29,28,1,19.34,1064.36,30866.3,0,29
LONG,Bar_Range:hi,Micro_HLAsymmetry:hi,29,28,1,22.97,1764.4,51167.7,0,29
LONG,PrevDay_High_Side:==-1,Round_1000_Dist_ATR:lo,30,28,2,18.8,1616.75,48502.5,0,30
LONG,VWAP_Side:==-1,Volume:hi,29,28,1,20.17,1248.22,36198.3,0,29
LONG,D2D_ATR_MA:hi,Micro_VPIN:lo,28,28,0,12.68,310.74,8700.7,19,9
LONG,PrevDay_High_Side:==-1,VWAP_Side:==-1,31,28,3,19.71,1070.6,33188.6,0,31
LONG,AT_Regime_LT:==1,Body_Size:hi,29,28,1,19.55,930.32,26979.4,0,29
LONG,AT_Regime_ST:==1,PoC_Side:==1,28,28,0,15.5,2291.91,64173.4,0,28
LONG,AT_Slope_LT:lo,OR_Position:lo,30,28,2,24.17,894.31,26829.4,0,30
LONG,Bar_Range:hi,D2D_ATR:hi,29,28,1,21.52,1225.94,35552.4,0,29
LONG,Bar_Range:hi,Momentum_Value:hi,30,28,2,24.23,1784.3,53528.9,0,30
LONG,Bar_Range:hi,PrevDay_Low_Side:==-1,29,28,1,15.14,1223.78,35489.7,0,29
LONG,Body_Size:hi,RangeOsc_State:==-1,29,28,1,25.28,636.89,18469.7,0,29
LONG,D2D_Signal:==1,Slope_EMA_ST:lo,28,28,0,18.32,1669.46,46745.0,0,28
LONG,Momentum_Value:hi,PoC_Side:==1,28,28,0,15.71,1788.34,50073.5,0,28
LONG,D2D_ATR:hi,Micro_RangeVelocity:hi,29,28,1,22.41,936.61,27161.8,0,29
LONG,Micro_FailedBreak:hi,RangeOsc_State:==-1,28,28,0,22.93,622.6,17432.8,0,28
LONG,Micro_Hurst:hi,Upper_Wick:hi,28,28,0,16.93,1929.07,54013.9,12,16
LONG,Micro_FailedBreak:hi,Micro_Rejection:lo,29,28,1,10.1,300.97,8728.2,22,7
LONG,RangeOsc_State:==-2,Slope_Accel_LT:hi,29,28,1,9.52,267.2,7748.7,23,6
LONG,Micro_Rejection:lo,Slope_Accel_LT:hi,28,28,0,8.82,191.44,5360.2,0,28
LONG,ADX_Rising:==0,Harmonic_OBVf_Concordance:==0,30,28,2,8.43,342.89,10286.6,0,30
LONG,Micro_HLAsymmetry:hi,RangeOsc_Val:lo,29,28,1,21.38,403.86,11711.8,29,0
LONG,AT_Regime_ST:==1,Session_High_Dist_ATR:lo,28,28,0,11.43,1611.64,45126.0,0,28
LONG,Micro_FailedBreak:hi,VWAP_Sigma:hi,29,28,1,18.31,792.62,22986.1,0,29
LONG,Micro_LogReturn:hi,Momentum_Value:hi,29,28,1,23.97,1826.21,52960.1,0,29
LONG,Micro_LogReturn:hi,Micro_RangeVelocity:lo,30,28,2,13.57,846.56,25396.7,19,11
LONG,Bars_Since_Flip:hi,Slope_Accel_LT:hi,30,28,2,15.4,211.75,6352.6,10,20
LONG,AT_Regime_ST:==1,Micro_RangeAccel:hi,28,28,0,16.21,375.44,10512.3,0,28
LONG,D2D_ATR_MA:hi,Momentum_Value:hi,30,28,2,23.5,1117.88,33536.5,0,30
LONG,Micro_FailedBreak:hi,Micro_VolOfVol:hi,28,28,0,20.86,1275.18,35705.0,0,28
LONG,Micro_VPIN:lo,OR_Low_Side:==-1,28,28,0,13.04,274.99,7699.8,0,28
LONG,ADX_Value:hi,OBV_Macd:lo,29,28,1,9.93,778.65,22580.9,29,0
LONG,Bars_Since_Flip:hi,Micro_Rejection:lo,30,28,2,13.2,276.07,8282.2,0,30
LONG,D2D_Signal:==1,VWAP_Side:==1,28,28,0,8.25,959.76,26873.4,27,1
LONG,Harmonic_OBVf_Concordance:==0,OR_High_Side:==-1,29,27,2,9.69,323.81,9390.6,0,29
LONG,Lower_Wick:hi,OR_Low_Side:==-1,28,27,1,19.79,639.68,17911.0,0,28
LONG,Micro_MicroGap:hi,OBV_Macd:lo,29,27,2,13.38,605.04,17546.3,28,1
LONG,OR_High_Side:==-1,Upper_Wick:hi,27,27,0,17.15,1353.19,36536.0,0,27
LONG,AT_Regime_ST:==1,Micro_TickIntensity:hi,28,27,1,12.04,352.92,9881.7,0,28
LONG,Micro_VolOfVol:hi,Session_Low_Dist_ATR:lo,27,27,0,20.56,1297.96,35044.9,0,27
LONG,AT_Regime_ST:==1,Round_500_Dist_ATR:lo,27,27,0,13.37,430.64,11627.3,0,27
LONG,Micro_Hurst:hi,OR_Low_Side:==-1,27,27,0,19.37,1686.9,45546.4,0,27
LONG,Bar_Range:hi,Micro_Rejection:lo,29,27,2,10.76,177.65,5151.8,0,29
LONG,VWAP_Sigma:lo,Volume:hi,27,27,0,7.11,281.03,7587.8,23,4
LONG,Micro_HLAsymmetry:hi,Micro_RangeVelocity:lo,29,27,2,16.34,897.82,26036.9,0,29
LONG,Micro_HLAsymmetry:hi,Volume_Avg_10:hi,27,27,0,17.74,1128.73,30475.8,0,27
LONG,Round_100_Dist_ATR:lo,Slope_EMA_ST:lo,28,27,1,13.61,299.02,8372.6,27,1
LONG,Lower_Wick:hi,Micro_RollProxy:hi,29,27,2,18.31,720.01,20880.4,0,29
LONG,OR_High_Side:==-1,Slope_EMA_ST:lo,29,27,2,19.41,1049.28,30429.1,0,29
LONG,Body_Size:hi,Micro_RangeAccel:lo,29,27,2,19.1,884.56,25652.2,0,29
LONG,Body_Size:hi,Upper_Wick:hi,27,27,0,25.26,2150.23,58056.1,0,27
LONG,D2D_ATR:hi,OR_Position:lo,27,27,0,25.81,507.68,13707.3,0,27
LONG,D2D_Signal:==0,Micro_HLAsymmetry:hi,28,27,1,22.96,762.9,21361.1,0,28
LONG,D2D_Signal:==0,OBV_Macd:lo,30,27,3,22.7,472.65,14179.6,0,30
LONG,Micro_Hurst:hi,Micro_WickImbalance:lo,27,27,0,16.74,1882.46,50826.3,0,27
LONG,Bar_Range:hi,D2D_DirStep:==1,28,27,1,23.04,1917.83,53699.2,0,28
LONG,Micro_Hurst:hi,Volume:hi,28,27,1,14.36,1188.86,33288.2,0,28
LONG,AT_Lookback_ST:hi,Volume:hi,27,27,0,23.44,555.52,14999.0,0,27
LONG,AT_Regime_LT:==1,Micro_FailedBreak:hi,30,27,3,13.93,827.98,24839.5,0,30
LONG,Body_Size:hi,Micro_WickImbalance:lo,27,27,0,24.26,2043.03,55161.7,0,27
LONG,D2D_Signal:==1,Micro_FailedBreak:hi,27,27,0,17.33,1662.7,44893.0,0,27
LONG,Micro_MicroGap:hi,Micro_RollProxy:hi,29,27,2,12.93,585.51,16979.9,28,1
LONG,Micro_WickImbalance:lo,Session_Low_Dist_ATR:lo,27,27,0,15.63,1592.12,42987.3,0,27
LONG,Momentum_Value:hi,RangeOsc_Val:lo,28,27,1,21.96,483.26,13531.2,0,28
LONG,RangeOsc_State:==-1,RangeOsc_Val:lo,29,27,2,20.31,345.27,10012.7,0,29
LONG,Sqz_State:==1,VWAP_Side:==-1,28,27,1,15.29,1603.33,44893.3,0,28
LONG,D2D_Signal:==1,Micro_VolOfVol:hi,27,27,0,15.59,1200.72,32419.4,0,27
LONG,Micro_AutoCorr:hi,OBV_Macd:lo,27,27,0,22.04,2047.94,55294.3,0,27
LONG,PoC_Side:==1,Session_High_Dist_ATR:lo,27,27,0,9.63,1795.41,48476.2,0,27
LONG,Micro_AutoCorr:hi,Micro_FailedBreak:hi,28,27,1,19.5,1592.1,44578.8,0,28
LONG,Micro_FailedBreak:hi,Volume_Ratio_10:hi,28,27,1,20.0,1202.23,33662.5,0,28
LONG,Micro_HLAsymmetry:hi,OR_High_Side:==-1,29,27,2,16.59,1096.84,31808.4,0,29
LONG,Upper_Wick:hi,VWAP_Sigma:hi,27,27,0,16.7,1387.29,37456.9,0,27
LONG,Bars_Since_Flip:hi,Micro_WickImbalance:lo,27,27,0,23.37,1425.04,38476.0,0,27
LONG,Micro_RollProxy:hi,Micro_VolOfVol:hi,28,27,1,22.39,1205.31,33748.8,0,28
LONG,Session_Low_Dist_ATR:lo,Volume_Ratio_10:hi,28,27,1,16.71,2220.99,62187.8,0,28
LONG,AT_Score_LT:lo,PrevDay_Low_Side:==-1,27,27,0,10.0,259.74,7012.9,0,27
LONG,AT_Regime_ST:==1,WeeklyOpen_Side:==-1,28,27,1,14.5,2000.3,56008.5,0,28
LONG,D2D_Signal:==1,VWAP_Dist_ATR:lo,27,27,0,8.11,966.38,26092.2,27,0
LONG,PrevDay_Close_Side:==-1,Session_Low_Dist_ATR:lo,28,27,1,8.5,1534.33,42961.1,22,6
LONG,PrevDay_High_Dist_ATR:lo,Session_High_Dist_ATR:lo,30,27,3,7.9,1288.82,38664.5,0,30
LONG,Bars_Since_Flip:hi,PrevDay_High_Side:==-1,28,26,2,23.46,1278.64,35801.9,0,28
LONG,Lower_Wick:hi,Micro_VolOfVol:hi,27,26,1,18.78,545.32,14723.7,0,27
LONG,MultiDay_Position:lo,OBV_Macd:lo,28,26,2,22.57,981.26,27475.3,0,28
LONG,MultiDay_Position:lo,PrevDay_Low_Dist_ATR:lo,26,26,0,20.27,530.32,13788.3,0,26
LONG,OBV_Macd:lo,PrevDay_High_Side:==-1,28,26,2,22.18,1520.68,42579.0,0,28
LONG,OR_Low_Side:==-1,Volume_Ratio_10:hi,26,26,0,19.92,1043.6,27133.5,0,26
LONG,AT_Score_LT:lo,OR_High_Side:==-1,27,26,1,13.15,308.77,8336.8,26,1
LONG,Micro_MicroGap:lo,OR_Low_Side:==-1,26,26,0,15.31,382.68,9949.6,23,3
LONG,Bar_Range:hi,RangeOsc_State:==2,29,26,3,6.83,217.61,6310.7,25,4
LONG,Bar_Range:hi,Volume_Avg_10:hi,26,26,0,13.73,1141.89,29689.1,0,26
LONG,Micro_Lambda:lo,RangeOsc_State:==2,28,26,2,6.61,352.13,9859.6,28,0
LONG,Micro_HLAsymmetry:hi,Round_1000_Dist_ATR:lo,26,26,0,20.31,1991.8,51786.9,0,26
LONG,Micro_Rejection:lo,Round_100_Dist_ATR:lo,27,26,1,13.89,304.83,8230.4,27,0
LONG,Micro_RollProxy:hi,Volume_Avg_10:hi,26,26,0,17.35,1280.93,33304.3,0,26
LONG,AT_Regime_LT:==1,Micro_Rejection:lo,30,26,4,9.03,317.57,9527.0,0,30
LONG,D2D_Signal:==1,OR_Low_Side:==-1,27,26,1,14.78,1554.31,41966.3,0,27
LONG,KAMA_Dist:hi,Momentum_Value:hi,26,26,0,20.27,1437.35,37371.2,0,26
LONG,Micro_RangeVelocity:lo,OBV_Macd:lo,28,26,2,16.96,1332.01,37296.2,0,28
LONG,Body_Size:hi,Micro_RangeVelocity:hi,27,26,1,23.3,1071.19,28922.2,0,27
LONG,Micro_Hurst:hi,Micro_RollProxy:hi,27,26,1,22.59,1949.95,52648.7,0,27
LONG,Micro_RangeVelocity:hi,Upper_Wick:hi,26,26,0,22.0,1193.28,31025.4,0,26
LONG,Upper_Wick:hi,VWAP_Side:==-1,27,26,1,23.04,2106.92,56886.9,0,27
LONG,Lower_Wick:lo,Micro_Rejection:lo,26,26,0,8.27,407.03,10582.9,21,5
LONG,ADX_Rising:==0,Lower_Wick:hi,28,26,2,8.64,228.49,6397.7,0,28
LONG,Bar_Range:hi,Micro_RangeVelocity:hi,26,26,0,15.69,1085.54,28224.0,0,26
LONG,Micro_LogReturn:hi,Micro_RangeVelocity:hi,26,26,0,15.65,1069.9,27817.5,0,26
LONG,AT_Slope_LT:lo,Sqz_State:==1,26,26,0,20.81,985.93,25634.2,0,26
LONG,Bar_Range:hi,Volume_Ratio_10:hi,26,26,0,20.5,1213.98,31563.5,0,26
LONG,Bar_Range:hi,Micro_FailedBreak:hi,27,26,1,20.04,1577.92,42603.9,0,27
LONG,Micro_AutoCorr:hi,Micro_FractalDim:lo,26,26,0,12.92,712.91,18535.6,0,26
LONG,Micro_AutoCorr:hi,VWAP_Side:==-1,27,26,1,20.59,1331.9,35961.3,0,27
LONG,Micro_HLAsymmetry:hi,VWAP_Sigma:hi,26,26,0,18.69,1180.15,30683.8,0,26
LONG,Micro_LogReturn:hi,VWAP_Side:==-1,27,26,1,22.63,1368.37,36946.1,0,27
LONG,Micro_RollProxy:hi,VWAP_Sigma:hi,26,26,0,21.42,1228.49,31940.7,0,26
LONG,Micro_HLAsymmetry:hi,Micro_RangeAccel:hi,26,26,0,15.38,473.32,12306.4,0,26
LONG,Micro_RangeAccel:hi,Slope_Accel_LT:hi,26,26,0,11.69,328.72,8546.6,20,6
LONG,Micro_WickImbalance:lo,OR_Low_Side:==-1,26,26,0,21.65,1829.25,47560.4,0,26
LONG,D2D_Signal:==1,DailyOpen_Dist_ATR:lo,26,26,0,9.62,1146.35,29805.1,22,4
LONG,Micro_RangeVelocity:hi,Micro_Rejection:lo,26,26,0,13.73,407.53,10595.7,0,26
LONG,D2D_Signal:==1,VWAP_Sigma:hi,27,26,1,11.37,1115.85,30127.9,26,1
LONG,PrevDay_Low_Side:==-1,Session_High_Dist_ATR:lo,29,26,3,6.0,700.1,20302.9,29,0
LONG,AT_Regime_ST:==1,KAMA_Dist:lo,27,25,2,9.93,153.24,4137.4,0,27
LONG,DailyOpen_Dist_ATR:lo,OR_Low_Side:==-1,25,25,0,10.2,894.51,22362.7,14,11
LONG,OR_Low_Side:==-1,PrevDay_High_Side:==-1,25,25,0,21.88,1834.22,45855.5,0,25
LONG,AT_Regime_LT:==1,Lower_Wick:lo,28,25,3,7.36,319.75,8953.0,22,6
LONG,OR_Low_Side:==-1,Session_Low_Dist_ATR:lo,25,25,0,17.12,944.49,23612.2,0,25
LONG,AT_Regime_ST:==1,Micro_MicroGap:lo,26,25,1,16.96,435.54,11324.1,23,3
LONG,AT_Score_LT:lo,Micro_MicroGap:lo,27,25,2,13.07,268.99,7262.8,26,1
LONG,Micro_Amihud:hi,Momentum_Value:hi,26,25,1,24.62,1554.44,40415.4,0,26
LONG,DailyOpen_Side:==-1,OR_Position:hi,25,25,0,7.12,479.68,11992.0,25,0
LONG,Bar_Range:hi,PrevDay_High_Side:==-1,26,25,1,19.69,1844.23,47950.0,0,26
LONG,Bar_Range:hi,Bars_Since_Flip:hi,27,25,2,24.0,1317.17,35563.6,0,27
LONG,EMA_Oscillator:hi,KAMA_Dist:hi,26,25,1,16.65,1240.81,32261.1,0,26
LONG,OBV_Macd:lo,OR_Position:lo,26,25,1,24.12,1027.72,26720.8,0,26
LONG,OR_Position:lo,RangeOsc_State:==-1,28,25,3,20.89,307.68,8614.9,0,28
LONG,D2D_Signal:==0,VWAP_Side:==-1,27,25,2,23.48,720.03,19440.8,0,27
LONG,Momentum_Value:hi,PrevDay_High_Side:==-1,27,25,2,24.04,1828.1,49358.7,0,27
LONG,Micro_FailedBreak:hi,Micro_OrderFlowDelta:hi,25,25,0,19.4,1789.28,44732.1,0,25
LONG,Micro_OrderFlowDelta:hi,Micro_Rejection:lo,25,25,0,9.88,1113.7,27842.6,24,1
LONG,Round_500_Dist_ATR:lo,VA_Position:hi,27,25,2,5.93,152.98,4130.5,26,1
LONG,Micro_RangeVelocity:lo,OR_High_Side:==-1,26,25,1,13.38,955.5,24843.1,0,26
LONG,Micro_OrderFlowDelta:hi,Slope_EMA_ST:lo,25,25,0,23.52,2168.66,54216.6,0,25
LONG,Body_Size:hi,Micro_OrderFlowDelta:hi,25,25,0,25.0,2122.8,53070.1,0,25
LONG,Micro_RollProxy:hi,RangeOsc_Val:lo,27,25,2,20.37,359.32,9701.7,27,0
LONG,OBV_Macd:lo,WeeklyOpen_Side:==-1,28,25,3,13.79,1818.67,50922.7,0,28
LONG,Micro_AutoCorr:hi,Upper_Wick:hi,25,25,0,21.6,2059.12,51478.0,0,25
LONG,Session_High_Dist_ATR:lo,Slope_EMA_ST:lo,25,25,0,11.2,1054.5,26362.4,20,5
LONG,Micro_Hurst:hi,Volume_Ratio_10:hi,25,25,0,17.24,1163.36,29084.0,0,25
LONG,AT_Regime_ST:==1,D2D_DirStep:==1,26,25,1,25.69,2048.21,53253.5,0,26
LONG,AT_Slope_LT:lo,Micro_Amihud:hi,26,25,1,24.35,1539.41,40024.6,0,26
LONG,Bars_Since_Flip:hi,Micro_AutoCorr:hi,25,25,0,23.4,1411.15,35278.8,0,25
LONG,D2D_DirStep:==1,Micro_HLAsymmetry:hi,26,25,1,24.46,1996.4,51906.4,0,26
LONG,Micro_FractalDim:lo,Volume_Ratio_10:hi,25,25,0,11.84,648.21,16205.2,21,4
LONG,Micro_HLAsymmetry:hi,OR_Position:lo,27,25,2,21.67,905.35,24444.5,0,27
LONG,Lower_Wick:hi,Momentum_Value:hi,28,25,3,21.96,774.43,21683.9,0,28
LONG,Micro_RangeAccel:hi,OR_Low_Side:==-1,25,25,0,15.24,428.86,10721.5,0,25
LONG,Bars_Since_Flip:hi,Micro_OrderFlowDelta:hi,26,25,1,20.5,1410.75,36679.6,0,26
LONG,Micro_RangeVelocity:lo,Micro_VolOfVol:hi,27,25,2,17.78,935.1,25247.7,0,27
LONG,Momentum_Value:hi,OBVf_Signal:==1,27,25,2,21.56,352.17,9508.7,0,27
LONG,OBVf_Signal:==1,OR_Position:lo,27,25,2,22.0,305.31,8243.5,0,27
LONG,Micro_WickImbalance:lo,PrevDay_Low_Side:==-1,26,25,1,17.04,1279.33,33262.5,0,26
LONG,PrevDay_Close_Side:==-1,VWAP_Side:==-1,27,25,2,6.0,740.19,19985.2,0,27
LONG,Micro_LogReturn:hi,Micro_WickImbalance:lo,26,25,1,18.04,1946.11,50598.8,0,26
LONG,AT_Slope_LT:lo,MultiDay_Position:lo,25,25,0,24.68,1390.87,34771.7,0,25
LONG,D2D_Signal:==1,Micro_PriceAccel:hi,26,25,1,11.58,1104.0,28704.1,26,0
LONG,Micro_PriceAccel:hi,VWAP_Sigma:hi,26,25,1,11.58,1104.0,28704.1,26,0
LONG,Micro_WickImbalance:lo,Volume_Avg_10:hi,25,25,0,14.88,1199.0,29974.9,8,17
LONG,Bars_Since_Flip:hi,VWAP_Sigma_ATR:lo,27,24,3,16.33,1196.79,32313.4,27,0
LONG,Micro_Amihud:hi,Volume:hi,25,24,1,22.8,1324.04,33101.1,0,25
LONG,Micro_LogReturn:hi,Upper_Wick:hi,24,24,0,22.25,2128.47,51083.3,0,24
LONG,MultiDay_Position:lo,VWAP_Sigma_ATR:lo,27,24,3,16.33,1196.79,32313.4,27,0
LONG,OR_High_Side:==-1,RangeOsc_State:==-1,24,24,0,19.62,747.28,17934.6,0,24
LONG,AT_Regime_LT:==1,Session_Low_Dist_ATR:lo,27,24,3,13.93,1332.76,35984.5,0,27
LONG,AT_Score_LT:lo,Bars_Since_Flip:hi,25,24,1,16.6,267.18,6679.5,0,25
LONG,OR_Low_Side:==-1,Round_1000_Dist_ATR:lo,25,24,1,15.12,1751.7,43792.4,0,25
LONG,Round_1000_Dist_ATR:lo,Session_Low_Dist_ATR:lo,25,24,1,10.48,1022.82,25570.4,0,25
LONG,Micro_Rejection:lo,Slope_EMA_ST:hi,25,24,1,6.28,300.72,7517.9,23,2
LONG,VWAP_Sigma:lo,Volume_Avg_10:hi,24,24,0,7.33,289.53,6948.7,24,0
LONG,Round_1000_Dist_ATR:lo,Volume:hi,24,24,0,12.54,1129.75,27114.0,0,24
LONG,AT_Slope_ST:lo,Round_100_Dist_ATR:lo,25,24,1,14.0,257.66,6441.5,0,25
LONG,Micro_Rejection:lo,Micro_RollProxy:hi,26,24,2,12.5,195.64,5086.6,0,26
LONG,AT_Regime_LT:==1,RangeOsc_State:==-1,26,24,2,19.58,405.58,10545.1,0,26
LONG,Bar_Range:hi,Upper_Wick:hi,24,24,0,23.62,2189.41,52545.9,0,24
LONG,Body_Size:hi,D2D_Signal:==1,24,24,0,18.46,1897.68,45544.4,0,24
LONG,KAMA_Dist:hi,OBV_Macd:lo,24,24,0,19.75,1866.53,44796.6,0,24
LONG,Micro_MicroGap:lo,OBV_Macd:lo,25,24,1,15.16,422.42,10560.4,9,16
LONG,Micro_RangeVelocity:lo,PrevDay_Low_Side:==-1,28,24,4,11.21,385.02,10780.6,0,28
LONG,Upper_Wick:hi,VA_Position:hi,25,24,1,13.0,470.89,11772.3,0,25
LONG,AT_Lookback_ST:hi,Micro_RangeVelocity:hi,25,24,1,23.96,1036.54,25913.5,0,25
LONG,Micro_FailedBreak:hi,PrevDay_High_Side:==-1,24,24,0,22.0,1780.5,42732.0,0,24
LONG,ADX_Rising:==1,Sqz_State:==1,25,24,1,7.08,852.65,21316.2,0,25
LONG,RangeOsc_State:==-2,Sqz_Val:hi,25,24,1,11.36,950.32,23758.0,25,0
LONG,Sqz_State:==1,Sqz_Val:hi,25,24,1,11.36,950.32,23758.0,25,0
LONG,AT_Lookback_ST:hi,Micro_WickImbalance:lo,24,24,0,23.67,1443.43,34642.4,0,24
LONG,AT_Lookback_ST:hi,RangeOsc_Val:lo,24,24,0,21.38,424.33,10184.0,0,24
LONG,AT_Slope_LT:lo,Session_Low_Dist_ATR:lo,25,24,1,20.0,1351.51,33787.8,0,25
LONG,D2D_Signal:==1,Micro_HLAsymmetry:hi,24,24,0,17.12,1816.28,43590.7,0,24
LONG,OBV_Macd:lo,RangeOsc_Val:lo,25,24,1,21.72,473.36,11833.9,0,25
LONG,Sqz_State:==1,Volume:hi,24,24,0,20.04,1257.61,30182.7,0,24
LONG,AT_Lookback_ST:hi,VWAP_Sigma:hi,24,24,0,23.79,1236.9,29685.5,0,24
LONG,AT_Slope_ST:lo,Volume_Ratio_10:hi,24,24,0,26.46,1390.61,33374.6,0,24
LONG,Bar_Range:hi,Micro_Hurst:hi,25,24,1,19.48,1920.39,48009.8,0,25
LONG,Bars_Since_Flip:hi,RangeOsc_Val:lo,24,24,0,22.54,458.8,11011.3,0,24
LONG,D2D_DirStep:==1,Micro_RollProxy:hi,25,24,1,26.72,2109.84,52746.1,0,25
LONG,Micro_AutoCorr:hi,PrevDay_High_Side:==-1,24,24,0,20.21,2033.64,48807.3,0,24
LONG,VWAP_Side:==-1,VWAP_Sigma:hi,24,24,0,21.12,1353.46,32483.0,0,24
LONG,D2D_ATR:hi,Lower_Wick:hi,26,24,2,24.04,850.27,22107.0,0,26
LONG,AT_Regime_LT:==1,Slope_Accel_LT:hi,24,24,0,9.67,146.04,3505.0,0,24
LONG,AT_Lookback_ST:hi,Micro_VolOfVol:hi,24,24,0,23.12,548.09,13154.2,0,24
LONG,OBVf_Signal:==1,OR_Low_Side:==-1,26,24,2,22.35,314.86,8186.4,0,26
LONG,Micro_RangeVelocity:hi,Micro_WickImbalance:lo,24,24,0,19.38,1254.23,30101.6,0,24
LONG,OR_High_Side:==-1,Slope_Accel_LT:lo,25,24,1,14.04,1154.24,28855.9,25,0
LONG,Micro_Rejection:lo,Micro_VolOfVol:hi,24,24,0,14.67,353.16,8475.8,0,24
LONG,D2D_ATR_MA:hi,OBV_Macd:lo,25,24,1,23.32,1314.38,32859.4,0,25
LONG,VWAP_Sigma:hi,Volume_Avg_10:hi,25,24,1,15.56,1159.28,28981.9,0,25
LONG,OR_High_Side:==-1,PrevDay_Low_Side:==-1,24,24,0,12.75,671.97,16127.3,0,24
LONG,AT_Slope_LT:lo,Volume_Avg_10:hi,24,24,0,20.79,1381.08,33145.8,0,24
LONG,Bar_Range:hi,Micro_WickImbalance:lo,25,24,1,18.56,1973.74,49343.4,0,25
LONG,MultiDay_Position:lo,PrevDay_Low_Side:==-1,27,24,3,18.22,1078.33,29114.8,0,27
LONG,Lower_Wick:hi,MultiDay_Slope:lo,25,24,1,11.48,299.35,7483.7,25,0
LONG,MultiDay_Slope:lo,OBV_Macd:lo,25,24,1,11.48,299.35,7483.7,25,0
LONG,VWAP_Side:==1,Volume:hi,24,24,0,8.46,1049.39,25185.4,0,24
LONG,OR_Low_Side:==1,OR_Position:hi,25,24,1,6.8,381.43,9535.8,0,25
LONG,AT_Regime_ST:==1,Micro_WickImbalance:hi,25,23,2,11.32,167.32,4183.0,0,25
LONG,Bars_Since_Flip:hi,Micro_LogReturn:hi,23,23,0,25.74,1522.61,35020.1,0,23
LONG,Bars_Since_Flip:hi,OR_High_Side:==-1,23,23,0,18.91,623.97,14351.3,0,23
LONG,Lower_Wick:hi,Micro_Amihud:hi,24,23,1,17.5,802.81,19267.4,20,4
LONG,Micro_Amihud:hi,OBV_Macd:lo,24,23,1,22.88,1378.6,33086.3,0,24
LONG,AT_Regime_LT:==1,Micro_WickImbalance:hi,26,23,3,9.31,246.78,6416.2,22,4
LONG,MultiDay_Position:lo,Session_Low_Dist_ATR:lo,23,23,0,15.74,463.97,10671.3,0,23
LONG,Micro_OrderFlowDelta:lo,Session_Low_Dist_ATR:lo,24,23,1,8.25,652.03,15648.8,12,12
LONG,Micro_OrderFlowDelta:lo,Volume:hi,24,23,1,9.46,235.63,5655.2,0,24
LONG,AT_Slope_ST:lo,RangeOsc_State:==2,24,23,1,7.38,324.64,7791.4,18,6
LONG,Micro_FailedBreak:hi,Session_Low_Dist_ATR:lo,24,23,1,17.54,1335.18,32044.3,0,24
LONG,AT_Regime_LT:==1,Micro_Entropy:lo,25,23,2,7.2,686.38,17159.6,0,25
LONG,D2D_ATR_MA:hi,OR_High_Side:==-1,23,23,0,16.13,1214.33,27929.7,0,23
LONG,AT_Lookback_ST:hi,AT_Regime_LT:==1,24,23,1,20.83,289.96,6959.1,0,24
LONG,AT_Lookback_ST:hi,OR_Position:lo,23,23,0,25.74,471.71,10849.4,0,23
LONG,AT_Regime_LT:==1,D2D_ATR:hi,23,23,0,22.83,536.1,12330.3,0,23
LONG,AT_Regime_ST:==1,VA_Position:hi,24,23,1,14.21,467.26,11214.2,24,0
LONG,AT_Slope_LT:lo,D2D_Signal:==1,23,23,0,19.35,1873.28,43085.4,0,23
LONG,Body_Size:hi,PrevDay_Low_Side:==-1,23,23,0,21.7,1555.5,35776.6,0,23
LONG,D2D_ATR:hi,Micro_RangeAccel:lo,23,23,0,22.43,534.8,12300.4,0,23
LONG,Micro_RangeAccel:lo,Upper_Wick:hi,24,23,1,18.46,1061.45,25474.7,0,24
LONG,OBV_Macd:lo,VA_Position:hi,24,23,1,14.21,467.26,11214.2,24,0
LONG,PrevDay_Low_Dist_ATR:lo,Slope_EMA_ST:lo,23,23,0,22.87,505.4,11624.3,0,23
LONG,D2D_ATR:hi,Micro_Hurst:hi,25,23,2,22.48,1341.72,33543.1,0,25
LONG,D2D_Signal:==0,Micro_FailedBreak:hi,23,23,0,22.57,579.01,13317.2,0,23
LONG,D2D_Signal:==0,RangeOsc_State:==-1,25,23,2,23.68,519.53,12988.2,0,25
LONG,Micro_RangeVelocity:hi,PrevDay_Low_Side:==-1,23,23,0,19.13,1051.22,24178.0,0,23
LONG,DailyOpen_Dist_ATR:lo,OBV_Velocity:hi,23,23,0,7.96,565.06,12996.4,22,1
LONG,ADX_Rising:==0,Slope_EMA_ST:lo,23,23,0,11.7,1079.03,24817.7,20,3
LONG,D2D_Signal:==1,Session_Low_Dist_ATR:lo,23,23,0,15.13,1903.0,43769.0,0,23
LONG,Micro_OrderFlowDelta:hi,Upper_Wick:hi,23,23,0,21.74,2923.46,67239.6,0,23
LONG,Micro_WickImbalance:lo,VWAP_Side:==-1,23,23,0,24.0,1586.4,36487.2,0,23
LONG,Momentum_Value:hi,Sqz_State:==1,23,23,0,22.43,1257.8,28929.3,0,23
LONG,Sqz_State:==1,Upper_Wick:hi,23,23,0,20.48,1874.32,43109.3,0,23
LONG,D2D_Signal:==1,Volume_Ratio_10:hi,23,23,0,15.78,2000.66,46015.2,0,23
LONG,Micro_AutoCorr:hi,Micro_VolOfVol:hi,23,23,0,19.48,1350.54,31062.4,0,23
LONG,Body_Size:hi,OR_High_Side:==-1,24,23,1,20.04,1278.24,30677.7,0,24
LONG,Micro_BarOverlap:lo,Slope_EMA_ST:lo,23,23,0,21.0,1280.46,29450.5,0,23
LONG,Micro_RollProxy:hi,Volume_Ratio_10:hi,23,23,0,22.61,1724.25,39657.8,0,23
LONG,Momentum_Value:hi,OR_High_Side:==-1,24,23,1,20.96,1255.2,30124.8,0,24
LONG,AT_Slope_LT:lo,Slope_Accel_LT:hi,24,23,1,15.42,161.96,3887.0,0,24
LONG,AT_Slope_ST:lo,Slope_Accel_LT:hi,24,23,1,18.17,263.37,6320.9,0,24
LONG,D2D_ATR:hi,Slope_Accel_LT:hi,24,23,1,18.38,297.83,7147.9,0,24
LONG,AT_Lookback_ST:hi,Lower_Wick:hi,24,23,1,21.75,703.96,16895.0,0,24
LONG,Micro_RangeAccel:hi,VWAP_Sigma:hi,23,23,0,12.78,335.94,7726.7,0,23
LONG,AT_Slope_ST:lo,Micro_VPIN:lo,23,23,0,15.04,346.37,7966.6,22,1
LONG,Bars_Since_Flip:hi,OBVf_Signal:==1,23,23,0,22.74,393.37,9047.4,0,23
LONG,D2D_ATR:hi,OBVf_Signal:==1,23,23,0,22.96,398.03,9154.6,0,23
LONG,D2D_ATR:hi,Sqz_State:==1,23,23,0,23.35,1062.66,24441.1,0,23
LONG,D2D_ATR_MA:hi,RangeOsc_State:==-1,24,23,1,22.5,686.48,16475.5,0,24
LONG,Micro_VPIN:lo,Slope_Accel_LT:hi,24,23,1,10.08,359.01,8616.3,10,14
LONG,VWAP_Sigma:hi,Volume:hi,23,23,0,15.22,622.32,14313.3,0,23
LONG,TChan_A15:hi,Volume:hi,23,23,0,14.78,1193.67,27454.3,0,23
LONG,D2D_Signal:==1,OBV_Velocity:hi,23,23,0,8.0,567.08,13042.9,22,1
LONG,Slope_Accel_LT:lo,Upper_Wick:hi,23,23,0,16.09,1266.32,29125.4,12,11
LONG,Micro_VolOfVol:hi,PrevDay_Low_Side:==-1,23,23,0,18.35,593.37,13647.4,0,23
LONG,Micro_VPIN:lo,PrevDay_Low_Side:==-1,24,23,1,11.67,381.26,9150.3,0,24
LONG,Body_Size:hi,MultiDay_Position:lo,24,23,1,23.83,1290.46,30971.1,0,24
LONG,PrevDay_Close_Side:==-1,RangeOsc_Val:hi,23,23,0,7.0,497.04,11432.0,22,1
LONG,Micro_WickImbalance:lo,Volume_Ratio_10:hi,23,23,0,19.3,1793.06,41240.4,0,23
LONG,AT_Regime_ST:==1,DailyOpen_Dist_ATR:lo,22,22,0,12.14,1112.27,24469.9,0,22
LONG,DailyOpen_Dist_ATR:lo,KAMA_Dist:lo,23,22,1,9.52,420.63,9674.4,23,0
LONG,MultiDay_Position:lo,Upper_Wick:hi,22,22,0,22.05,1396.76,30728.8,0,22
LONG,Bars_Since_Flip:hi,Micro_PriceAccel:lo,23,22,1,15.74,580.33,13347.7,23,0
LONG,Micro_PriceAccel:lo,OR_Low_Side:==-1,23,22,1,15.74,580.33,13347.7,23,0
LONG,Micro_OrderFlowDelta:lo,Volume_Avg_10:hi,22,22,0,9.36,263.75,5802.4,16,6
LONG,Session_Low_Dist_ATR:lo,Slope_EMA_ST:hi,23,22,1,6.39,312.28,7182.4,23,0
LONG,Micro_Entropy:lo,Micro_MomoTransfer:hi,24,22,2,6.92,671.8,16123.3,24,0
LONG,Micro_Entropy:lo,Micro_RangeAccel:lo,22,22,0,6.77,769.6,16931.2,21,1
LONG,Micro_OrderFlowDelta:lo,OBV_Macd:lo,22,22,0,8.77,675.8,14867.5,11,11
LONG,AT_Lookback_ST:hi,Micro_RangeAccel:lo,23,22,1,20.91,291.77,6710.7,0,23
LONG,AT_Regime_LT:==1,Bar_Range:hi,23,22,1,19.26,1147.56,26393.8,0,23
LONG,Bars_Since_Flip:hi,D2D_Signal:==1,23,22,1,15.09,1075.1,24727.2,0,23
LONG,Body_Size:hi,OR_Position:lo,22,22,0,27.45,1166.1,25654.3,0,22
LONG,D2D_Signal:==1,PrevDay_Low_Side:==-1,23,22,1,13.0,1705.55,39227.6,0,23
LONG,KAMA_Dist:hi,Slope_EMA_ST:lo,22,22,0,22.77,1648.33,36263.2,0,22
LONG,Micro_RangeAccel:lo,OR_Position:lo,25,22,3,20.44,800.71,20017.7,0,25
LONG,Micro_RangeVelocity:lo,Momentum_Value:hi,23,22,1,21.87,1143.76,26306.4,0,23
LONG,Micro_RollProxy:hi,OR_Position:lo,24,22,2,23.79,934.8,22435.1,0,24
LONG,Micro_Hurst:hi,PrevDay_Low_Side:==-1,22,22,0,14.68,1524.47,33538.3,0,22
LONG,Micro_RangeVelocity:hi,Micro_RollProxy:hi,23,22,1,23.57,1158.72,26650.6,0,23
LONG,DailyOpen_Side:==-1,Micro_Rejection:lo,22,22,0,9.95,1173.25,25811.5,16,6
LONG,Micro_OrderFlowDelta:hi,OBV_Macd:lo,22,22,0,21.14,2735.65,60184.3,0,22
LONG,Micro_OrderFlowDelta:hi,PrevDay_High_Dist_ATR:lo,25,22,3,7.88,1367.25,34181.3,0,25
LONG,Micro_OrderFlowDelta:hi,Volume_Avg_10:hi,22,22,0,15.64,1357.39,29862.5,0,22
LONG,ADX_Rising:==0,PrevDay_High_Side:==-1,23,22,1,11.43,1107.29,25467.7,0,23
LONG,AT_Regime_LT:==1,Micro_HLAsymmetry:hi,23,22,1,21.39,1172.93,26977.3,0,23
LONG,AT_Regime_LT:==1,VWAP_Side:==-1,24,22,2,17.54,405.51,9732.2,0,24
LONG,Micro_RangeAccel:lo,VWAP_Side:==-1,24,22,2,16.88,402.84,9668.1,0,24
LONG,Slope_Accel_LT:hi,WeeklyOpen_Side:==-1,23,22,1,9.13,274.26,6307.9,0,23
LONG,ADX_Rising:==0,Session_High_Dist_ATR:lo,22,22,0,10.86,1117.17,24577.8,20,2
LONG,Micro_AutoCorr:hi,Round_1000_Dist_ATR:lo,22,22,0,18.32,2215.4,48738.8,0,22
LONG,Momentum_Value:hi,Round_1000_Dist_ATR:lo,24,22,2,21.25,2125.85,51020.3,0,24
LONG,AT_Regime_ST:==1,Micro_BarOverlap:lo,22,22,0,21.55,1368.36,30103.9,0,22
LONG,AT_Score_LT:lo,Momentum_Value:hi,23,22,1,17.26,420.25,9665.8,0,23
LONG,AT_Slope_LT:lo,D2D_DirStep:==1,22,22,0,29.0,2371.83,52180.3,0,22
LONG,Micro_AutoCorr:hi,OR_Low_Side:==-1,22,22,0,23.23,2052.67,45158.8,0,22
LONG,Micro_FractalDim:lo,Micro_Hurst:hi,23,22,1,12.3,348.88,8024.3,19,4
LONG,AT_Regime_LT:==1,D2D_ATR_MA:hi,24,22,2,17.71,1085.72,26057.4,0,24
LONG,Body_Size:hi,D2D_ATR_MA:hi,22,22,0,25.45,1421.73,31278.0,0,22
LONG,D2D_Signal:==0,Micro_VolOfVol:hi,24,22,2,23.38,506.35,12152.5,0,24
LONG,Micro_RangeAccel:lo,Micro_VolOfVol:hi,22,22,0,21.36,1210.65,26634.4,0,22
LONG,Micro_VPIN:lo,OBVf_Signal:==1,22,22,0,15.59,358.93,7896.4,22,0
LONG,OBVf_Signal:==1,RangeOsc_State:==-1,23,22,1,19.74,332.9,7656.8,0,23
LONG,Session_High_Dist_ATR:lo,VWAP_Dist_ATR:lo,22,22,0,8.5,1116.95,24572.8,0,22
LONG,AT_Lookback_ST:hi,MultiDay_Position:lo,22,22,0,26.95,1481.91,32602.1,0,22
LONG,PrevDay_Low_Side:==-1,Session_Low_Dist_ATR:lo,23,22,1,13.57,1368.53,31476.3,0,23
LONG,PoC_Side:==1,VWAP_Side:==1,22,22,0,8.64,1124.93,24748.4,0,22
LONG,Upper_Wick:hi,VWAP_Side:==1,22,22,0,8.64,1124.93,24748.4,0,22
LONG,OR_Low_Side:==1,PrevDay_Close_Side:==-1,24,22,2,7.21,1011.3,24271.3,0,24
LONG,Micro_OrderFlowDelta:hi,OR_Low_Side:==1,25,22,3,6.56,838.23,20955.8,0,25
LONG,RangeOsc_Val:hi,Session_Low_Dist_ATR:lo,22,22,0,7.14,515.67,11344.8,22,0
LONG,AT_Regime_ST:==1,Micro_HLAsymmetry:lo,23,21,2,8.17,113.86,2618.7,21,2
LONG,AT_Regime_ST:==1,VWAP_Dist_ATR:lo,21,21,0,11.38,1001.72,21036.1,0,21
LONG,DailyOpen_Dist_ATR:lo,OR_High_Side:==-1,22,21,1,11.73,1096.57,24124.6,0,22
LONG,OBV_Macd:lo,PrevDay_Low_Dist_ATR:lo,21,21,0,22.52,552.01,11592.2,0,21
LONG,PrevDay_High_Side:==-1,RangeOsc_State:==-1,22,21,1,21.77,587.52,12925.4,0,22
LONG,AT_Regime_LT:==1,Volume_Avg_10:hi,22,21,1,13.5,295.2,6494.5,0,22
LONG,Bar_Range:hi,Micro_RangeVelocity:lo,23,21,2,18.0,1128.68,25959.6,0,23
LONG,Bar_Range:hi,Round_1000_Dist_ATR:lo,22,21,1,17.77,2056.89,45251.5,0,22
LONG,D2D_DirStep:==-1,Micro_RangeVelocity:hi,22,21,1,8.45,219.53,4829.6,22,0
LONG,D2D_DirStep:==-1,Slope_EMA_ST:lo,22,21,1,8.45,219.53,4829.6,22,0
LONG,Micro_FailedBreak:hi,Round_1000_Dist_ATR:lo,22,21,1,20.82,1902.15,41847.4,0,22
LONG,Micro_RangeVelocity:hi,Session_Low_Dist_ATR:lo,21,21,0,17.0,596.97,12536.4,0,21
LONG,Bar_Range:hi,Lower_Wick:hi,22,21,1,17.41,833.85,18344.8,0,22
LONG,D2D_ATR_MA:hi,Lower_Wick:hi,22,21,1,19.36,589.36,12965.9,0,22
LONG,D2D_ATR_MA:hi,ST_Flip_Event:==-1,21,21,0,6.67,195.62,4108.0,19,2
LONG,Micro_Rejection:lo,Micro_TickIntensity:hi,21,21,0,7.19,179.9,3777.9,0,21
LONG,AT_Lookback_ST:hi,Bar_Range:hi,22,21,1,25.55,1327.2,29198.4,0,22
LONG,AT_Slope_LT:lo,KAMA_Dist:hi,22,21,1,22.18,1605.43,35319.5,0,22
LONG,Bar_Range:hi,Body_Size:hi,22,21,1,25.82,2265.11,49832.4,0,22
LONG,Bar_Range:hi,Micro_RangeAccel:lo,22,21,1,19.36,1179.49,25948.7,0,22
LONG,Bars_Since_Flip:hi,Micro_RangeVelocity:lo,23,21,2,20.87,434.6,9995.7,0,23
LONG,EMA_Oscillator:hi,OR_Low_Side:==-1,22,21,1,17.27,1225.02,26950.4,0,22
LONG,Micro_RangeAccel:lo,RangeOsc_State:==-1,23,21,2,20.7,437.59,10064.5,0,23
LONG,Momentum_Value:hi,PrevDay_Low_Dist_ATR:lo,21,21,0,23.9,537.5,11287.6,0,21
LONG,AT_Lookback_ST:hi,Micro_Hurst:hi,22,21,1,24.41,1399.99,30799.8,0,22
LONG,Micro_RangeVelocity:hi,RangeOsc_State:==-1,22,21,1,22.77,494.46,10878.1,0,22
LONG,Harmonic_LLEMA:hi,Micro_Rejection:lo,21,21,0,5.29,125.92,2644.3,21,0
LONG,Harmonic_LLEMA:hi,OBV_Macd:lo,21,21,0,5.29,125.92,2644.3,21,0
LONG,Lower_Wick:lo,Micro_OrderFlowDelta:hi,21,21,0,8.24,478.37,10045.8,21,0
LONG,Bar_Range:hi,Slope_Accel_LT:hi,22,21,1,8.0,209.73,4614.0,0,22
LONG,AT_Regime_LT:==1,Micro_OrderFlowDelta:hi,21,21,0,15.71,1471.22,30895.6,0,21
LONG,AT_Slope_LT:lo,Micro_OrderFlowDelta:hi,21,21,0,26.33,2448.75,51423.7,0,21
LONG,Body_Size:hi,Sqz_State:==1,21,21,0,22.24,1163.84,24440.7,0,21
LONG,Micro_WickImbalance:lo,Sqz_State:==1,21,21,0,18.33,1144.35,24031.4,0,21
LONG,Bar_Range:hi,Micro_VolOfVol:hi,21,21,0,21.1,1489.74,31284.5,0,21
LONG,Micro_VolOfVol:hi,Session_High_Dist_ATR:lo,21,21,0,12.14,1160.68,24374.2,0,21
LONG,Momentum_Value:hi,Session_High_Dist_ATR:lo,21,21,0,11.95,1346.76,28281.9,0,21
LONG,Micro_Hurst:hi,Micro_RangeAccel:lo,22,21,1,16.68,1207.07,26555.5,0,22
LONG,AT_Lookback_ST:hi,Micro_AutoCorr:hi,22,21,1,24.18,1322.06,29085.4,0,22
LONG,AT_Score_LT:lo,AT_Slope_LT:lo,22,21,1,16.59,281.43,6191.4,0,22
LONG,AT_Slope_ST:lo,Micro_FractalDim:lo,22,21,1,13.82,308.48,6786.6,19,3
LONG,Bar_Range:hi,VWAP_Sigma:hi,21,21,0,19.1,1443.75,30318.8,0,21
LONG,Body_Size:hi,Micro_LogReturn:hi,22,21,1,28.05,2327.59,51206.9,0,22
LONG,D2D_DirStep:==1,Momentum_Value:hi,22,21,1,28.14,2357.79,51871.4,0,22
LONG,Micro_HLAsymmetry:hi,Volume_Ratio_10:hi,21,21,0,24.76,1491.77,31327.1,0,21
LONG,D2D_Signal:==0,OR_Position:lo,23,21,2,23.57,314.34,7229.9,0,23
LONG,Momentum_Value:hi,Slope_Accel_LT:hi,23,21,2,17.09,161.93,3724.4,0,23
LONG,Slope_Accel_LT:hi,Upper_Wick:hi,21,21,0,14.05,373.2,7837.3,0,21
LONG,Round_500_Dist_ATR:lo,Upper_Wick:hi,21,21,0,11.24,448.52,9419.0,0,21
LONG,AT_Slope_LT:lo,D2D_ATR_MA:hi,22,21,1,26.14,1442.0,31723.9,0,22
LONG,AT_Slope_LT:lo,OBVf_Signal:==1,22,21,1,21.77,366.47,8062.4,0,22
LONG,Bars_Since_Flip:hi,D2D_ATR_MA:hi,21,21,0,25.86,708.69,14882.4,0,21
LONG,D2D_ATR:hi,Micro_WickImbalance:lo,21,21,0,25.9,1725.74,36240.6,0,21
LONG,D2D_Signal:==0,Volume:hi,23,21,2,23.35,513.49,11810.3,0,23
LONG,AT_Regime_ST:==1,RangeOsc_State:==-2,22,21,1,17.55,2479.44,54547.6,0,22
LONG,Body_Size:hi,Micro_RangeAccel:hi,21,21,0,15.14,460.89,9678.6,0,21
LONG,Micro_FractalDim:lo,TChan_A15:hi,21,21,0,8.81,701.14,14723.9,21,0
LONG,AT_Regime_ST:==1,ST_Flip_Event:==-1,21,21,0,7.05,151.84,3188.6,0,21
LONG,Slope_Accel_LT:hi,Volume_Avg_10:hi,21,21,0,14.57,299.97,6299.4,0,21
LONG,PoC_Side:==1,VWAP_Dist_ATR:lo,21,21,0,8.48,1141.3,23967.2,0,21
LONG,Micro_VolOfVol:hi,PrevDay_Low_Dist_ATR:lo,20,20,0,21.85,562.61,11252.2,0,20
LONG,MultiDay_Position:lo,RangeOsc_State:==-1,20,20,0,23.15,537.96,10759.1,0,20
LONG,OR_High_Side:==-1,Round_1000_Dist_ATR:lo,20,20,0,15.35,1290.85,25816.9,0,20
LONG,Micro_RollProxy:hi,Round_1000_Dist_ATR:lo,21,20,1,22.38,2361.2,49585.1,0,21
LONG,Micro_FailedBreak:hi,OR_High_Side:==-1,21,20,1,19.14,1356.23,28480.9,0,21
LONG,Micro_RangeVelocity:hi,Volume_Avg_10:hi,20,20,0,18.6,1082.5,21650.1,0,20
LONG,Round_1000_Dist_ATR:lo,VWAP_Side:==-1,22,20,2,20.55,1491.48,32812.5,0,22
LONG,Bar_Range:hi,RangeOsc_State:==-1,20,20,0,26.65,762.43,15248.6,0,20
LONG,Micro_MomoTransfer:hi,Micro_RangeVelocity:lo,23,20,3,6.96,597.17,13735.0,23,0
LONG,Micro_RangeAccel:lo,Session_Low_Dist_ATR:lo,21,20,1,16.19,1619.08,34000.7,0,21
LONG,Micro_VPIN:lo,ST_Flip_Event:==-1,21,20,1,6.95,174.68,3668.3,21,0
LONG,Micro_VPIN:lo,Slope_Accel_ST:lo,21,20,1,6.95,174.68,3668.3,21,0
LONG,ST_Flip_Event:==-1,Slope_Accel_ST:lo,21,20,1,6.95,174.68,3668.3,21,0
LONG,AT_Regime_LT:==1,D2D_Signal:==1,20,20,0,12.25,1210.33,24206.5,0,20
LONG,AT_Slope_LT:lo,Micro_RangeVelocity:lo,22,20,2,21.09,1069.07,23519.5,0,22
LONG,AT_Slope_ST:lo,D2D_Signal:==1,20,20,0,22.2,2103.78,42075.7,0,20
LONG,AT_Slope_ST:lo,KAMA_Dist:hi,20,20,0,24.75,1810.3,36206.0,0,20
LONG,EMA_Oscillator:hi,Momentum_Value:hi,20,20,0,21.4,1637.54,32750.7,0,20
LONG,Micro_RollProxy:hi,Micro_TickIntensity:hi,21,20,1,12.1,162.75,3417.7,0,21
LONG,OR_Position:lo,Upper_Wick:hi,21,20,1,24.43,1136.43,23865.0,0,21
LONG,Body_Size:hi,Micro_Hurst:hi,22,20,2,24.5,2161.28,47548.1,0,22
LONG,D2D_ATR:hi,PrevDay_High_Side:==-1,22,20,2,25.41,1451.27,31928.0,0,22
LONG,D2D_Signal:==0,Upper_Wick:hi,20,20,0,25.6,938.71,18774.3,0,20
LONG,Micro_Hurst:hi,Micro_RangeVelocity:hi,22,20,2,14.77,954.23,20993.1,0,22
LONG,Micro_Hurst:hi,Micro_Rejection:lo,20,20,0,8.2,379.37,7587.3,0,20
LONG,Micro_Rejection:lo,Momentum_Value:hi,20,20,0,16.4,526.45,10529.0,0,20
LONG,D2D_Signal:==1,Micro_WickImbalance:lo,20,20,0,16.65,1988.19,39763.8,0,20
LONG,Micro_FailedBreak:hi,Sqz_State:==1,20,20,0,20.7,1206.6,24132.0,0,20
LONG,Micro_HLAsymmetry:hi,Sqz_State:==1,20,20,0,21.3,1189.2,23783.9,0,20
LONG,Micro_OrderFlowDelta:hi,Micro_RollProxy:hi,20,20,0,24.0,2497.66,49953.1,0,20
LONG,Micro_OrderFlowDelta:hi,Sqz_State:==1,22,20,2,16.18,1672.81,36801.8,0,22
LONG,D2D_Signal:==1,Micro_RangeVelocity:hi,20,20,0,18.5,1467.91,29358.2,0,20
LONG,Micro_VolOfVol:hi,PoC_Side:==1,20,20,0,16.5,1452.12,29042.4,0,20
LONG,OBV_Macd:lo,Round_1000_Dist_ATR:lo,23,20,3,18.87,1740.3,40026.8,0,23
LONG,AT_Lookback_ST:hi,Micro_LogReturn:hi,21,20,1,25.1,1349.93,28348.5,0,21
LONG,AT_Regime_LT:==1,OR_High_Side:==-1,21,20,1,17.29,1237.76,25992.9,0,21
LONG,AT_Slope_LT:lo,OR_High_Side:==-1,21,20,1,22.14,1355.0,28454.9,0,21
LONG,Body_Size:hi,Volume_Ratio_10:hi,21,20,1,27.43,1471.75,30906.7,0,21
LONG,D2D_ATR:hi,Micro_AutoCorr:hi,20,20,0,26.65,1687.13,33742.7,0,20
LONG,D2D_ATR:hi,Micro_LogReturn:hi,20,20,0,26.45,1692.25,33844.9,0,20
LONG,D2D_ATR:hi,RangeOsc_Val:lo,20,20,0,22.85,513.48,10269.6,0,20
LONG,Micro_Amihud:hi,Micro_FailedBreak:hi,20,20,0,23.4,1496.68,29933.7,0,20
LONG,Micro_AutoCorr:hi,OR_High_Side:==-1,20,20,0,18.85,1410.35,28206.9,0,20
LONG,Micro_AutoCorr:hi,RangeOsc_State:==-1,20,20,0,25.25,733.81,14676.3,0,20
LONG,Micro_AutoCorr:hi,VWAP_Sigma:hi,20,20,0,19.3,1434.39,28687.8,0,20
LONG,AT_Score_LT:lo,Micro_RangeAccel:hi,20,20,0,10.05,327.27,6545.4,20,0
LONG,Lower_Wick:hi,VWAP_Side:==-1,24,20,4,20.08,670.15,16083.5,0,24
LONG,AT_Slope_ST:lo,Round_500_Dist_ATR:lo,20,20,0,14.3,354.51,7090.2,0,20
LONG,D2D_ATR:hi,D2D_ATR_MA:hi,20,20,0,26.75,739.44,14788.8,0,20
LONG,D2D_Signal:==0,OBVf_Signal:==1,22,20,2,22.18,314.05,6909.0,0,22
LONG,D2D_ATR_MA:hi,Micro_RangeVelocity:hi,20,20,0,21.4,567.88,11357.5,0,20
LONG,D2D_ATR_MA:hi,Micro_HLAsymmetry:hi,21,20,1,22.86,1378.88,28956.4,0,21
LONG,D2D_Signal:==1,Micro_LogReturn:hi,20,20,0,17.45,1980.92,39618.4,0,20
LONG,Body_Size:hi,Volume_Avg_10:hi,20,20,0,21.75,1437.38,28747.6,0,20
LONG,MultiDay_Position:lo,OBVf_Signal:==1,20,20,0,22.45,386.72,7734.5,0,20
LONG,MultiDay_Position:lo,OR_Position:lo,20,20,0,26.4,507.38,10147.6,0,20
LONG,PrevDay_Low_Dist_ATR:lo,Volume_Avg_10:hi,20,20,0,18.2,441.79,8835.9,0,20
LONG,PrevDay_High_Dist_ATR:hi,PrevDay_Low_Side:==-1,21,20,1,10.86,263.47,5532.8,0,21
LONG,Micro_Lambda:lo,PrevDay_Low_Side:==-1,23,20,3,7.43,349.18,8031.2,11,12
LONG,Micro_AutoCorr:hi,PrevDay_Low_Side:==-1,21,20,1,18.38,1596.95,33536.0,0,21
LONG,AT_Regime_ST:==1,PrevDay_High_Dist_ATR:lo,20,20,0,10.85,1951.69,39033.8,0,20
LONG,Round_500_Dist_ATR:lo,Volume:hi,20,20,0,13.95,643.58,12871.6,0,20
LONG,Session_High_Dist_ATR:lo,VWAP_Side:==1,20,20,0,8.55,1196.48,23929.6,0,20
LONG,OBV_Macd:lo,TChan_A15:hi,20,20,0,15.7,1807.97,36159.3,0,20
LONG,DailyOpen_Side:==-1,PrevDay_Close_Side:==-1,20,20,0,7.05,1345.93,26918.6,0,20
LONG,AT_Regime_ST:==1,EMA_Oscillator:lo,21,19,2,8.38,107.89,2265.7,21,0
LONG,AT_Regime_ST:==1,VWAP_Sigma_ATR:lo,21,19,2,18.14,1391.29,29217.0,0,21
LONG,EMA_Oscillator:lo,Micro_HLAsymmetry:lo,21,19,2,8.38,107.89,2265.7,21,0
LONG,Micro_HLAsymmetry:lo,Volume:hi,21,19,2,9.38,198.34,4165.2,0,21
LONG,Micro_LogReturn:hi,RangeOsc_State:==-1,19,19,0,27.26,781.37,14846.0,0,19
LONG,Micro_WickImbalance:hi,OBV_Macd:lo,19,19,0,9.58,165.75,3149.3,11,8
LONG,OR_High_Side:==-1,Volume_Ratio_10:hi,19,19,0,21.11,1702.11,32340.1,0,19
LONG,PrevDay_High_Side:==-1,VWAP_Dist_ATR:lo,19,19,0,12.89,1297.29,24648.5,0,19
LONG,AT_Regime_LT:==1,MultiDay_Position:lo,19,19,0,19.74,429.9,8168.1,0,19
LONG,Lower_Wick:lo,Micro_WickImbalance:hi,22,19,3,7.82,264.39,5816.6,22,0
LONG,AT_Regime_ST:==1,Micro_PriceAccel:lo,20,19,1,17.45,648.52,12970.4,0,20
LONG,RangeOsc_State:==-1,Session_Low_Dist_ATR:lo,21,19,2,19.33,587.07,12328.4,0,21
LONG,RangeOsc_State:==-1,Volume_Avg_10:hi,19,19,0,20.32,455.18,8648.5,0,19
LONG,Bar_Range:hi,Session_Low_Dist_ATR:lo,20,19,1,16.75,1384.71,27694.3,0,20
LONG,Micro_Lambda:lo,Volume_Avg_10:hi,19,19,0,8.16,364.48,6925.1,0,19
LONG,Micro_Rejection:lo,VWAP_Sigma:lo,19,19,0,6.74,338.29,6427.5,19,0
LONG,Efficiency_Ratio:hi,RangeOsc_State:==2,22,19,3,6.59,705.79,15527.3,21,1
LONG,Micro_HLAsymmetry:hi,Session_Low_Dist_ATR:lo,20,19,1,20.55,1435.28,28705.5,0,20
LONG,Micro_Lambda:lo,Micro_RollProxy:hi,22,19,3,8.36,342.08,7525.7,22,0
LONG,Micro_RangeVelocity:lo,RangeOsc_State:==2,22,19,3,6.45,733.4,16134.8,21,1
LONG,Micro_RollProxy:hi,OR_High_Side:==-1,20,19,1,19.35,1375.22,27504.3,0,20
LONG,AT_Slope_ST:lo,D2D_DirStep:==-1,20,19,1,8.6,226.71,4534.2,0,20
LONG,Bar_Range:hi,OR_High_Side:==-1,20,19,1,18.15,1304.66,26093.3,0,20
LONG,D2D_ATR_MA:hi,Slope_Accel_ST:lo,19,19,0,6.68,203.36,3863.8,0,19
LONG,AT_Regime_LT:==1,PrevDay_Low_Side:==-1,22,19,3,13.14,321.15,7065.2,0,22
LONG,Bars_Since_Flip:hi,EMA_Oscillator:hi,20,19,1,21.0,1545.86,30917.1,0,20
LONG,Bars_Since_Flip:hi,KAMA_Dist:hi,19,19,0,22.89,1712.05,32528.9,0,19
LONG,Body_Size:hi,Micro_MicroGap:lo,21,19,2,17.33,522.61,10974.8,0,21
LONG,KAMA_Dist:hi,Upper_Wick:hi,19,19,0,20.42,2569.55,48821.5,0,19
LONG,OR_Position:lo,PrevDay_Low_Dist_ATR:lo,19,19,0,22.47,497.95,9461.1,0,19
LONG,AT_Lookback_ST:hi,PrevDay_High_Side:==-1,20,19,1,26.45,1452.81,29056.1,0,20
LONG,KAMA_Dist:hi,Micro_FailedBreak:hi,20,19,1,20.35,1375.34,27506.8,0,20
LONG,ADX_Rising:==1,Micro_OrderFlowDelta:hi,21,19,2,6.62,934.8,19630.7,0,21
LONG,Micro_Hurst:hi,Volume_Avg_10:hi,19,19,0,13.16,1447.3,27498.7,0,19
LONG,Micro_Hurst:hi,OR_High_Side:==-1,21,19,2,17.14,1182.05,24823.0,0,21
LONG,AT_Regime_LT:==1,Micro_WickImbalance:lo,20,19,1,18.35,1741.78,34835.6,0,20
LONG,Body_Size:hi,Session_Low_Dist_ATR:lo,19,19,0,23.84,1639.07,31142.3,0,19
LONG,Micro_FailedBreak:hi,PoC_Side:==1,19,19,0,18.68,2171.77,41263.6,0,19
LONG,Micro_HLAsymmetry:hi,Micro_RangeAccel:lo,20,19,1,22.9,1289.31,25786.1,0,20
LONG,Micro_WickImbalance:lo,RangeOsc_State:==-1,19,19,0,23.37,678.62,12893.8,0,19
LONG,Micro_Lambda:lo,OBV_Macd:lo,22,19,3,8.32,265.19,5834.1,17,5
LONG,Micro_RangeVelocity:hi,Volume_Ratio_10:hi,19,19,0,19.84,741.67,14091.8,0,19
LONG,AT_Regime_LT:==1,Micro_Amihud:hi,19,19,0,22.58,1375.29,26130.5,0,19
LONG,AT_Slope_LT:lo,Round_1000_Dist_ATR:lo,21,19,2,24.05,2259.98,47459.6,0,21
LONG,Body_Size:hi,Micro_AutoCorr:hi,20,19,1,27.55,2467.32,49346.3,0,20
LONG,Micro_BarOverlap:lo,Micro_HLAsymmetry:hi,19,19,0,19.47,1438.51,27331.7,0,19
LONG,Micro_Hurst:hi,VWAP_Sigma:hi,20,19,1,17.35,1478.18,29563.7,0,20
LONG,OR_Position:lo,VWAP_Side:==-1,20,19,1,23.1,450.59,9011.8,0,20
LONG,D2D_Signal:==0,Lower_Wick:hi,22,19,3,22.77,807.57,17766.5,0,22
LONG,Micro_RangeVelocity:hi,VWAP_Sigma:hi,19,19,0,19.21,1138.21,21626.0,0,19
LONG,AT_Lookback_ST:hi,OBVf_Signal:==1,19,19,0,23.26,435.02,8265.3,0,19
LONG,Body_Size:hi,OBVf_Signal:==1,19,19,0,23.79,387.88,7369.7,0,19
LONG,D2D_ATR_MA:hi,D2D_Signal:==0,21,19,2,22.33,523.46,10992.6,0,21
LONG,D2D_ATR_MA:hi,Micro_WickImbalance:lo,19,19,0,22.74,1512.53,28738.1,0,19
LONG,Lower_Wick:hi,OBVf_Signal:==1,20,19,1,19.9,348.99,6979.8,0,20
LONG,Micro_Amihud:hi,Micro_WickImbalance:lo,19,19,0,25.11,1954.61,37137.6,0,19
LONG,Micro_OrderFlowDelta:hi,Micro_VolOfVol:hi,19,19,0,24.42,1498.46,28470.7,0,19
LONG,Micro_OrderFlowDelta:hi,OR_Low_Side:==-1,19,19,0,24.32,2251.52,42778.9,0,19
LONG,Micro_RangeVelocity:lo,Micro_WickImbalance:lo,21,19,2,16.33,1623.37,34090.8,0,21
LONG,Micro_VolOfVol:hi,VWAP_Side:==-1,19,19,0,25.47,885.08,16816.5,0,19
LONG,D2D_ATR_MA:hi,Micro_RollProxy:hi,20,19,1,24.4,1513.06,30261.1,0,20
LONG,OR_High_Side:==-1,OR_Position:lo,19,19,0,17.89,1151.58,21880.1,0,19
LONG,D2D_Signal:==1,Slope_Accel_LT:lo,19,19,0,13.68,1276.23,24248.4,0,19
LONG,Micro_RollProxy:hi,Slope_Accel_LT:lo,20,19,1,16.15,1340.72,26814.3,11,9
LONG,Micro_VolOfVol:hi,Slope_Accel_LT:lo,19,19,0,16.95,1500.99,28518.8,15,4
LONG,Micro_RangeAccel:hi,OBV_Macd:lo,19,19,0,15.26,394.57,7496.9,0,19
LONG,Micro_LogReturn:hi,PrevDay_Low_Side:==-1,20,19,1,17.85,1791.03,35820.7,0,20
LONG,Micro_WickImbalance:lo,OR_High_Side:==-1,19,19,0,18.32,1420.35,26986.6,0,19
LONG,ADX_Rising:==0,AT_Slope_ST:lo,19,19,0,11.95,1180.52,22429.8,0,19
LONG,D2D_ATR_MA:hi,PrevDay_Low_Side:==-1,19,19,0,19.74,674.12,12808.3,0,19
LONG,Micro_AutoCorr:hi,Micro_Rejection:lo,20,19,1,12.75,234.12,4682.3,0,20
LONG,DailyOpen_Side:==-1,RangeOsc_Val:hi,19,19,0,6.63,537.53,10213.1,0,19
LONG,DailyOpen_Dist_ATR:lo,PrevDay_High_Side:==-1,18,18,0,13.61,1372.17,24699.0,0,18
LONG,DailyOpen_Dist_ATR:lo,Upper_Wick:hi,18,18,0,9.22,1576.01,28368.2,0,18
LONG,KAMA_Dist:lo,RangeOsc_State:==-1,20,18,2,9.45,235.17,4703.4,15,5
LONG,Lower_Wick:hi,Upper_Wick:hi,18,18,0,22.56,1010.82,18194.7,0,18
LONG,Lower_Wick:hi,VWAP_Dist_ATR:lo,18,18,0,9.89,311.26,5602.7,0,18
LONG,Micro_Amihud:hi,MultiDay_Position:lo,18,18,0,21.83,945.21,17013.7,0,18
LONG,Micro_Amihud:hi,RangeOsc_State:==-1,19,18,1,23.89,681.23,12943.3,0,19
LONG,Micro_WickImbalance:hi,VWAP_Dist_ATR:lo,18,18,0,10.83,575.83,10364.9,0,18
LONG,PrevDay_High_Side:==-1,Upper_Wick:hi,18,18,0,24.61,2750.32,49505.8,0,18
LONG,Bars_Since_Flip:hi,Round_1000_Dist_ATR:lo,21,18,3,20.81,1435.39,30143.2,0,21
LONG,Round_1000_Dist_ATR:lo,Volume_Avg_10:hi,19,18,1,13.21,1306.34,24820.4,0,19
LONG,AT_Score_LT:lo,Upper_Wick:hi,18,18,0,13.5,589.6,10612.8,0,18
LONG,Bars_Since_Flip:hi,Micro_MicroGap:lo,19,18,1,19.58,492.01,9348.2,0,19
LONG,Micro_Lambda:lo,Micro_Rejection:lo,21,18,3,8.05,188.83,3965.4,0,21
LONG,Micro_Rejection:lo,RangeOsc_State:==2,20,18,2,7.15,236.11,4722.2,0,20
LONG,Efficiency_Ratio:hi,Micro_RangeVelocity:lo,21,18,3,6.38,731.9,15370.0,21,0
LONG,Micro_RollProxy:hi,PrevDay_High_Side:==-1,19,18,1,28.47,2488.47,47280.9,0,19
LONG,D2D_ATR_MA:hi,Volume_Avg_10:hi,18,18,0,23.0,491.2,8841.6,0,18
LONG,ST_Flip_Event:==-1,Volume:hi,19,18,1,7.21,168.03,3192.5,17,2
LONG,AT_Regime_ST:==1,Micro_CSSpread:hi,19,18,1,18.58,558.29,10607.5,0,19
LONG,AT_Slope_LT:lo,PrevDay_Low_Dist_ATR:lo,18,18,0,24.5,542.53,9765.5,0,18
LONG,AT_Slope_ST:lo,PrevDay_Low_Dist_ATR:lo,18,18,0,26.78,596.63,10739.3,0,18
LONG,D2D_Signal:==1,Micro_RollProxy:hi,18,18,0,20.11,2148.74,38677.4,0,18
LONG,EMA_Oscillator:hi,Slope_EMA_ST:lo,18,18,0,22.56,1783.91,32110.4,0,18
LONG,Micro_RangeAccel:lo,PrevDay_Low_Side:==-1,21,18,3,12.33,333.01,6993.3,0,21
LONG,PoC_Side:==1,PrevDay_Low_Side:==-1,18,18,0,13.94,2146.22,38632.0,0,18
LONG,PoC_Side:==1,Slope_EMA_ST:lo,18,18,0,20.5,2352.01,42336.2,0,18
LONG,PrevDay_Low_Side:==-1,RangeOsc_State:==-1,20,18,2,20.0,566.53,11330.6,0,20
LONG,KAMA_Dist:hi,VWAP_Side:==-1,18,18,0,22.39,2794.86,50307.5,0,18
LONG,Micro_Hurst:hi,Micro_OrderFlowDelta:hi,18,18,0,18.67,2734.31,49217.6,0,18
LONG,Micro_Rejection:lo,Sqz_State:==1,18,18,0,15.44,1204.29,21677.3,0,18
LONG,DailyOpen_Dist_ATR:lo,Round_500_Dist_ATR:lo,18,18,0,7.89,440.87,7935.7,0,18
LONG,DailyOpen_Dist_ATR:lo,VWAP_Side:==1,18,18,0,8.72,1085.99,19547.8,14,4
LONG,OBV_Velocity:hi,OR_Low_Side:==-1,19,18,1,9.11,147.9,2810.1,14,5
LONG,Micro_HLAsymmetry:hi,Micro_OrderFlowDelta:hi,18,18,0,23.83,2708.14,48746.5,0,18
LONG,Micro_RangeAccel:hi,RangeOsc_State:==2,18,18,0,7.72,363.11,6535.9,18,0
LONG,D2D_Signal:==1,VWAP_Side:==-1,18,18,0,19.06,2484.99,44729.8,0,18
LONG,Micro_FailedBreak:hi,RangeOsc_Val:lo,18,18,0,22.17,539.97,9719.4,0,18
LONG,Micro_RangeAccel:lo,Micro_WickImbalance:lo,19,18,1,19.11,1794.72,34099.6,0,19
LONG,Micro_RollProxy:hi,Sqz_State:==1,18,18,0,20.33,1175.05,21150.9,0,18
LONG,Micro_WickImbalance:lo,PoC_Side:==1,18,18,0,16.72,2139.59,38512.7,0,18
LONG,RangeOsc_Val:lo,VWAP_Side:==-1,18,18,0,23.28,568.03,10224.5,0,18
LONG,Micro_RollProxy:hi,Slope_Accel_LT:hi,19,18,1,15.84,187.96,3571.3,0,19
LONG,ADX_Rising:==0,AT_Regime_ST:==1,18,18,0,14.06,1224.77,22045.9,0,18
LONG,AT_Regime_LT:==1,Micro_AutoCorr:hi,20,18,2,19.95,1806.0,36120.1,0,20
LONG,Micro_AutoCorr:hi,Session_High_Dist_ATR:lo,18,18,0,11.72,1389.9,25018.2,0,18
LONG,PoC_Side:==1,Volume_Ratio_10:hi,18,18,0,17.39,2449.72,44094.9,0,18
LONG,Micro_RangeAccel:lo,Volume_Ratio_10:hi,18,18,0,20.39,1951.66,35129.8,0,18
LONG,AT_Lookback_ST:hi,D2D_DirStep:==1,19,18,1,26.21,1495.7,28418.3,0,19
LONG,AT_Score_LT:lo,AT_Slope_ST:lo,18,18,0,21.89,415.08,7471.5,0,18
LONG,AT_Score_LT:lo,VWAP_Side:==-1,18,18,0,18.39,539.76,9715.6,0,18
LONG,Bar_Range:hi,VWAP_Side:==-1,20,18,2,24.95,1648.79,32975.8,0,20
LONG,Body_Size:hi,D2D_DirStep:==1,19,18,1,28.74,2592.86,49264.4,0,19
LONG,Body_Size:hi,Micro_Amihud:hi,18,18,0,29.67,2116.68,38100.2,0,18
LONG,Body_Size:hi,Round_1000_Dist_ATR:lo,19,18,1,22.32,2491.34,47335.4,0,19
LONG,D2D_ATR:hi,Micro_Amihud:hi,18,18,0,28.44,1280.59,23050.7,0,18
LONG,D2D_ATR:hi,Micro_BarOverlap:lo,18,18,0,22.11,1600.33,28806.0,0,18
LONG,D2D_DirStep:==1,Micro_Hurst:hi,18,18,0,23.72,2650.38,47706.8,0,18
LONG,D2D_DirStep:==1,VWAP_Side:==-1,19,18,1,26.53,1814.49,34475.4,0,19
LONG,Micro_Amihud:hi,VWAP_Side:==-1,18,18,0,26.39,1199.17,21585.1,0,18
LONG,Micro_BarOverlap:lo,Micro_RollProxy:hi,18,18,0,23.44,1633.93,29410.8,0,18
LONG,Micro_BarOverlap:lo,Momentum_Value:hi,18,18,0,23.89,1570.53,28269.6,0,18
LONG,Micro_FractalDim:lo,OBV_Macd:lo,18,18,0,14.61,817.37,14712.6,0,18
LONG,OR_Low_Side:==-1,RangeOsc_Val:lo,19,18,1,23.95,506.74,9628.0,0,19
LONG,D2D_Signal:==0,VWAP_Sigma:hi,18,18,0,21.72,710.66,12791.8,0,18
LONG,Micro_TickIntensity:hi,VWAP_Sigma:hi,18,18,0,10.61,237.77,4279.9,0,18
LONG,AT_Score_LT:lo,Micro_TickIntensity:hi,18,18,0,8.39,173.11,3115.9,0,18
LONG,Slope_Accel_LT:hi,VWAP_Side:==-1,18,18,0,15.11,265.49,4778.8,0,18
LONG,Micro_FailedBreak:hi,Micro_RangeAccel:hi,18,18,0,18.0,452.84,8151.1,0,18
LONG,Micro_FailedBreak:hi,Slope_Accel_LT:hi,19,18,1,14.0,177.46,3371.8,0,19
LONG,Body_Size:hi,Lower_Wick:hi,19,18,1,24.05,1010.19,19193.6,0,19
LONG,D2D_ATR:hi,Micro_OrderFlowDelta:hi,18,18,0,26.78,1869.32,33647.8,0,18
LONG,D2D_ATR_MA:hi,Micro_Amihud:hi,19,18,1,22.89,1451.71,27582.4,0,19
LONG,D2D_ATR_MA:hi,Micro_OrderFlowDelta:hi,18,18,0,22.72,1559.16,28064.8,0,18
LONG,D2D_ATR_MA:hi,Micro_RangeVelocity:lo,19,18,1,19.21,1267.67,24085.8,0,19
LONG,D2D_ATR_MA:hi,Upper_Wick:hi,18,18,0,25.39,1574.56,28342.1,0,18
LONG,AT_Regime_ST:==1,Round_100_Dist_ATR:lo,19,18,1,15.84,337.55,6413.4,0,19
LONG,Micro_HLAsymmetry:hi,Session_High_Dist_ATR:lo,18,18,0,9.89,1138.84,20499.2,0,18
LONG,Micro_HLAsymmetry:hi,OBVf_Signal:==1,19,18,1,19.58,291.23,5533.3,0,19
LONG,OBV_Macd:lo,OBVf_Signal:==1,19,18,1,22.53,439.18,8344.5,0,19
LONG,D2D_ATR_MA:hi,Session_Low_Dist_ATR:lo,18,18,0,24.22,1608.66,28955.8,0,18
LONG,Micro_LogReturn:hi,Micro_VPIN:lo,18,18,0,9.17,386.79,6962.2,12,6
LONG,Micro_Rejection:lo,VWAP_Sigma:hi,18,18,0,12.06,222.88,4011.8,0,18
LONG,Micro_VPIN:lo,OBV_Macd:lo,20,18,2,11.85,780.48,15609.7,12,8
LONG,ADX_Rising:==1,PrevDay_Close_Side:==-1,18,18,0,7.11,1173.92,21130.6,0,18
LONG,Micro_RangeVelocity:lo,Slope_Accel_LT:lo,19,18,1,13.0,1215.76,23099.4,19,0
LONG,Micro_WickImbalance:lo,Slope_Accel_LT:lo,18,18,0,16.22,1432.27,25780.9,15,3
LONG,AT_Lookback_ST:hi,Volume_Avg_10:hi,18,18,0,25.78,1686.75,30361.5,0,18
LONG,D2D_ATR_MA:hi,MultiDay_Position:lo,18,18,0,24.33,532.56,9586.0,0,18
LONG,OR_Position:lo,Volume_Avg_10:hi,18,18,0,23.28,412.08,7417.5,0,18
LONG,Micro_FailedBreak:hi,MultiDay_Position:lo,18,18,0,20.56,1333.72,24006.9,0,18
LONG,AT_Slope_ST:lo,Session_High_Dist_ATR:lo,18,18,0,11.83,1276.36,22974.5,0,18
LONG,D2D_Persist:hi,PrevDay_High_Dist_ATR:lo,21,18,3,5.43,103.65,2176.7,0,21
LONG,OR_Position:hi,PrevDay_Close_Side:==-1,18,18,0,7.0,581.69,10470.4,0,18
LONG,PrevDay_High_Dist_ATR:lo,Volume:hi,18,18,0,12.11,2318.32,41729.8,0,18
LONG,OR_Low_Side:==1,Session_High_Dist_ATR:lo,21,18,3,6.05,875.79,18391.6,0,21
LONG,Micro_Amihud:hi,OR_High_Side:==-1,17,17,0,21.71,1541.92,26212.7,0,17
LONG,Micro_LogReturn:hi,PrevDay_High_Side:==-1,17,17,0,26.35,2676.24,45496.1,0,17
LONG,Micro_WickImbalance:hi,OR_Low_Side:==-1,18,17,1,11.33,275.13,4952.4,0,18
LONG,PrevDay_High_Side:==-1,Volume_Ratio_10:hi,17,17,0,24.24,1526.48,25950.1,0,17
LONG,PrevDay_Low_Dist_ATR:lo,RangeOsc_State:==-1,17,17,0,23.47,509.08,8654.4,0,17
LONG,AT_Regime_LT:==1,Micro_LogReturn:hi,19,17,2,19.37,1263.34,24003.5,0,19
LONG,Dist_To_PoC_ATR:lo,Micro_VolOfVol:lo,17,17,0,7.0,179.83,3057.1,17,0
LONG,Dist_To_PoC_ATR:lo,Round_1000_Dist_ATR:lo,17,17,0,7.0,179.83,3057.1,17,0
LONG,Micro_VolOfVol:lo,Round_1000_Dist_ATR:lo,17,17,0,7.0,179.83,3057.1,17,0
LONG,OR_High_Side:==-1,Volume_Avg_10:hi,17,17,0,12.47,230.09,3911.6,0,17
LONG,Micro_OrderFlowDelta:lo,VWAP_Sigma:lo,17,17,0,6.82,268.77,4569.1,16,1
LONG,Round_100_Dist_ATR:lo,Volume:hi,18,17,1,15.5,383.69,6906.4,0,18
LONG,Micro_RangeVelocity:hi,Round_1000_Dist_ATR:lo,19,17,2,14.58,1086.79,20649.0,0,19
LONG,Session_Low_Dist_ATR:lo,VWAP_Side:==-1,18,17,1,17.67,1656.79,29822.3,0,18
LONG,Micro_RangeAccel:lo,Micro_Rejection:lo,19,17,2,10.21,167.65,3185.3,0,19
LONG,Micro_RangeAccel:lo,Volume_Avg_10:hi,17,17,0,15.65,274.95,4674.2,0,17
LONG,Micro_VPIN:lo,OR_High_Side:==-1,18,17,1,11.0,498.64,8975.6,0,18
LONG,Slope_Accel_ST:lo,Volume:hi,17,17,0,6.94,215.79,3668.5,0,17
LONG,AT_Lookback_ST:hi,PrevDay_Low_Side:==-1,17,17,0,25.71,1699.91,28898.4,0,17
LONG,AT_Slope_LT:lo,Micro_TickIntensity:hi,18,17,1,13.67,175.28,3155.0,0,18
LONG,D2D_ATR:hi,Micro_RangeVelocity:lo,17,17,0,24.94,607.01,10319.2,0,17
LONG,Micro_RangeAccel:lo,Micro_TickIntensity:hi,17,17,0,8.76,193.99,3297.9,0,17
LONG,Micro_RangeVelocity:lo,Micro_TickIntensity:hi,18,17,1,9.22,107.55,1935.9,0,18
LONG,OR_Low_Side:==-1,PoC_Side:==1,17,17,0,16.65,2291.21,38950.6,0,17
LONG,Body_Size:hi,PrevDay_High_Side:==-1,18,17,1,28.89,2612.03,47016.6,0,18
LONG,D2D_Signal:==0,Micro_Hurst:hi,19,17,2,23.63,943.21,17920.9,0,19
LONG,D2D_Signal:==0,Micro_RangeVelocity:hi,18,17,1,23.72,387.55,6975.9,0,18
LONG,DailyOpen_Side:==-1,Micro_OrderFlowDelta:hi,17,17,0,10.65,1372.68,23335.5,16,1
LONG,OBV_Macd:lo,Sqz_Val:hi,18,17,1,13.22,1072.9,19312.2,0,18
LONG,OR_Position:lo,Round_500_Dist_ATR:lo,18,17,1,13.56,373.92,6730.6,0,18
LONG,DailyOpen_Side:==1,OR_Position:lo,18,17,1,13.78,397.36,7152.4,0,18
LONG,D2D_DirStep:==1,Micro_RangeVelocity:hi,17,17,0,17.71,1477.97,25125.5,0,17
LONG,AT_Lookback_ST:hi,Micro_OrderFlowDelta:hi,17,17,0,25.35,1819.41,30930.0,0,17
LONG,Body_Size:hi,RangeOsc_Val:lo,17,17,0,24.12,586.55,9971.3,0,17
LONG,Micro_OrderFlowDelta:hi,Session_Low_Dist_ATR:lo,17,17,0,20.35,2614.94,44454.0,0,17
LONG,Micro_OrderFlowDelta:hi,VWAP_Side:==-1,17,17,0,26.47,2937.86,49943.6,0,17
LONG,PoC_Side:==1,Session_Low_Dist_ATR:lo,17,17,0,17.0,2439.58,41472.9,0,17
LONG,RangeOsc_State:==-1,Sqz_State:==1,18,17,1,18.94,256.07,4609.2,0,18
LONG,RangeOsc_Val:lo,Volume:hi,19,17,2,22.53,416.7,7917.3,0,19
LONG,AT_Regime_LT:==1,Volume_Ratio_10:hi,18,17,1,20.67,1962.17,35319.1,0,18
LONG,Round_1000_Dist_ATR:lo,Upper_Wick:hi,18,17,1,16.89,2550.91,45916.3,0,18
LONG,Session_High_Dist_ATR:lo,Volume_Ratio_10:hi,17,17,0,12.88,2351.49,39975.3,0,17
LONG,AT_Lookback_ST:hi,Micro_Amihud:hi,17,17,0,25.71,1003.68,17062.5,0,17
LONG,AT_Lookback_ST:hi,Volume_Ratio_10:hi,17,17,0,24.41,463.06,7872.0,0,17
LONG,AT_Score_LT:lo,Micro_FailedBreak:hi,18,17,1,16.83,313.19,5637.5,0,18
LONG,AT_Slope_LT:lo,Micro_BarOverlap:lo,17,17,0,24.65,1694.45,28805.7,0,17
LONG,Bars_Since_Flip:hi,D2D_DirStep:==1,17,17,0,30.24,1949.64,33143.9,0,17
LONG,D2D_ATR:hi,D2D_DirStep:==1,17,17,0,29.24,1947.99,33115.8,0,17
LONG,D2D_ATR:hi,Volume_Ratio_10:hi,17,17,0,27.0,813.09,13822.6,0,17
LONG,Micro_AutoCorr:hi,Micro_RangeAccel:lo,19,17,2,19.84,1856.04,35264.7,0,19
LONG,Micro_BarOverlap:lo,Micro_FailedBreak:hi,17,17,0,22.06,1193.82,20295.0,0,17
LONG,Micro_LogReturn:hi,Micro_RangeAccel:lo,19,17,2,18.74,1186.96,22552.2,0,19
LONG,Micro_LogReturn:hi,VWAP_Sigma:hi,17,17,0,21.06,1622.91,27589.5,0,17
LONG,VWAP_Side:==-1,Volume_Ratio_10:hi,17,17,0,26.47,1863.19,31674.3,0,17
LONG,Micro_AutoCorr:hi,Micro_RangeVelocity:lo,18,17,1,19.78,1931.22,34761.9,0,18
LONG,Micro_FailedBreak:hi,OR_Position:lo,17,17,0,24.76,1362.21,23157.6,0,17
LONG,Micro_MicroGap:lo,Slope_Accel_LT:hi,19,17,2,11.89,177.15,3365.9,0,19
LONG,Slope_Accel_LT:hi,Slope_EMA_ST:lo,18,17,1,20.78,219.03,3942.6,0,18
LONG,Lower_Wick:hi,Micro_FailedBreak:hi,17,17,0,21.35,621.97,10573.5,0,17
LONG,AT_Regime_LT:==1,D2D_Signal:==0,18,17,1,21.5,577.78,10400.0,0,18
LONG,Micro_FailedBreak:hi,Round_500_Dist_ATR:lo,17,17,0,10.88,307.32,5224.5,7,10
LONG,Micro_RangeVelocity:lo,Slope_Accel_LT:hi,19,17,2,11.26,92.97,1766.5,0,19
LONG,Round_500_Dist_ATR:lo,Slope_EMA_ST:lo,17,17,0,15.24,391.98,6663.7,0,17
LONG,AT_Regime_LT:==1,OBVf_Signal:==1,18,17,1,19.39,247.65,4457.7,0,18
LONG,Lower_Wick:hi,Micro_WickImbalance:lo,17,17,0,21.82,1106.79,18815.5,0,17
LONG,Micro_Amihud:hi,OR_Position:lo,18,17,1,25.78,1329.38,23928.8,0,18
LONG,Micro_RangeAccel:lo,OBVf_Signal:==1,17,17,0,19.88,293.14,4983.3,0,17
LONG,Micro_VolOfVol:hi,Sqz_State:==1,17,17,0,22.88,505.24,8589.0,0,17
LONG,Micro_WickImbalance:lo,OR_Position:lo,18,17,1,22.78,1204.71,21684.7,0,18
LONG,Micro_LogReturn:hi,TChan_A15:hi,17,17,0,18.65,1574.13,26760.2,0,17
LONG,AT_Regime_ST:==1,Micro_OrderFlowDelta:lo,17,17,0,11.59,197.2,3352.4,0,17
LONG,ADX_Value:hi,Micro_Rejection:lo,17,17,0,7.29,321.24,5461.1,0,17
LONG,D2D_Signal:==1,Micro_Rejection:lo,17,17,0,11.41,1515.64,25765.9,0,17
LONG,Micro_Rejection:lo,PoC_Side:==1,17,17,0,11.41,1515.64,25765.9,0,17
LONG,ADX_Rising:==1,WeeklyOpen_Side:==-1,17,17,0,6.76,1220.33,20745.6,0,17
LONG,Micro_HLAsymmetry:hi,MultiDay_Position:lo,17,17,0,27.41,1715.7,29166.9,0,17
LONG,MultiDay_Position:lo,Sqz_State:==1,19,17,2,20.58,1074.93,20423.7,0,19
LONG,D2D_Signal:==0,MultiDay_Position:lo,17,17,0,26.29,885.96,15061.3,0,17
LONG,Micro_RangeVelocity:hi,MultiDay_Position:lo,17,17,0,22.94,1346.96,22898.4,0,17
LONG,AT_Regime_ST:==1,Micro_PriceAccel:hi,18,17,1,14.39,1247.55,22455.9,0,18
LONG,Micro_OrderFlowDelta:hi,MultiDay_Position:lo,17,17,0,22.29,1800.45,30607.7,0,17
LONG,Micro_PriceAccel:hi,Volume:hi,17,17,0,11.76,652.39,11090.7,0,17
LONG,ADX_Rising:==1,D2D_Persist:hi,19,17,2,5.53,135.51,2574.7,0,19
LONG,ADX_Rising:==1,Session_High_Dist_ATR:lo,19,17,2,6.32,997.81,18958.3,0,19
LONG,PrevDay_High_Dist_ATR:lo,Round_500_Dist_ATR:lo,19,17,2,9.74,388.06,7373.2,0,19
LONG,DailyOpen_Side:==-1,OR_Low_Side:==1,17,17,0,7.53,1337.07,22730.2,0,17
LONG,OR_Position:hi,RangeOsc_Val:hi,17,17,0,6.76,582.65,9905.0,0,17
LONG,DailyOpen_Dist_ATR:lo,Lower_Wick:hi,16,16,0,10.81,428.93,6862.9,0,16
LONG,Harmonic_OBVf_Concordance:==0,VWAP_Dist_ATR:lo,16,16,0,11.31,513.93,8222.9,0,16
LONG,KAMA_Dist:lo,Micro_HLAsymmetry:lo,18,16,2,9.39,185.91,3346.4,0,18
LONG,Lower_Wick:hi,MultiDay_Position:lo,16,16,0,23.12,1041.84,16669.5,0,16
LONG,Micro_Amihud:hi,PrevDay_Low_Dist_ATR:lo,16,16,0,20.69,511.22,8179.5,0,16
LONG,Micro_Amihud:hi,Upper_Wick:hi,16,16,0,28.19,2213.19,35411.0,0,16
LONG,Micro_Amihud:hi,Volume_Ratio_10:hi,16,16,0,25.75,1826.78,29228.4,0,16
LONG,Micro_VolOfVol:hi,VWAP_Dist_ATR:lo,16,16,0,11.69,1292.52,20680.4,0,16
LONG,PrevDay_Low_Dist_ATR:lo,Volume:hi,16,16,0,25.31,687.15,10994.4,0,16
LONG,RangeOsc_State:==-1,Volume_Ratio_10:hi,16,16,0,29.0,831.21,13299.4,0,16
LONG,Micro_TickIntensity:hi,Volume_Avg_10:hi,16,16,0,10.25,281.95,4511.2,0,16
LONG,Micro_Lambda:lo,OR_Low_Side:==1,18,16,2,6.67,427.56,7696.1,0,18
LONG,OR_Low_Side:==1,Volume:hi,17,16,1,8.76,1171.93,19922.8,0,17
LONG,OR_Low_Side:==1,Volume_Avg_10:hi,16,16,0,8.12,382.64,6122.3,0,16
LONG,OR_High_Side:==-1,OR_Position:hi,16,16,0,6.88,531.8,8508.8,16,0
LONG,OR_Position:hi,Volume:hi,16,16,0,7.56,240.39,3846.3,0,16
LONG,Micro_OrderFlowDelta:lo,Slope_EMA_ST:lo,17,16,1,12.18,205.26,3489.5,16,1
LONG,Micro_RollProxy:hi,Session_Low_Dist_ATR:lo,17,16,1,21.71,2142.25,36418.3,0,17
LONG,Lower_Wick:hi,Volume_Avg_10:hi,16,16,0,18.62,865.31,13844.9,0,16
LONG,OR_High_Side:==-1,VWAP_Side:==-1,17,16,1,22.88,802.54,13643.2,0,17
LONG,AT_Slope_ST:lo,Micro_TickIntensity:hi,17,16,1,13.88,201.18,3420.0,0,17
LONG,Bar_Range:hi,D2D_Signal:==1,16,16,0,19.25,2526.55,40424.8,0,16
LONG,Body_Size:hi,Micro_RangeVelocity:lo,17,16,1,23.82,1381.59,23487.0,0,17
LONG,Body_Size:hi,PoC_Side:==1,16,16,0,20.88,2652.29,42436.6,0,16
LONG,D2D_ATR:hi,KAMA_Dist:hi,16,16,0,25.19,2100.62,33609.9,0,16
LONG,D2D_ATR:hi,PrevDay_Low_Dist_ATR:lo,16,16,0,27.25,643.91,10302.5,0,16
LONG,D2D_Signal:==1,Micro_RangeAccel:lo,16,16,0,11.88,1273.62,20378.0,0,16
LONG,EMA_Oscillator:hi,OBV_Macd:lo,17,16,1,20.53,1373.29,23346.0,0,17
LONG,KAMA_Dist:hi,Micro_RollProxy:hi,16,16,0,26.12,2148.17,34370.7,0,16
LONG,Micro_MicroGap:lo,Momentum_Value:hi,17,16,1,20.59,580.37,9866.3,0,17
LONG,Micro_MicroGap:lo,PrevDay_Low_Side:==-1,16,16,0,15.56,544.98,8719.7,0,16
LONG,Micro_Hurst:hi,RangeOsc_State:==-1,17,16,1,24.0,560.71,9532.1,0,17
LONG,Momentum_Value:hi,ST_Flip_Event:==1,17,16,1,5.76,322.35,5479.9,17,0
LONG,PrevDay_Low_Side:==-1,RangeOsc_State:==-2,17,16,1,13.76,1987.49,33787.3,0,17
LONG,DailyOpen_Dist_ATR:lo,DailyOpen_Side:==1,16,16,0,9.56,326.77,5228.4,0,16
LONG,ADX_Rising:==0,OR_High_Side:==-1,16,16,0,11.81,1437.06,22993.0,0,16
LONG,AT_Regime_LT:==1,RangeOsc_Val:lo,17,16,1,19.53,236.82,4026.0,0,17
LONG,D2D_Signal:==1,Micro_OrderFlowDelta:hi,16,16,0,17.06,3360.81,53772.9,0,16
LONG,Micro_HLAsymmetry:hi,PoC_Side:==1,16,16,0,19.69,2494.25,39908.0,0,16
LONG,ADX_Rising:==0,Micro_AutoCorr:hi,16,16,0,12.25,1501.16,24018.5,0,16
LONG,AT_Lookback_ST:hi,Micro_BarOverlap:lo,16,16,0,24.12,1670.06,26721.0,0,16
LONG,AT_Regime_ST:==1,Micro_FractalDim:lo,16,16,0,17.69,382.25,6116.0,0,16
LONG,AT_Score_LT:lo,D2D_ATR:hi,16,16,0,22.69,380.38,6086.1,0,16
LONG,Bars_Since_Flip:hi,Micro_BarOverlap:lo,16,16,0,25.69,1725.28,27604.5,0,16
LONG,D2D_DirStep:==1,Micro_FailedBreak:hi,17,16,1,25.41,2425.75,41237.8,0,17
LONG,D2D_DirStep:==1,OBV_Macd:lo,16,16,0,29.94,2593.77,41500.3,0,16
LONG,D2D_DirStep:==1,RangeOsc_State:==-1,16,16,0,28.81,870.19,13923.0,0,16
LONG,Micro_Amihud:hi,Micro_RollProxy:hi,17,16,1,27.65,2055.31,34940.3,0,17
LONG,Micro_FractalDim:lo,Micro_HLAsymmetry:hi,16,16,0,15.81,420.6,6729.6,0,16
LONG,Micro_LogReturn:hi,Round_1000_Dist_ATR:lo,16,16,0,23.62,2898.32,46373.2,0,16
LONG,OR_High_Side:==-1,VWAP_Sigma:hi,17,16,1,12.71,261.55,4446.4,0,17
LONG,VWAP_Sigma:hi,Volume_Ratio_10:hi,16,16,0,19.12,453.6,7257.6,0,16
LONG,AT_Slope_LT:lo,Round_500_Dist_ATR:lo,16,16,0,16.31,377.24,6035.9,0,16
LONG,D2D_Signal:==0,Micro_RangeAccel:lo,16,16,0,23.0,676.15,10818.4,0,16
LONG,Micro_RangeAccel:lo,Slope_Accel_LT:hi,17,16,1,11.12,75.35,1281.0,0,17
LONG,AT_Lookback_ST:hi,D2D_ATR_MA:hi,16,16,0,26.06,594.37,9509.9,0,16
LONG,Bars_Since_Flip:hi,Micro_VPIN:lo,16,16,0,16.69,402.93,6446.8,10,6
LONG,D2D_ATR_MA:hi,Micro_FailedBreak:hi,16,16,0,26.25,1773.88,28382.1,0,16
LONG,D2D_Signal:==0,Micro_WickImbalance:lo,16,16,0,25.88,1160.94,18575.0,0,16
LONG,Lower_Wick:hi,OR_Position:lo,18,16,2,21.44,335.97,6047.5,0,18
LONG,Micro_WickImbalance:lo,VWAP_Sigma:hi,16,16,0,19.12,1635.59,26169.4,0,16
LONG,Slope_Accel_LT:hi,Volume:hi,16,16,0,16.0,304.48,4871.7,0,16
LONG,Micro_RangeVelocity:hi,OBVf_Signal:==1,16,16,0,20.75,423.71,6779.4,0,16
LONG,Micro_RangeVelocity:hi,OR_Position:lo,16,16,0,23.94,611.24,9779.8,0,16
LONG,Micro_RollProxy:hi,OBVf_Signal:==1,17,16,1,20.12,317.59,5399.0,0,17
LONG,Slope_Accel_LT:lo,Volume_Ratio_10:hi,16,16,0,18.62,1709.41,27350.6,0,16
LONG,Micro_RangeAccel:hi,Round_100_Dist_ATR:lo,16,16,0,14.62,408.24,6531.9,0,16
LONG,AT_Regime_ST:==1,DailyOpen_Side:==1,16,16,0,16.75,432.26,6916.1,0,16
LONG,AT_Slope_ST:lo,Slope_Accel_LT:lo,16,16,0,21.5,1687.92,27006.8,0,16
LONG,D2D_Signal:==1,OR_High_Side:==-1,16,16,0,13.44,1585.78,25372.4,0,16
LONG,DailyOpen_Side:==1,Volume:hi,16,16,0,16.56,550.86,8813.7,0,16
LONG,Micro_RangeVelocity:hi,RangeOsc_Val:lo,16,16,0,21.75,576.7,9227.2,0,16
LONG,Micro_VolOfVol:hi,RangeOsc_Val:lo,17,16,1,23.41,577.19,9812.2,0,17
LONG,D2D_DirStep:==-1,Micro_HLAsymmetry:hi,16,16,0,9.19,300.21,4803.4,0,16
LONG,D2D_DirStep:==-1,Micro_Rejection:lo,16,16,0,8.5,290.87,4653.9,0,16
LONG,OR_Low_Side:==-1,ST_Flip_Event:==-1,16,16,0,6.94,137.75,2204.0,0,16
LONG,Micro_AutoCorr:hi,Slope_Accel_LT:lo,16,16,0,17.81,1631.15,26098.4,0,16
LONG,Micro_Hurst:hi,Session_High_Dist_ATR:lo,16,16,0,10.12,1582.99,25327.9,0,16
LONG,Micro_Hurst:hi,Session_Low_Dist_ATR:lo,16,16,0,13.56,1566.39,25062.2,0,16
LONG,Micro_Hurst:hi,Slope_Accel_LT:lo,16,16,0,16.56,1476.49,23623.8,12,4
LONG,TChan_A15:hi,Upper_Wick:hi,16,16,0,17.69,1604.73,25675.6,0,16
LONG,Micro_RangeAccel:hi,PrevDay_Low_Side:==-1,16,16,0,16.81,307.46,4919.3,0,16
LONG,PrevDay_Low_Side:==-1,Volume_Ratio_10:hi,16,16,0,16.69,1886.08,30177.2,0,16
LONG,Bar_Range:hi,TChan_A15:hi,16,16,0,19.88,1666.49,26663.9,0,16
LONG,Micro_RangeAccel:lo,MultiDay_Position:lo,16,16,0,22.0,347.35,5557.6,0,16
LONG,Micro_RollProxy:hi,MultiDay_Position:lo,17,16,1,27.35,1774.26,30162.4,0,17
LONG,Sqz_State:==1,Volume_Avg_10:hi,17,16,1,20.06,1120.42,19047.2,0,17
LONG,Momentum_Value:hi,WeeklyOpen_Side:==-1,16,16,0,20.0,2446.75,39148.0,0,16
LONG,Micro_PriceAccel:hi,Upper_Wick:hi,16,16,0,12.69,1683.89,26942.3,0,16
LONG,PoC_Side:==1,VWAP_Sigma:hi,16,16,0,12.88,1766.84,28269.5,0,16
LONG,AT_Regime_ST:==1,PrevDay_High_Dist_ATR:hi,17,16,1,11.76,305.64,5195.8,0,17
LONG,AT_Slope_LT:lo,Micro_Rejection:lo,17,16,1,17.88,347.42,5906.1,0,17
LONG,D2D_Signal:==1,PrevDay_High_Dist_ATR:lo,16,16,0,12.06,2470.37,39525.9,0,16
LONG,D2D_Signal:==1,WeeklyOpen_Side:==-1,17,16,1,13.12,3231.3,54932.1,0,17
LONG,Micro_WickImbalance:lo,Round_1000_Dist_ATR:lo,16,16,0,18.62,2920.49,46727.9,0,16
LONG,PrevDay_Low_Side:==-1,Round_500_Dist_ATR:lo,18,16,2,8.56,143.99,2591.8,0,18
LONG,Micro_Rejection:lo,OR_Position:hi,17,16,1,7.18,456.39,7758.7,0,17
LONG,DailyOpen_Dist_ATR:lo,Harmonic_OBVf_Concordance:==0,15,15,0,11.47,530.38,7955.7,0,15
LONG,DailyOpen_Dist_ATR:lo,Micro_WickImbalance:hi,15,15,0,11.47,530.38,7955.7,0,15
LONG,DailyOpen_Dist_ATR:lo,OBV_Macd:lo,15,15,0,12.47,1423.89,21358.4,0,15
LONG,KAMA_Dist:lo,OR_Low_Side:==-1,15,15,0,11.07,318.29,4774.4,0,15
LONG,Micro_VolOfVol:hi,VWAP_Sigma_ATR:lo,16,15,1,18.94,472.52,7560.3,0,16
LONG,AT_Regime_LT:==1,Micro_TickIntensity:hi,15,15,0,8.87,127.0,1905.0,0,15
LONG,AT_Score_LT:lo,Round_500_Dist_ATR:lo,15,15,0,8.73,329.31,4939.6,14,1
LONG,Micro_MicroGap:lo,Upper_Wick:hi,15,15,0,16.87,763.19,11447.8,0,15
LONG,AT_Slope_ST:lo,Micro_OrderFlowDelta:lo,16,15,1,12.12,155.76,2492.2,0,16
LONG,DailyOpen_Side:==-1,Volume:hi,15,15,0,12.4,1342.49,20137.4,0,15
LONG,Micro_HLAsymmetry:hi,Micro_OrderFlowDelta:lo,16,15,1,12.06,210.03,3360.5,16,0
LONG,Micro_RangeVelocity:lo,Volume_Avg_10:hi,15,15,0,16.13,272.41,4086.1,0,15
LONG,AT_Slope_ST:lo,Micro_HLAsymmetry:lo,16,15,1,7.38,107.26,1716.1,0,16
LONG,Session_Low_Dist_ATR:lo,VWAP_Dist_ATR:lo,16,15,1,10.62,1214.42,19430.8,0,16
LONG,Micro_MomoTransfer:hi,Micro_TickIntensity:hi,15,15,0,7.87,202.64,3039.6,11,4
LONG,Micro_TickIntensity:hi,OR_High_Side:==-1,15,15,0,10.0,361.27,5419.1,0,15
LONG,Micro_Entropy:lo,Micro_RangeVelocity:lo,17,15,2,7.0,803.62,13661.6,16,1
LONG,OR_High_Side:==-1,ST_Flip_Event:==-1,16,15,1,7.56,153.08,2449.3,11,5
LONG,AT_Slope_LT:lo,EMA_Oscillator:hi,16,15,1,22.75,1870.51,29928.2,0,16
LONG,AT_Slope_LT:lo,Micro_MicroGap:lo,16,15,1,20.38,556.39,8902.3,0,16
LONG,AT_Slope_ST:lo,EMA_Oscillator:hi,15,15,0,25.6,2080.05,31200.8,0,15
LONG,AT_Slope_ST:lo,Micro_MicroGap:lo,15,15,0,24.27,696.92,10453.8,0,15
LONG,Bar_Range:hi,OR_Position:lo,15,15,0,24.33,1467.0,22005.0,0,15
LONG,Body_Size:hi,KAMA_Dist:hi,15,15,0,26.13,2232.6,33489.0,0,15
LONG,D2D_ATR:hi,EMA_Oscillator:hi,15,15,0,24.2,2070.97,31064.6,0,15
LONG,Micro_RangeVelocity:lo,Upper_Wick:hi,16,15,1,21.31,1453.12,23250.0,0,16
LONG,D2D_Signal:==0,PrevDay_Low_Side:==-1,15,15,0,26.87,1203.43,18051.4,0,15
LONG,Micro_RangeVelocity:hi,PrevDay_High_Side:==-1,16,15,1,17.62,1236.25,19780.0,0,16
LONG,DailyOpen_Side:==-1,PrevDay_Low_Side:==-1,15,15,0,11.93,1615.41,24231.1,0,15
LONG,Micro_WickImbalance:lo,PrevDay_High_Side:==-1,15,15,0,22.67,3030.06,45450.9,0,15
LONG,Micro_Rejection:lo,OR_High_Side:==-1,16,15,1,8.81,287.02,4592.4,0,16
LONG,Micro_FailedBreak:hi,Micro_MicroGap:hi,15,15,0,14.27,341.49,5122.4,0,15
LONG,Micro_OrderFlowDelta:hi,Micro_RangeAccel:lo,15,15,0,19.53,1691.84,25377.6,0,15
LONG,Micro_RangeAccel:lo,RangeOsc_Val:lo,16,15,1,19.75,239.43,3830.8,0,16
LONG,ADX_Rising:==0,Bar_Range:hi,15,15,0,12.47,1566.49,23497.4,0,15
LONG,ADX_Rising:==0,Micro_VolOfVol:hi,15,15,0,14.13,1360.61,20409.2,0,15
LONG,D2D_Signal:==1,Micro_AutoCorr:hi,15,15,0,19.27,2536.24,38043.6,0,15
LONG,AT_Regime_LT:==1,Micro_Hurst:hi,15,15,0,21.47,1817.63,27264.4,0,15
LONG,Micro_RangeAccel:lo,Round_1000_Dist_ATR:lo,15,15,0,14.67,1612.63,24189.5,0,15
LONG,AT_Lookback_ST:hi,Round_1000_Dist_ATR:lo,16,15,1,24.31,1787.97,28607.5,0,16
LONG,AT_Regime_LT:==1,VWAP_Sigma:hi,15,15,0,16.27,251.12,3766.8,0,15
LONG,AT_Score_LT:lo,Slope_EMA_ST:lo,16,15,1,21.56,312.53,5000.5,0,16
LONG,Bar_Range:hi,Micro_FractalDim:lo,15,15,0,15.33,352.09,5281.4,0,15
LONG,D2D_DirStep:==1,OR_Low_Side:==-1,15,15,0,30.0,2926.37,43895.5,0,15
LONG,D2D_DirStep:==1,VWAP_Sigma:hi,15,15,0,23.13,1825.3,27379.5,0,15
LONG,Micro_Amihud:hi,Micro_RangeAccel:lo,15,15,0,25.27,1648.59,24728.8,0,15
LONG,Micro_BarOverlap:lo,VWAP_Side:==-1,15,15,0,24.13,1785.13,26777.0,0,15
LONG,Micro_Hurst:hi,Micro_RangeVelocity:lo,15,15,0,19.33,1633.92,24508.8,0,15
LONG,Micro_TickIntensity:hi,Volume_Ratio_10:hi,15,15,0,11.0,421.93,6329.0,12,3
LONG,AT_Lookback_ST:hi,Slope_Accel_LT:hi,15,15,0,23.73,313.87,4708.0,0,15
LONG,AT_Regime_LT:==1,Round_500_Dist_ATR:lo,16,15,1,12.88,250.11,4001.8,0,16
LONG,Round_500_Dist_ATR:lo,VWAP_Side:==-1,15,15,0,14.53,569.85,8547.8,0,15
LONG,OR_High_Side:==-1,Round_500_Dist_ATR:lo,15,15,0,13.6,397.42,5961.3,0,15
LONG,AT_Score_LT:lo,Sqz_State:==1,15,15,0,15.2,484.35,7265.3,0,15
LONG,Lower_Wick:hi,Micro_RangeAccel:lo,16,15,1,20.38,627.39,10038.2,0,16
LONG,Lower_Wick:hi,Sqz_State:==1,16,15,1,17.88,348.38,5574.1,0,16
LONG,Micro_VPIN:lo,Micro_VolOfVol:hi,15,15,0,18.4,384.22,5763.3,0,15
LONG,Micro_VPIN:lo,Slope_EMA_ST:lo,15,15,0,18.67,419.94,6299.1,0,15
LONG,Micro_VolOfVol:hi,Slope_Accel_LT:hi,16,15,1,15.38,139.0,2224.0,0,16
LONG,Micro_BarOverlap:lo,Micro_RangeVelocity:hi,15,15,0,19.87,1339.05,20085.7,0,15
LONG,Micro_RangeAccel:hi,Micro_VolOfVol:hi,15,15,0,17.07,466.62,6999.3,0,15
LONG,Momentum_Value:hi,RangeOsc_State:==-2,15,15,0,23.13,2602.55,39038.3,0,15
LONG,D2D_DirStep:==1,Volume:hi,15,15,0,26.07,1799.93,26999.0,0,15
LONG,DailyOpen_Side:==1,Micro_IBSP:hi,15,15,0,10.67,295.49,4432.3,15,0
LONG,Micro_IBSP:hi,OR_Low_Side:==-1,15,15,0,10.67,295.49,4432.3,15,0
LONG,OR_Position:lo,RangeOsc_Val:lo,17,15,2,23.12,427.97,7275.5,0,17
LONG,Micro_RangeVelocity:hi,Round_100_Dist_ATR:lo,15,15,0,15.2,400.26,6003.9,0,15
LONG,AT_Regime_ST:==1,Slope_Accel_ST:lo,15,15,0,6.87,152.97,2294.6,0,15
LONG,Micro_TickIntensity:hi,Micro_VPIN:lo,16,15,1,8.0,356.28,5700.5,12,4
LONG,DailyOpen_Dist_ATR:lo,Session_High_Dist_ATR:lo,15,15,0,11.33,1743.93,26159.0,0,15
LONG,Session_High_Dist_ATR:lo,Slope_Accel_LT:lo,15,15,0,11.2,1363.52,20452.8,13,2
LONG,KAMA_Dist:hi,Micro_WickImbalance:lo,15,15,0,23.53,2117.19,31757.9,0,15
LONG,D2D_DirStep:==-1,Micro_RangeAccel:hi,15,15,0,8.27,301.45,4521.7,0,15
LONG,Efficiency_Ratio:hi,OBV_Macd:lo,18,15,3,7.83,836.34,15054.1,12,6
LONG,AT_Slope_LT:lo,WeeklyOpen_Side:==-1,15,15,0,19.33,2385.41,35781.2,0,15
LONG,PrevDay_Close_Side:==-1,Sqz_State:==1,16,15,1,6.75,1202.79,19244.7,0,16
LONG,AT_Slope_ST:lo,TChan_A15:hi,15,15,0,20.67,1750.83,26262.5,0,15
LONG,D2D_ATR:hi,Session_Low_Dist_ATR:lo,15,15,0,24.53,964.89,14473.3,0,15
LONG,Micro_RollProxy:hi,TChan_A15:hi,15,15,0,19.0,2413.89,36208.3,0,15
LONG,OBVf_Signal:==1,Volume_Avg_10:hi,15,15,0,21.27,364.76,5471.4,0,15
LONG,Slope_EMA_ST:lo,WeeklyOpen_Side:==-1,16,15,1,19.88,2186.62,34985.9,0,16
LONG,Bars_Since_Flip:hi,Micro_PriceAccel:hi,16,15,1,13.5,1156.44,18503.0,0,16
LONG,D2D_Signal:==1,Volume_Avg_10:hi,16,15,1,12.5,1165.48,18647.7,0,16
LONG,Micro_PriceAccel:hi,PoC_Side:==1,15,15,0,13.33,1789.71,26845.7,0,15
LONG,KAMA_Dist:hi,Volume_Avg_10:hi,15,15,0,22.13,1908.08,28621.2,0,15
LONG,KAMA_Dist:hi,Micro_OrderFlowDelta:hi,15,15,0,20.0,3143.12,47146.8,0,15
LONG,Micro_Amihud:hi,PrevDay_Low_Side:==-1,15,15,0,19.47,1157.35,17360.3,0,15
LONG,Micro_LogReturn:hi,Micro_Rejection:lo,16,15,1,12.56,147.71,2363.4,0,16
LONG,AT_Regime_ST:==1,PrevDay_Close_Side:==-1,15,15,0,10.4,2578.67,38680.0,0,15
LONG,PrevDay_High_Dist_ATR:lo,Upper_Wick:hi,17,15,2,10.59,2186.18,37165.1,0,17
LONG,OR_Low_Side:==1,Sqz_State:==1,18,15,3,6.78,1040.57,18730.3,0,18
LONG,Micro_VolOfVol:hi,Round_500_Dist_ATR:lo,15,15,0,14.87,403.92,6058.8,0,15
LONG,Bars_Since_Flip:hi,Session_High_Dist_ATR:lo,16,15,1,10.38,315.36,5045.7,0,16
LONG,Micro_CSSpread:hi,Volume_Avg_10:hi,16,15,1,4.94,49.96,799.3,8,8
LONG,Micro_LogReturn:hi,Session_High_Dist_ATR:lo,15,15,0,11.73,1506.04,22590.6,0,15
LONG,Micro_Lambda:lo,PrevDay_High_Dist_ATR:hi,16,15,1,6.44,178.02,2848.3,12,4
LONG,Micro_WickImbalance:lo,TChan_A15:hi,15,15,0,16.0,2289.11,34336.7,0,15
LONG,ADX_Value:hi,Session_Low_Dist_ATR:lo,15,15,0,10.93,1329.23,19938.5,12,3
LONG,AT_Regime_ST:==1,Harmonic_OBVf_Concordance:==0,15,14,1,11.87,202.29,3034.4,0,15
LONG,Bars_Since_Flip:hi,Micro_WickImbalance:hi,14,14,0,12.14,472.63,6616.8,0,14
LONG,KAMA_Dist:lo,Upper_Wick:hi,16,14,2,9.69,271.91,4350.6,15,1
LONG,PrevDay_Low_Dist_ATR:lo,Upper_Wick:hi,14,14,0,20.36,501.56,7021.9,0,14
LONG,Lower_Wick:lo,Volume_Avg_10:hi,14,14,0,9.86,360.11,5041.6,0,14
LONG,Micro_LogReturn:hi,Volume_Avg_10:hi,14,14,0,17.5,1777.19,24880.7,0,14
LONG,Micro_WickImbalance:hi,Session_Low_Dist_ATR:lo,14,14,0,10.07,363.58,5090.1,0,14
LONG,Micro_WickImbalance:hi,Volume_Avg_10:hi,14,14,0,10.64,353.35,4946.9,0,14
LONG,VWAP_Sigma_ATR:lo,Volume_Avg_10:hi,14,14,0,15.93,2029.33,28410.6,0,14
LONG,AT_Score_LT:lo,Micro_VolOfVol:lo,14,14,0,9.0,346.65,4853.1,14,0
LONG,Dist_To_PoC_ATR:lo,Session_Low_Dist_ATR:lo,14,14,0,7.0,178.16,2494.3,0,14
LONG,Micro_VolOfVol:lo,Round_500_Dist_ATR:lo,14,14,0,9.0,346.65,4853.1,14,0
LONG,Micro_VolOfVol:lo,Session_Low_Dist_ATR:lo,14,14,0,7.0,178.16,2494.3,0,14
LONG,Round_500_Dist_ATR:lo,Volume_Avg_10:hi,14,14,0,7.64,219.83,3077.6,0,14
LONG,KAMA_Dist:lo,Session_Low_Dist_ATR:lo,17,14,3,9.47,114.31,1943.2,0,17
LONG,OR_Low_Side:==1,Slope_EMA_ST:hi,15,14,1,6.8,379.95,5699.2,0,15
LONG,RangeOsc_State:==2,Volume_Avg_10:hi,14,14,0,7.79,307.86,4310.0,0,14
LONG,Micro_RangeVelocity:lo,Session_Low_Dist_ATR:lo,16,14,2,16.69,1940.57,31049.1,0,16
LONG,Micro_Rejection:lo,Round_1000_Dist_ATR:lo,15,14,1,7.33,254.97,3824.6,0,15
LONG,AT_Slope_ST:lo,KAMA_Dist:lo,16,14,2,9.12,68.96,1103.4,0,16
LONG,Lower_Wick:hi,Session_Low_Dist_ATR:lo,14,14,0,18.43,781.7,10943.8,0,14
LONG,Micro_RangeVelocity:hi,OR_High_Side:==-1,14,14,0,17.0,631.47,8840.6,0,14
LONG,VWAP_Side:==-1,Volume_Avg_10:hi,14,14,0,21.93,1862.58,26076.1,0,14
LONG,Lower_Wick:hi,Micro_VPIN:lo,15,14,1,14.27,352.52,5287.8,0,15
LONG,AT_Lookback_ST:hi,Micro_RangeVelocity:lo,14,14,0,24.71,381.15,5336.1,0,14
LONG,AT_Regime_LT:==1,PoC_Side:==1,14,14,0,11.5,1537.26,21521.7,0,14
LONG,AT_Slope_LT:lo,PoC_Side:==1,14,14,0,22.29,2773.57,38830.0,0,14
LONG,Body_Size:hi,EMA_Oscillator:hi,14,14,0,24.29,2149.64,30095.0,0,14
LONG,D2D_ATR:hi,Micro_CSSpread:hi,14,14,0,20.86,721.46,10100.5,0,14
LONG,D2D_ATR:hi,Micro_TickIntensity:hi,15,14,1,14.27,300.99,4514.9,0,15
LONG,Micro_CSSpread:hi,Momentum_Value:hi,14,14,0,23.0,769.86,10778.0,0,14
LONG,Micro_RangeVelocity:lo,RangeOsc_State:==-1,16,14,2,21.69,475.33,7605.3,0,16
LONG,OR_Position:lo,PrevDay_Low_Side:==-1,16,14,2,20.19,275.56,4409.0,0,16
LONG,Slope_EMA_ST:lo,VA_Position:hi,14,14,0,19.5,685.86,9602.1,0,14
LONG,D2D_Signal:==0,PrevDay_High_Side:==-1,16,14,2,25.69,967.93,15486.9,0,16
LONG,KAMA_Dist:hi,Micro_HLAsymmetry:hi,14,14,0,26.57,2404.51,33663.1,0,14
LONG,KAMA_Dist:hi,Micro_RangeVelocity:hi,14,14,0,21.14,1574.68,22045.5,0,14
LONG,DailyOpen_Side:==-1,Lower_Wick:lo,14,14,0,9.21,443.62,6210.7,0,14
LONG,Micro_Rejection:lo,PrevDay_High_Dist_ATR:lo,15,14,1,9.2,1317.04,19755.6,0,15
LONG,OR_Low_Side:==-1,VWAP_Side:==1,14,14,0,9.64,1285.24,17993.3,14,0
LONG,Lower_Wick:hi,Micro_RangeVelocity:lo,16,14,2,18.0,511.81,8188.9,0,16
LONG,Micro_Rejection:lo,Micro_WickImbalance:hi,14,14,0,7.64,433.41,6067.7,0,14
LONG,AT_Regime_LT:==1,Sqz_State:==1,15,14,1,16.13,198.72,2980.8,0,15
LONG,D2D_Signal:==1,Sqz_State:==1,15,14,1,16.0,2618.11,39271.6,0,15
LONG,Micro_RangeAccel:lo,Sqz_State:==1,15,14,1,15.33,233.93,3509.0,0,15
LONG,RangeOsc_Val:lo,Upper_Wick:hi,15,14,1,23.73,528.76,7931.4,0,15
LONG,Session_Low_Dist_ATR:lo,Sqz_State:==1,14,14,0,20.5,1694.86,23728.0,0,14
LONG,Micro_RollProxy:hi,RangeOsc_State:==-2,15,14,1,19.13,2252.06,33780.9,0,15
LONG,Micro_RangeVelocity:hi,PoC_Side:==1,14,14,0,19.43,1867.96,26151.5,0,14
LONG,AT_Regime_LT:==1,AT_Score_LT:lo,14,14,0,15.5,278.7,3901.8,0,14
LONG,AT_Score_LT:lo,Micro_RangeAccel:lo,15,14,1,14.87,187.8,2817.0,0,15
LONG,D2D_DirStep:==1,Volume_Ratio_10:hi,14,14,0,29.5,1951.86,27326.1,0,14
LONG,Micro_Amihud:hi,Micro_HLAsymmetry:hi,15,14,1,29.8,2304.27,34564.0,0,15
LONG,Micro_BarOverlap:lo,OR_Low_Side:==-1,14,14,0,23.64,1927.89,26990.4,0,14
LONG,Micro_FractalDim:lo,Micro_LogReturn:hi,14,14,0,17.29,308.22,4315.1,0,14
LONG,Micro_FractalDim:lo,Slope_EMA_ST:lo,15,14,1,17.47,298.92,4483.8,0,15
LONG,Micro_MicroGap:lo,VWAP_Sigma:hi,15,14,1,13.53,277.43,4161.4,0,15
LONG,Micro_RangeAccel:lo,OR_High_Side:==-1,15,14,1,21.33,1516.4,22746.0,0,15
LONG,Micro_RangeAccel:lo,VWAP_Sigma:hi,15,14,1,14.6,124.63,1869.4,0,15
LONG,RangeOsc_State:==-1,VWAP_Sigma:hi,14,14,0,26.57,474.51,6643.2,0,14
LONG,Micro_LogReturn:hi,OR_Position:lo,15,14,1,23.2,1445.71,21685.6,0,15
LONG,D2D_Signal:==0,Slope_Accel_LT:hi,15,14,1,22.07,267.6,4014.0,0,15
LONG,D2D_DirStep:==1,Upper_Wick:hi,14,14,0,31.29,3400.06,47600.8,0,14
LONG,Lower_Wick:hi,Micro_AutoCorr:hi,14,14,0,19.93,1184.31,16580.3,0,14
LONG,Micro_RangeAccel:hi,Momentum_Value:hi,14,14,0,23.43,570.99,7993.9,0,14
LONG,Lower_Wick:hi,Round_500_Dist_ATR:lo,14,14,0,12.93,310.57,4348.0,0,14
LONG,OBV_Macd:lo,Round_500_Dist_ATR:lo,14,14,0,14.86,403.67,5651.4,0,14
LONG,D2D_ATR_MA:hi,Micro_RangeAccel:lo,14,14,0,24.79,1736.15,24306.1,0,14
LONG,D2D_ATR_MA:hi,Slope_Accel_LT:hi,14,14,0,16.14,245.46,3436.5,0,14
LONG,D2D_Signal:==0,Micro_OrderFlowDelta:hi,14,14,0,26.79,1257.07,17599.0,0,14
LONG,Micro_Amihud:hi,Micro_RangeVelocity:lo,14,14,0,21.86,1702.05,23828.7,0,14
LONG,Micro_FailedBreak:hi,OBVf_Signal:==1,14,14,0,19.07,360.59,5048.3,0,14
LONG,Micro_RangeVelocity:lo,OBVf_Signal:==1,15,14,1,20.0,278.23,4173.5,0,15
LONG,Micro_VPIN:lo,Sqz_State:==1,14,14,0,18.43,455.96,6383.5,0,14
LONG,Micro_VolOfVol:hi,VWAP_Sigma:hi,14,14,0,19.43,489.84,6857.7,0,14
LONG,Micro_WickImbalance:lo,Slope_Accel_LT:hi,15,14,1,10.47,168.25,2523.7,0,15
LONG,OBVf_Signal:==1,Sqz_State:==1,14,14,0,22.43,412.74,5778.4,0,14
LONG,Sqz_State:==1,VWAP_Sigma:hi,15,14,1,19.67,1380.45,20706.8,0,15
LONG,AT_Regime_ST:==1,OBV_Velocity:hi,15,14,1,10.93,408.22,6123.3,0,15
LONG,Micro_OrderFlowDelta:hi,Micro_RangeVelocity:hi,14,14,0,23.79,1774.98,24849.7,0,14
LONG,Micro_RangeVelocity:hi,Sqz_State:==1,14,14,0,25.79,1540.71,21569.9,0,14
LONG,RangeOsc_State:==-2,Upper_Wick:hi,14,14,0,18.29,3920.53,54887.4,0,14
LONG,RangeOsc_State:==-2,Volume:hi,14,14,0,19.07,2783.06,38962.9,0,14
LONG,D2D_ATR_MA:hi,Micro_LogReturn:hi,14,14,0,20.86,1885.87,26402.2,0,14
LONG,AT_Regime_ST:==1,Slope_Accel_LT:lo,14,14,0,22.64,1864.09,26097.2,0,14
LONG,Momentum_Value:hi,Slope_Accel_LT:lo,14,14,0,22.14,1931.25,27037.5,0,14
LONG,OBV_Macd:lo,Slope_Accel_LT:lo,14,14,0,23.0,1879.5,26313.0,0,14
LONG,Slope_Accel_LT:lo,Slope_EMA_ST:lo,14,14,0,23.36,1889.59,26454.2,0,14
LONG,Session_High_Dist_ATR:lo,Session_Low_Dist_ATR:lo,14,14,0,12.0,2622.49,36714.8,0,14
LONG,KAMA_Dist:hi,Micro_VolOfVol:hi,14,14,0,19.93,831.8,11645.2,0,14
LONG,KAMA_Dist:hi,VWAP_Sigma:hi,14,14,0,21.07,1917.47,26844.6,0,14
LONG,AT_Regime_ST:==1,TChan_A15:hi,14,14,0,22.43,1869.5,26173.0,0,14
LONG,AT_Slope_LT:lo,TChan_A15:hi,14,14,0,21.29,1914.44,26802.2,0,14
LONG,MultiDay_Position:lo,VWAP_Sigma:hi,15,14,1,20.07,1739.71,26095.6,0,15
LONG,Micro_Rejection:lo,WeeklyOpen_Side:==-1,15,14,1,10.73,1316.83,19752.5,0,15
LONG,Volume:hi,WeeklyOpen_Side:==-1,14,14,0,17.36,2865.42,40115.9,0,14
LONG,EMA_Oscillator:hi,Volume_Avg_10:hi,15,14,1,19.87,1687.15,25307.3,0,15
LONG,Micro_WickImbalance:lo,MultiDay_Position:lo,14,14,0,25.29,2070.75,28990.5,0,14
LONG,AT_Regime_ST:==1,MultiDay_Slope:lo,14,14,0,15.86,368.06,5152.8,0,14
LONG,OR_Low_Side:==-1,PrevDay_High_Dist_ATR:hi,14,14,0,12.71,190.53,2667.4,0,14
LONG,VWAP_Sigma:hi,WeeklyOpen_Side:==-1,15,14,1,11.33,1446.25,21693.8,0,15
LONG,Lower_Wick:hi,PrevDay_Low_Side:==-1,16,14,2,15.75,966.25,15460.0,0,16
LONG,OBV_Macd:lo,RangeOsc_State:==2,16,14,2,7.38,873.21,13971.3,0,16
LONG,Micro_LogReturn:hi,Micro_OrderFlowDelta:hi,14,14,0,23.07,3421.06,47894.8,0,14
LONG,Micro_Rejection:lo,VWAP_Side:==-1,15,14,1,14.73,1343.76,20156.4,0,15
LONG,Micro_WickImbalance:lo,Session_High_Dist_ATR:lo,14,14,0,12.5,1699.25,23789.5,0,14
LONG,Micro_Rejection:lo,PrevDay_Close_Side:==-1,15,14,1,7.53,1458.51,21877.7,0,15
LONG,OR_Position:hi,PrevDay_Low_Side:==-1,16,14,2,6.06,413.57,6617.1,11,5
LONG,D2D_Signal:==1,Micro_Hurst:hi,14,14,0,12.79,2788.49,39038.8,0,14
LONG,Micro_FailedBreak:hi,TChan_A15:hi,14,14,0,19.07,1852.39,25933.5,0,14
LONG,D2D_DirStep:==1,Micro_WickImbalance:lo,15,14,1,25.4,3205.73,48085.9,0,15
LONG,D2D_Signal:==1,Round_500_Dist_ATR:lo,14,14,0,10.36,681.51,9541.1,0,14
LONG,Micro_Hurst:hi,Micro_VolOfVol:hi,14,14,0,19.71,1844.81,25827.3,0,14
LONG,Slope_EMA_ST:lo,VWAP_Sigma_ATR:lo,15,14,1,22.27,1867.4,28011.0,0,15
LONG,Micro_OrderFlowDelta:lo,Micro_WickImbalance:lo,14,14,0,9.86,986.77,13814.8,0,14
LONG,PrevDay_High_Side:==1,Slope_Accel_LT:lo,15,14,1,7.2,259.13,3887.0,15,0
LONG,AT_Regime_LT:==1,DailyOpen_Side:==1,15,14,1,11.53,242.13,3632.0,0,15
LONG,AT_Regime_ST:==1,Micro_MicroGap:hi,14,13,1,21.5,417.03,5838.4,0,14
LONG,EMA_Oscillator:lo,KAMA_Dist:lo,15,13,2,9.13,105.87,1588.1,0,15
LONG,Lower_Wick:hi,Micro_HLAsymmetry:lo,14,13,1,9.29,229.84,3217.8,0,14
LONG,Lower_Wick:hi,Micro_LogReturn:hi,13,13,0,21.69,1210.77,15740.0,0,13
LONG,Lower_Wick:hi,PrevDay_Low_Dist_ATR:lo,13,13,0,19.77,548.58,7131.5,0,13
LONG,Micro_HLAsymmetry:lo,OR_High_Side:==-1,14,13,1,9.64,233.59,3270.3,0,14
LONG,Micro_LogReturn:hi,Micro_MicroGap:hi,13,13,0,15.08,290.81,3780.5,7,6
LONG,MultiDay_Position:lo,Volume_Ratio_10:hi,14,13,1,22.86,458.88,6424.3,0,14
LONG,OR_Low_Side:==-1,VWAP_Sigma_ATR:lo,13,13,0,23.69,2168.18,28186.3,0,13
LONG,PrevDay_Low_Dist_ATR:lo,Volume_Ratio_10:hi,13,13,0,21.38,501.61,6520.9,0,13
LONG,AT_Score_LT:lo,Volume_Avg_10:hi,13,13,0,13.85,271.05,3523.6,0,13
LONG,Micro_Amihud:hi,Volume_Avg_10:hi,13,13,0,20.31,1041.08,13534.0,0,13
LONG,AT_Score_LT:lo,RangeOsc_State:==-1,13,13,0,20.23,381.12,4954.5,0,13
LONG,Bar_Range:hi,OR_Low_Side:==1,14,13,1,8.07,211.77,2964.8,0,14
LONG,RangeOsc_State:==2,Volume:hi,14,13,1,8.14,227.36,3183.1,0,14
LONG,Session_Low_Dist_ATR:lo,VWAP_Sigma:lo,13,13,0,7.85,221.66,2881.6,0,13
LONG,DailyOpen_Side:==-1,Volume_Avg_10:hi,13,13,0,12.69,497.12,6462.6,0,13
LONG,Micro_IBSP:lo,VWAP_Sigma:lo,13,13,0,6.15,280.85,3651.1,13,0
LONG,Micro_IBSP:lo,Volume:hi,13,13,0,6.15,280.85,3651.1,13,0
LONG,Micro_RangeVelocity:lo,Micro_Rejection:lo,17,13,4,10.06,133.95,2277.1,0,17
LONG,Micro_RollProxy:hi,RangeOsc_State:==2,14,13,1,7.21,1158.84,16223.7,12,2
LONG,RangeOsc_State:==2,Slope_EMA_ST:lo,15,13,2,8.6,257.75,3866.3,0,15
LONG,AT_Slope_ST:lo,EMA_Oscillator:lo,14,13,1,7.5,97.45,1364.3,0,14
LONG,PrevDay_High_Side:==-1,Session_Low_Dist_ATR:lo,13,13,0,18.08,1941.46,25239.0,0,13
LONG,RangeOsc_State:==-1,Round_1000_Dist_ATR:lo,14,13,1,21.71,610.41,8545.7,0,14
LONG,Bar_Range:hi,Micro_MomoTransfer:hi,13,13,0,9.85,299.56,3894.3,11,2
LONG,Micro_VPIN:lo,Volume_Avg_10:hi,13,13,0,16.15,275.35,3579.6,0,13
LONG,AT_Lookback_ST:hi,PrevDay_Low_Dist_ATR:lo,13,13,0,27.92,594.78,7732.2,0,13
LONG,AT_Slope_LT:lo,VA_Position:hi,13,13,0,20.23,731.61,9510.9,0,13
LONG,AT_Slope_ST:lo,Micro_CSSpread:hi,13,13,0,24.08,777.55,10108.1,0,13
LONG,AT_Slope_ST:lo,PoC_Side:==1,13,13,0,25.0,2964.97,38544.6,0,13
LONG,AT_Slope_ST:lo,VA_Position:hi,13,13,0,20.38,732.59,9523.7,0,13
LONG,Bar_Range:hi,KAMA_Dist:hi,13,13,0,25.23,2474.02,32162.3,0,13
LONG,Bars_Since_Flip:hi,PoC_Side:==1,13,13,0,19.08,1785.18,23207.4,0,13
LONG,Body_Size:hi,PrevDay_Low_Dist_ATR:lo,13,13,0,27.77,606.08,7879.1,0,13
LONG,D2D_ATR:hi,Micro_MicroGap:lo,13,13,0,25.69,709.19,9219.5,0,13
LONG,D2D_ATR:hi,VA_Position:hi,13,13,0,18.85,603.82,7849.7,0,13
LONG,Micro_CSSpread:hi,Slope_EMA_ST:lo,13,13,0,23.77,827.42,10756.5,0,13
LONG,Micro_MicroGap:lo,Slope_EMA_ST:lo,14,13,1,23.86,593.22,8305.1,0,14
LONG,Micro_PriceAccel:lo,OR_Position:lo,13,13,0,21.0,382.94,4978.2,0,13
LONG,Micro_PriceAccel:lo,PrevDay_Low_Dist_ATR:lo,13,13,0,17.15,392.23,5099.0,0,13
LONG,Micro_RollProxy:hi,PoC_Side:==1,13,13,0,21.31,2791.03,36283.4,0,13
LONG,KAMA_Dist:hi,Micro_Hurst:hi,13,13,0,18.38,2321.35,30177.5,0,13
LONG,OBV_Macd:lo,PrevDay_High_Dist_ATR:lo,14,13,1,11.57,2442.36,34193.0,0,14
LONG,Bar_Range:hi,Sqz_State:==1,13,13,0,17.38,1371.88,17834.5,0,13
LONG,Micro_Rejection:lo,RangeOsc_State:==-2,13,13,0,9.62,1421.46,18479.0,0,13
LONG,Micro_FractalDim:hi,OBV_Velocity:hi,14,13,1,8.21,93.95,1315.3,14,0
LONG,Micro_FractalDim:hi,OR_Low_Side:==-1,14,13,1,8.21,93.95,1315.3,14,0
LONG,Micro_RangeVelocity:lo,PrevDay_High_Side:==-1,14,13,1,22.43,1576.77,22074.8,0,14
LONG,Bar_Range:hi,Micro_RangeAccel:hi,13,13,0,15.0,303.41,3944.3,0,13
LONG,AT_Slope_LT:lo,Micro_MicroGap:hi,14,13,1,19.71,334.32,4680.5,0,14
LONG,Micro_OrderFlowDelta:hi,PoC_Side:==1,13,13,0,18.08,4020.75,52269.8,0,13
LONG,Bar_Range:hi,Session_High_Dist_ATR:lo,13,13,0,12.92,1755.89,22826.6,0,13
LONG,Micro_RangeVelocity:hi,Session_High_Dist_ATR:lo,13,13,0,10.69,651.88,8474.4,0,13
LONG,OBV_Macd:lo,Session_High_Dist_ATR:lo,13,13,0,14.08,2926.72,38047.4,0,13
LONG,AT_Lookback_ST:hi,AT_Score_LT:lo,13,13,0,24.46,473.86,6160.2,0,13
LONG,AT_Regime_LT:==1,PrevDay_High_Side:==-1,14,13,1,24.57,1646.97,23057.6,0,14
LONG,AT_Score_LT:lo,Micro_RollProxy:hi,13,13,0,19.0,385.95,5017.4,0,13
LONG,Bar_Range:hi,RangeOsc_Val:lo,13,13,0,27.15,604.05,7852.7,0,13
LONG,Body_Size:hi,Micro_BarOverlap:lo,13,13,0,24.92,2002.54,26033.0,0,13
LONG,D2D_ATR:hi,OR_High_Side:==-1,13,13,0,26.85,778.61,10121.9,0,13
LONG,D2D_ATR:hi,Round_1000_Dist_ATR:lo,15,13,2,25.6,1990.57,29858.6,0,15
LONG,D2D_DirStep:==1,Micro_BarOverlap:lo,13,13,0,22.23,2051.91,26674.8,0,13
LONG,D2D_DirStep:==1,Round_1000_Dist_ATR:lo,13,13,0,25.08,3548.91,46135.8,0,13
LONG,Micro_Amihud:hi,VWAP_Sigma:hi,13,13,0,23.31,992.01,12896.1,0,13
LONG,Micro_AutoCorr:hi,Micro_BarOverlap:lo,13,13,0,22.23,2051.91,26674.8,0,13
LONG,Micro_BarOverlap:lo,Micro_LogReturn:hi,13,13,0,22.23,2051.91,26674.8,0,13
LONG,Micro_RangeAccel:lo,PrevDay_High_Side:==-1,13,13,0,26.0,1801.62,23421.1,0,13
LONG,Micro_AutoCorr:hi,OR_Position:lo,14,13,1,23.79,1428.54,19999.6,0,14
LONG,OR_Position:lo,Volume_Ratio_10:hi,13,13,0,27.0,1727.23,22454.0,0,13
LONG,AT_Score_LT:lo,D2D_Signal:==0,13,13,0,22.85,456.54,5935.0,0,13
LONG,Round_1000_Dist_ATR:lo,Slope_Accel_LT:hi,13,13,0,11.0,261.74,3402.6,0,13
LONG,Slope_Accel_LT:hi,Volume_Ratio_10:hi,14,13,1,10.43,348.45,4878.3,0,14
LONG,AT_Score_LT:lo,Lower_Wick:hi,13,13,0,18.08,275.59,3582.7,0,13
LONG,D2D_ATR:hi,Micro_RangeAccel:hi,13,13,0,22.69,497.14,6462.8,0,13
LONG,Lower_Wick:hi,Micro_RangeVelocity:hi,14,13,1,21.29,406.03,5684.4,2,12
LONG,Micro_RangeAccel:hi,Upper_Wick:hi,13,13,0,22.46,679.96,8839.5,0,13
LONG,Micro_RangeAccel:hi,VWAP_Side:==-1,13,13,0,20.62,463.95,6031.4,0,13
LONG,Momentum_Value:hi,Round_500_Dist_ATR:lo,13,13,0,17.85,641.66,8341.6,0,13
LONG,OR_Position:lo,Slope_Accel_LT:hi,13,13,0,19.08,208.17,2706.2,0,13
LONG,Micro_Amihud:hi,Sqz_State:==1,13,13,0,21.46,517.23,6724.0,0,13
LONG,OBVf_Signal:==1,VWAP_Side:==-1,13,13,0,22.54,396.29,5151.8,0,13
LONG,OR_Position:lo,Sqz_State:==1,14,13,1,25.07,397.85,5569.9,0,14
LONG,AT_Slope_ST:lo,RangeOsc_State:==-2,13,13,0,25.31,2729.46,35483.0,0,13
LONG,Bars_Since_Flip:hi,RangeOsc_State:==-2,14,13,1,19.79,1336.49,18710.8,0,14
LONG,Body_Size:hi,RangeOsc_State:==-2,13,13,0,21.85,2865.44,37250.7,0,13
LONG,Micro_WickImbalance:lo,RangeOsc_State:==-2,13,13,0,17.38,2635.54,34262.0,0,13
LONG,OBV_Velocity:hi,Upper_Wick:hi,13,13,0,7.69,641.3,8336.9,0,13
LONG,OBV_Velocity:hi,Volume:hi,13,13,0,12.46,830.88,10801.5,0,13
LONG,Round_500_Dist_ATR:lo,Sqz_State:==1,15,13,2,10.07,409.69,6145.3,0,15
LONG,OR_Low_Side:==-1,Sqz_Val:hi,14,13,1,13.43,1217.04,17038.5,0,14
LONG,Micro_HLAsymmetry:hi,TChan_A15:hi,13,13,0,20.15,1951.62,25371.0,0,13
LONG,Slope_Accel_LT:lo,TChan_A15:hi,13,13,0,15.92,1899.22,24689.9,0,13
LONG,D2D_ATR_MA:hi,Micro_AutoCorr:hi,13,13,0,21.92,1944.37,25276.8,0,13
LONG,Micro_Rejection:lo,Session_High_Dist_ATR:lo,13,13,0,8.23,1682.19,21868.5,0,13
LONG,Micro_VolOfVol:hi,Round_100_Dist_ATR:lo,13,13,0,18.62,571.82,7433.6,0,13
LONG,AT_Slope_ST:lo,DailyOpen_Side:==1,13,13,0,17.08,492.03,6396.4,0,13
LONG,Micro_FailedBreak:hi,Slope_Accel_LT:lo,13,13,0,20.85,1965.48,25551.3,0,13
LONG,OBV_Macd:lo,OBV_Velocity:hi,13,13,0,9.08,399.78,5197.2,0,13
LONG,OBVf_Signal:==1,RangeOsc_Val:lo,14,13,1,19.71,314.19,4398.6,0,14
LONG,D2D_Signal:==0,RangeOsc_Val:lo,14,13,1,20.43,286.62,4012.7,0,14
LONG,OR_Position:lo,Session_Low_Dist_ATR:lo,14,13,1,24.07,1412.64,19776.9,0,14
LONG,Micro_Rejection:lo,OR_Position:lo,15,13,2,18.47,256.18,3842.7,0,15
LONG,OBVf_Signal:==-1,Session_High_Dist_ATR:lo,13,13,0,11.62,1537.94,19993.2,13,0
LONG,OBVf_Signal:==-1,Slope_Accel_LT:lo,13,13,0,11.62,1537.94,19993.2,13,0
LONG,OBVf_Signal:==-1,Volume:hi,13,13,0,11.62,1537.94,19993.2,0,13
LONG,Micro_Hurst:hi,TChan_A15:hi,13,13,0,15.31,1842.65,23954.5,0,13
LONG,KAMA_Dist:hi,Micro_LogReturn:hi,13,13,0,22.62,2704.42,35157.4,0,13
LONG,KAMA_Dist:hi,Slope_Accel_LT:hi,13,13,0,12.38,619.65,8055.4,0,13
LONG,Micro_RangeAccel:hi,Volume_Avg_10:hi,13,13,0,16.85,342.62,4454.1,0,13
LONG,Session_Low_Dist_ATR:lo,VWAP_Sigma:hi,13,13,0,14.77,380.26,4943.4,0,13
LONG,KAMA_Dist:hi,Volume_Ratio_10:hi,13,13,0,18.69,2286.89,29729.6,0,13
LONG,ADX_Rising:==1,VWAP_Side:==-1,13,13,0,6.62,1508.09,19605.2,0,13
LONG,Bar_Range:hi,D2D_ATR_MA:hi,13,13,0,23.31,2065.74,26854.6,0,13
LONG,Micro_VolOfVol:hi,TChan_A15:hi,13,13,0,20.15,2039.34,26511.4,0,13
LONG,Momentum_Value:hi,TChan_A15:hi,13,13,0,20.0,2002.81,26036.5,0,13
LONG,D2D_Signal:==0,Volume_Avg_10:hi,13,13,0,24.85,988.32,12848.2,0,13
LONG,Sqz_Val:hi,WeeklyOpen_Side:==-1,14,13,1,13.5,1462.96,20481.4,0,14
LONG,EMA_Oscillator:hi,MultiDay_Position:lo,14,13,1,20.64,1801.04,25214.6,0,14
LONG,AT_Slope_ST:lo,MultiDay_Slope:lo,13,13,0,16.08,381.88,4964.4,0,13
LONG,MultiDay_Slope:lo,Slope_EMA_ST:lo,13,13,0,16.15,368.0,4784.0,0,13
LONG,AT_Lookback_ST:hi,Micro_Rejection:lo,13,13,0,20.85,401.08,5214.0,0,13
LONG,Micro_GarmanKlass:hi,Micro_VolOfVol:hi,13,13,0,11.77,270.12,3511.5,12,1
LONG,AT_Slope_ST:lo,WeeklyOpen_Side:==-1,14,13,1,21.36,2445.89,34242.5,0,14
LONG,Upper_Wick:hi,WeeklyOpen_Side:==-1,15,13,2,15.27,3578.19,53672.9,0,15
LONG,MultiDay_Position:lo,VWAP_Side:==-1,13,13,0,28.46,2163.14,28120.8,0,13
LONG,KAMA_Dist:hi,MultiDay_Position:lo,13,13,0,23.38,2063.57,26826.4,0,13
LONG,PrevDay_Low_Side:==-1,RangeOsc_State:==2,14,13,1,8.07,406.01,5684.1,0,14
LONG,KAMA_Dist:hi,Micro_Amihud:hi,13,13,0,20.92,1324.75,17221.8,0,13
LONG,KAMA_Dist:hi,Micro_AutoCorr:hi,13,13,0,25.23,2538.45,32999.8,0,13
LONG,Momentum_Value:hi,VWAP_Sigma_ATR:lo,13,13,0,23.85,2214.0,28782.0,0,13
LONG,D2D_ATR_MA:hi,KAMA_Dist:hi,13,13,0,20.54,872.66,11344.6,0,13
LONG,KAMA_Dist:hi,Volume:hi,13,13,0,20.0,2007.23,26094.0,0,13
LONG,Bar_Range:hi,PrevDay_High_Dist_ATR:hi,14,13,1,6.71,82.28,1151.9,12,2
LONG,Micro_Rejection:lo,Volume_Ratio_10:hi,14,13,1,14.36,1550.57,21708.0,0,14
LONG,D2D_Signal:==1,PrevDay_Close_Side:==-1,13,13,0,10.69,2615.78,34005.1,0,13
LONG,Session_High_Dist_ATR:lo,Sqz_State:==1,15,13,2,7.2,1380.76,20711.4,0,15
LONG,D2D_Signal:==1,RangeOsc_State:==-2,14,13,1,14.71,3860.66,54049.3,0,14
LONG,DailyOpen_Dist_ATR:lo,PoC_Side:==1,13,13,0,9.15,1822.3,23689.9,0,13
LONG,Micro_AutoCorr:hi,Micro_OrderFlowDelta:hi,13,13,0,24.15,3687.85,47942.0,0,13
LONG,Micro_OrderFlowDelta:hi,Round_1000_Dist_ATR:lo,13,13,0,20.08,3588.44,46649.7,0,13
LONG,AT_Score_LT:lo,WeeklyOpen_Side:==-1,13,13,0,9.15,599.45,7792.9,0,13
LONG,Micro_CSSpread:hi,Micro_Rejection:lo,14,13,1,9.14,149.04,2086.6,0,14
LONG,PrevDay_High_Side:==1,Volume:hi,14,13,1,8.07,298.34,4176.8,0,14
LONG,ADX_Value:hi,Micro_OrderFlowDelta:lo,13,13,0,7.23,1026.08,13339.1,12,1
LONG,OR_Low_Side:==1,RangeOsc_Val:hi,13,13,0,6.85,431.85,5614.1,0,13
LONG,DailyOpen_Dist_ATR:lo,Micro_VolOfVol:hi,12,12,0,14.75,1734.52,20814.2,0,12
LONG,KAMA_Dist:lo,Micro_VolOfVol:hi,12,12,0,11.83,310.85,3730.2,0,12
LONG,Lower_Wick:hi,Volume_Ratio_10:hi,12,12,0,22.0,734.22,8810.6,0,12
LONG,Micro_Amihud:hi,Micro_LogReturn:hi,12,12,0,27.92,2691.18,32294.1,0,12
LONG,Micro_Amihud:hi,PrevDay_High_Side:==-1,12,12,0,28.25,2588.97,31067.7,0,12
LONG,Micro_HLAsymmetry:lo,PrevDay_High_Side:==-1,13,12,1,9.92,272.41,3541.3,0,13
LONG,Micro_VolOfVol:hi,PrevDay_High_Side:==-1,12,12,0,25.08,2073.87,24886.4,0,12
LONG,Micro_WickImbalance:hi,Upper_Wick:hi,12,12,0,10.58,583.77,7005.3,0,12
LONG,MultiDay_Position:lo,OR_High_Side:==-1,12,12,0,20.67,572.06,6864.7,0,12
LONG,OBV_Macd:lo,VWAP_Sigma_ATR:lo,13,12,1,23.0,1668.51,21690.6,0,13
LONG,OR_High_Side:==-1,PrevDay_Low_Dist_ATR:lo,12,12,0,18.58,595.07,7140.9,0,12
LONG,OR_Low_Side:==-1,VWAP_Dist_ATR:lo,12,12,0,13.17,1615.13,19381.6,0,12
LONG,Upper_Wick:hi,VWAP_Sigma_ATR:lo,12,12,0,23.17,2302.88,27634.6,0,12
LONG,Micro_LogReturn:hi,Session_Low_Dist_ATR:lo,12,12,0,22.17,2370.26,28443.1,0,12
LONG,Micro_TickIntensity:hi,Micro_VolOfVol:hi,12,12,0,7.67,256.71,3080.5,10,2
LONG,Micro_Amihud:hi,Session_Low_Dist_ATR:lo,12,12,0,24.58,2230.02,26760.2,0,12
LONG,Micro_MicroGap:lo,RangeOsc_State:==-1,12,12,0,25.25,797.63,9571.6,0,12
LONG,Bar_Range:hi,Micro_OrderFlowDelta:lo,13,12,1,10.23,244.21,3174.7,0,13
LONG,Micro_Lambda:lo,Volume:hi,14,12,2,11.36,233.29,3266.1,0,14
LONG,AT_Slope_ST:lo,Micro_VolOfVol:lo,12,12,0,10.25,151.44,1817.3,0,12
LONG,Micro_OrderFlowDelta:lo,Round_100_Dist_ATR:lo,12,12,0,13.0,283.11,3397.3,0,12
LONG,AT_Slope_ST:lo,Micro_WickImbalance:hi,12,12,0,12.92,199.86,2398.3,0,12
LONG,KAMA_Dist:lo,Slope_EMA_ST:lo,15,12,3,10.07,53.54,803.1,0,15
LONG,PrevDay_High_Side:==-1,Volume_Avg_10:hi,12,12,0,19.92,2124.47,25493.7,0,12
LONG,Micro_TickIntensity:hi,Slope_EMA_ST:lo,13,12,1,15.62,200.95,2612.4,0,13
LONG,AT_Regime_LT:==1,Micro_OrderFlowDelta:lo,13,12,1,11.23,946.9,12309.7,0,13
LONG,AT_Lookback_ST:hi,D2D_Signal:==1,12,12,0,20.5,1744.21,20930.5,0,12
LONG,AT_Regime_LT:==1,Micro_MicroGap:lo,12,12,0,18.33,717.85,8614.2,0,12
LONG,AT_Regime_LT:==1,PrevDay_Low_Dist_ATR:lo,12,12,0,23.92,398.81,4785.7,0,12
LONG,AT_Slope_ST:lo,Micro_PriceAccel:lo,13,12,1,23.08,872.18,11338.4,0,13
LONG,D2D_ATR:hi,Micro_PriceAccel:lo,13,12,1,23.08,872.18,11338.4,0,13
LONG,D2D_Signal:==1,KAMA_Dist:hi,12,12,0,17.5,3034.22,36410.6,0,12
LONG,EMA_Oscillator:hi,Micro_RollProxy:hi,12,12,0,25.0,2475.29,29703.5,0,12
LONG,Micro_CSSpread:hi,OBV_Macd:lo,13,12,1,19.46,712.25,9259.3,0,13
LONG,Micro_CSSpread:hi,OR_Low_Side:==-1,12,12,0,17.33,422.51,5070.1,0,12
LONG,Micro_PriceAccel:lo,Slope_EMA_ST:lo,12,12,0,24.42,980.04,11760.5,0,12
LONG,Micro_TickIntensity:hi,Momentum_Value:hi,13,12,1,15.0,216.38,2812.9,0,13
LONG,Momentum_Value:hi,VA_Position:hi,12,12,0,18.67,832.78,9993.4,0,12
LONG,OR_Low_Side:==-1,VA_Position:hi,12,12,0,9.42,295.53,3546.3,0,12
LONG,PrevDay_Low_Dist_ATR:lo,PrevDay_Low_Side:==-1,12,12,0,21.17,562.39,6748.7,0,12
LONG,D2D_Signal:==0,KAMA_Dist:hi,12,12,0,26.83,1434.11,17209.3,0,12
LONG,EMA_Oscillator:hi,Micro_FailedBreak:hi,13,12,1,22.46,1729.44,22482.7,0,13
LONG,Micro_MicroGap:lo,VWAP_Side:==-1,12,12,0,22.92,775.56,9306.7,0,12
LONG,PrevDay_High_Side:==-1,PrevDay_Low_Side:==-1,12,12,0,21.5,2568.23,30818.8,0,12
LONG,Lower_Wick:lo,Micro_FailedBreak:hi,13,12,1,10.77,264.92,3443.9,0,13
LONG,PrevDay_High_Dist_ATR:lo,Slope_Accel_LT:hi,13,12,1,5.85,188.18,2446.3,0,13
LONG,Slope_Accel_LT:hi,Sqz_Val:hi,12,12,0,10.92,268.96,3227.5,0,12
LONG,Micro_AutoCorr:hi,Micro_RangeAccel:hi,12,12,0,14.75,258.14,3097.7,0,12
LONG,Micro_LogReturn:hi,Micro_RangeAccel:hi,12,12,0,15.0,263.88,3166.6,0,12
LONG,Micro_RangeVelocity:hi,RangeOsc_State:==2,12,12,0,8.25,418.12,5017.4,0,12
LONG,Micro_Hurst:hi,Micro_RangeAccel:hi,12,12,0,11.67,312.48,3749.8,0,12
LONG,AT_Slope_ST:lo,Micro_MicroGap:hi,13,12,1,22.38,426.38,5542.9,0,13
LONG,Micro_MicroGap:hi,Momentum_Value:hi,13,12,1,21.92,445.12,5786.6,0,13
LONG,PoC_Side:==1,VWAP_Side:==-1,12,12,0,20.5,3439.3,41271.6,0,12
LONG,Micro_Lambda:lo,Micro_TickIntensity:hi,13,12,1,7.54,229.37,2981.8,0,13
LONG,Micro_MomoTransfer:hi,OBV_Macd:lo,12,12,0,8.5,1124.55,13494.6,0,12
LONG,AT_Regime_LT:==1,D2D_DirStep:==1,14,12,2,24.79,1737.52,24325.3,0,14
LONG,AT_Score_LT:lo,Micro_Hurst:hi,13,12,1,14.85,511.74,6652.6,0,13
LONG,Bar_Range:hi,Micro_BarOverlap:lo,12,12,0,24.17,2242.39,26908.7,0,12
LONG,Micro_Amihud:hi,Micro_AutoCorr:hi,12,12,0,26.83,2662.09,31945.1,0,12
LONG,Micro_BarOverlap:lo,Micro_Hurst:hi,12,12,0,18.83,2108.02,25296.2,0,12
LONG,Micro_FractalDim:lo,Micro_RollProxy:hi,12,12,0,18.83,1206.73,14480.8,0,12
LONG,Micro_LogReturn:hi,RangeOsc_Val:lo,12,12,0,27.42,593.09,7117.1,0,12
LONG,PrevDay_High_Side:==-1,VWAP_Sigma:hi,12,12,0,25.67,2128.36,25540.3,0,12
LONG,Round_1000_Dist_ATR:lo,VWAP_Sigma:hi,12,12,0,21.67,2131.95,25583.4,0,12
LONG,D2D_Signal:==0,Micro_RangeVelocity:lo,13,12,1,25.31,605.04,7865.5,0,13
LONG,Micro_FailedBreak:hi,Micro_RangeVelocity:lo,13,12,1,18.31,1589.11,20658.4,0,13
LONG,Micro_RangeVelocity:lo,VWAP_Sigma:hi,12,12,0,16.33,198.01,2376.1,0,12
LONG,Micro_RangeVelocity:lo,Volume_Ratio_10:hi,13,12,1,22.38,2433.3,31632.9,0,13
LONG,OR_Position:lo,VWAP_Sigma:hi,12,12,0,24.67,442.33,5308.0,0,12
LONG,AT_Slope_LT:lo,Micro_RangeAccel:hi,12,12,0,24.25,475.67,5708.0,0,12
LONG,Bars_Since_Flip:hi,Micro_RangeAccel:hi,12,12,0,25.42,536.17,6434.1,0,12
LONG,Round_500_Dist_ATR:lo,Slope_Accel_LT:hi,12,12,0,9.08,243.02,2916.3,0,12
LONG,Round_500_Dist_ATR:lo,VWAP_Sigma:hi,12,12,0,9.42,435.75,5229.0,0,12
LONG,AT_Regime_LT:==1,Lower_Wick:hi,13,12,1,23.08,648.06,8424.8,0,13
LONG,AT_Slope_LT:lo,Micro_VPIN:lo,12,12,0,18.83,403.9,4846.8,0,12
LONG,D2D_ATR_MA:hi,Sqz_State:==1,12,12,0,26.5,469.81,5637.7,0,12
LONG,D2D_ATR_MA:hi,VWAP_Side:==-1,12,12,0,27.83,997.08,11964.9,0,12
LONG,Lower_Wick:hi,Micro_OrderFlowDelta:hi,12,12,0,26.83,1475.15,17701.8,0,12
LONG,Micro_Amihud:hi,Micro_OrderFlowDelta:hi,12,12,0,30.08,2695.29,32343.5,0,12
LONG,Micro_VPIN:lo,Momentum_Value:hi,12,12,0,21.67,503.08,6036.9,0,12
LONG,Micro_WickImbalance:lo,OBVf_Signal:==1,12,12,0,21.0,419.98,5039.8,0,12
LONG,D2D_ATR:hi,RangeOsc_State:==-2,12,12,0,22.08,1616.68,19400.2,0,12
LONG,Micro_Amihud:hi,Micro_RangeVelocity:hi,12,12,0,21.58,648.17,7778.0,0,12
LONG,Micro_RangeAccel:hi,Micro_WickImbalance:lo,12,12,0,19.75,506.14,6073.7,0,12
LONG,OBV_Velocity:hi,Slope_Accel_LT:hi,13,12,1,8.23,119.6,1554.8,0,13
LONG,OBVf_Signal:==1,Upper_Wick:hi,12,12,0,23.92,400.58,4807.0,0,12
LONG,RangeOsc_State:==-2,Slope_EMA_ST:lo,12,12,0,26.75,2934.11,35209.3,0,12
LONG,RangeOsc_State:==-2,VWAP_Sigma:hi,13,12,1,14.31,1671.32,21727.1,0,13
LONG,D2D_DirStep:==1,Micro_VolOfVol:hi,12,12,0,29.67,2254.19,27050.3,0,12
LONG,Micro_Rejection:lo,Micro_RollProxy:lo,13,12,1,10.0,391.4,5088.2,13,0
LONG,Micro_RollProxy:lo,Slope_EMA_ST:lo,13,12,1,10.0,391.4,5088.2,13,0
LONG,DailyOpen_Side:==1,Micro_VolOfVol:hi,12,12,0,18.42,492.1,5905.2,0,12
LONG,DailyOpen_Side:==1,OR_High_Side:==-1,12,12,0,15.58,490.32,5883.9,0,12
LONG,DailyOpen_Side:==1,Slope_EMA_ST:lo,12,12,0,18.42,537.54,6450.5,0,12
LONG,Micro_TickIntensity:lo,OR_High_Side:==-1,12,12,0,17.75,2157.22,25886.6,12,0
LONG,Micro_TickIntensity:lo,Slope_Accel_LT:lo,12,12,0,17.75,2157.22,25886.6,12,0
LONG,AT_Regime_ST:==1,Micro_Lambda:lo,15,12,3,10.87,227.89,3418.4,0,15
LONG,OBVf_Signal:==1,Session_Low_Dist_ATR:lo,12,12,0,20.42,376.76,4521.1,0,12
LONG,Micro_LogReturn:lo,OBV_Macd:lo,13,12,1,6.77,142.97,1858.6,10,3
LONG,Micro_LogReturn:hi,PoC_Side:==1,12,12,0,21.08,2985.54,35826.5,0,12
LONG,KAMA_Dist:hi,Micro_Rejection:lo,13,12,1,15.85,1593.35,20713.5,0,13
LONG,Session_Low_Dist_ATR:lo,Slope_Accel_LT:hi,12,12,0,11.42,595.01,7140.1,0,12
LONG,OR_High_Side:==-1,Sqz_State:==1,12,12,0,12.58,363.77,4365.3,0,12
LONG,Micro_Rejection:lo,Micro_VPIN:lo,12,12,0,11.92,247.85,2974.2,0,12
LONG,PoC_Side:==1,Slope_Accel_LT:lo,12,12,0,15.42,1803.58,21643.0,0,12
LONG,Micro_FailedBreak:hi,WeeklyOpen_Side:==-1,12,12,0,18.08,2881.16,34573.9,0,12
LONG,Bars_Since_Flip:hi,TChan_A15:hi,12,12,0,17.58,690.8,8289.6,0,12
LONG,Micro_VPIN:lo,Session_Low_Dist_ATR:lo,12,12,0,15.17,1483.19,17798.3,0,12
LONG,Slope_EMA_ST:lo,TChan_A15:hi,12,12,0,24.83,2199.25,26391.0,0,12
LONG,Micro_AutoCorr:hi,WeeklyOpen_Side:==-1,12,12,0,15.5,2682.52,32190.2,0,12
LONG,Micro_HLAsymmetry:hi,RangeOsc_State:==-2,12,12,0,22.83,2903.43,34841.1,0,12
LONG,D2D_Signal:==1,MultiDay_Position:lo,13,12,1,15.23,1424.72,18521.3,0,13
LONG,MultiDay_Position:lo,Slope_Accel_LT:hi,13,12,1,18.69,280.96,3652.5,0,13
LONG,Bars_Since_Flip:hi,MultiDay_Slope:lo,12,12,0,16.25,371.0,4452.0,0,12
LONG,D2D_ATR_MA:hi,Volume_Ratio_10:hi,12,12,0,26.75,2182.61,26191.3,0,12
LONG,MultiDay_Slope:lo,Volume:hi,12,12,0,16.17,465.97,5591.6,0,12
LONG,Volume_Avg_10:hi,Volume_Ratio_10:hi,13,12,1,14.23,314.45,4087.9,0,13
LONG,Micro_GarmanKlass:hi,PrevDay_Close_Dist_ATR:hi,12,12,0,12.25,235.97,2831.7,12,0
LONG,Micro_Rejection:lo,RangeOsc_State:==-1,14,12,2,17.14,106.36,1489.0,0,14
LONG,Micro_VolOfVol:hi,PrevDay_Close_Dist_ATR:hi,12,12,0,12.25,235.97,2831.7,12,0
LONG,PrevDay_High_Dist_ATR:hi,Slope_Accel_LT:hi,12,12,0,13.33,311.52,3738.2,0,12
LONG,AT_Regime_ST:==1,RangeOsc_State:==2,14,12,2,8.29,71.46,1000.5,0,14
LONG,PrevDay_Low_Side:==-1,TChan_A15:hi,12,12,0,16.0,765.52,9186.2,0,12
LONG,PrevDay_Low_Side:==-1,Round_1000_Dist_ATR:lo,12,12,0,19.08,2508.48,30101.8,0,12
LONG,DailyOpen_Side:==-1,Micro_Entropy:lo,12,12,0,6.92,529.32,6351.8,12,0
LONG,DailyOpen_Side:==-1,OR_High_Side:==1,12,12,0,6.92,529.32,6351.8,12,0
LONG,Micro_Entropy:lo,OR_High_Side:==1,12,12,0,6.92,529.32,6351.8,12,0
LONG,Bars_Since_Flip:hi,PrevDay_High_Dist_ATR:lo,15,12,3,8.8,209.31,3139.7,0,15
LONG,OBV_Velocity:hi,PoC_Side:==1,12,12,0,5.75,668.31,8019.7,0,12
LONG,Micro_AutoCorr:hi,PrevDay_High_Dist_ATR:lo,12,12,0,10.67,1459.39,17512.7,0,12
LONG,D2D_Persist:hi,Micro_OrderFlowDelta:hi,14,12,2,5.43,113.55,1589.7,0,14
LONG,D2D_Persist:hi,Session_High_Dist_ATR:lo,14,12,2,5.43,113.55,1589.7,0,14
LONG,Micro_Rejection:lo,Round_500_Dist_ATR:lo,12,12,0,10.08,264.02,3168.3,0,12
LONG,VA_Position:hi,Volume:hi,12,12,0,15.08,810.13,9721.6,0,12
LONG,AT_Slope_LT:lo,VWAP_Sigma_ATR:lo,12,12,0,25.58,2391.15,28693.8,0,12
LONG,Round_100_Dist_ATR:lo,Slope_Accel_LT:lo,12,12,0,8.58,353.23,4238.8,11,1
LONG,MultiDay_Position:hi,OR_Low_Side:==-1,13,12,1,5.69,181.29,2356.8,0,13
LONG,OR_High_Side:==-1,OR_Low_Side:==1,13,12,1,7.85,277.05,3601.6,0,13
LONG,DailyOpen_Dist_ATR:lo,Micro_HLAsymmetry:lo,11,11,0,9.55,345.89,3804.8,0,11
LONG,EMA_Oscillator:lo,Volume:hi,13,11,2,9.85,109.29,1420.8,0,13
LONG,Micro_Amihud:hi,VWAP_Sigma_ATR:lo,11,11,0,22.82,1237.43,13611.7,0,11
LONG,Micro_Entropy:lo,Volume:hi,12,11,1,9.75,340.63,4087.6,0,12
LONG,Micro_HLAsymmetry:lo,OR_Low_Side:==-1,11,11,0,8.64,299.65,3296.2,8,3
LONG,Micro_HLAsymmetry:lo,VWAP_Dist_ATR:lo,11,11,0,10.45,347.31,3820.4,0,11
LONG,Micro_LogReturn:hi,MultiDay_Position:lo,11,11,0,27.0,2405.68,26462.5,0,11
LONG,Micro_MicroGap:hi,Volume:hi,11,11,0,18.0,464.05,5104.5,0,11
LONG,Micro_VolOfVol:hi,Micro_WickImbalance:hi,11,11,0,13.0,330.0,3630.0,0,11
LONG,Momentum_Value:lo,Volume:hi,11,11,0,7.64,262.37,2886.1,10,1
LONG,MultiDay_Position:lo,PrevDay_High_Side:==-1,11,11,0,26.55,2506.35,27569.9,0,11
LONG,VWAP_Sigma_ATR:lo,Volume:hi,11,11,0,23.36,807.02,8877.2,0,11
LONG,Lower_Wick:lo,OR_Low_Side:==-1,12,11,1,11.5,175.59,2107.1,0,12
LONG,AT_Regime_ST:==1,Micro_VolOfVol:lo,11,11,0,10.82,398.59,4384.5,0,11
LONG,Micro_PriceAccel:lo,MultiDay_Position:lo,11,11,0,22.91,1054.15,11595.6,0,11
LONG,KAMA_Dist:lo,Volume_Avg_10:hi,11,11,0,11.09,202.68,2229.5,0,11
LONG,Micro_PriceAccel:lo,Momentum_Value:hi,12,11,1,22.08,893.47,10721.6,0,12
LONG,Micro_Lambda:lo,Session_Low_Dist_ATR:lo,12,11,1,8.42,262.61,3151.3,0,12
LONG,Micro_IBSP:lo,Micro_OrderFlowDelta:lo,11,11,0,6.55,304.34,3347.7,0,11
LONG,Micro_IBSP:lo,Volume_Avg_10:hi,11,11,0,6.55,304.34,3347.7,0,11
LONG,Micro_RollProxy:hi,Round_100_Dist_ATR:lo,12,11,1,15.75,324.47,3893.7,0,12
LONG,Micro_HLAsymmetry:lo,Slope_EMA_ST:lo,13,11,2,8.23,48.76,633.9,0,13
LONG,Micro_HLAsymmetry:lo,Volume_Avg_10:hi,11,11,0,8.82,333.69,3670.6,10,1
LONG,Slope_EMA_ST:lo,VWAP_Dist_ATR:lo,12,11,1,11.92,1489.22,17870.7,0,12
LONG,Micro_TickIntensity:hi,Volume:hi,11,11,0,9.91,225.32,2478.5,0,11
LONG,AT_Lookback_ST:hi,KAMA_Dist:hi,11,11,0,28.18,2447.41,26921.5,0,11
LONG,AT_Slope_LT:lo,Micro_CSSpread:hi,11,11,0,26.73,897.37,9871.1,0,11
LONG,Bar_Range:hi,PoC_Side:==1,11,11,0,22.82,3396.39,37360.3,0,11
LONG,D2D_ATR:hi,D2D_Signal:==1,11,11,0,21.91,1907.5,20982.5,0,11
LONG,EMA_Oscillator:hi,Upper_Wick:hi,11,11,0,22.18,2561.45,28175.9,0,11
LONG,KAMA_Dist:hi,PrevDay_Low_Dist_ATR:lo,11,11,0,21.73,502.38,5526.2,0,11
LONG,Micro_MicroGap:lo,Micro_RangeAccel:lo,12,11,1,18.33,563.68,6764.2,0,12
LONG,Micro_RollProxy:hi,PrevDay_Low_Dist_ATR:lo,11,11,0,29.64,612.75,6740.2,0,11
LONG,PrevDay_Low_Side:==-1,VA_Position:hi,13,11,2,14.0,642.66,8354.6,0,13
LONG,RangeOsc_State:==-1,VA_Position:hi,11,11,0,21.18,847.45,9321.9,0,11
LONG,D2D_Signal:==0,EMA_Oscillator:hi,11,11,0,26.73,1402.68,15429.5,0,11
LONG,D2D_Signal:==0,Micro_MicroGap:lo,11,11,0,24.82,821.13,9032.4,0,11
LONG,D2D_Signal:==0,PrevDay_Low_Dist_ATR:lo,11,11,0,27.27,623.08,6853.9,0,11
LONG,Micro_FailedBreak:hi,Micro_MicroGap:lo,12,11,1,21.0,685.06,8220.7,0,12
LONG,Micro_FailedBreak:hi,PrevDay_Low_Dist_ATR:lo,11,11,0,23.18,532.97,5862.7,0,11
LONG,Micro_HLAsymmetry:hi,PrevDay_Low_Dist_ATR:lo,11,11,0,29.36,602.39,6626.3,0,11
LONG,Micro_HLAsymmetry:hi,VA_Position:hi,11,11,0,18.91,725.44,7979.8,0,11
LONG,Micro_Hurst:hi,Micro_MicroGap:lo,12,11,1,18.58,626.48,7517.7,0,12
LONG,Lower_Wick:lo,OBV_Macd:lo,11,11,0,10.36,220.4,2424.4,0,11
LONG,Micro_FailedBreak:hi,PrevDay_High_Dist_ATR:lo,11,11,0,12.64,1747.34,19220.7,0,11
LONG,Micro_Hurst:hi,ST_Flip_Event:==1,12,11,1,5.75,367.71,4412.5,12,0
LONG,Bar_Range:hi,RangeOsc_State:==-2,11,11,0,16.27,2849.29,31342.2,0,11
LONG,Micro_TickIntensity:hi,RangeOsc_State:==-2,12,11,1,6.42,64.81,777.7,0,12
LONG,Micro_TickIntensity:hi,Sqz_State:==1,11,11,0,7.73,155.45,1709.9,0,11
LONG,Harmonic_LLEMA:hi,Slope_Accel_LT:hi,11,11,0,5.18,101.71,1118.8,0,11
LONG,PrevDay_Low_Dist_ATR:lo,Round_500_Dist_ATR:lo,11,11,0,14.91,395.67,4352.4,0,11
LONG,Round_500_Dist_ATR:lo,VWAP_Side:==1,11,11,0,7.73,269.91,2969.0,0,11
LONG,Bars_Since_Flip:hi,DailyOpen_Side:==1,11,11,0,18.82,576.75,6344.3,0,11
LONG,KAMA_Dist:lo,Micro_RangeVelocity:lo,13,11,2,9.08,30.64,398.3,0,13
LONG,Micro_RangeAccel:hi,OR_High_Side:==-1,11,11,0,10.45,554.88,6103.7,0,11
LONG,Body_Size:hi,Micro_MicroGap:hi,12,11,1,21.92,385.47,4625.7,0,12
LONG,Micro_MicroGap:hi,Micro_RangeAccel:lo,11,11,0,13.73,1141.71,12558.8,0,11
LONG,Micro_MicroGap:hi,Slope_EMA_ST:lo,12,11,1,23.58,437.51,5250.1,0,12
LONG,Micro_OrderFlowDelta:hi,RangeOsc_State:==-1,11,11,0,28.91,1008.09,11089.0,0,11
LONG,PoC_Side:==1,Sqz_State:==1,11,11,0,17.73,3516.61,38682.7,0,11
LONG,RangeOsc_Val:lo,Sqz_State:==1,11,11,0,20.27,442.04,4862.4,0,11
LONG,Micro_RollProxy:hi,WeeklyOpen_Side:==-1,12,11,1,19.0,2690.24,32282.9,0,12
LONG,Bar_Range:hi,Micro_MicroGap:hi,11,11,0,17.0,251.18,2763.0,0,11
LONG,AT_Regime_LT:==1,Session_High_Dist_ATR:lo,11,11,0,12.55,1885.91,20745.0,0,11
LONG,Micro_AutoCorr:hi,PoC_Side:==1,11,11,0,21.45,3278.06,36058.7,0,11
LONG,Round_1000_Dist_ATR:lo,Volume_Ratio_10:hi,12,11,1,21.33,1849.44,22193.3,0,12
LONG,D2D_DirStep:==1,Micro_RangeAccel:lo,13,11,2,25.23,1813.01,23569.1,0,13
LONG,Micro_BarOverlap:lo,OBV_Macd:lo,11,11,0,26.45,1789.4,19683.4,0,11
LONG,Micro_FractalDim:lo,OR_Low_Side:==-1,11,11,0,16.64,304.94,3354.3,0,11
LONG,Micro_FractalDim:lo,PrevDay_High_Side:==-1,11,11,0,18.64,373.95,4113.5,0,11
LONG,Bar_Range:hi,D2D_Signal:==0,12,11,1,28.25,1309.74,15716.9,0,12
LONG,D2D_DirStep:==1,D2D_Signal:==0,11,11,0,29.82,1539.92,16939.1,0,11
LONG,D2D_Signal:==0,Micro_AutoCorr:hi,11,11,0,29.82,1539.92,16939.1,0,11
LONG,D2D_Signal:==0,Micro_BarOverlap:lo,11,11,0,22.18,923.91,10163.0,0,11
LONG,D2D_Signal:==0,Round_1000_Dist_ATR:lo,13,11,2,23.0,1237.03,16081.4,0,13
LONG,Micro_RangeVelocity:lo,VWAP_Side:==-1,12,11,1,20.83,571.82,6861.8,0,12
LONG,Micro_LogReturn:hi,Slope_Accel_LT:hi,11,11,0,12.18,512.35,5635.8,0,11
LONG,AT_Lookback_ST:hi,Micro_RangeAccel:hi,11,11,0,27.27,554.26,6096.9,0,11
LONG,Lower_Wick:hi,Micro_Hurst:hi,14,11,3,21.5,960.4,13445.6,0,14
LONG,Lower_Wick:hi,Micro_MicroGap:lo,11,11,0,21.18,711.21,7823.3,0,11
LONG,Micro_CSSpread:hi,Micro_HLAsymmetry:hi,11,11,0,23.64,858.45,9443.0,0,11
LONG,AT_Lookback_ST:hi,Round_500_Dist_ATR:lo,11,11,0,18.09,390.75,4298.2,0,11
LONG,Body_Size:hi,Round_500_Dist_ATR:lo,11,11,0,18.36,491.7,5408.7,0,11
LONG,Micro_CSSpread:hi,Round_500_Dist_ATR:lo,11,11,0,14.18,397.85,4376.4,0,11
LONG,Bar_Range:hi,Round_500_Dist_ATR:lo,11,11,0,14.73,238.91,2628.0,0,11
LONG,AT_Regime_LT:==1,Micro_VPIN:lo,12,11,1,14.83,1046.35,12556.2,0,12
LONG,D2D_ATR:hi,Micro_VPIN:lo,11,11,0,22.18,418.48,4603.3,0,11
LONG,D2D_Signal:==0,Micro_Amihud:hi,12,11,1,28.33,1369.79,16437.5,0,12
LONG,D2D_Signal:==0,Sqz_State:==1,11,11,0,25.64,500.9,5509.9,0,11
LONG,Micro_OrderFlowDelta:hi,Micro_VPIN:lo,11,11,0,17.91,381.55,4197.1,0,11
LONG,Micro_OrderFlowDelta:hi,OBVf_Signal:==1,11,11,0,23.91,431.97,4751.7,0,11
LONG,Micro_OrderFlowDelta:hi,OR_Position:lo,11,11,0,28.73,1747.42,19221.6,0,11
LONG,Micro_OrderFlowDelta:hi,Slope_Accel_LT:hi,12,11,1,14.17,118.93,1427.2,0,12
LONG,Micro_OrderFlowDelta:hi,VWAP_Sigma:hi,11,11,0,20.91,2231.11,24542.2,0,11
LONG,Micro_RangeVelocity:lo,Micro_VPIN:lo,12,11,1,12.83,1040.46,12485.5,0,12
LONG,AT_Lookback_ST:hi,RangeOsc_State:==-2,11,11,0,25.27,1855.23,20407.5,0,11
LONG,AT_Score_LT:lo,RangeOsc_State:==-2,11,11,0,11.27,716.3,7879.3,0,11
LONG,AT_Slope_LT:lo,RangeOsc_State:==-2,11,11,0,26.36,3142.35,34565.9,0,11
LONG,RangeOsc_State:==-2,VWAP_Side:==-1,11,11,0,20.45,3550.6,39056.6,0,11
LONG,OR_High_Side:==-1,TChan_A15:hi,11,11,0,16.09,2197.81,24175.9,0,11
LONG,AT_Slope_LT:lo,DailyOpen_Side:==1,11,11,0,19.64,519.77,5717.5,0,11
LONG,D2D_ATR_MA:hi,RangeOsc_Val:lo,12,11,1,23.25,515.89,6190.7,0,12
LONG,D2D_Signal:==1,Micro_Amihud:hi,11,11,0,21.0,1995.25,21947.7,0,11
LONG,DailyOpen_Side:==1,OBV_Macd:lo,11,11,0,17.36,458.77,5046.5,0,11
LONG,Micro_HLAsymmetry:hi,Micro_TickIntensity:lo,11,11,0,19.0,2327.4,25601.4,0,11
LONG,Lower_Wick:hi,RangeOsc_Val:lo,12,11,1,20.83,359.7,4316.4,0,12
LONG,D2D_ATR_MA:hi,Micro_Rejection:lo,11,11,0,20.91,379.4,4173.4,0,11
LONG,OR_Low_Side:==-1,Round_100_Dist_ATR:lo,11,11,0,19.73,483.84,5322.2,0,11
LONG,OR_Low_Side:==-1,Slope_Accel_ST:lo,11,11,0,7.09,133.76,1471.4,0,11
LONG,ST_Flip_Event:==-1,Slope_Accel_LT:hi,11,11,0,6.82,196.3,2159.3,11,0
LONG,ADX_Rising:==0,VWAP_Dist_ATR:lo,11,11,0,13.27,2083.43,22917.7,0,11
LONG,Micro_LogReturn:lo,Upper_Wick:hi,12,11,1,5.92,95.57,1146.8,9,3
LONG,Micro_OrderFlowDelta:lo,Micro_WickImbalance:hi,12,11,1,7.17,59.42,713.1,11,1
LONG,EMA_Oscillator:hi,VWAP_Sigma:hi,12,11,1,18.67,1990.23,23882.8,0,12
LONG,Micro_MicroGap:lo,Volume:hi,11,11,0,18.64,709.03,7799.3,0,11
LONG,ADX_Value:hi,AT_Regime_ST:==1,11,11,0,16.82,840.6,9246.6,0,11
LONG,Micro_VPIN:lo,Volume_Ratio_10:hi,11,11,0,10.45,1455.65,16012.2,0,11
LONG,Efficiency_Ratio:hi,PrevDay_Low_Side:==-1,13,11,2,8.15,423.67,5507.7,0,13
LONG,OR_High_Side:==-1,PoC_Side:==1,11,11,0,14.73,2115.48,23270.3,0,11
LONG,Micro_RangeVelocity:lo,MultiDay_Position:lo,13,11,2,21.77,229.73,2986.5,0,13
LONG,MultiDay_Position:lo,RangeOsc_Val:lo,11,11,0,26.64,585.21,6437.3,0,11
LONG,OR_Low_Side:==-1,TChan_A15:hi,11,11,0,15.0,1640.86,18049.5,0,11
LONG,PrevDay_Low_Dist_ATR:lo,Session_Low_Dist_ATR:lo,11,11,0,16.27,402.0,4422.0,0,11
LONG,Micro_BarOverlap:lo,Volume_Avg_10:hi,11,11,0,20.45,2368.38,26052.2,0,11
LONG,Bar_Range:hi,WeeklyOpen_Side:==-1,11,11,0,17.09,2927.59,32203.5,0,11
LONG,PrevDay_High_Side:==-1,Sqz_State:==1,11,11,0,21.36,1825.35,20078.9,0,11
LONG,EMA_Oscillator:hi,Micro_OrderFlowDelta:hi,11,11,0,20.18,2608.31,28691.4,0,11
LONG,AT_Slope_ST:lo,PrevDay_High_Dist_ATR:hi,11,11,0,14.0,310.48,3415.3,0,11
LONG,Micro_GarmanKlass:hi,Volume:hi,11,11,0,12.09,307.59,3383.5,0,11
LONG,OBVf_Signal:==1,PrevDay_Low_Side:==-1,11,11,0,18.27,296.28,3259.1,0,11
LONG,Round_100_Dist_ATR:lo,Upper_Wick:hi,12,11,1,19.42,505.82,6069.9,0,12
LONG,D2D_ATR:hi,WeeklyOpen_Side:==-1,11,11,0,21.45,1793.31,19726.4,0,11
LONG,RangeOsc_State:==-2,Volume_Avg_10:hi,12,11,1,15.75,1397.04,16764.5,0,12
LONG,Volume_Avg_10:hi,WeeklyOpen_Side:==-1,12,11,1,15.75,1397.04,16764.5,0,12
LONG,Body_Size:hi,WeeklyOpen_Side:==-1,11,11,0,21.27,3302.29,36325.2,0,11
LONG,Micro_BarOverlap:lo,PrevDay_Low_Side:==-1,11,11,0,22.0,2347.36,25821.0,0,11
LONG,D2D_DirStep:==1,KAMA_Dist:hi,11,11,0,27.55,2919.8,32117.8,0,11
LONG,D2D_DirStep:==1,PrevDay_Low_Side:==-1,12,11,1,25.83,2632.98,31595.8,0,12
LONG,Micro_Hurst:hi,MultiDay_Position:lo,11,11,0,22.45,2303.98,25343.8,0,11
LONG,AT_Regime_LT:==1,VWAP_Dist_ATR:lo,11,11,0,11.18,1875.67,20632.4,0,11
LONG,OR_Low_Side:==1,Upper_Wick:hi,13,11,2,8.62,1381.26,17956.4,0,13
LONG,PoC_Side:==1,PrevDay_High_Dist_ATR:lo,11,11,0,13.45,3435.2,37787.2,0,11
LONG,PoC_Side:==1,WeeklyOpen_Side:==-1,11,11,0,15.45,4922.94,54152.3,0,11
LONG,OBV_Macd:lo,OR_Low_Side:==1,13,11,2,7.62,1658.24,21557.1,0,13
LONG,Micro_FailedBreak:hi,Session_High_Dist_ATR:lo,11,11,0,14.45,1761.19,19373.1,0,11
LONG,Micro_Rejection:lo,VWAP_Dist_ATR:lo,12,11,1,8.83,417.52,5010.2,0,12
LONG,DailyOpen_Dist_ATR:lo,PrevDay_High_Dist_ATR:lo,11,11,0,12.91,1937.88,21316.7,0,11
LONG,Micro_Lambda:lo,OR_Position:hi,13,11,2,6.23,364.44,4737.7,11,2
LONG,PrevDay_Close_Side:==-1,Volume:hi,11,11,0,11.18,3096.4,34060.4,0,11
LONG,Micro_Hurst:hi,PoC_Side:==1,11,11,0,13.18,3396.95,37366.4,0,11
LONG,Round_500_Dist_ATR:lo,WeeklyOpen_Side:==-1,11,11,0,11.91,585.05,6435.6,0,11
LONG,Micro_AutoCorr:hi,PrevDay_Close_Side:==-1,11,11,0,10.73,1592.67,17519.4,0,11
LONG,OR_Low_Side:==-1,PrevDay_High_Dist_ATR:lo,11,11,0,14.18,1753.52,19288.7,0,11
LONG,D2D_DirStep:==1,Micro_OrderFlowDelta:hi,11,11,0,27.0,4319.64,47516.0,0,11
LONG,Micro_OrderFlowDelta:lo,Upper_Wick:hi,11,11,0,11.09,250.77,2758.5,0,11
LONG,Bar_Range:hi,Micro_OrderFlowDelta:hi,11,11,0,25.91,4195.09,46146.0,0,11
LONG,Micro_HLAsymmetry:hi,OBVf_Signal:==-1,11,11,0,11.91,1749.16,19240.8,0,11
LONG,Session_High_Dist_ATR:lo,VWAP_Sigma:hi,11,11,0,8.82,795.0,8745.0,0,11
LONG,ADX_Value:hi,Volume_Ratio_10:hi,11,11,0,16.73,1778.45,19563.0,0,11
LONG,AT_Slope_ST:lo,VWAP_Sigma_ATR:lo,11,11,0,26.82,2509.25,27601.8,0,11
LONG,D2D_ATR:hi,VWAP_Sigma_ATR:lo,11,11,0,26.82,2509.25,27601.8,0,11
LONG,Micro_LogReturn:hi,Round_100_Dist_ATR:lo,11,11,0,10.73,336.59,3702.5,0,11
LONG,D2D_ATR:hi,Micro_Lambda:lo,11,11,0,9.73,376.49,4141.4,0,11
LONG,Micro_RangeVelocity:hi,TChan_A15:hi,11,11,0,16.82,560.45,6164.9,0,11
LONG,Micro_RangeVelocity:lo,PrevDay_High_Side:==1,12,11,1,6.0,144.05,1728.6,0,12
LONG,PrevDay_High_Side:==1,Round_100_Dist_ATR:lo,11,11,0,8.09,373.62,4109.8,11,0
LONG,PrevDay_High_Dist_ATR:lo,Slope_EMA_ST:lo,12,11,1,13.33,1515.79,18189.5,0,12
LONG,EMA_Oscillator:lo,PrevDay_High_Side:==-1,11,10,1,9.36,185.0,2035.0,0,11
LONG,Harmonic_OBVf_Concordance:==0,Micro_HLAsymmetry:lo,11,10,1,10.36,264.59,2910.5,0,11
LONG,Micro_HLAsymmetry:lo,Micro_WickImbalance:hi,11,10,1,10.36,264.59,2910.5,0,11
LONG,Micro_MicroGap:hi,Upper_Wick:hi,10,10,0,18.9,454.11,4541.1,0,10
LONG,Micro_MicroGap:hi,Volume_Ratio_10:hi,10,10,0,19.5,1326.8,13268.0,0,10
LONG,Micro_VolOfVol:hi,Momentum_Value:lo,10,10,0,7.3,263.35,2633.5,10,0
LONG,OBV_Macd:lo,VWAP_Dist_ATR:lo,10,10,0,12.4,1820.23,18202.3,0,10
LONG,PrevDay_High_Side:==-1,PrevDay_Low_Dist_ATR:lo,10,10,0,22.6,584.46,5844.6,0,10
LONG,RangeOsc_State:==-1,VWAP_Dist_ATR:lo,10,10,0,10.0,521.31,5213.1,0,10
LONG,Bars_Since_Flip:hi,Lower_Wick:lo,10,10,0,12.1,458.21,4582.1,0,10
LONG,Bars_Since_Flip:hi,Micro_TickIntensity:hi,11,10,1,17.09,218.37,2402.1,0,11
LONG,AT_Score_LT:lo,MultiDay_Position:lo,11,10,1,17.0,285.55,3141.0,0,11
LONG,AT_Score_LT:lo,Round_1000_Dist_ATR:lo,10,10,0,16.5,450.21,4502.1,0,10
LONG,Micro_Amihud:hi,Round_500_Dist_ATR:lo,10,10,0,16.5,497.14,4971.4,0,10
LONG,Micro_PriceAccel:lo,Volume_Avg_10:hi,10,10,0,20.5,1095.09,10950.9,0,10
LONG,MultiDay_Position:lo,Round_500_Dist_ATR:lo,11,10,1,16.09,397.65,4374.2,0,11
LONG,Round_500_Dist_ATR:lo,VWAP_Sigma_ATR:lo,11,10,1,16.09,397.65,4374.2,0,11
LONG,Micro_Amihud:hi,Micro_Hurst:hi,10,10,0,28.0,3041.09,30410.9,0,10
LONG,Micro_Lambda:lo,Micro_OrderFlowDelta:lo,11,10,1,10.45,222.79,2450.7,0,11
LONG,Micro_OrderFlowDelta:lo,OR_Low_Side:==1,11,10,1,9.0,286.53,3151.8,0,11
LONG,Micro_OrderFlowDelta:lo,Slope_EMA_ST:hi,10,10,0,7.3,288.28,2882.8,0,10
LONG,OR_Low_Side:==1,RangeOsc_State:==2,11,10,1,7.36,503.35,5536.8,0,11
LONG,RangeOsc_State:==2,Session_Low_Dist_ATR:lo,11,10,1,8.09,1026.05,11286.5,0,11
LONG,DailyOpen_Side:==-1,OR_High_Side:==-1,10,10,0,6.7,527.28,5272.8,0,10
LONG,Micro_OrderFlowDelta:lo,Round_1000_Dist_ATR:lo,11,10,1,7.45,138.26,1520.9,0,11
LONG,OR_Position:hi,Volume_Avg_10:hi,10,10,0,7.5,616.48,6164.8,0,10
LONG,AT_Slope_ST:lo,Micro_Lambda:lo,12,10,2,12.17,239.72,2876.6,0,12
LONG,Micro_HLAsymmetry:hi,OR_Low_Side:==1,11,10,1,9.73,263.1,2894.1,0,11
LONG,Micro_Lambda:lo,Micro_RangeVelocity:lo,11,10,1,10.09,621.06,6831.7,0,11
LONG,Micro_OrderFlowDelta:lo,Micro_RangeVelocity:lo,10,10,0,12.7,1193.95,11939.5,0,10
LONG,Micro_RangeVelocity:lo,OR_Low_Side:==1,11,10,1,7.91,508.3,5591.3,0,11
LONG,Micro_RangeVelocity:lo,Round_1000_Dist_ATR:lo,10,10,0,16.6,2200.3,22003.0,0,10
LONG,Micro_VolOfVol:lo,Slope_EMA_ST:lo,10,10,0,10.3,123.38,1233.8,0,10
LONG,Round_100_Dist_ATR:lo,Volume_Avg_10:hi,10,10,0,18.3,306.54,3065.4,0,10
LONG,DailyOpen_Dist_ATR:lo,Slope_EMA_ST:lo,11,10,1,16.09,1731.33,19044.6,0,11
LONG,EMA_Oscillator:lo,Slope_EMA_ST:lo,12,10,2,8.5,47.91,574.9,0,12
LONG,Micro_HLAsymmetry:lo,VWAP_Sigma:lo,10,10,0,9.0,356.49,3564.9,10,0
LONG,Micro_WickImbalance:hi,Slope_EMA_ST:lo,11,10,1,14.27,193.15,2124.6,0,11
LONG,AT_Regime_ST:==1,D2D_DirStep:==-1,10,10,0,11.1,132.74,1327.4,0,10
LONG,Micro_VolOfVol:lo,VWAP_Side:==-1,10,10,0,8.8,422.52,4225.2,0,10
LONG,Bar_Range:hi,Micro_WickImbalance:hi,10,10,0,9.8,219.48,2194.8,0,10
LONG,Micro_Entropy:lo,Session_Low_Dist_ATR:lo,11,10,1,7.82,1213.55,13349.0,0,11
LONG,AT_Lookback_ST:hi,EMA_Oscillator:hi,10,10,0,25.8,2486.27,24862.7,0,10
LONG,AT_Lookback_ST:hi,Micro_CSSpread:hi,10,10,0,21.6,413.67,4136.7,0,10
LONG,AT_Lookback_ST:hi,Micro_MicroGap:lo,10,10,0,25.1,471.8,4718.0,0,10
LONG,AT_Lookback_ST:hi,VA_Position:hi,10,10,0,15.5,222.9,2229.0,0,10
LONG,AT_Regime_LT:==1,KAMA_Dist:hi,11,10,1,18.27,667.89,7346.8,0,11
LONG,AT_Regime_LT:==1,Micro_PriceAccel:lo,10,10,0,23.2,385.4,3854.0,0,10
LONG,Bar_Range:hi,Micro_MicroGap:lo,10,10,0,18.0,710.57,7105.7,0,10
LONG,D2D_Signal:==1,VA_Position:hi,10,10,0,13.7,570.93,5709.3,0,10
LONG,KAMA_Dist:hi,Micro_MicroGap:lo,10,10,0,20.2,783.71,7837.1,0,10
LONG,KAMA_Dist:hi,PoC_Side:==1,10,10,0,18.0,3537.94,35379.4,0,10
LONG,KAMA_Dist:hi,RangeOsc_State:==-1,10,10,0,28.4,1111.74,11117.4,0,10
LONG,Micro_CSSpread:hi,Micro_RollProxy:hi,10,10,0,24.0,716.04,7160.4,0,10
LONG,Micro_CSSpread:hi,VA_Position:hi,11,10,1,10.18,470.65,5177.1,0,11
LONG,Micro_MicroGap:lo,Micro_RollProxy:hi,10,10,0,24.5,830.34,8303.4,0,10
LONG,Micro_PriceAccel:lo,Micro_RangeAccel:lo,10,10,0,23.2,385.4,3854.0,0,10
LONG,Micro_PriceAccel:lo,Upper_Wick:hi,10,10,0,21.7,992.94,9929.4,0,10
LONG,Micro_RangeAccel:lo,PoC_Side:==1,10,10,0,13.2,1780.94,17809.4,0,10
LONG,Micro_RangeAccel:lo,PrevDay_Low_Dist_ATR:lo,10,10,0,27.2,462.85,4628.5,0,10
LONG,EMA_Oscillator:hi,Micro_RangeVelocity:hi,10,10,0,21.2,1762.07,17620.7,0,10
LONG,EMA_Oscillator:hi,VWAP_Side:==-1,10,10,0,28.8,2942.67,29426.7,0,10
LONG,Micro_FailedBreak:hi,VA_Position:hi,11,10,1,18.55,731.2,8043.2,0,11
LONG,Micro_RangeVelocity:hi,PrevDay_Low_Dist_ATR:lo,10,10,0,22.1,560.51,5605.1,0,10
LONG,PrevDay_Low_Dist_ATR:lo,VWAP_Side:==-1,10,10,0,28.0,613.04,6130.4,0,10
LONG,Lower_Wick:lo,PrevDay_Low_Side:==-1,11,10,1,13.0,227.07,2497.8,0,11
LONG,Momentum_Value:hi,PrevDay_High_Dist_ATR:lo,10,10,0,13.8,2182.91,21829.1,0,10
LONG,Micro_RangeVelocity:lo,Micro_WickImbalance:hi,12,10,2,10.75,44.35,532.2,0,12
LONG,Micro_RangeAccel:hi,Volume:hi,10,10,0,21.0,600.59,6005.9,0,10
LONG,Micro_Rejection:lo,PrevDay_High_Side:==-1,10,10,0,10.4,243.91,2439.1,0,10
LONG,Micro_Lambda:lo,Slope_Accel_LT:hi,11,10,1,6.64,254.75,2802.2,0,11
LONG,D2D_Signal:==1,Round_1000_Dist_ATR:lo,10,10,0,14.4,3403.69,34036.9,0,10
LONG,AT_Score_LT:lo,Bar_Range:hi,10,10,0,13.1,360.06,3600.6,0,10
LONG,Bars_Since_Flip:hi,Micro_FractalDim:lo,10,10,0,21.7,319.71,3197.1,0,10
LONG,D2D_DirStep:==1,PrevDay_High_Side:==-1,10,10,0,34.6,4390.19,43901.9,0,10
LONG,Micro_Amihud:hi,RangeOsc_Val:lo,11,10,1,26.91,607.78,6685.6,0,11
LONG,Micro_AutoCorr:hi,RangeOsc_Val:lo,10,10,0,28.9,597.26,5972.6,0,10
LONG,Micro_BarOverlap:lo,RangeOsc_State:==-1,10,10,0,25.5,533.22,5332.2,0,10
LONG,D2D_DirStep:==1,OR_Position:lo,11,10,1,27.82,1791.44,19705.8,0,11
LONG,Micro_BarOverlap:lo,OR_Position:lo,10,10,0,23.7,470.17,4701.7,0,10
LONG,Micro_Hurst:hi,Micro_TickIntensity:hi,11,10,1,12.36,129.01,1419.1,0,11
LONG,D2D_Signal:==0,OR_High_Side:==-1,10,10,0,27.5,905.39,9053.9,0,10
LONG,Micro_FractalDim:lo,Slope_Accel_LT:hi,10,10,0,12.2,221.67,2216.7,0,10
LONG,Micro_HLAsymmetry:hi,Slope_Accel_LT:hi,10,10,0,20.9,378.4,3784.0,0,10
LONG,Lower_Wick:hi,Micro_HLAsymmetry:hi,11,10,1,26.91,1357.01,14927.1,0,11
LONG,Lower_Wick:hi,Slope_Accel_LT:hi,10,10,0,19.1,348.94,3489.4,0,10
LONG,Lower_Wick:hi,VWAP_Sigma:hi,10,10,0,22.1,1044.44,10444.4,0,10
LONG,Micro_CSSpread:hi,Micro_FailedBreak:hi,11,10,1,19.82,748.15,8229.6,0,11
LONG,D2D_ATR:hi,Round_500_Dist_ATR:lo,10,10,0,20.0,500.83,5008.3,0,10
LONG,AT_Lookback_ST:hi,Micro_VPIN:lo,10,10,0,21.3,496.89,4968.9,0,10
LONG,AT_Score_LT:lo,Micro_VolOfVol:hi,11,10,1,18.82,251.13,2762.4,0,11
LONG,AT_Score_LT:lo,Micro_WickImbalance:lo,10,10,0,19.2,419.27,4192.7,0,10
LONG,Micro_Amihud:hi,OBVf_Signal:==1,11,10,1,23.36,319.35,3512.9,0,11
LONG,Micro_FailedBreak:hi,Micro_VPIN:lo,10,10,0,15.5,356.1,3561.0,0,10
LONG,Micro_OrderFlowDelta:hi,Micro_RangeVelocity:lo,10,10,0,22.0,2313.18,23131.8,0,10
LONG,Micro_RangeAccel:lo,Micro_VPIN:lo,10,10,0,16.0,1279.07,12790.7,0,10
LONG,Micro_VPIN:lo,Micro_WickImbalance:lo,11,10,1,17.18,1260.08,13860.9,0,11
LONG,D2D_ATR_MA:hi,Micro_RangeAccel:hi,10,10,0,19.4,461.87,4618.7,0,10
LONG,Micro_FractalDim:hi,Slope_Accel_LT:hi,11,10,1,8.91,92.17,1013.9,0,11
LONG,Micro_RangeAccel:hi,Sqz_State:==1,10,10,0,23.0,522.21,5222.1,0,10
LONG,Micro_VolOfVol:hi,RangeOsc_State:==-2,10,10,0,21.5,1900.38,19003.8,0,10
LONG,Momentum_Value:hi,OBV_Velocity:hi,11,10,1,14.27,610.28,6713.1,0,11
LONG,OBV_Velocity:hi,Sqz_State:==1,10,10,0,11.3,556.13,5561.3,0,10
LONG,OBV_Velocity:hi,VWAP_Sigma:hi,10,10,0,9.7,625.61,6256.1,0,10
LONG,AT_Regime_ST:==1,Sqz_Val:hi,11,10,1,17.27,1853.88,20392.7,0,11
LONG,AT_Slope_LT:lo,Slope_Accel_LT:lo,10,10,0,27.9,2478.26,24782.6,0,10
LONG,Body_Size:hi,Slope_Accel_LT:lo,10,10,0,27.5,2591.19,25911.9,0,10
LONG,D2D_ATR_MA:hi,D2D_Signal:==1,10,10,0,22.9,2222.83,22228.3,0,10
LONG,DailyOpen_Side:==1,Micro_Amihud:hi,10,10,0,18.2,529.76,5297.6,0,10
LONG,Micro_LogReturn:hi,Micro_TickIntensity:lo,10,10,0,20.0,2509.2,25092.0,0,10
LONG,Micro_LogReturn:hi,OBVf_Signal:==1,10,10,0,18.6,346.84,3468.4,0,10
LONG,OBVf_Signal:==1,OR_High_Side:==-1,10,10,0,21.5,443.43,4434.3,0,10
LONG,D2D_DirStep:==-1,Round_100_Dist_ATR:lo,10,10,0,9.3,156.52,1565.2,0,10
LONG,Micro_OrderFlowDelta:lo,OR_Low_Side:==-1,11,10,1,12.55,153.66,1690.3,5,6
LONG,Micro_Hurst:hi,RangeOsc_State:==-2,10,10,0,22.3,3723.26,37232.6,0,10
LONG,Micro_Hurst:hi,Sqz_State:==1,10,10,0,18.9,2214.19,22141.9,0,10
LONG,ADX_Rising:==0,DailyOpen_Dist_ATR:lo,10,10,0,14.5,2251.69,22516.9,0,10
LONG,AT_Score_LT:lo,Micro_Rejection:lo,10,10,0,7.1,91.53,915.3,0,10
LONG,Micro_MicroGap:lo,Micro_WickImbalance:lo,10,10,0,19.6,927.53,9275.3,0,10
LONG,KAMA_Dist:hi,OR_High_Side:==-1,10,10,0,17.9,1289.42,12894.2,0,10
LONG,PrevDay_Low_Side:==-1,ST_Flip_Event:==-1,10,10,0,7.8,172.4,1724.0,0,10
LONG,KAMA_Dist:hi,Micro_VPIN:lo,10,10,0,11.3,608.22,6082.2,0,10
LONG,Efficiency_Ratio:hi,Micro_VPIN:lo,12,10,2,8.67,973.03,11676.4,12,0
LONG,Micro_HLAsymmetry:hi,Micro_VPIN:lo,10,10,0,16.3,382.83,3828.3,0,10
LONG,Micro_VPIN:lo,Upper_Wick:hi,10,10,0,15.6,392.43,3924.3,0,10
LONG,AT_Slope_LT:lo,PrevDay_High_Dist_ATR:lo,10,10,0,14.7,1930.14,19301.4,0,10
LONG,Micro_RangeAccel:lo,WeeklyOpen_Side:==-1,11,10,1,14.91,1554.86,17103.5,0,11
LONG,AT_Regime_LT:==1,TChan_A15:hi,10,10,0,19.0,3190.3,31903.0,0,10
LONG,D2D_ATR_MA:hi,PrevDay_Low_Dist_ATR:lo,10,10,0,26.3,619.32,6193.2,0,10
LONG,D2D_DirStep:==1,TChan_A15:hi,10,10,0,25.0,2502.38,25023.8,0,10
LONG,Micro_AutoCorr:hi,Sqz_State:==1,10,10,0,19.6,1700.54,17005.4,0,10
LONG,Micro_AutoCorr:hi,Volume_Avg_10:hi,10,10,0,20.8,2482.72,24827.2,0,10
LONG,Micro_LogReturn:hi,Sqz_State:==1,10,10,0,20.0,1726.85,17268.5,0,10
LONG,OBVf_Signal:==1,PrevDay_Low_Dist_ATR:lo,10,10,0,26.3,551.31,5513.1,0,10
LONG,AT_Score_LT:lo,D2D_Signal:==1,10,10,0,6.6,828.43,8284.3,0,10
LONG,Micro_PriceAccel:hi,Momentum_Value:hi,10,10,0,18.9,2093.95,20939.5,0,10
LONG,ADX_Rising:==0,Bars_Since_Flip:hi,10,10,0,15.2,516.99,5169.9,0,10
LONG,Micro_HLAsymmetry:hi,PrevDay_High_Dist_ATR:hi,10,10,0,14.4,334.99,3349.9,0,10
LONG,Micro_Rejection:lo,MultiDay_Position:lo,11,10,1,20.09,525.92,5785.1,0,11
LONG,Bars_Since_Flip:hi,WeeklyOpen_Side:==-1,12,10,2,20.0,1529.98,18359.8,0,12
LONG,AT_Regime_LT:==1,WeeklyOpen_Side:==-1,11,10,1,15.36,1509.19,16601.1,0,11
LONG,Micro_MicroGap:hi,Micro_Rejection:lo,10,10,0,12.3,319.43,3194.3,0,10
LONG,AT_Regime_LT:==1,DailyOpen_Side:==-1,10,10,0,6.5,603.78,6037.8,0,10
LONG,AT_Slope_ST:lo,Momentum_Value:lo,10,10,0,8.0,146.87,1468.7,0,10
LONG,Session_High_Dist_ATR:lo,WeeklyOpen_Side:==-1,10,10,0,13.4,3725.42,37254.2,0,10
LONG,DailyOpen_Dist_ATR:lo,WeeklyOpen_Side:==-1,10,10,0,11.8,2036.27,20362.7,0,10
LONG,Bars_Since_Flip:hi,OR_Low_Side:==1,13,10,3,6.31,103.87,1350.3,0,13
LONG,Momentum_Value:hi,VWAP_Side:==1,10,10,0,11.6,2059.93,20599.3,0,10
LONG,TChan_A15:hi,VWAP_Side:==-1,10,10,0,17.5,935.85,9358.5,0,10
LONG,Round_500_Dist_ATR:lo,Session_High_Dist_ATR:lo,11,10,1,8.45,451.59,4967.5,0,11
LONG,Micro_PriceAccel:hi,Session_High_Dist_ATR:lo,10,10,0,9.0,862.44,8624.4,0,10
LONG,VA_Position:hi,Volume_Avg_10:hi,11,10,1,6.27,128.39,1412.3,0,11
LONG,Bars_Since_Flip:hi,Slope_Accel_LT:lo,10,10,0,19.9,765.38,7653.8,0,10
LONG,Micro_PriceAccel:hi,Volume_Ratio_10:hi,10,10,0,14.8,511.49,5114.9,0,10
LONG,TChan_A15:hi,VWAP_Sigma:hi,10,10,0,13.5,403.61,4036.1,0,10
LONG,VA_Position:hi,Volume_Ratio_10:hi,11,10,1,15.82,839.44,9233.8,0,11
LONG,Micro_VolOfVol:hi,VWAP_Side:==1,10,10,0,12.4,1904.78,19047.8,0,10
LONG,KAMA_Dist:hi,Session_Low_Dist_ATR:lo,10,10,0,18.8,2997.93,29979.3,0,10
LONG,Micro_RangeAccel:lo,Session_High_Dist_ATR:lo,10,10,0,12.8,1800.45,18004.5,0,10
LONG,Round_500_Dist_ATR:lo,VWAP_Dist_ATR:lo,10,10,0,10.8,454.71,4547.1,0,10
LONG,DailyOpen_Dist_ATR:lo,Sqz_State:==1,10,10,0,10.9,698.24,6982.4,0,10
LONG,Micro_RollProxy:hi,Session_High_Dist_ATR:lo,10,10,0,15.0,1927.47,19274.7,0,10
LONG,AT_Slope_ST:lo,PrevDay_High_Dist_ATR:lo,11,10,1,14.45,1621.16,17832.8,0,11
LONG,Micro_HLAsymmetry:hi,PrevDay_High_Side:==1,11,10,1,8.0,300.68,3307.5,0,11
LONG,Micro_LogReturn:hi,PrevDay_High_Side:==1,11,10,1,6.36,213.19,2345.1,0,11
LONG,OR_High_Side:==-1,PrevDay_High_Side:==1,11,10,1,6.91,294.06,3234.7,0,11
LONG,Micro_RollProxy:hi,PrevDay_High_Side:==1,11,10,1,7.18,235.29,2588.2,11,0
LONG,D2D_ATR_MA:hi,Round_1000_Dist_ATR:lo,11,10,1,14.55,2023.09,22254.0,0,11
LONG,Micro_Rejection:lo,RangeOsc_Val:hi,10,10,0,6.8,528.38,5283.8,0,10
LONG,Micro_CSSpread:hi,Volume:hi,10,10,0,18.3,918.19,9181.9,0,10
LONG,Micro_WickImbalance:lo,OR_Low_Side:==1,10,10,0,9.9,362.73,3627.3,0,10
LONG,D2D_ATR_MA:hi,PrevDay_High_Side:==1,11,10,1,8.0,305.95,3365.5,10,1
LONG,Bars_Since_Flip:hi,DailyOpen_Dist_ATR:lo,9,9,0,10.67,475.61,4280.5,0,9
LONG,DailyOpen_Dist_ATR:lo,Micro_Amihud:hi,9,9,0,15.56,2011.54,18103.9,0,9
LONG,DailyOpen_Dist_ATR:lo,Volume_Ratio_10:hi,9,9,0,14.33,2066.96,18602.6,0,9
LONG,EMA_Oscillator:lo,Lower_Wick:hi,10,9,1,9.3,140.05,1400.5,0,10
LONG,EMA_Oscillator:lo,OR_High_Side:==-1,10,9,1,9.9,136.44,1364.4,0,10
LONG,EMA_Oscillator:lo,VWAP_Dist_ATR:lo,9,9,0,9.89,257.12,2314.1,0,9
LONG,Harmonic_OBVf_Concordance:==0,OR_Low_Side:==-1,9,9,0,14.0,437.4,3936.6,0,9
LONG,Micro_LogReturn:hi,VWAP_Sigma_ATR:lo,9,9,0,27.0,2846.33,25617.0,0,9
LONG,Micro_MicroGap:hi,Micro_VolOfVol:hi,9,9,0,19.0,481.06,4329.5,0,9
LONG,Micro_MicroGap:hi,OR_Low_Side:==-1,10,9,1,18.6,433.51,4335.1,0,10
LONG,Micro_MicroGap:hi,RangeOsc_State:==-1,10,9,1,24.3,373.79,3737.9,0,10
LONG,Micro_WickImbalance:hi,MultiDay_Position:lo,9,9,0,13.67,663.17,5968.5,0,9
LONG,Micro_WickImbalance:hi,RangeOsc_State:==-1,9,9,0,13.33,539.19,4852.7,0,9
LONG,PrevDay_Low_Dist_ATR:lo,VWAP_Sigma_ATR:lo,9,9,0,25.56,696.49,6268.4,0,9
LONG,VWAP_Sigma_ATR:lo,Volume_Ratio_10:hi,10,9,1,23.4,521.99,5219.9,0,10
LONG,Session_Low_Dist_ATR:lo,VWAP_Sigma_ATR:lo,9,9,0,16.89,767.19,6904.7,0,9
LONG,AT_Score_LT:lo,Micro_Amihud:hi,9,9,0,23.89,505.78,4552.0,0,9
LONG,AT_Score_LT:lo,Session_Low_Dist_ATR:lo,9,9,0,13.22,248.88,2239.9,0,9
LONG,Round_1000_Dist_ATR:lo,Round_500_Dist_ATR:lo,10,9,1,6.6,224.58,2245.8,0,10
LONG,Bar_Range:hi,VWAP_Sigma:lo,9,9,0,7.89,386.88,3481.9,0,9
LONG,DailyOpen_Side:==-1,Round_1000_Dist_ATR:lo,9,9,0,6.44,266.21,2395.9,0,9
LONG,Micro_VolOfVol:lo,OR_High_Side:==-1,9,9,0,9.67,145.4,1308.6,0,9
LONG,Micro_VolOfVol:lo,Volume:hi,9,9,0,8.67,463.17,4168.5,0,9
LONG,OR_Position:hi,Round_1000_Dist_ATR:lo,9,9,0,6.0,299.73,2697.6,0,9
LONG,Efficiency_Ratio:hi,Micro_Lambda:lo,11,9,2,7.09,470.08,5170.9,0,11
LONG,Micro_HLAsymmetry:hi,RangeOsc_State:==2,10,9,1,7.5,377.28,3772.8,0,10
LONG,Micro_Lambda:lo,Slope_EMA_ST:lo,11,9,2,12.82,158.29,1741.2,0,11
LONG,Micro_RangeVelocity:lo,Round_100_Dist_ATR:lo,10,9,1,11.1,190.24,1902.4,0,10
LONG,OR_Low_Side:==1,Round_1000_Dist_ATR:lo,9,9,0,6.44,268.16,2413.4,0,9
LONG,AT_Slope_ST:lo,DailyOpen_Dist_ATR:lo,10,9,1,15.9,1820.05,18200.5,0,10
LONG,AT_Slope_ST:lo,VWAP_Dist_ATR:lo,10,9,1,11.4,1604.22,16042.2,0,10
LONG,DailyOpen_Dist_ATR:lo,Session_Low_Dist_ATR:lo,10,9,1,13.8,1860.49,18604.9,0,10
LONG,Lower_Wick:hi,Round_1000_Dist_ATR:lo,11,9,2,21.91,1199.8,13197.8,0,11
LONG,Micro_HLAsymmetry:lo,Round_1000_Dist_ATR:lo,9,9,0,8.0,196.79,1771.1,0,9
LONG,Micro_RollProxy:hi,Micro_WickImbalance:hi,9,9,0,9.0,191.99,1727.9,0,9
LONG,AT_Regime_ST:==1,Micro_MomoTransfer:hi,11,9,2,9.27,187.58,2063.4,0,11
LONG,Lower_Wick:hi,Micro_TickIntensity:hi,10,9,1,11.3,290.07,2900.7,2,8
LONG,Micro_MomoTransfer:hi,Round_1000_Dist_ATR:lo,9,9,0,6.33,259.41,2334.7,0,9
LONG,Micro_TickIntensity:hi,RangeOsc_State:==-1,9,9,0,19.22,321.1,2889.9,0,9
LONG,Micro_IBSP:lo,Micro_Rejection:lo,9,9,0,6.78,354.91,3194.2,0,9
LONG,OR_High_Side:==-1,Slope_Accel_ST:lo,10,9,1,7.8,158.91,1589.1,0,10
LONG,AT_Regime_LT:==1,Micro_CSSpread:hi,10,9,1,18.7,649.91,6499.1,0,10
LONG,Bar_Range:hi,Micro_CSSpread:hi,9,9,0,23.67,829.96,7469.6,0,9
LONG,Bar_Range:hi,PrevDay_Low_Dist_ATR:lo,9,9,0,28.22,551.09,4959.8,0,9
LONG,Bar_Range:hi,VA_Position:hi,9,9,0,21.11,976.71,8790.4,0,9
LONG,D2D_Signal:==1,OR_Position:lo,9,9,0,25.56,2421.73,21795.6,0,9
LONG,EMA_Oscillator:hi,PrevDay_Low_Dist_ATR:lo,9,9,0,18.11,427.36,3846.2,0,9
LONG,KAMA_Dist:hi,Micro_RangeAccel:lo,10,9,1,18.3,668.92,6689.2,0,10
LONG,Micro_MicroGap:lo,Micro_TickIntensity:hi,9,9,0,11.89,142.76,1284.8,0,9
LONG,Micro_MicroGap:lo,PrevDay_Low_Dist_ATR:lo,9,9,0,17.0,376.12,3385.1,0,9
LONG,Micro_PriceAccel:lo,Micro_RangeVelocity:lo,9,9,0,25.22,418.94,3770.5,0,9
LONG,Micro_PriceAccel:lo,OBV_Macd:lo,9,9,0,21.44,389.71,3507.4,0,9
LONG,Micro_RangeVelocity:lo,PrevDay_Low_Dist_ATR:lo,9,9,0,25.11,425.89,3833.0,0,9
LONG,Micro_RollProxy:hi,VA_Position:hi,9,9,0,22.44,1005.0,9045.0,0,9
LONG,Micro_Hurst:hi,PrevDay_Low_Dist_ATR:lo,9,9,0,22.11,415.93,3743.4,0,9
LONG,Micro_Hurst:hi,VA_Position:hi,9,9,0,17.89,729.07,6561.6,0,9
LONG,Micro_Hurst:hi,PrevDay_High_Dist_ATR:lo,9,9,0,11.22,2174.57,19571.1,0,9
LONG,PrevDay_High_Dist_ATR:lo,Volume_Avg_10:hi,9,9,0,6.56,163.34,1470.1,0,9
LONG,Bar_Range:hi,PrevDay_High_Dist_ATR:lo,9,9,0,13.67,1926.94,17342.5,0,9
LONG,DailyOpen_Dist_ATR:lo,OR_Position:lo,9,9,0,13.67,2011.56,18104.0,0,9
LONG,OR_Position:lo,PrevDay_Low_Side:==1,9,9,0,4.56,96.23,866.1,9,0
LONG,OR_Position:lo,RangeOsc_Val:hi,9,9,0,4.56,96.23,866.1,9,0
LONG,PrevDay_Low_Side:==1,RangeOsc_Val:hi,9,9,0,4.56,96.23,866.1,9,0
LONG,RangeOsc_Val:hi,VWAP_Side:==1,9,9,0,6.22,183.08,1647.7,0,9
LONG,Lower_Wick:hi,RangeOsc_State:==2,9,9,0,8.44,266.17,2395.5,0,9
LONG,AT_Lookback_ST:hi,Session_Low_Dist_ATR:lo,9,9,0,28.22,835.09,7515.8,0,9
LONG,AT_Regime_LT:==1,Micro_MicroGap:hi,9,9,0,15.67,1394.24,12548.2,0,9
LONG,Micro_HLAsymmetry:hi,Micro_MicroGap:hi,9,9,0,27.11,614.66,5531.9,0,9
LONG,Micro_MicroGap:hi,Micro_WickImbalance:lo,9,9,0,19.89,1518.53,13666.8,0,9
LONG,Micro_WickImbalance:lo,RangeOsc_Val:lo,9,9,0,28.56,561.74,5055.7,0,9
LONG,RangeOsc_Val:lo,Session_Low_Dist_ATR:lo,10,9,1,21.5,520.08,5200.8,0,10
LONG,Micro_Lambda:lo,OR_Low_Side:==-1,11,9,2,11.27,104.37,1148.1,0,11
LONG,Micro_MicroGap:hi,Micro_TickIntensity:hi,10,9,1,8.8,91.95,919.5,0,10
LONG,Micro_MomoTransfer:hi,Slope_Accel_LT:hi,9,9,0,6.78,118.17,1063.5,0,9
LONG,ADX_Rising:==0,Micro_RangeVelocity:hi,9,9,0,9.89,679.02,6111.2,0,9
LONG,ADX_Rising:==0,Upper_Wick:hi,9,9,0,17.67,2344.54,21100.9,0,9
LONG,AT_Regime_ST:==1,MultiDay_Position:hi,10,9,1,6.5,260.36,2603.6,0,10
LONG,AT_Lookback_ST:hi,OR_High_Side:==-1,9,9,0,27.89,538.43,4845.9,0,9
LONG,AT_Slope_LT:lo,Micro_FractalDim:lo,9,9,0,22.89,354.22,3188.0,0,9
LONG,Bar_Range:hi,Micro_Amihud:hi,9,9,0,33.89,3439.34,30954.1,0,9
LONG,D2D_ATR:hi,Micro_FractalDim:lo,9,9,0,21.78,369.1,3321.9,0,9
LONG,D2D_DirStep:==1,Micro_Amihud:hi,9,9,0,33.0,3397.34,30576.1,0,9
LONG,D2D_DirStep:==1,Micro_FractalDim:lo,9,9,0,22.33,432.0,3888.0,0,9
LONG,D2D_DirStep:==1,OR_High_Side:==-1,9,9,0,31.78,2775.96,24983.6,0,9
LONG,D2D_DirStep:==1,RangeOsc_Val:lo,9,9,0,29.56,641.57,5774.1,0,9
LONG,Micro_FractalDim:lo,Momentum_Value:hi,9,9,0,21.89,446.89,4022.0,0,9
LONG,Micro_Hurst:hi,RangeOsc_Val:lo,9,9,0,23.78,323.06,2907.5,0,9
LONG,Micro_MicroGap:lo,Volume_Ratio_10:hi,10,9,1,20.9,710.27,7102.7,0,10
LONG,PrevDay_High_Side:==-1,RangeOsc_Val:lo,9,9,0,23.78,323.06,2907.5,0,9
LONG,RangeOsc_Val:lo,Volume_Ratio_10:hi,9,9,0,30.11,816.91,7352.2,0,9
LONG,D2D_DirStep:==1,Micro_RangeVelocity:lo,10,9,1,28.9,2272.96,22729.6,0,10
LONG,D2D_Signal:==0,Micro_LogReturn:hi,9,9,0,31.89,1658.46,14926.1,0,9
LONG,D2D_Signal:==0,Volume_Ratio_10:hi,9,9,0,28.89,846.77,7620.9,0,9
LONG,Micro_FailedBreak:hi,Micro_TickIntensity:hi,9,9,0,11.44,144.6,1301.4,0,9
LONG,Micro_FractalDim:lo,Micro_TickIntensity:hi,9,9,0,12.11,203.09,1827.8,0,9
LONG,Micro_Hurst:hi,OR_Position:lo,9,9,0,22.78,1899.47,17095.2,0,9
LONG,OR_Position:lo,PrevDay_High_Side:==-1,9,9,0,25.56,1909.11,17182.0,0,9
LONG,OR_Position:lo,Round_1000_Dist_ATR:lo,10,9,1,11.7,1687.03,16870.3,0,10
LONG,Micro_Hurst:hi,Slope_Accel_LT:hi,10,9,1,14.3,208.6,2086.0,0,10
LONG,D2D_Signal:==0,Micro_CSSpread:hi,9,9,0,26.22,763.77,6873.9,0,9
LONG,Micro_CSSpread:hi,VWAP_Side:==-1,9,9,0,28.78,1046.01,9414.1,0,9
LONG,Micro_RangeAccel:hi,Micro_RollProxy:hi,9,9,0,28.78,519.47,4675.2,0,9
LONG,Micro_RangeAccel:hi,Round_1000_Dist_ATR:lo,9,9,0,12.56,394.24,3548.2,0,9
LONG,Micro_RangeVelocity:hi,Slope_Accel_LT:hi,9,9,0,21.22,257.68,2319.1,0,9
LONG,AT_Score_LT:lo,Micro_RangeVelocity:lo,10,9,1,14.3,95.26,952.6,0,10
LONG,Micro_BarOverlap:lo,Upper_Wick:hi,9,9,0,28.78,2720.28,24482.5,0,9
LONG,Micro_RangeAccel:lo,Round_500_Dist_ATR:lo,9,9,0,17.22,278.13,2503.2,0,9
LONG,Micro_RangeVelocity:lo,Round_500_Dist_ATR:lo,9,9,0,17.33,291.52,2623.7,0,9
LONG,AT_Score_LT:lo,Volume:hi,9,9,0,22.11,665.71,5991.4,0,9
LONG,D2D_ATR_MA:hi,VWAP_Sigma:hi,9,9,0,23.44,496.86,4471.7,0,9
LONG,Micro_VPIN:lo,OR_Position:lo,9,9,0,23.33,403.77,3633.9,0,9
LONG,Micro_VPIN:lo,RangeOsc_State:==-1,9,9,0,21.0,375.29,3377.6,0,9
LONG,OBVf_Signal:==1,Slope_Accel_LT:hi,9,9,0,22.56,313.97,2825.7,0,9
LONG,OBVf_Signal:==1,VWAP_Sigma:hi,9,9,0,19.22,359.68,3237.1,0,9
LONG,AT_Slope_LT:lo,OBV_Velocity:hi,9,9,0,15.22,454.33,4089.0,0,9
LONG,Body_Size:hi,OBV_Velocity:hi,10,9,1,14.3,308.14,3081.4,0,10
LONG,Micro_BarOverlap:lo,Micro_WickImbalance:lo,9,9,0,24.67,2672.93,24056.4,0,9
LONG,Micro_BarOverlap:lo,Volume:hi,9,9,0,22.22,611.93,5507.4,0,9
LONG,Micro_FailedBreak:hi,RangeOsc_State:==-2,9,9,0,25.44,3728.91,33560.2,0,9
LONG,OBV_Velocity:hi,RangeOsc_State:==-2,9,9,0,12.44,658.91,5930.2,0,9
LONG,Micro_RangeVelocity:hi,Round_500_Dist_ATR:lo,9,9,0,11.67,452.02,4068.2,0,9
LONG,Micro_FractalDim:lo,Volume:hi,9,9,0,12.11,348.44,3136.0,0,9
LONG,D2D_ATR_MA:hi,D2D_DirStep:==1,9,9,0,28.11,2768.28,24914.5,0,9
LONG,AT_Regime_ST:==1,Micro_RollProxy:lo,9,9,0,10.78,239.06,2151.5,0,9
LONG,Micro_HLAsymmetry:hi,Micro_RollProxy:lo,10,9,1,9.8,471.61,4716.1,0,10
LONG,D2D_ATR_MA:hi,DailyOpen_Side:==1,10,9,1,8.4,233.88,2338.8,0,10
LONG,D2D_Signal:==1,DailyOpen_Side:==1,9,9,0,13.78,594.98,5354.8,0,9
LONG,DailyOpen_Dist_ATR:lo,Momentum_Value:hi,9,9,0,17.67,2492.1,22428.9,0,9
LONG,DailyOpen_Side:==1,Momentum_Value:hi,9,9,0,22.33,609.5,5485.5,0,9
LONG,Micro_TickIntensity:lo,Volume:hi,9,9,0,19.56,2592.0,23328.0,0,9
LONG,Micro_Rejection:lo,OBVf_Signal:==1,9,9,0,15.67,207.02,1863.2,0,9
LONG,Micro_Rejection:lo,RangeOsc_Val:lo,10,9,1,21.8,336.98,3369.8,0,10
LONG,ADX_Rising:==0,Session_Low_Dist_ATR:lo,9,9,0,17.56,2118.51,19066.6,0,9
LONG,Micro_LogReturn:lo,OR_High_Side:==0,9,9,0,5.89,177.02,1593.2,9,0
LONG,OR_High_Side:==0,Upper_Wick:hi,9,9,0,5.89,177.02,1593.2,9,0
LONG,Micro_LogReturn:lo,Micro_Rejection:lo,10,9,1,6.8,87.33,873.3,10,0
LONG,EMA_Oscillator:hi,Slope_Accel_LT:hi,9,9,0,16.33,274.37,2469.3,0,9
LONG,Harmonic_LLEMA:hi,Micro_TickIntensity:hi,9,9,0,5.0,67.52,607.7,0,9
LONG,ADX_Value:hi,Slope_Accel_LT:hi,10,9,1,5.8,130.11,1301.1,0,10
LONG,Micro_TickIntensity:hi,Micro_WickImbalance:lo,10,9,1,6.2,95.26,952.6,0,10
LONG,OR_High_Side:==-1,RangeOsc_State:==-2,9,9,0,11.22,2100.89,18908.0,0,9
LONG,KAMA_Dist:hi,Sqz_State:==1,9,9,0,19.33,3758.44,33826.0,0,9
LONG,AT_Slope_LT:lo,PrevDay_Close_Side:==-1,9,9,0,12.89,1985.86,17872.7,0,9
LONG,Micro_FailedBreak:hi,PrevDay_Close_Side:==-1,9,9,0,13.0,2006.23,18056.1,0,9
LONG,Micro_RangeAccel:lo,PrevDay_High_Dist_ATR:lo,10,9,1,11.4,1702.03,17020.3,0,10
LONG,Bar_Range:hi,MultiDay_Position:lo,10,9,1,30.1,2576.36,25763.6,0,10
LONG,Micro_AutoCorr:hi,Micro_VPIN:lo,9,9,0,11.33,1338.9,12050.1,0,9
LONG,Micro_PriceAccel:lo,Micro_VolOfVol:hi,9,9,0,22.44,504.79,4543.1,0,9
LONG,Micro_PriceAccel:lo,Volume:hi,9,9,0,23.56,537.68,4839.1,0,9
LONG,Micro_RangeAccel:lo,TChan_A15:hi,9,9,0,18.56,3496.44,31468.0,0,9
LONG,Micro_RangeVelocity:lo,TChan_A15:hi,9,9,0,19.44,3518.3,31664.7,0,9
LONG,Micro_RollProxy:hi,Micro_VPIN:lo,9,9,0,14.67,1336.36,12027.2,0,9
LONG,Micro_VPIN:lo,MultiDay_Position:lo,9,9,0,22.0,508.72,4578.5,0,9
LONG,PrevDay_Low_Dist_ATR:lo,RangeOsc_Val:lo,9,9,0,29.22,627.07,5643.6,0,9
LONG,RangeOsc_Val:lo,Volume_Avg_10:hi,9,9,0,24.78,517.62,4658.6,0,9
LONG,Micro_RangeAccel:lo,Micro_WickImbalance:hi,10,9,1,11.9,62.28,622.8,0,10
LONG,Micro_FailedBreak:hi,Micro_WickImbalance:hi,10,9,1,9.5,228.13,2281.3,0,10
LONG,Micro_Hurst:hi,WeeklyOpen_Side:==-1,9,9,0,20.33,3940.32,35462.9,0,9
LONG,Momentum_Value:hi,Sqz_Val:hi,9,9,0,21.22,2451.01,22059.1,0,9
LONG,OR_Position:lo,WeeklyOpen_Side:==-1,10,9,1,21.4,1810.27,18102.7,0,10
LONG,AT_Slope_ST:lo,Micro_PriceAccel:hi,9,9,0,20.78,2006.83,18061.5,0,9
LONG,Body_Size:hi,Micro_PriceAccel:hi,9,9,0,18.67,2172.81,19555.3,0,9
LONG,D2D_Signal:==1,Slope_Accel_LT:hi,9,9,0,6.44,576.04,5184.4,0,9
LONG,EMA_Oscillator:hi,Micro_WickImbalance:lo,9,9,0,26.11,3117.08,28053.7,0,9
LONG,Micro_PriceAccel:hi,OR_Low_Side:==-1,10,9,1,16.5,1923.59,19235.9,0,10
LONG,Micro_PriceAccel:hi,PrevDay_Low_Side:==-1,10,9,1,17.1,1718.89,17188.9,0,10
LONG,Micro_PriceAccel:hi,Volume_Avg_10:hi,10,9,1,15.1,1647.95,16479.5,0,10
LONG,PoC_Side:==1,Volume_Avg_10:hi,9,9,0,16.0,2027.01,18243.1,0,9
LONG,MultiDay_Slope:lo,RangeOsc_State:==-1,9,9,0,18.44,452.44,4072.0,0,9
LONG,Sqz_State:==1,Volume_Ratio_10:hi,9,9,0,22.0,2372.43,21351.9,0,9
LONG,D2D_ATR:hi,Round_100_Dist_ATR:lo,9,9,0,21.44,479.57,4316.1,0,9
LONG,DailyOpen_Side:==-1,Slope_Accel_LT:hi,9,9,0,10.33,714.76,6432.8,0,9
LONG,PrevDay_High_Dist_ATR:hi,Slope_EMA_ST:lo,9,9,0,14.78,200.64,1805.8,0,9
LONG,AT_Lookback_ST:hi,WeeklyOpen_Side:==-1,9,9,0,25.22,2169.76,19527.8,0,9
LONG,OBV_Macd:lo,PrevDay_High_Dist_ATR:hi,9,9,0,10.78,160.74,1446.7,0,9
LONG,KAMA_Dist:hi,WeeklyOpen_Side:==-1,9,9,0,15.33,3688.92,33200.3,0,9
LONG,Micro_BarOverlap:lo,Micro_Rejection:lo,9,9,0,17.56,366.46,3298.1,0,9
LONG,AT_Slope_LT:lo,MultiDay_Slope:lo,9,9,0,15.78,396.1,3564.9,0,9
LONG,RangeOsc_State:==2,Slope_Accel_LT:hi,11,9,2,7.73,52.68,579.5,0,11
LONG,Micro_FractalDim:lo,Micro_Rejection:lo,9,9,0,11.78,334.47,3010.2,0,9
LONG,AT_Regime_LT:==1,VWAP_Side:==1,9,9,0,12.33,2250.04,20250.4,0,9
LONG,KAMA_Dist:hi,PrevDay_Close_Side:==-1,9,9,0,8.56,2544.86,22903.7,0,9
LONG,OR_Low_Side:==1,WeeklyOpen_Side:==-1,11,9,2,7.64,1696.11,18657.2,0,11
LONG,AT_Regime_LT:==1,PrevDay_Close_Side:==-1,10,9,1,11.1,1738.4,17384.0,0,10
LONG,AT_Regime_ST:==1,VWAP_Side:==1,9,9,0,13.11,2070.97,18638.7,0,9
LONG,PoC_Side:==1,PrevDay_Close_Side:==-1,9,9,0,12.67,3690.21,33211.9,0,9
LONG,PrevDay_Close_Side:==-1,Upper_Wick:hi,11,9,2,11.18,2905.29,31958.2,0,11
LONG,PrevDay_Low_Side:==-1,VWAP_Dist_ATR:lo,9,9,0,9.78,365.69,3291.2,0,9
LONG,PrevDay_High_Dist_ATR:lo,Session_Low_Dist_ATR:lo,10,9,1,13.2,3456.39,34563.9,0,10
LONG,Session_Low_Dist_ATR:lo,WeeklyOpen_Side:==-1,10,9,1,12.6,3441.76,34417.6,0,10
LONG,D2D_Persist:hi,PrevDay_Close_Side:==-1,9,9,0,7.0,213.73,1923.6,0,9
LONG,Bar_Range:hi,MultiDay_Slope:lo,9,9,0,11.89,303.87,2734.8,0,9
LONG,Momentum_Value:lo,Round_500_Dist_ATR:lo,9,9,0,7.89,180.8,1627.2,7,2
LONG,Micro_Rejection:lo,VWAP_Side:==1,9,9,0,8.22,570.0,5130.0,0,9
LONG,Session_High_Dist_ATR:lo,Volume_Avg_10:hi,9,9,0,8.89,338.11,3043.0,0,9
LONG,AT_Score_LT:hi,PrevDay_High_Dist_ATR:lo,9,9,0,5.56,179.98,1619.8,8,1
LONG,Micro_OrderFlowDelta:hi,PrevDay_Close_Side:==-1,9,9,0,13.0,3870.63,34835.7,0,9
LONG,PrevDay_Close_Side:==-1,Session_High_Dist_ATR:lo,9,9,0,11.78,3708.69,33378.2,0,9
LONG,Micro_RangeVelocity:lo,VWAP_Dist_ATR:lo,9,9,0,11.22,1833.66,16502.9,0,9
LONG,Micro_WickImbalance:hi,PrevDay_Low_Side:==-1,10,9,1,10.3,267.97,2679.7,0,10
LONG,PoC_Side:==1,RangeOsc_State:==-2,9,9,0,16.11,5863.28,52769.5,0,9
LONG,Lower_Wick:lo,Upper_Wick:hi,9,9,0,11.44,538.69,4848.2,0,9
LONG,Lower_Wick:lo,Volume:hi,9,9,0,13.33,597.11,5374.0,0,9
LONG,Momentum_Value:hi,VWAP_Dist_ATR:lo,9,9,0,11.56,2202.01,19818.1,0,9
LONG,DailyOpen_Dist_ATR:lo,RangeOsc_State:==-2,9,9,0,14.0,2336.32,21026.9,0,9
LONG,Micro_IBSP:hi,Round_500_Dist_ATR:lo,9,9,0,11.44,360.51,3244.6,0,9
LONG,PrevDay_Close_Side:==-1,TChan_A15:hi,9,9,0,11.0,1879.54,16915.9,0,9
LONG,Volume_Ratio_10:hi,WeeklyOpen_Side:==-1,9,9,0,16.44,3867.81,34810.3,0,9
LONG,Micro_OrderFlowDelta:lo,PrevDay_Low_Side:==-1,9,9,0,10.44,261.6,2354.4,0,9
LONG,D2D_Persist:hi,OR_Position:hi,10,9,1,5.5,103.18,1031.8,0,10
LONG,OBV_Velocity:hi,Session_High_Dist_ATR:lo,9,9,0,8.89,967.49,8707.4,0,9
LONG,PrevDay_High_Dist_ATR:lo,VA_Position:hi,11,9,2,7.0,126.93,1396.2,0,11
LONG,Sqz_State:==1,VA_Position:hi,11,9,2,12.82,225.63,2481.9,0,11
LONG,Micro_PriceAccel:hi,Slope_EMA_ST:lo,9,9,0,20.67,2054.34,18489.1,0,9
LONG,AT_Score_LT:lo,PrevDay_Low_Dist_ATR:lo,9,9,0,16.33,454.57,4091.1,0,9
LONG,Micro_Rejection:lo,VA_Position:hi,10,9,1,9.2,36.73,367.3,0,10
LONG,Micro_HLAsymmetry:hi,Round_500_Dist_ATR:lo,9,9,0,18.89,599.94,5399.5,0,9
LONG,Round_500_Dist_ATR:lo,Volume_Ratio_10:hi,9,9,0,17.89,587.02,5283.2,0,9
LONG,Micro_WickImbalance:lo,VWAP_Dist_ATR:lo,9,9,0,12.11,1946.09,17514.8,0,9
LONG,OR_High_Side:==-1,VWAP_Side:==1,9,9,0,13.0,1998.1,17982.9,0,9
LONG,Micro_PriceAccel:hi,OBV_Macd:lo,10,9,1,17.2,1731.8,17318.0,0,10
LONG,AT_Lookback_ST:hi,VWAP_Sigma_ATR:lo,9,9,0,29.22,2924.67,26322.0,0,9
LONG,Body_Size:hi,VWAP_Sigma_ATR:lo,10,9,1,28.2,2643.3,26433.0,0,10
LONG,Micro_FailedBreak:hi,VWAP_Sigma_ATR:lo,9,9,0,21.78,2171.74,19545.7,0,9
LONG,Micro_OrderFlowDelta:hi,VWAP_Sigma_ATR:lo,9,9,0,27.0,3082.28,27740.5,0,9
LONG,Micro_WickImbalance:lo,Round_100_Dist_ATR:lo,9,9,0,18.89,738.96,6650.6,0,9
LONG,DailyOpen_Side:==1,VWAP_Dist_ATR:lo,9,9,0,10.22,397.57,3578.1,0,9
LONG,AT_Lookback_LT:hi,VAH_Dist_ATR:hi,9,9,0,5.33,351.46,3163.1,9,0
LONG,AT_Lookback_LT:hi,WeeklyOpen_Dist_ATR:lo,9,9,0,5.33,351.46,3163.1,9,0
LONG,VAH_Dist_ATR:hi,WeeklyOpen_Dist_ATR:lo,9,9,0,5.33,351.46,3163.1,9,0
LONG,Micro_Rejection:lo,TChan_A15:hi,9,9,0,10.0,299.76,2697.8,0,9
LONG,Micro_Hurst:hi,Round_100_Dist_ATR:lo,9,9,0,9.89,335.8,3022.2,0,9
LONG,ADX_Value:hi,Upper_Wick:hi,9,9,0,18.0,985.08,8865.7,0,9
LONG,Micro_Hurst:hi,Round_500_Dist_ATR:lo,9,9,0,14.89,566.79,5101.1,0,9
LONG,PoC_Side:==1,Round_500_Dist_ATR:lo,9,9,0,10.89,809.63,7286.7,0,9
LONG,ADX_Rising:==0,Micro_LogReturn:hi,9,9,0,14.56,2273.72,20463.5,0,9
LONG,Micro_FractalDim:lo,Micro_WickImbalance:lo,9,9,0,9.56,1387.27,12485.4,0,9
LONG,PrevDay_Low_Side:==-1,RangeOsc_Val:hi,9,9,0,8.11,745.87,6712.8,0,9
LONG,ADX_Value:hi,Momentum_Value:hi,9,9,0,18.89,985.01,8865.1,0,9
LONG,Session_Low_Dist_ATR:lo,VWAP_Side:==1,9,9,0,11.67,2003.28,18029.5,0,9
LONG,OR_Position:lo,PrevDay_High_Side:==1,10,9,1,6.7,248.35,2483.5,10,0
LONG,Micro_CSSpread:hi,Volume_Ratio_10:hi,10,9,1,20.5,881.67,8816.7,0,10
LONG,Bars_Since_Flip:hi,Micro_MicroGap:hi,9,8,1,25.89,446.82,4021.4,0,9
LONG,DailyOpen_Dist_ATR:lo,Micro_LogReturn:hi,8,8,0,17.38,2265.18,18121.4,0,8
LONG,Lower_Wick:hi,VWAP_Sigma_ATR:lo,8,8,0,22.38,1548.42,12387.4,0,8
LONG,Micro_Entropy:lo,Micro_HLAsymmetry:lo,8,8,0,8.38,362.35,2898.8,8,0
LONG,Micro_Entropy:lo,OR_Low_Side:==-1,9,8,1,8.67,263.69,2373.2,8,1
LONG,Micro_Entropy:lo,Volume_Ratio_10:hi,8,8,0,8.62,1504.0,12032.0,0,8
LONG,Micro_HLAsymmetry:lo,Micro_LogReturn:hi,8,8,0,7.75,236.14,1889.1,7,1
LONG,Micro_HLAsymmetry:lo,Micro_MicroGap:hi,8,8,0,7.88,260.84,2086.7,7,1
LONG,Micro_HLAsymmetry:lo,Micro_VolOfVol:hi,8,8,0,8.25,226.96,1815.7,0,8
LONG,Micro_LogReturn:hi,VWAP_Dist_ATR:lo,8,8,0,13.88,2220.69,17765.5,0,8
LONG,Micro_WickImbalance:hi,Volume_Ratio_10:hi,8,8,0,14.12,367.26,2938.1,0,8
LONG,RangeOsc_State:==-1,VWAP_Sigma_ATR:lo,8,8,0,24.5,680.11,5440.9,0,8
LONG,VWAP_Dist_ATR:lo,Volume_Ratio_10:hi,8,8,0,14.88,2283.06,18264.5,0,8
LONG,AT_Regime_ST:==1,Lower_Wick:lo,9,8,1,14.56,203.12,1828.1,0,9
LONG,Lower_Wick:lo,Micro_VolOfVol:hi,8,8,0,13.62,287.59,2300.7,0,8
LONG,Lower_Wick:lo,Session_Low_Dist_ATR:lo,8,8,0,12.75,454.39,3635.1,0,8
LONG,Micro_TickIntensity:hi,Micro_WickImbalance:hi,8,8,0,8.12,90.38,723.0,0,8
LONG,Dist_To_PoC_ATR:lo,Volume_Avg_10:hi,8,8,0,8.75,133.5,1068.0,0,8
LONG,Micro_VolOfVol:lo,Volume_Avg_10:hi,8,8,0,8.75,133.5,1068.0,0,8
LONG,Micro_MicroGap:lo,Session_Low_Dist_ATR:lo,8,8,0,18.12,903.42,7227.4,0,8
LONG,Micro_MicroGap:lo,Volume_Avg_10:hi,8,8,0,16.0,221.54,1772.3,0,8
LONG,Micro_OrderFlowDelta:lo,RangeOsc_State:==2,9,8,1,9.0,1248.74,11238.7,0,9
LONG,OR_Low_Side:==1,VWAP_Sigma:lo,8,8,0,8.0,242.02,1936.2,0,8
LONG,Dist_To_PoC_ATR:lo,Volume:hi,8,8,0,8.75,149.46,1195.7,0,8
LONG,Micro_OrderFlowDelta:lo,OR_Position:hi,8,8,0,7.25,234.86,1878.9,0,8
LONG,OR_Position:hi,VWAP_Sigma:lo,8,8,0,6.62,380.21,3041.7,6,2
LONG,Round_1000_Dist_ATR:lo,VWAP_Sigma:lo,8,8,0,8.5,121.96,975.7,0,8
LONG,Round_100_Dist_ATR:lo,Session_Low_Dist_ATR:lo,9,8,1,20.33,432.42,3891.8,0,9
LONG,DailyOpen_Dist_ATR:lo,Round_1000_Dist_ATR:lo,8,8,0,15.12,2401.86,19214.9,0,8
LONG,Micro_VolOfVol:lo,RangeOsc_State:==-1,8,8,0,8.88,159.62,1277.0,0,8
LONG,Round_1000_Dist_ATR:lo,VWAP_Dist_ATR:lo,8,8,0,13.38,2292.31,18338.5,0,8
LONG,VWAP_Dist_ATR:lo,Volume_Avg_10:hi,8,8,0,10.38,291.18,2329.4,0,8
LONG,DailyOpen_Side:==-1,Micro_FailedBreak:hi,8,8,0,10.5,420.96,3367.7,0,8
LONG,Bar_Range:hi,DailyOpen_Dist_ATR:lo,9,8,1,14.11,2000.34,18003.1,0,9
LONG,Bar_Range:hi,Micro_HLAsymmetry:lo,8,8,0,8.5,441.92,3535.4,0,8
LONG,Micro_MomoTransfer:hi,Volume:hi,9,8,1,11.22,300.66,2705.9,0,9
LONG,AT_Regime_LT:==1,OR_Low_Side:==1,9,8,1,6.67,376.64,3389.8,0,9
LONG,Micro_Entropy:lo,Micro_Rejection:lo,9,8,1,7.33,469.04,4221.4,0,9
LONG,Micro_Entropy:lo,OR_Low_Side:==1,9,8,1,7.0,359.89,3239.0,0,9
LONG,Micro_MomoTransfer:hi,Micro_Rejection:lo,9,8,1,6.67,287.8,2590.2,0,9
LONG,Micro_OrderFlowDelta:lo,Micro_RangeAccel:lo,8,8,0,14.25,1447.14,11577.1,0,8
LONG,D2D_ATR_MA:hi,DailyOpen_Dist_ATR:lo,8,8,0,15.88,2337.85,18702.8,0,8
LONG,D2D_ATR_MA:hi,KAMA_Dist:lo,8,8,0,12.25,247.94,1983.5,0,8
LONG,D2D_ATR_MA:hi,Micro_HLAsymmetry:lo,8,8,0,7.75,156.7,1253.6,0,8
LONG,D2D_ATR_MA:hi,VWAP_Dist_ATR:lo,8,8,0,13.75,2152.8,17222.4,0,8
LONG,Harmonic_OBVf_Concordance:==0,Micro_VPIN:lo,9,8,1,8.89,225.36,2028.2,0,9
LONG,KAMA_Dist:lo,Micro_VPIN:lo,9,8,1,8.89,225.36,2028.2,0,9
LONG,Micro_HLAsymmetry:lo,Micro_VPIN:lo,8,8,0,8.5,328.35,2626.8,0,8
LONG,Micro_VPIN:lo,Micro_WickImbalance:hi,9,8,1,8.89,225.36,2028.2,0,9
LONG,AT_Lookback_ST:hi,Micro_PriceAccel:lo,8,8,0,27.5,1295.86,10366.9,0,8
LONG,AT_Lookback_ST:hi,Micro_TickIntensity:hi,8,8,0,20.75,353.09,2824.7,0,8
LONG,AT_Lookback_ST:hi,PoC_Side:==1,8,8,0,22.25,2357.28,18858.2,0,8
LONG,AT_Slope_LT:lo,Micro_PriceAccel:lo,8,8,0,27.5,1295.86,10366.9,0,8
LONG,Body_Size:hi,Micro_TickIntensity:hi,8,8,0,16.62,344.7,2757.6,0,8
LONG,D2D_ATR:hi,PoC_Side:==1,8,8,0,24.25,2498.44,19987.5,0,8
LONG,D2D_Signal:==1,Micro_RangeVelocity:lo,8,8,0,14.88,2136.77,17094.2,0,8
LONG,D2D_Signal:==1,RangeOsc_State:==-1,8,8,0,23.5,697.19,5577.5,0,8
LONG,KAMA_Dist:hi,Micro_TickIntensity:hi,8,8,0,9.88,792.6,6340.8,0,8
LONG,KAMA_Dist:hi,OR_Position:lo,8,8,0,25.38,548.35,4386.8,0,8
LONG,Micro_CSSpread:hi,Micro_RangeAccel:lo,8,8,0,21.88,881.2,7049.6,0,8
LONG,Micro_CSSpread:hi,RangeOsc_State:==-1,8,8,0,26.75,863.64,6909.1,0,8
LONG,Micro_MicroGap:lo,Micro_RangeVelocity:lo,9,8,1,17.78,591.9,5327.1,0,9
LONG,Micro_PriceAccel:lo,Micro_RollProxy:hi,8,8,0,27.5,1295.86,10366.9,0,8
LONG,PoC_Side:==1,VA_Position:hi,8,8,0,14.25,652.51,5220.1,0,8
LONG,EMA_Oscillator:hi,Micro_HLAsymmetry:hi,8,8,0,28.75,3589.79,28718.3,0,8
LONG,EMA_Oscillator:hi,Micro_Hurst:hi,8,8,0,25.12,3611.5,28892.0,0,8
LONG,Micro_MicroGap:lo,PrevDay_High_Side:==-1,8,8,0,25.62,871.98,6975.8,0,8
LONG,Micro_RangeVelocity:hi,VA_Position:hi,8,8,0,18.75,456.27,3650.2,0,8
LONG,PrevDay_High_Dist_ATR:lo,RangeOsc_State:==-2,8,8,0,14.5,4516.84,36134.7,0,8
LONG,OR_Low_Side:==-1,RangeOsc_Val:hi,8,8,0,5.88,159.51,1276.1,0,8
LONG,DailyOpen_Side:==1,VWAP_Side:==1,8,8,0,7.62,218.69,1749.5,0,8
LONG,OBV_Velocity:hi,Round_500_Dist_ATR:lo,8,8,0,7.5,525.85,4206.8,0,8
LONG,Micro_OrderFlowDelta:hi,PrevDay_High_Side:==-1,8,8,0,31.38,5498.79,43990.3,0,8
LONG,Micro_AutoCorr:hi,RangeOsc_State:==2,8,8,0,6.75,1458.11,11664.9,0,8
LONG,ADX_Rising:==0,Micro_Hurst:hi,8,8,0,12.62,2195.81,17566.5,0,8
LONG,Micro_RangeAccel:hi,PrevDay_High_Side:==-1,8,8,0,14.62,408.1,3264.8,0,8
LONG,AT_Lookback_ST:hi,Micro_MicroGap:hi,9,8,1,25.89,411.12,3700.1,0,9
LONG,Micro_MicroGap:hi,VWAP_Side:==-1,9,8,1,23.89,359.88,3238.9,0,9
LONG,Micro_TickIntensity:hi,WeeklyOpen_Side:==-1,9,8,1,5.78,23.5,211.5,0,9
LONG,ADX_Rising:==0,AT_Regime_LT:==1,8,8,0,18.0,2215.41,17723.3,0,8
LONG,ADX_Rising:==0,OBV_Macd:lo,8,8,0,18.5,2306.49,18451.9,0,8
LONG,ADX_Rising:==0,Volume_Ratio_10:hi,8,8,0,18.75,2344.86,18758.9,0,8
LONG,PoC_Side:==1,Round_1000_Dist_ATR:lo,8,8,0,14.12,4014.95,32119.6,0,8
LONG,Micro_RangeAccel:lo,MultiDay_Position:hi,8,8,0,5.88,399.12,3193.0,0,8
LONG,AT_Lookback_ST:hi,Micro_FractalDim:lo,8,8,0,23.12,324.7,2597.6,0,8
LONG,Micro_BarOverlap:lo,PrevDay_High_Side:==-1,8,8,0,23.38,2907.66,23261.3,0,8
LONG,Micro_FractalDim:lo,OR_High_Side:==-1,8,8,0,16.38,418.33,3346.6,0,8
LONG,Micro_FractalDim:lo,Round_1000_Dist_ATR:lo,9,8,1,17.78,391.26,3521.3,0,9
LONG,Micro_MicroGap:lo,Round_1000_Dist_ATR:lo,8,8,0,21.38,1006.11,8048.9,0,8
LONG,Micro_HLAsymmetry:hi,Micro_TickIntensity:hi,8,8,0,15.25,190.35,1522.8,0,8
LONG,Micro_MicroGap:hi,Micro_RangeVelocity:lo,8,8,0,18.25,1565.89,12527.1,0,8
LONG,Micro_AutoCorr:hi,Slope_Accel_LT:hi,8,8,0,13.25,180.78,1446.2,0,8
LONG,Micro_AutoCorr:hi,Micro_CSSpread:hi,8,8,0,22.88,896.06,7168.5,0,8
LONG,Micro_CSSpread:hi,Micro_Hurst:hi,8,8,0,23.0,891.12,7129.0,0,8
LONG,Micro_FractalDim:lo,Upper_Wick:hi,8,8,0,15.5,320.09,2560.7,0,8
LONG,Micro_RollProxy:hi,Round_500_Dist_ATR:lo,8,8,0,19.88,299.96,2399.7,0,8
LONG,Micro_VolOfVol:lo,Slope_Accel_LT:hi,8,8,0,9.88,138.21,1105.7,0,8
LONG,Micro_VolOfVol:lo,VWAP_Sigma:hi,8,8,0,10.12,476.94,3815.5,0,8
LONG,AT_Score_LT:lo,Micro_OrderFlowDelta:hi,8,8,0,22.62,465.81,3726.5,0,8
LONG,Body_Size:hi,Micro_VPIN:lo,8,8,0,25.0,508.59,4068.7,0,8
LONG,AT_Score_LT:lo,OBV_Velocity:hi,8,8,0,9.88,514.53,4116.2,0,8
LONG,Micro_BarOverlap:lo,Micro_RangeAccel:hi,8,8,0,18.5,285.59,2284.7,0,8
LONG,Micro_FailedBreak:hi,OBV_Velocity:hi,8,8,0,14.62,432.87,3463.0,0,8
LONG,Micro_RangeAccel:hi,OBVf_Signal:==1,8,8,0,16.25,313.14,2505.1,0,8
LONG,OBV_Velocity:hi,VWAP_Side:==-1,8,8,0,14.88,730.34,5842.7,0,8
LONG,OR_Position:lo,RangeOsc_State:==-2,8,8,0,26.12,2161.61,17292.9,0,8
LONG,AT_Regime_LT:==1,RangeOsc_State:==-2,8,8,0,18.0,2057.49,16459.9,0,8
LONG,OR_Position:lo,Slope_Accel_LT:lo,8,8,0,21.12,2319.69,18557.5,0,8
LONG,Micro_FractalDim:lo,RangeOsc_State:==2,8,8,0,7.25,1406.59,11252.7,0,8
LONG,Micro_OrderFlowDelta:lo,Micro_VolOfVol:hi,8,8,0,14.88,257.39,2059.1,0,8
LONG,Round_100_Dist_ATR:lo,Session_High_Dist_ATR:lo,8,8,0,9.0,369.23,2953.8,0,8
LONG,AT_Slope_LT:lo,DailyOpen_Dist_ATR:lo,8,8,0,18.5,2335.81,18686.5,0,8
LONG,AT_Slope_LT:lo,Micro_IBSP:hi,8,8,0,15.0,291.27,2330.2,0,8
LONG,AT_Slope_ST:lo,Micro_IBSP:hi,8,8,0,14.0,351.7,2813.6,0,8
LONG,Body_Size:hi,DailyOpen_Side:==1,8,8,0,23.62,667.19,5337.5,0,8
LONG,D2D_Signal:==1,Micro_TickIntensity:lo,8,8,0,18.88,2570.55,20564.4,0,8
LONG,DailyOpen_Side:==1,Micro_FailedBreak:hi,8,8,0,15.0,511.45,4091.6,0,8
LONG,DailyOpen_Side:==1,Micro_HLAsymmetry:hi,8,8,0,22.25,686.59,5492.7,0,8
LONG,DailyOpen_Side:==1,Micro_LogReturn:hi,8,8,0,20.88,557.86,4462.9,0,8
LONG,DailyOpen_Side:==1,VWAP_Side:==-1,8,8,0,21.0,638.49,5107.9,0,8
LONG,Micro_IBSP:hi,Volume:hi,8,8,0,14.0,385.73,3085.8,0,8
LONG,Micro_RangeVelocity:hi,Slope_Accel_LT:lo,8,8,0,18.25,690.31,5522.5,0,8
LONG,OR_Low_Side:==-1,Slope_Accel_LT:lo,8,8,0,21.75,2376.26,19010.1,0,8
LONG,Slope_Accel_LT:lo,VWAP_Side:==-1,8,8,0,26.0,1191.61,9532.9,0,8
LONG,Micro_RangeVelocity:lo,RangeOsc_Val:lo,9,8,1,22.56,231.01,2079.1,0,9
LONG,D2D_ATR_MA:hi,Micro_OrderFlowDelta:lo,9,8,1,13.78,150.1,1350.9,0,9
LONG,D2D_ATR_MA:hi,Round_100_Dist_ATR:lo,8,8,0,23.0,509.6,4076.8,0,8
LONG,D2D_DirStep:==-1,OR_Low_Side:==-1,8,8,0,9.62,139.39,1115.1,0,8
LONG,D2D_Signal:==0,Micro_Rejection:lo,8,8,0,21.75,290.09,2320.7,0,8
LONG,Micro_OrderFlowDelta:lo,OR_Position:lo,9,8,1,13.67,146.83,1321.5,0,9
LONG,Momentum_Value:hi,Round_100_Dist_ATR:lo,8,8,0,23.5,692.58,5540.6,0,8
LONG,Lower_Wick:hi,TChan_A15:hi,8,8,0,19.0,894.99,7159.9,0,8
LONG,Micro_AutoCorr:hi,Micro_WickImbalance:hi,8,8,0,9.5,306.15,2449.2,0,8
LONG,PrevDay_High_Side:==-1,Slope_Accel_LT:lo,8,8,0,25.88,2689.82,21518.6,0,8
LONG,PrevDay_High_Side:==-1,TChan_A15:hi,8,8,0,20.38,2771.07,22168.6,0,8
LONG,Slope_Accel_LT:lo,VWAP_Dist_ATR:lo,8,8,0,12.88,2252.43,18019.4,0,8
LONG,OBVf_Signal:==-1,Upper_Wick:hi,8,8,0,14.75,2323.35,18586.8,0,8
LONG,Micro_WickImbalance:hi,Sqz_State:==1,8,8,0,12.38,269.84,2158.7,0,8
LONG,RangeOsc_State:==-2,Session_Low_Dist_ATR:lo,8,8,0,13.88,4216.65,33733.2,0,8
LONG,AT_Score_LT:lo,EMA_Oscillator:hi,8,8,0,15.62,345.74,2765.9,0,8
LONG,AT_Score_LT:lo,KAMA_Dist:hi,8,8,0,16.38,450.26,3602.1,0,8
LONG,Body_Size:hi,Micro_Rejection:lo,8,8,0,22.12,507.59,4060.7,0,8
LONG,Micro_MomoTransfer:hi,PrevDay_Low_Side:==-1,9,8,1,6.56,39.47,355.2,0,9
LONG,ADX_Value:hi,PrevDay_Low_Side:==-1,8,8,0,11.38,760.99,6087.9,0,8
LONG,Micro_RangeVelocity:hi,Micro_VPIN:lo,8,8,0,20.12,511.83,4094.6,0,8
LONG,PrevDay_Low_Side:==-1,Slope_Accel_LT:lo,8,8,0,15.38,1024.67,8197.4,0,8
LONG,Body_Size:hi,TChan_A15:hi,8,8,0,27.25,2986.03,23888.2,0,8
LONG,D2D_ATR_MA:hi,TChan_A15:hi,8,8,0,25.62,2946.38,23571.0,0,8
LONG,D2D_DirStep:==1,Session_Low_Dist_ATR:lo,8,8,0,29.25,3043.24,24345.9,0,8
LONG,Micro_AutoCorr:hi,MultiDay_Position:lo,8,8,0,31.5,3116.29,24930.3,0,8
LONG,Micro_AutoCorr:hi,PrevDay_Low_Dist_ATR:lo,8,8,0,24.75,447.26,3578.1,0,8
LONG,Micro_VPIN:lo,TChan_A15:hi,8,8,0,11.75,1472.02,11776.2,0,8
LONG,RangeOsc_State:==-1,TChan_A15:hi,8,8,0,25.62,1159.47,9275.8,0,8
LONG,D2D_ATR:hi,Micro_OrderFlowDelta:lo,8,8,0,14.75,235.94,1887.5,0,8
LONG,Micro_AutoCorr:hi,RangeOsc_State:==-2,8,8,0,20.5,3888.44,31107.5,0,8
LONG,Micro_HLAsymmetry:hi,Sqz_Val:hi,8,8,0,20.25,2318.74,18549.9,0,8
LONG,Micro_HLAsymmetry:hi,WeeklyOpen_Side:==-1,8,8,0,28.5,4218.0,33744.0,0,8
LONG,Sqz_Val:hi,VWAP_Side:==-1,8,8,0,20.0,2721.93,21775.4,0,8
LONG,AT_Score_LT:lo,PoC_Side:==1,8,8,0,7.12,993.93,7951.4,0,8
LONG,Micro_PriceAccel:hi,MultiDay_Position:lo,9,8,1,15.89,1756.39,15807.5,0,9
LONG,Micro_PriceAccel:hi,Session_Low_Dist_ATR:lo,8,8,0,16.25,504.51,4036.1,0,8
LONG,ADX_Rising:==0,OR_Low_Side:==-1,8,8,0,19.0,2329.59,18636.7,0,8
LONG,KAMA_Dist:lo,OR_Position:lo,9,8,1,11.0,78.99,710.9,0,9
LONG,Micro_MicroGap:lo,Micro_VolOfVol:hi,9,8,1,21.0,760.78,6847.0,0,9
LONG,Micro_VolOfVol:hi,MultiDay_Slope:lo,8,8,0,20.5,560.83,4486.6,0,8
LONG,MultiDay_Slope:lo,OR_Low_Side:==-1,8,8,0,20.0,340.0,2720.0,0,8
LONG,MultiDay_Slope:lo,Upper_Wick:hi,8,8,0,15.88,294.95,2359.6,0,8
LONG,MultiDay_Slope:lo,Volume_Avg_10:hi,8,8,0,15.88,456.69,3653.5,0,8
LONG,MultiDay_Slope:lo,Volume_Ratio_10:hi,8,8,0,17.5,234.11,1872.9,0,8
LONG,Micro_GarmanKlass:hi,Volume_Avg_10:hi,8,8,0,14.12,237.99,1903.9,0,8
LONG,Micro_RangeAccel:hi,Session_Low_Dist_ATR:lo,8,8,0,18.0,499.52,3996.2,0,8
LONG,Micro_RollProxy:hi,PrevDay_High_Dist_ATR:hi,9,8,1,10.89,171.4,1542.6,0,9
LONG,Micro_VolOfVol:hi,PrevDay_High_Dist_ATR:hi,8,8,0,11.88,181.65,1453.2,0,8
LONG,PrevDay_High_Dist_ATR:hi,Upper_Wick:hi,8,8,0,13.38,194.78,1558.2,0,8
LONG,PrevDay_Low_Side:==-1,Round_100_Dist_ATR:lo,8,8,0,19.38,334.5,2676.0,0,8
LONG,Micro_VolOfVol:hi,WeeklyOpen_Side:==-1,8,8,0,21.75,2373.3,18986.4,0,8
LONG,MultiDay_Position:lo,RangeOsc_State:==-2,9,8,1,21.22,1850.86,16657.7,0,9
LONG,MultiDay_Position:lo,WeeklyOpen_Side:==-1,9,8,1,21.22,1850.86,16657.7,0,9
LONG,D2D_ATR_MA:hi,EMA_Oscillator:hi,8,8,0,18.75,852.1,6816.8,0,8
LONG,KAMA_Dist:hi,Micro_BarOverlap:lo,8,8,0,26.75,3046.04,24368.3,0,8
LONG,PrevDay_High_Dist_ATR:hi,VWAP_Sigma:hi,8,8,0,11.0,255.9,2047.2,0,8
LONG,Micro_FailedBreak:hi,RangeOsc_State:==2,8,8,0,9.0,142.45,1139.6,0,8
LONG,Micro_RollProxy:hi,MultiDay_Slope:lo,8,8,0,15.12,426.09,3408.7,0,8
LONG,Momentum_Value:hi,MultiDay_Slope:lo,8,8,0,16.88,519.9,4159.2,0,8
LONG,OR_Low_Side:==-1,RangeOsc_State:==2,8,8,0,9.5,216.91,1735.3,0,8
LONG,Efficiency_Ratio:hi,Slope_Accel_LT:hi,10,8,2,6.2,-6.37,-63.7,0,10
LONG,Micro_TickIntensity:hi,RangeOsc_State:==2,9,8,1,7.11,75.63,680.7,0,9
LONG,Micro_TickIntensity:hi,PrevDay_High_Dist_ATR:hi,8,8,0,8.38,321.23,2569.8,0,8
LONG,DailyOpen_Side:==-1,Micro_TickIntensity:hi,8,8,0,8.12,728.1,5824.8,0,8
LONG,Micro_FractalDim:lo,Micro_VPIN:lo,8,8,0,9.25,1416.26,11330.1,0,8
LONG,Slope_Accel_LT:hi,TChan_A15:hi,8,8,0,6.88,122.29,978.3,0,8
LONG,PrevDay_Low_Side:==-1,VWAP_Sigma_ATR:lo,10,8,2,16.8,2372.98,23729.8,0,10
LONG,Micro_FailedBreak:hi,VWAP_Dist_ATR:lo,8,8,0,13.38,2171.45,17371.6,0,8
LONG,AT_Regime_ST:==1,OR_Low_Side:==1,8,8,0,9.25,2462.28,19698.2,0,8
LONG,KAMA_Dist:hi,PrevDay_High_Dist_ATR:lo,8,8,0,7.38,2183.81,17470.5,0,8
LONG,ADX_Rising:==1,Upper_Wick:hi,8,8,0,9.38,2266.66,18133.3,0,8
LONG,AT_Regime_LT:==1,PrevDay_High_Dist_ATR:lo,9,8,1,13.33,1801.71,16215.4,0,9
LONG,PrevDay_Close_Side:==-1,Round_1000_Dist_ATR:lo,8,8,0,10.62,2048.21,16385.7,0,8
LONG,PrevDay_Close_Side:==-1,VWAP_Dist_ATR:lo,8,8,0,12.38,2131.6,17052.8,0,8
LONG,PrevDay_Close_Side:==-1,VWAP_Side:==1,8,8,0,11.5,2071.82,16574.6,0,8
LONG,PrevDay_High_Dist_ATR:lo,VWAP_Dist_ATR:lo,8,8,0,15.25,2239.53,17916.2,0,8
LONG,MultiDay_Position:hi,Slope_Accel_LT:hi,8,8,0,4.88,149.76,1198.1,0,8
LONG,Round_1000_Dist_ATR:lo,TChan_A15:hi,8,8,0,19.25,2656.95,21255.6,0,8
LONG,DailyOpen_Dist_ATR:lo,Micro_RangeAccel:lo,8,8,0,14.0,2200.06,17600.5,0,8
LONG,D2D_ATR_MA:hi,Round_500_Dist_ATR:lo,9,8,1,6.56,201.27,1811.4,0,9
LONG,OR_Position:hi,Slope_Accel_LT:hi,8,8,0,6.38,793.28,6346.2,0,8
LONG,AT_Score_LT:hi,Micro_GarmanKlass:hi,8,8,0,5.12,200.46,1603.7,7,1
LONG,AT_Slope_ST:lo,Micro_RollProxy:lo,9,8,1,10.22,343.53,3091.8,0,9
LONG,Micro_FailedBreak:hi,Round_100_Dist_ATR:lo,8,8,0,17.5,613.36,4906.9,0,8
LONG,D2D_Signal:==1,Lower_Wick:lo,8,8,0,14.62,685.35,5482.8,0,8
LONG,PrevDay_High_Dist_ATR:lo,Volume_Ratio_10:hi,8,8,0,13.62,4237.14,33897.1,0,8
LONG,Micro_OrderFlowDelta:hi,OR_High_Side:==-1,8,8,0,31.0,2916.88,23335.0,0,8
LONG,D2D_Dynamic_Sensitivity:lo,Micro_MicroGap:lo,9,8,1,14.11,751.21,6760.9,9,0
LONG,D2D_Dynamic_Sensitivity:lo,OBV_Macd:lo,9,8,1,14.11,751.21,6760.9,9,0
LONG,OBV_Macd:lo,VWAP_Side:==1,8,8,0,12.12,2239.79,17918.3,0,8
LONG,OR_Low_Side:==1,Slope_Accel_LT:hi,9,8,1,5.89,209.46,1885.1,0,9
LONG,D2D_Signal:==1,OBVf_Signal:==-1,8,8,0,13.5,2243.35,17946.8,0,8
LONG,Micro_OrderFlowDelta:hi,Slope_Accel_LT:lo,8,8,0,24.5,2804.76,22438.1,0,8
LONG,PrevDay_High_Dist_ATR:lo,VWAP_Sigma:hi,8,8,0,6.12,537.46,4299.7,0,8
LONG,Micro_PriceAccel:hi,Micro_VolOfVol:hi,8,8,0,16.5,536.71,4293.7,0,8
LONG,D2D_Signal:==1,Micro_RangeAccel:hi,8,8,0,15.38,891.17,7129.4,0,8
LONG,Micro_WickImbalance:hi,Round_500_Dist_ATR:lo,9,8,1,9.78,229.88,2068.9,0,9
LONG,AT_Score_LT:hi,Micro_CSSpread:hi,8,8,0,4.88,86.33,690.6,8,0
LONG,AT_Score_LT:hi,Volume_Avg_10:hi,8,8,0,4.88,86.33,690.6,8,0
LONG,D2D_Signal:==1,DailyOpen_Side:==-1,8,8,0,11.75,2302.36,18418.9,0,8
LONG,D2D_Signal:==1,TChan_A15:hi,8,8,0,18.0,2475.1,19800.8,0,8
LONG,Micro_AutoCorr:hi,Micro_PriceAccel:hi,8,8,0,19.75,2308.26,18466.1,0,8
LONG,Micro_AutoCorr:hi,Round_500_Dist_ATR:lo,8,8,0,16.75,330.06,2640.5,0,8
LONG,Micro_AutoCorr:hi,VA_Position:hi,8,8,0,20.38,1023.02,8184.2,0,8
LONG,Micro_WickImbalance:lo,VWAP_Side:==1,8,8,0,12.25,2262.03,18096.2,0,8
LONG,Micro_WickImbalance:lo,PrevDay_Low_Dist_ATR:lo,8,8,0,29.25,575.54,4604.3,0,8
LONG,AT_Slope_LT:lo,Micro_PriceAccel:hi,8,8,0,22.38,2302.91,18423.3,0,8
LONG,D2D_DirStep:==1,D2D_Signal:==1,8,8,0,28.88,4374.96,34999.7,0,8
LONG,Micro_AutoCorr:hi,Round_100_Dist_ATR:lo,8,8,0,15.75,481.84,3854.7,0,8
LONG,Micro_OrderFlowDelta:hi,Volume_Ratio_10:hi,8,8,0,32.75,4982.44,39859.5,0,8
LONG,Micro_WickImbalance:lo,VWAP_Sigma_ATR:lo,8,8,0,28.75,3334.47,26675.8,0,8
LONG,AT_Regime_LT:==1,RangeOsc_State:==2,8,8,0,7.62,1424.84,11398.7,0,8
LONG,Micro_VolOfVol:hi,PrevDay_High_Dist_ATR:lo,8,8,0,15.88,2255.82,18046.6,0,8
LONG,PrevDay_Close_Side:==-1,Slope_Accel_LT:hi,8,8,0,5.75,693.54,5548.3,0,8
LONG,Micro_LogReturn:hi,PrevDay_High_Dist_ATR:lo,8,8,0,14.5,2106.18,16849.4,0,8
LONG,OR_High_Side:==-1,Round_100_Dist_ATR:lo,8,8,0,8.25,520.38,4163.0,0,8
LONG,KAMA_Dist:lo,Round_500_Dist_ATR:lo,8,8,0,10.88,357.15,2857.2,0,8
LONG,Micro_RangeVelocity:lo,Session_High_Dist_ATR:lo,8,8,0,13.5,2180.65,17445.2,0,8
LONG,DailyOpen_Side:==1,Lower_Wick:hi,8,8,0,15.88,448.36,3586.9,0,8
LONG,PrevDay_High_Side:==-1,Round_500_Dist_ATR:lo,8,8,0,18.0,410.32,3282.6,0,8
LONG,OR_Position:hi,Slope_EMA_ST:hi,8,8,0,6.75,507.43,4059.4,0,8
LONG,Micro_VolOfVol:hi,VA_Position:hi,8,8,0,17.0,1105.72,8845.8,0,8
LONG,OR_Low_Side:==-1,PrevDay_High_Side:==1,9,8,1,6.67,194.53,1750.8,5,4
LONG,ADX_Rising:==0,D2D_DirStep:==1,8,8,0,15.38,2532.74,20261.9,0,8
LONG,AT_Slope_LT:lo,Session_High_Dist_ATR:lo,8,8,0,17.38,2312.76,18502.1,0,8
LONG,D2D_DirStep:==1,Session_High_Dist_ATR:lo,8,8,0,15.38,2532.74,20261.9,0,8
LONG,ADX_Value:hi,TChan_A15:hi,8,8,0,11.88,2053.99,16431.9,0,8
LONG,OR_Position:lo,VWAP_Dist_ATR:lo,8,8,0,13.0,2128.32,17026.6,0,8
LONG,Micro_WickImbalance:lo,VWAP_Sigma:lo,8,8,0,7.5,144.78,1158.2,8,0
LONG,Micro_VolOfVol:lo,PrevDay_Close_Side:==-1,8,8,0,7.0,177.57,1420.6,0,8
LONG,MultiDay_Position:lo,Session_High_Dist_ATR:lo,8,8,0,9.75,261.73,2093.8,0,8
LONG,Micro_LogReturn:hi,Round_500_Dist_ATR:lo,8,8,0,19.25,508.06,4064.5,0,8
LONG,DailyOpen_Side:==1,MultiDay_Position:hi,9,8,1,5.67,197.68,1779.1,0,9
LONG,DailyOpen_Side:==1,Round_1000_Dist_ATR:lo,9,8,1,5.67,197.68,1779.1,0,9
LONG,AT_Score_LT:hi,MultiDay_Slope:lo,8,8,0,5.62,184.79,1478.3,8,0
LONG,MultiDay_Slope:lo,PrevDay_High_Dist_ATR:lo,8,8,0,5.62,184.79,1478.3,8,0
LONG,AT_Regime_ST:==1,Momentum_Value:lo,7,7,0,10.0,265.16,1856.1,0,7
LONG,Bars_Since_Flip:hi,KAMA_Dist:lo,7,7,0,12.86,476.89,3338.2,0,7
LONG,DailyOpen_Dist_ATR:lo,EMA_Oscillator:lo,7,7,0,9.71,289.87,2029.1,0,7
LONG,DailyOpen_Dist_ATR:lo,RangeOsc_State:==-1,7,7,0,12.14,771.04,5397.3,0,7
LONG,EMA_Oscillator:lo,Harmonic_OBVf_Concordance:==0,8,7,1,10.25,144.02,1152.2,0,8
LONG,EMA_Oscillator:lo,Micro_WickImbalance:hi,8,7,1,10.25,144.02,1152.2,0,8
LONG,EMA_Oscillator:lo,RangeOsc_State:==-1,8,7,1,10.5,77.81,622.5,0,8
LONG,Harmonic_OBVf_Concordance:==0,RangeOsc_State:==-1,7,7,0,13.71,650.04,4550.3,0,7
LONG,KAMA_Dist:lo,Micro_Amihud:hi,7,7,0,13.43,289.69,2027.8,0,7
LONG,KAMA_Dist:lo,OBV_Macd:lo,8,7,1,12.0,120.72,965.8,0,8
LONG,Micro_Amihud:hi,Micro_MicroGap:hi,7,7,0,24.43,639.7,4477.9,0,7
LONG,Micro_Amihud:hi,Micro_WickImbalance:hi,7,7,0,15.43,372.43,2607.0,0,7
LONG,Micro_Amihud:hi,VWAP_Dist_ATR:lo,7,7,0,15.14,2390.39,16732.7,0,7
LONG,Micro_HLAsymmetry:lo,RangeOsc_State:==-1,8,7,1,10.5,77.81,622.5,0,8
LONG,Micro_LogReturn:hi,Micro_WickImbalance:hi,7,7,0,10.71,303.31,2123.2,0,7
LONG,Micro_LogReturn:hi,PrevDay_Low_Dist_ATR:lo,7,7,0,30.71,653.63,4575.4,0,7
LONG,AT_Regime_LT:==1,VWAP_Sigma_ATR:lo,7,7,0,20.57,544.97,3814.8,0,7
LONG,Lower_Wick:lo,Micro_TickIntensity:hi,7,7,0,6.86,81.01,567.1,0,7
LONG,Micro_Amihud:hi,Micro_PriceAccel:lo,7,7,0,18.57,1266.8,8867.6,0,7
LONG,Micro_Amihud:hi,Round_1000_Dist_ATR:lo,7,7,0,27.71,4163.89,29147.2,0,7
LONG,Micro_PriceAccel:lo,Round_500_Dist_ATR:lo,7,7,0,15.86,303.53,2124.7,0,7
LONG,Micro_VolOfVol:lo,OR_Low_Side:==-1,7,7,0,10.14,133.57,935.0,0,7
LONG,MultiDay_Position:lo,Round_1000_Dist_ATR:lo,7,7,0,21.86,3424.99,23974.9,0,7
LONG,Micro_MicroGap:lo,MultiDay_Position:lo,8,7,1,18.88,190.94,1527.5,0,8
LONG,Slope_EMA_ST:hi,Volume:hi,7,7,0,8.0,285.44,1998.1,0,7
LONG,AT_Slope_ST:lo,Dist_To_PoC_ATR:lo,7,7,0,8.29,159.47,1116.3,0,7
LONG,Dist_To_PoC_ATR:lo,OR_High_Side:==-1,7,7,0,8.86,154.17,1079.2,0,7
LONG,Dist_To_PoC_ATR:lo,OR_Position:hi,7,7,0,6.57,221.89,1553.2,0,7
LONG,Micro_MomoTransfer:lo,Volume:hi,7,7,0,5.43,124.17,869.2,6,1
LONG,Micro_OrderFlowDelta:lo,OR_High_Side:==-1,8,7,1,8.5,148.76,1190.1,0,8
LONG,Micro_VolOfVol:lo,OR_Position:hi,7,7,0,6.57,221.89,1553.2,0,7
LONG,OR_High_Side:==-1,VWAP_Sigma:lo,7,7,0,10.0,158.51,1109.6,0,7
LONG,Bar_Range:hi,Efficiency_Ratio:hi,9,7,2,7.78,139.92,1259.3,0,9
LONG,Bar_Range:hi,Round_100_Dist_ATR:lo,7,7,0,18.57,434.94,3044.6,0,7
LONG,Efficiency_Ratio:hi,Micro_Rejection:lo,8,7,1,7.12,164.85,1318.8,0,8
LONG,Efficiency_Ratio:hi,Micro_RollProxy:hi,8,7,1,7.25,1720.56,13764.5,0,8
LONG,Efficiency_Ratio:hi,OR_Low_Side:==1,8,7,1,6.5,629.7,5037.6,0,8
LONG,Micro_RollProxy:hi,Micro_VolOfVol:lo,7,7,0,11.86,234.5,1641.5,0,7
LONG,Round_1000_Dist_ATR:lo,Round_100_Dist_ATR:lo,7,7,0,10.29,273.13,1911.9,0,7
LONG,Harmonic_OBVf_Concordance:==0,Session_Low_Dist_ATR:lo,7,7,0,13.29,379.67,2657.7,0,7
LONG,AT_Regime_ST:==1,DailyOpen_Side:==-1,7,7,0,18.0,3254.1,22778.7,0,7
LONG,D2D_DirStep:==-1,Micro_FailedBreak:hi,7,7,0,11.14,148.11,1036.8,0,7
LONG,Micro_HLAsymmetry:lo,OR_Position:hi,7,7,0,6.86,418.03,2926.2,6,1
LONG,Bar_Range:hi,KAMA_Dist:lo,8,7,1,9.38,185.21,1481.7,0,8
LONG,Micro_TickIntensity:hi,PrevDay_High_Side:==-1,8,7,1,15.75,55.18,441.4,0,8
LONG,Micro_TickIntensity:hi,Round_1000_Dist_ATR:lo,8,7,1,14.75,56.03,448.2,0,8
LONG,DailyOpen_Dist_ATR:lo,Micro_VPIN:lo,7,7,0,11.86,433.4,3033.8,0,7
LONG,Bar_Range:hi,EMA_Oscillator:hi,7,7,0,26.29,3888.11,27216.8,0,7
LONG,Body_Size:hi,Micro_CSSpread:hi,7,7,0,30.29,1261.53,8830.7,0,7
LONG,Body_Size:hi,Micro_PriceAccel:lo,8,7,1,22.75,1164.29,9314.3,0,8
LONG,Body_Size:hi,VA_Position:hi,7,7,0,24.57,1186.86,8308.0,0,7
LONG,EMA_Oscillator:hi,Micro_MicroGap:lo,7,7,0,23.71,935.69,6549.8,0,7
LONG,EMA_Oscillator:hi,RangeOsc_State:==-1,7,7,0,26.43,1029.49,7206.4,0,7
LONG,Micro_CSSpread:hi,PrevDay_Low_Dist_ATR:lo,7,7,0,15.57,354.73,2483.1,0,7
LONG,Micro_MicroGap:lo,OR_Position:lo,7,7,0,21.29,363.03,2541.2,0,7
LONG,Micro_TickIntensity:hi,Upper_Wick:hi,7,7,0,11.57,395.6,2769.2,0,7
LONG,PrevDay_Low_Dist_ATR:lo,VA_Position:hi,7,7,0,11.43,337.67,2363.7,0,7
LONG,Micro_HLAsymmetry:hi,Micro_MicroGap:lo,7,7,0,27.0,1081.09,7567.6,0,7
LONG,Micro_MicroGap:lo,Micro_RangeVelocity:hi,7,7,0,22.86,523.71,3666.0,0,7
LONG,PrevDay_High_Side:==-1,VA_Position:hi,7,7,0,21.0,956.4,6694.8,0,7
LONG,VA_Position:hi,VWAP_Side:==-1,7,7,0,21.14,1145.34,8017.4,0,7
LONG,ADX_Rising:==1,Micro_Rejection:lo,7,7,0,9.57,2537.99,17765.9,0,7
LONG,ADX_Rising:==1,OBV_Macd:lo,7,7,0,8.71,2546.19,17823.3,0,7
LONG,DailyOpen_Side:==-1,OBV_Macd:lo,7,7,0,13.14,2548.84,17841.9,0,7
LONG,Harmonic_LLEMA:hi,PrevDay_Low_Side:==-1,7,7,0,6.43,154.04,1078.3,0,7
LONG,DailyOpen_Dist_ATR:lo,VA_Position:hi,7,7,0,7.29,355.51,2488.6,0,7
LONG,VA_Position:hi,VWAP_Side:==1,7,7,0,7.43,325.44,2278.1,0,7
LONG,OR_Low_Side:==-1,PrevDay_Low_Side:==1,7,7,0,4.71,98.3,688.1,0,7
LONG,Bars_Since_Flip:hi,OBV_Velocity:hi,8,7,1,12.75,255.53,2044.2,0,8
LONG,Efficiency_Ratio:hi,Lower_Wick:hi,8,7,1,8.88,254.3,2034.4,0,8
LONG,Micro_LogReturn:hi,RangeOsc_State:==2,7,7,0,7.86,215.14,1506.0,0,7
LONG,ADX_Rising:==0,Micro_Rejection:lo,7,7,0,7.43,209.9,1469.3,0,7
LONG,KAMA_Dist:lo,Micro_Rejection:lo,10,7,3,8.9,-76.28,-762.8,0,10
LONG,D2D_Signal:==1,RangeOsc_Val:lo,7,7,0,25.0,940.79,6585.5,0,7
LONG,ADX_Rising:==0,Momentum_Value:hi,7,7,0,18.14,2602.04,18214.3,0,7
LONG,AT_Regime_LT:==1,Micro_RangeVelocity:hi,7,7,0,14.43,574.91,4024.4,0,7
LONG,Micro_VolOfVol:hi,Round_1000_Dist_ATR:lo,7,7,0,19.86,3138.8,21971.6,0,7
LONG,MultiDay_Position:hi,Upper_Wick:hi,8,7,1,5.62,294.91,2359.3,0,8
LONG,MultiDay_Position:hi,Volume:hi,7,7,0,6.86,444.01,3108.1,0,7
LONG,Micro_Entropy:lo,Momentum_Value:hi,8,7,1,8.0,328.55,2628.4,0,8
LONG,Micro_MomoTransfer:hi,Momentum_Value:hi,8,7,1,10.75,457.67,3661.4,0,8
LONG,Micro_MomoTransfer:hi,MultiDay_Position:hi,7,7,0,5.43,312.46,2187.2,0,7
LONG,Micro_MomoTransfer:hi,Volume_Ratio_10:hi,7,7,0,7.43,1743.09,12201.6,0,7
LONG,AT_Score_LT:lo,Volume_Ratio_10:hi,8,7,1,18.88,249.73,1997.8,0,8
LONG,Micro_Amihud:hi,Micro_MicroGap:lo,7,7,0,24.71,1043.66,7305.6,0,7
LONG,Micro_BarOverlap:lo,RangeOsc_Val:lo,7,7,0,26.0,471.07,3297.5,0,7
LONG,Micro_BarOverlap:lo,Round_1000_Dist_ATR:lo,7,7,0,22.71,3339.44,23376.1,0,7
LONG,Micro_BarOverlap:lo,Volume_Ratio_10:hi,7,7,0,26.86,627.7,4393.9,0,7
LONG,Micro_FailedBreak:hi,Micro_FractalDim:lo,7,7,0,20.71,353.74,2476.2,0,7
LONG,Micro_FractalDim:lo,VWAP_Side:==-1,7,7,0,24.43,325.54,2278.8,0,7
LONG,Micro_FractalDim:lo,VWAP_Sigma:hi,7,7,0,23.57,326.31,2284.2,0,7
LONG,RangeOsc_Val:lo,VWAP_Sigma:hi,7,7,0,26.0,471.07,3297.5,0,7
LONG,D2D_ATR:hi,Micro_MicroGap:hi,8,7,1,24.12,394.04,3152.3,0,8
LONG,D2D_Signal:==0,Micro_FractalDim:lo,7,7,0,22.86,415.71,2910.0,0,7
LONG,Micro_AutoCorr:hi,Micro_TickIntensity:hi,7,7,0,14.29,162.19,1135.3,0,7
LONG,Micro_FractalDim:lo,Micro_RangeVelocity:lo,7,7,0,14.57,1756.9,12298.3,0,7
LONG,Micro_TickIntensity:hi,VWAP_Side:==-1,8,7,1,13.75,42.94,343.5,0,8
LONG,AT_Score_LT:lo,Micro_RangeVelocity:hi,7,7,0,22.29,491.9,3443.3,0,7
LONG,D2D_DirStep:==1,Lower_Wick:hi,7,7,0,30.14,2045.7,14319.9,0,7
LONG,D2D_Signal:==0,Micro_RangeAccel:hi,7,7,0,29.0,494.0,3458.0,0,7
LONG,Lower_Wick:hi,Micro_CSSpread:hi,7,7,0,24.43,901.23,6308.6,0,7
LONG,Micro_CSSpread:hi,Micro_LogReturn:hi,7,7,0,27.29,1064.03,7448.2,0,7
LONG,Micro_CSSpread:hi,Slope_Accel_LT:hi,7,7,0,12.86,193.14,1352.0,0,7
LONG,AT_Score_LT:lo,OR_Position:lo,7,7,0,27.0,406.07,2842.5,0,7
LONG,AT_Slope_LT:lo,Micro_VolOfVol:lo,7,7,0,11.43,150.09,1050.6,0,7
LONG,D2D_Signal:==0,Micro_PriceAccel:lo,8,7,1,24.12,1129.88,9039.0,0,8
LONG,Micro_VolOfVol:lo,Momentum_Value:hi,7,7,0,10.14,578.67,4050.7,0,7
LONG,Micro_VolOfVol:lo,Upper_Wick:hi,7,7,0,9.43,555.09,3885.6,0,7
LONG,AT_Score_LT:lo,OBVf_Signal:==1,7,7,0,25.57,393.69,2755.8,0,7
LONG,D2D_Signal:==0,Micro_VPIN:lo,7,7,0,25.71,494.56,3461.9,0,7
LONG,Micro_Amihud:hi,Slope_Accel_LT:hi,7,7,0,19.71,351.06,2457.4,0,7
LONG,Micro_RangeVelocity:lo,Sqz_State:==1,8,7,1,18.62,171.03,1368.2,0,8
LONG,Micro_VPIN:lo,VWAP_Side:==-1,7,7,0,19.57,447.6,3133.2,0,7
LONG,D2D_Signal:==0,RangeOsc_State:==-2,7,7,0,26.86,540.76,3785.3,0,7
LONG,Micro_OrderFlowDelta:hi,OBV_Velocity:hi,7,7,0,12.86,442.11,3094.8,0,7
LONG,Micro_RangeAccel:hi,OR_Position:lo,7,7,0,25.29,613.64,4295.5,0,7
LONG,Micro_RangeAccel:hi,RangeOsc_State:==-2,7,7,0,16.71,697.34,4881.4,0,7
LONG,OBV_Velocity:hi,Slope_EMA_ST:lo,7,7,0,18.29,539.97,3779.8,0,7
LONG,Micro_RangeAccel:hi,Round_500_Dist_ATR:lo,7,7,0,10.14,425.81,2980.7,0,7
LONG,Bars_Since_Flip:hi,Sqz_Val:hi,8,7,1,19.75,2062.59,16500.7,0,8
LONG,Micro_RangeAccel:lo,RangeOsc_State:==-2,7,7,0,19.43,2344.16,16409.1,0,7
LONG,RangeOsc_Val:hi,Volume:hi,7,7,0,6.71,211.01,1477.1,0,7
LONG,Micro_WickImbalance:lo,RangeOsc_State:==2,8,7,1,9.25,1396.12,11169.0,0,8
LONG,Micro_Hurst:hi,RangeOsc_State:==2,7,7,0,6.57,207.23,1450.6,0,7
LONG,Micro_RangeAccel:hi,Micro_RollProxy:lo,7,7,0,8.14,594.17,4159.2,0,7
LONG,Micro_RollProxy:lo,Round_100_Dist_ATR:lo,7,7,0,11.86,355.33,2487.3,0,7
LONG,Body_Size:hi,DailyOpen_Dist_ATR:lo,7,7,0,18.43,2574.43,18021.0,0,7
LONG,D2D_ATR_MA:hi,Slope_Accel_LT:lo,7,7,0,26.14,3440.17,24081.2,0,7
LONG,DailyOpen_Dist_ATR:lo,Micro_FailedBreak:hi,7,7,0,18.29,2580.07,18060.5,0,7
LONG,DailyOpen_Dist_ATR:lo,Micro_IBSP:hi,7,7,0,11.0,376.71,2637.0,0,7
LONG,DailyOpen_Dist_ATR:lo,Slope_Accel_LT:lo,7,7,0,15.43,2495.34,17467.4,0,7
LONG,DailyOpen_Side:==1,Micro_RangeVelocity:hi,7,7,0,15.71,635.8,4450.6,0,7
LONG,Micro_IBSP:hi,Slope_EMA_ST:lo,7,7,0,15.43,380.46,2663.2,0,7
LONG,Micro_TickIntensity:lo,Momentum_Value:hi,7,7,0,25.57,3429.77,24008.4,0,7
LONG,Micro_TickIntensity:lo,OBV_Macd:lo,7,7,0,25.14,3399.34,23795.4,0,7
LONG,RangeOsc_State:==-1,Slope_Accel_LT:lo,7,7,0,28.29,1217.94,8525.6,0,7
LONG,Lower_Wick:hi,Micro_Lambda:lo,9,7,2,10.22,140.58,1265.2,0,9
LONG,D2D_Signal:==0,Session_Low_Dist_ATR:lo,7,7,0,23.29,949.56,6646.9,0,7
LONG,OBVf_Signal:==1,Round_100_Dist_ATR:lo,7,7,0,13.57,146.8,1027.6,0,7
LONG,OR_Position:lo,Round_100_Dist_ATR:lo,8,7,1,23.5,475.36,3802.9,0,8
LONG,Slope_Accel_LT:hi,Slope_Accel_ST:lo,7,7,0,6.86,214.4,1500.8,0,7
LONG,KAMA_Dist:lo,Micro_AutoCorr:hi,7,7,0,8.71,316.93,2218.5,0,7
LONG,Micro_AutoCorr:hi,VWAP_Dist_ATR:lo,7,7,0,14.14,2476.26,17333.8,0,7
LONG,Micro_WickImbalance:hi,TChan_A15:hi,7,7,0,9.29,313.8,2196.6,0,7
LONG,Session_High_Dist_ATR:lo,TChan_A15:hi,7,7,0,16.0,2575.29,18027.0,0,7
LONG,Session_Low_Dist_ATR:lo,Slope_Accel_LT:lo,7,7,0,21.29,3209.63,22467.4,0,7
LONG,DailyOpen_Dist_ATR:lo,Micro_Hurst:hi,7,7,0,16.0,2994.93,20964.5,0,7
LONG,Micro_Hurst:hi,VWAP_Dist_ATR:lo,7,7,0,13.14,2698.81,18891.7,0,7
LONG,OBV_Macd:lo,Slope_EMA_ST:hi,7,7,0,6.29,249.41,1745.9,0,7
LONG,EMA_Oscillator:hi,Micro_VolOfVol:hi,7,7,0,21.43,913.14,6392.0,0,7
LONG,Micro_MicroGap:hi,PrevDay_Low_Side:==-1,7,7,0,16.86,440.2,3081.4,0,7
LONG,ADX_Value:hi,Harmonic_LLEMA:hi,7,7,0,6.14,189.6,1327.2,0,7
LONG,ADX_Value:hi,Micro_TickIntensity:hi,8,7,1,6.25,100.75,806.0,0,8
LONG,Harmonic_LLEMA:hi,Micro_WickImbalance:lo,7,7,0,6.14,189.6,1327.2,0,7
LONG,Micro_OrderFlowDelta:hi,Micro_TickIntensity:hi,8,7,1,6.12,22.51,180.1,0,8
LONG,Micro_Rejection:lo,Slope_Accel_LT:lo,7,7,0,10.43,321.83,2252.8,0,7
LONG,AT_Lookback_ST:hi,TChan_A15:hi,7,7,0,16.0,314.23,2199.6,0,7
LONG,D2D_DirStep:==1,MultiDay_Position:lo,7,7,0,35.29,3550.26,24851.8,0,7
LONG,Lower_Wick:hi,Micro_PriceAccel:lo,7,7,0,24.43,1425.76,9980.3,0,7
LONG,Micro_AutoCorr:hi,OBVf_Signal:==1,7,7,0,20.29,344.06,2408.4,0,7
LONG,Micro_HLAsymmetry:hi,Micro_PriceAccel:lo,7,7,0,28.14,1361.31,9529.2,0,7
LONG,Micro_VPIN:lo,PrevDay_Low_Dist_ATR:lo,7,7,0,19.14,543.33,3803.3,0,7
LONG,PrevDay_Low_Dist_ATR:lo,Sqz_State:==1,7,7,0,24.0,724.99,5074.9,0,7
LONG,AT_Slope_LT:lo,Micro_MomoTransfer:hi,8,7,1,9.12,260.86,2086.9,0,8
LONG,PrevDay_Low_Dist_ATR:lo,VWAP_Sigma:hi,7,7,0,22.57,647.47,4532.3,0,7
LONG,AT_Slope_LT:lo,Micro_WickImbalance:hi,8,7,1,11.12,116.68,933.4,0,8
LONG,Lower_Wick:lo,Micro_RollProxy:hi,7,7,0,14.71,339.83,2378.8,0,7
LONG,Bar_Range:hi,Slope_Accel_LT:lo,7,7,0,30.57,3264.77,22853.4,0,7
LONG,Micro_FailedBreak:hi,Sqz_Val:hi,7,7,0,22.0,2607.0,18249.0,0,7
LONG,Micro_Hurst:hi,Sqz_Val:hi,7,7,0,20.57,3115.49,21808.4,0,7
LONG,Micro_LogReturn:hi,RangeOsc_State:==-2,7,7,0,22.71,4450.73,31155.1,0,7
LONG,Micro_RangeVelocity:lo,WeeklyOpen_Side:==-1,8,7,1,18.88,2043.41,16347.3,0,8
LONG,Micro_WickImbalance:lo,WeeklyOpen_Side:==-1,7,7,0,21.57,4689.21,32824.5,0,7
LONG,PrevDay_High_Side:==-1,RangeOsc_State:==-2,7,7,0,28.14,4771.94,33403.6,0,7
LONG,Slope_EMA_ST:lo,Sqz_Val:hi,7,7,0,24.43,2615.01,18305.1,0,7
LONG,Sqz_Val:hi,Volume:hi,7,7,0,12.86,770.07,5390.5,0,7
LONG,EMA_Oscillator:hi,Volume:hi,7,7,0,22.14,979.33,6855.3,0,7
LONG,PoC_Side:==1,Slope_Accel_LT:hi,7,7,0,7.0,693.07,4851.5,0,7
LONG,ADX_Rising:==0,Micro_RangeAccel:lo,7,7,0,19.43,2455.24,17186.7,0,7
LONG,ADX_Rising:==0,OBVf_Signal:==1,7,7,0,11.0,144.96,1014.7,0,7
LONG,AT_Lookback_ST:hi,MultiDay_Slope:lo,7,7,0,19.71,430.91,3016.4,0,7
LONG,Body_Size:hi,MultiDay_Slope:lo,7,7,0,20.29,505.0,3535.0,0,7
LONG,D2D_ATR_MA:hi,Micro_MicroGap:lo,7,7,0,25.14,1016.39,7114.7,0,7
LONG,Micro_Amihud:hi,MultiDay_Slope:lo,7,7,0,18.86,485.77,3400.4,0,7
LONG,Micro_RangeAccel:lo,MultiDay_Slope:lo,7,7,0,17.29,487.67,3413.7,0,7
LONG,Micro_WickImbalance:hi,Slope_Accel_LT:hi,7,7,0,11.71,275.04,1925.3,0,7
LONG,MultiDay_Position:lo,MultiDay_Slope:lo,7,7,0,23.71,592.49,4147.4,0,7
LONG,MultiDay_Slope:lo,PrevDay_High_Side:==-1,7,7,0,17.86,238.71,1671.0,0,7
LONG,AT_Slope_LT:lo,Round_100_Dist_ATR:lo,8,7,1,22.38,432.34,3458.7,0,8
LONG,Bars_Since_Flip:hi,Micro_GarmanKlass:hi,7,7,0,14.86,254.36,1780.5,0,7
LONG,Bars_Since_Flip:hi,PrevDay_High_Dist_ATR:hi,8,7,1,13.12,124.34,994.7,0,8
LONG,Micro_RangeAccel:hi,PrevDay_High_Dist_ATR:hi,7,7,0,14.57,216.57,1516.0,0,7
LONG,Micro_RangeVelocity:hi,WeeklyOpen_Side:==-1,7,7,0,19.14,2510.47,17573.3,0,7
LONG,AT_Slope_LT:lo,Sqz_Val:hi,7,7,0,23.71,2610.5,18273.5,0,7
LONG,Body_Size:hi,Sqz_Val:hi,7,7,0,21.0,2636.43,18455.0,0,7
LONG,Sqz_Val:hi,Upper_Wick:hi,7,7,0,16.43,2839.13,19873.9,0,7
LONG,D2D_ATR:hi,RangeOsc_State:==2,7,7,0,7.57,125.29,877.0,0,7
LONG,KAMA_Dist:hi,Lower_Wick:hi,7,7,0,22.86,1898.11,13286.8,0,7
LONG,Micro_MicroGap:lo,Micro_OrderFlowDelta:hi,7,7,0,24.71,1139.3,7975.1,0,7
LONG,RangeOsc_State:==2,VWAP_Side:==-1,7,7,0,9.86,156.17,1093.2,0,7
LONG,Micro_RangeVelocity:lo,ST_Flip_Event:==-1,8,7,1,7.25,119.73,957.8,8,0
LONG,Micro_RangeVelocity:lo,Sqz_State:==-1,8,7,1,7.25,119.73,957.8,8,0
LONG,PrevDay_Low_Side:==-1,Slope_Accel_ST:lo,7,7,0,8.0,165.69,1159.8,0,7
LONG,ST_Flip_Event:==-1,Sqz_State:==-1,8,7,1,7.25,119.73,957.8,8,0
LONG,Micro_Hurst:hi,OBVf_Signal:==1,7,7,0,20.0,399.14,2794.0,0,7
LONG,Micro_Hurst:hi,VWAP_Sigma_ATR:lo,7,7,0,23.29,3309.66,23167.6,0,7
LONG,D2D_ATR_MA:hi,Session_High_Dist_ATR:lo,7,7,0,14.29,2412.71,16889.0,0,7
LONG,KAMA_Dist:hi,Session_High_Dist_ATR:lo,7,7,0,7.86,2556.83,17897.8,0,7
LONG,Momentum_Value:hi,PrevDay_Close_Side:==-1,7,7,0,13.29,2420.81,16945.7,0,7
LONG,ADX_Rising:==1,AT_Regime_ST:==1,7,7,0,9.0,2480.49,17363.4,0,7
LONG,ADX_Rising:==1,D2D_Signal:==1,7,7,0,9.57,2543.41,17803.9,0,7
LONG,D2D_Signal:==1,OR_Low_Side:==1,7,7,0,10.29,2663.84,18646.9,0,7
LONG,KAMA_Dist:hi,Round_1000_Dist_ATR:lo,7,7,0,25.57,4139.14,28974.0,0,7
LONG,OR_Low_Side:==1,PoC_Side:==1,7,7,0,10.29,2663.84,18646.9,0,7
LONG,PrevDay_High_Dist_ATR:lo,VWAP_Side:==1,7,7,0,14.29,2316.5,16215.5,0,7
LONG,PrevDay_Low_Side:==-1,VWAP_Side:==1,7,7,0,8.86,214.76,1503.3,0,7
LONG,Micro_Amihud:lo,Micro_RangeAccel:lo,7,7,0,5.0,287.16,2010.1,7,0
LONG,Micro_Amihud:lo,Micro_VPIN:hi,7,7,0,5.0,287.16,2010.1,7,0
LONG,Micro_RangeAccel:lo,Micro_VPIN:hi,7,7,0,5.0,287.16,2010.1,7,0
LONG,Micro_RangeAccel:lo,OBV_Velocity:hi,7,7,0,8.57,371.79,2602.5,0,7
LONG,Micro_FailedBreak:hi,Momentum_Value:lo,7,7,0,8.29,160.37,1122.6,7,0
LONG,OR_High_Side:==-1,PrevDay_High_Dist_ATR:lo,7,7,0,15.14,2518.07,17626.5,0,7
LONG,AT_Score_LT:hi,Micro_Rejection:hi,7,7,0,5.29,220.99,1546.9,7,0
LONG,Micro_GarmanKlass:hi,Micro_Rejection:hi,7,7,0,5.29,220.99,1546.9,7,0
LONG,Bar_Range:hi,PrevDay_Close_Side:==-1,7,7,0,14.14,2422.01,16954.1,0,7
LONG,DailyOpen_Dist_ATR:lo,Micro_RangeVelocity:lo,7,7,0,14.43,2378.44,16649.1,0,7
LONG,DailyOpen_Dist_ATR:lo,PrevDay_Low_Side:==-1,7,7,0,9.86,375.33,2627.3,0,7
LONG,Micro_RangeVelocity:lo,PrevDay_High_Dist_ATR:lo,8,7,1,14.25,2041.83,16334.6,0,8
LONG,PrevDay_High_Dist_ATR:lo,PrevDay_High_Side:==-1,7,7,0,15.86,2478.41,17348.9,0,7
LONG,PrevDay_Low_Side:==-1,RangeOsc_Val:lo,7,7,0,24.86,653.14,4572.0,0,7
LONG,AT_Regime_LT:==1,OBV_Velocity:hi,7,7,0,8.43,335.74,2350.2,0,7
LONG,D2D_Signal:==1,Sqz_Val:hi,8,7,1,12.62,2395.16,19161.3,0,8
LONG,Micro_AutoCorr:hi,Micro_Entropy:lo,7,7,0,9.0,1638.89,11472.2,0,7
LONG,Micro_AutoCorr:hi,Micro_MomoTransfer:hi,7,7,0,9.86,1703.26,11922.8,0,7
LONG,Micro_Entropy:lo,PrevDay_Close_Side:==-1,7,7,0,7.0,504.83,3533.8,0,7
LONG,Micro_Entropy:lo,TChan_A15:hi,7,7,0,7.86,1603.6,11225.2,0,7
LONG,PrevDay_Close_Side:==-1,Volume_Ratio_10:hi,7,7,0,13.43,5154.46,36081.2,0,7
LONG,Micro_HLAsymmetry:hi,Micro_PriceAccel:hi,7,7,0,17.71,2432.59,17028.1,0,7
LONG,D2D_Dynamic_Sensitivity:lo,Upper_Wick:hi,7,7,0,16.14,1036.99,7258.9,0,7
LONG,Efficiency_Ratio:hi,Volume_Ratio_10:hi,8,7,1,8.25,1302.92,10423.4,0,8
LONG,KAMA_Dist:hi,TChan_A15:hi,7,7,0,22.0,1198.06,8386.4,0,7
LONG,D2D_Persist:hi,Micro_Lambda:lo,8,7,1,4.62,539.62,4317.0,0,8
LONG,Micro_TickIntensity:hi,OR_Low_Side:==1,8,7,1,6.62,233.0,1864.0,0,8
LONG,Micro_TickIntensity:hi,OR_Position:hi,7,7,0,7.29,819.3,5735.1,0,7
LONG,Micro_OrderFlowDelta:hi,Round_500_Dist_ATR:lo,8,7,1,12.0,158.33,1266.6,0,8
LONG,Session_High_Dist_ATR:lo,VA_Position:hi,8,7,1,9.88,324.94,2599.5,0,8
LONG,ADX_Rising:==1,Volume:hi,7,7,0,9.43,2552.9,17870.3,0,7
LONG,Micro_HLAsymmetry:hi,PrevDay_High_Dist_ATR:lo,7,7,0,16.86,2567.8,17974.6,0,7
LONG,Micro_VolOfVol:lo,PrevDay_Low_Side:==-1,7,7,0,8.0,112.74,789.2,0,7
LONG,Lower_Wick:hi,VA_Position:hi,7,7,0,17.43,1000.0,7000.0,0,7
LONG,ADX_Value:lo,AT_Lookback_ST:hi,7,7,0,6.29,191.76,1342.3,6,1
LONG,AT_Lookback_ST:hi,Micro_PriceAccel:hi,7,7,0,18.43,2335.5,16348.5,0,7
LONG,Bars_Since_Flip:hi,Slope_EMA_ST:hi,7,7,0,5.71,325.49,2278.4,0,7
LONG,AT_Score_LT:hi,Upper_Wick:hi,7,7,0,4.71,212.16,1485.1,0,7
LONG,DailyOpen_Side:==-1,Micro_AutoCorr:hi,7,7,0,13.0,336.46,2355.2,0,7
LONG,Micro_PriceAccel:hi,Round_500_Dist_ATR:lo,7,7,0,7.57,669.5,4686.5,0,7
LONG,Micro_PriceAccel:hi,VA_Position:hi,7,7,0,10.71,377.7,2643.9,0,7
LONG,Slope_Accel_LT:lo,VA_Position:hi,7,7,0,20.29,1070.67,7494.7,0,7
LONG,VA_Position:hi,VWAP_Sigma:hi,7,7,0,12.14,356.19,2493.3,0,7
LONG,Micro_HLAsymmetry:hi,VWAP_Dist_ATR:lo,8,7,1,13.5,2219.4,17755.2,0,8
LONG,Micro_LogReturn:hi,VWAP_Side:==1,7,7,0,12.43,2442.99,17100.9,0,7
LONG,OR_High_Side:==-1,Session_High_Dist_ATR:lo,7,7,0,13.29,2450.66,17154.6,0,7
LONG,Slope_Accel_LT:lo,VWAP_Side:==1,7,7,0,12.57,2486.86,17408.0,0,7
LONG,PrevDay_Low_Dist_ATR:lo,Slope_Accel_LT:hi,7,7,0,11.57,459.63,3217.4,0,7
LONG,Micro_FailedBreak:hi,Micro_PriceAccel:hi,7,7,0,23.86,2603.1,18221.7,0,7
LONG,Micro_HLAsymmetry:hi,VWAP_Sigma_ATR:lo,7,7,0,31.43,3541.97,24793.8,0,7
LONG,Micro_PriceAccel:hi,Micro_RangeVelocity:hi,7,7,0,23.86,2603.1,18221.7,0,7
LONG,Micro_PriceAccel:hi,VWAP_Side:==-1,7,7,0,21.71,2916.99,20418.9,0,7
LONG,Micro_RangeVelocity:hi,VWAP_Sigma_ATR:lo,7,7,0,25.0,2694.16,18859.1,0,7
LONG,Micro_RollProxy:hi,VWAP_Sigma_ATR:lo,8,7,1,28.38,3130.65,25045.2,0,8
LONG,Micro_AutoCorr:hi,Micro_OrderFlowDelta:lo,7,7,0,11.86,1792.76,12549.3,0,7
LONG,Micro_Amihud:hi,WeeklyOpen_Side:==-1,7,7,0,19.29,2726.39,19084.7,0,7
LONG,PrevDay_High_Dist_ATR:hi,RangeOsc_State:==2,8,7,1,5.88,49.05,392.4,0,8
LONG,DailyOpen_Dist_ATR:lo,Micro_WickImbalance:lo,7,7,0,15.57,2598.79,18191.5,0,7
LONG,AT_Lookback_LT:hi,OR_Low_Side:==1,7,7,0,5.29,145.24,1016.7,0,7
LONG,AT_Lookback_LT:hi,PrevDay_Low_Side:==-1,7,7,0,5.29,145.24,1016.7,0,7
LONG,OR_Low_Side:==1,VAH_Dist_ATR:hi,7,7,0,5.29,145.24,1016.7,0,7
LONG,OR_Low_Side:==1,WeeklyOpen_Dist_ATR:lo,7,7,0,5.29,145.24,1016.7,0,7
LONG,PrevDay_Low_Side:==-1,VAH_Dist_ATR:hi,7,7,0,5.29,145.24,1016.7,0,7
LONG,PrevDay_Low_Side:==-1,WeeklyOpen_Dist_ATR:lo,7,7,0,5.29,145.24,1016.7,0,7
LONG,AT_Lookback_LT:hi,PrevDay_High_Dist_ATR:lo,7,7,0,5.29,143.24,1002.7,0,7
LONG,ADX_Rising:==1,Round_500_Dist_ATR:lo,7,7,0,10.29,178.99,1252.9,0,7
LONG,Micro_AutoCorr:hi,Slope_EMA_ST:hi,7,7,0,7.14,260.43,1823.0,0,7
LONG,Slope_EMA_ST:hi,TChan_A15:hi,7,7,0,7.14,260.43,1823.0,0,7
LONG,Micro_OrderFlowDelta:lo,PrevDay_High_Side:==-1,7,7,0,9.71,228.57,1600.0,0,7
LONG,AT_Score_LT:lo,PrevDay_High_Dist_ATR:lo,7,7,0,7.29,531.33,3719.3,0,7
LONG,ADX_Value:hi,AT_Regime_LT:==1,7,7,0,18.0,2349.14,16444.0,0,7
LONG,ADX_Rising:==0,Round_500_Dist_ATR:lo,7,7,0,11.43,426.4,2984.8,0,7
LONG,Micro_VolOfVol:hi,PrevDay_High_Side:==1,7,7,0,10.0,466.63,3266.4,0,7
LONG,PrevDay_High_Side:==1,Upper_Wick:hi,7,7,0,9.86,445.6,3119.2,0,7
LONG,D2D_ATR_MA:hi,MultiDay_Position:hi,8,7,1,6.0,190.09,1520.7,0,8
LONG,Micro_Rejection:lo,MultiDay_Position:hi,8,7,1,5.75,276.84,2214.7,0,8
LONG,MultiDay_Position:hi,OR_Position:lo,8,7,1,5.75,194.11,1552.9,0,8
LONG,RangeOsc_Val:hi,Round_1000_Dist_ATR:lo,7,7,0,5.57,189.61,1327.3,0,7
LONG,DailyOpen_Side:==1,KAMA_Dist:lo,7,7,0,10.86,355.16,2486.1,0,7
LONG,DailyOpen_Side:==-1,Slope_EMA_ST:hi,7,7,0,7.43,447.86,3135.0,0,7
LONG,Micro_Entropy:lo,RangeOsc_Val:hi,7,7,0,6.71,418.8,2931.6,0,7
LONG,PrevDay_Close_Side:==-1,Slope_EMA_ST:hi,7,7,0,6.29,495.84,3470.9,0,7
LONG,PrevDay_Close_Side:==-1,Slope_EMA_ST:lo,8,7,1,13.12,2013.71,16109.7,0,8
LONG,Micro_VPIN:lo,PrevDay_High_Dist_ATR:lo,7,7,0,9.71,275.61,1929.3,0,7
LONG,ADX_Rising:==0,Micro_FailedBreak:hi,7,7,0,16.43,2427.73,16994.1,0,7
LONG,Micro_LogReturn:hi,VA_Position:hi,7,7,0,23.0,1133.09,7931.6,0,7
LONG,Session_Low_Dist_ATR:lo,VA_Position:hi,8,7,1,16.62,1008.12,8065.0,0,8
LONG,Micro_WickImbalance:lo,VA_Position:hi,7,7,0,18.14,875.47,6128.3,0,7
LONG,ADX_Value:hi,Micro_Hurst:hi,7,7,0,19.14,1023.61,7165.3,0,7
LONG,AT_Lookback_ST:hi,Slope_Accel_LT:lo,7,7,0,19.43,397.66,2783.6,0,7
LONG,Micro_WickImbalance:lo,Slope_EMA_ST:hi,7,7,0,8.57,326.99,2288.9,0,7
LONG,Micro_VolOfVol:hi,OR_Low_Side:==1,7,7,0,9.86,314.26,2199.8,0,7
LONG,DailyOpen_Side:==1,PrevDay_High_Side:==1,8,7,1,6.75,200.18,1601.4,0,8
LONG,Micro_HLAsymmetry:lo,Micro_WickImbalance:lo,7,7,0,8.29,158.17,1107.2,0,7
LONG,PrevDay_High_Side:==1,Round_500_Dist_ATR:lo,8,7,1,6.75,200.18,1601.4,0,8
LONG,RangeOsc_State:==-1,Round_500_Dist_ATR:lo,7,7,0,14.86,232.59,1628.1,0,7
LONG,D2D_Persist:hi,Session_Low_Dist_ATR:lo,7,7,0,6.86,166.29,1164.0,0,7
LONG,D2D_Persist:hi,DailyOpen_Side:==-1,7,7,0,6.57,176.14,1233.0,0,7
LONG,ADX_Value:hi,Micro_AutoCorr:hi,7,7,0,19.29,2389.16,16724.1,0,7
LONG,Micro_AutoCorr:hi,OR_Position:hi,7,7,0,8.29,321.46,2250.2,0,7
LONG,OR_Position:hi,TChan_A15:hi,7,7,0,8.29,321.46,2250.2,0,7
LONG,AT_Regime_LT:==1,Slope_Accel_LT:lo,7,7,0,27.86,3131.01,21917.1,0,7
LONG,ADX_Value:hi,Slope_EMA_ST:hi,7,7,0,7.43,325.91,2281.4,0,7
LONG,ADX_Value:hi,Volume:hi,7,7,0,22.0,1219.44,8536.1,0,7
LONG,DailyOpen_Side:==1,PrevDay_Low_Dist_ATR:lo,7,7,0,20.57,552.0,3864.0,0,7
LONG,DailyOpen_Side:==1,MultiDay_Position:lo,7,7,0,21.14,568.23,3977.6,0,7
LONG,DailyOpen_Side:==1,Sqz_State:==1,7,7,0,11.86,481.64,3371.5,0,7
LONG,Micro_WickImbalance:lo,PrevDay_High_Dist_ATR:lo,7,7,0,17.29,2591.77,18142.4,0,7
LONG,Micro_VPIN:lo,OR_Low_Side:==1,8,7,1,7.0,173.05,1384.4,0,8
LONG,Micro_CSSpread:hi,Micro_VolOfVol:hi,7,7,0,24.0,1287.36,9011.5,0,7
LONG,AT_Regime_LT:==1,DailyOpen_Dist_ATR:lo,7,7,0,16.0,2578.19,18047.3,0,7
LONG,MultiDay_Position:hi,Round_500_Dist_ATR:lo,8,7,1,6.0,213.8,1710.4,0,8
LONG,Bar_Range:hi,DailyOpen_Side:==1,7,7,0,17.43,296.99,2078.9,0,7
LONG,DailyOpen_Side:==1,Micro_RangeAccel:lo,7,7,0,17.14,279.19,1954.3,0,7
LONG,RangeOsc_Val:lo,VA_Position:hi,7,7,0,17.86,430.67,3014.7,0,7
LONG,Bars_Since_Flip:hi,Micro_Entropy:lo,6,6,0,10.17,679.4,4076.4,0,6
LONG,Harmonic_OBVf_Concordance:==0,Micro_VolOfVol:hi,6,6,0,15.0,388.6,2331.6,0,6
LONG,Harmonic_OBVf_Concordance:==0,OBV_Macd:lo,6,6,0,14.17,265.25,1591.5,0,6
LONG,KAMA_Dist:lo,MultiDay_Position:lo,6,6,0,14.17,521.95,3131.7,0,6
LONG,Lower_Wick:hi,Micro_MicroGap:hi,7,6,1,16.29,225.1,1575.7,0,7
LONG,Micro_WickImbalance:hi,PrevDay_Low_Dist_ATR:lo,6,6,0,12.5,487.42,2924.5,0,6
LONG,OR_High_Side:==-1,VWAP_Sigma_ATR:lo,6,6,0,24.17,808.2,4849.2,0,6
LONG,PrevDay_High_Side:==-1,VWAP_Sigma_ATR:lo,6,6,0,28.83,4077.05,24462.3,0,6
LONG,Lower_Wick:lo,MultiDay_Position:lo,6,6,0,14.83,696.52,4179.1,0,6
LONG,Bars_Since_Flip:hi,Micro_VolOfVol:lo,6,6,0,10.17,141.95,851.7,0,6
LONG,Micro_Lambda:lo,VWAP_Sigma:lo,6,6,0,8.0,546.17,3277.0,0,6
LONG,RangeOsc_State:==2,VWAP_Sigma:lo,6,6,0,8.0,546.17,3277.0,0,6
LONG,DailyOpen_Side:==-1,Dist_To_PoC_ATR:lo,6,6,0,6.67,192.37,1154.2,0,6
LONG,DailyOpen_Side:==-1,Micro_VolOfVol:lo,6,6,0,6.67,192.37,1154.2,0,6
LONG,Dist_To_PoC_ATR:lo,VWAP_Sigma:lo,6,6,0,9.67,117.78,706.7,0,6
LONG,Micro_IBSP:lo,Session_Low_Dist_ATR:lo,6,6,0,6.67,248.75,1492.5,0,6
LONG,Micro_MomoTransfer:lo,VWAP_Sigma:lo,6,6,0,5.33,102.87,617.2,6,0
LONG,Micro_VolOfVol:lo,VWAP_Sigma:lo,6,6,0,9.67,117.78,706.7,0,6
LONG,Bar_Range:hi,Micro_VolOfVol:lo,6,6,0,10.17,107.7,646.2,0,6
LONG,Dist_To_PoC_ATR:lo,OR_Low_Side:==1,6,6,0,6.83,182.42,1094.5,0,6
LONG,Efficiency_Ratio:hi,Volume:hi,6,6,0,12.0,247.72,1486.3,0,6
LONG,Micro_VolOfVol:lo,OR_Low_Side:==1,6,6,0,6.83,182.42,1094.5,0,6
LONG,AT_Slope_ST:lo,Harmonic_OBVf_Concordance:==0,6,6,0,12.33,171.53,1029.2,0,6
LONG,DailyOpen_Dist_ATR:lo,Volume_Avg_10:hi,6,6,0,11.0,321.33,1928.0,0,6
LONG,EMA_Oscillator:lo,Round_1000_Dist_ATR:lo,6,6,0,9.67,241.43,1448.6,0,6
LONG,Harmonic_OBVf_Concordance:==0,Slope_EMA_ST:lo,7,6,1,13.0,134.89,944.2,0,7
LONG,Harmonic_OBVf_Concordance:==0,Volume_Avg_10:hi,6,6,0,14.33,282.82,1696.9,0,6
LONG,KAMA_Dist:lo,Round_1000_Dist_ATR:lo,6,6,0,9.5,264.03,1584.2,0,6
LONG,Lower_Wick:hi,Micro_VolOfVol:lo,6,6,0,10.5,116.27,697.6,0,6
LONG,VWAP_Dist_ATR:lo,VWAP_Sigma:lo,6,6,0,10.17,459.82,2758.9,0,6
LONG,D2D_DirStep:==-1,Round_1000_Dist_ATR:lo,7,6,1,9.14,77.77,544.4,0,7
LONG,D2D_DirStep:==-1,Volume_Avg_10:hi,6,6,0,8.83,183.15,1098.9,0,6
LONG,Micro_FailedBreak:hi,Micro_VolOfVol:lo,6,6,0,10.17,143.47,860.8,0,6
LONG,Bar_Range:hi,EMA_Oscillator:lo,6,6,0,8.5,218.75,1312.5,0,6
LONG,Bar_Range:hi,VWAP_Dist_ATR:lo,7,6,1,15.43,2394.73,16763.1,0,7
LONG,Micro_MomoTransfer:hi,OR_High_Side:==-1,6,6,0,9.33,173.47,1040.8,0,6
LONG,AT_Regime_LT:==1,Slope_EMA_ST:hi,7,6,1,7.0,458.21,3207.5,0,7
LONG,Micro_RangeAccel:lo,OR_Low_Side:==1,6,6,0,6.17,184.37,1106.2,0,6
LONG,D2D_ATR_MA:hi,PrevDay_High_Side:==-1,6,6,0,27.5,3602.03,21612.2,0,6
LONG,DailyOpen_Dist_ATR:lo,ST_Flip_Event:==-1,6,6,0,8.67,126.98,761.9,0,6
LONG,KAMA_Dist:lo,ST_Flip_Event:==-1,8,6,2,8.38,24.69,197.5,0,8
LONG,Micro_VPIN:lo,PrevDay_High_Side:==-1,7,6,1,11.29,394.9,2764.3,0,7
LONG,Bar_Range:hi,Micro_PriceAccel:lo,6,6,0,29.33,1666.28,9997.7,0,6
LONG,D2D_Signal:==1,EMA_Oscillator:hi,7,6,1,14.43,2184.41,15290.9,0,7
LONG,D2D_Signal:==1,Micro_TickIntensity:hi,6,6,0,7.83,590.58,3543.5,0,6
LONG,D2D_Signal:==1,PrevDay_Low_Dist_ATR:lo,6,6,0,18.83,558.85,3353.1,0,6
LONG,EMA_Oscillator:hi,Micro_RangeAccel:lo,7,6,1,19.14,784.67,5492.7,0,7
LONG,EMA_Oscillator:hi,OR_Position:lo,6,6,0,21.83,339.8,2038.8,0,6
LONG,KAMA_Dist:hi,Micro_RangeVelocity:lo,7,6,1,22.86,843.96,5907.7,0,7
LONG,Micro_CSSpread:hi,OR_Position:lo,6,6,0,23.17,671.03,4026.2,0,6
LONG,Micro_CSSpread:hi,PrevDay_Low_Side:==-1,7,6,1,16.29,712.54,4987.8,0,7
LONG,Micro_PriceAccel:lo,RangeOsc_State:==-1,6,6,0,27.33,581.22,3487.3,0,6
LONG,Micro_TickIntensity:hi,OR_Position:lo,6,6,0,15.17,327.1,1962.6,0,6
LONG,PoC_Side:==1,RangeOsc_State:==-1,6,6,0,24.67,795.55,4773.3,0,6
LONG,EMA_Oscillator:hi,PrevDay_High_Side:==-1,6,6,0,31.33,4736.75,28420.5,0,6
LONG,ADX_Rising:==1,Micro_FailedBreak:hi,6,6,0,8.33,290.57,1743.4,0,6
LONG,ADX_Rising:==1,Volume_Avg_10:hi,6,6,0,7.67,190.55,1143.3,0,6
LONG,DailyOpen_Side:==-1,Momentum_Value:hi,6,6,0,17.33,495.63,2973.8,0,6
LONG,OBV_Macd:lo,ST_Flip_Event:==1,6,6,0,5.5,237.65,1425.9,0,6
LONG,ADX_Rising:==1,Slope_Accel_LT:hi,7,6,1,5.14,21.06,147.4,0,7
LONG,Micro_TickIntensity:hi,PrevDay_High_Dist_ATR:lo,7,6,1,5.86,35.89,251.2,0,7
LONG,PrevDay_Low_Side:==-1,Sqz_Val:hi,7,6,1,18.71,2218.24,15527.7,0,7
LONG,Bars_Since_Flip:hi,VWAP_Side:==1,6,6,0,7.83,361.0,2166.0,0,6
LONG,Bars_Since_Flip:hi,RangeOsc_Val:hi,6,6,0,7.17,380.22,2281.3,0,6
LONG,OR_Position:lo,VWAP_Side:==1,6,6,0,12.17,2698.2,16189.2,0,6
LONG,DailyOpen_Side:==1,OBV_Velocity:hi,6,6,0,10.67,263.12,1578.7,0,6
LONG,Harmonic_OBVf_Concordance:==0,Micro_RangeVelocity:lo,7,6,1,12.0,102.09,714.6,0,7
LONG,OR_High_Side:==-1,RangeOsc_State:==2,7,6,1,6.86,180.7,1264.9,0,7
LONG,D2D_DirStep:==1,Micro_RangeAccel:hi,6,6,0,22.67,381.5,2289.0,0,6
LONG,Micro_Hurst:hi,Micro_WickImbalance:hi,7,6,1,9.43,360.3,2522.1,0,7
LONG,D2D_Signal:==1,Micro_MicroGap:hi,6,6,0,12.83,433.15,2598.9,0,6
LONG,Micro_MicroGap:hi,RangeOsc_Val:lo,6,6,0,27.5,506.88,3041.3,0,6
LONG,Micro_MomoTransfer:hi,Micro_RollProxy:hi,6,6,0,12.33,1972.75,11836.5,0,6
LONG,ADX_Rising:==0,D2D_Signal:==1,6,6,0,19.5,3041.75,18250.5,0,6
LONG,D2D_Signal:==1,MultiDay_Position:hi,6,6,0,6.5,496.42,2978.5,0,6
LONG,MultiDay_Position:hi,OBV_Macd:lo,7,6,1,5.57,233.31,1633.2,0,7
LONG,Micro_Entropy:lo,MultiDay_Position:hi,6,6,0,5.5,301.52,1809.1,0,6
LONG,Micro_Entropy:lo,Round_1000_Dist_ATR:lo,6,6,0,5.5,301.52,1809.1,0,6
LONG,Micro_Hurst:hi,Micro_MomoTransfer:hi,6,6,0,7.33,487.95,2927.7,0,6
LONG,Micro_HLAsymmetry:lo,Micro_OrderFlowDelta:lo,6,6,0,7.83,170.13,1020.8,0,6
LONG,AT_Regime_LT:==1,Micro_BarOverlap:lo,6,6,0,21.67,374.98,2249.9,0,6
LONG,AT_Regime_LT:==1,Micro_FractalDim:lo,6,6,0,17.17,2072.73,12436.4,0,6
LONG,AT_Score_LT:lo,Micro_AutoCorr:hi,6,6,0,20.0,447.17,2683.0,0,6
LONG,AT_Score_LT:lo,PrevDay_High_Side:==-1,6,6,0,26.0,513.67,3082.0,0,6
LONG,Micro_Amihud:hi,Micro_BarOverlap:lo,6,6,0,29.17,1636.98,9821.9,0,6
LONG,Micro_AutoCorr:hi,Micro_MicroGap:lo,6,6,0,27.0,1258.12,7548.7,0,6
LONG,Micro_FractalDim:lo,RangeOsc_State:==-1,6,6,0,27.17,398.3,2389.8,0,6
LONG,D2D_Signal:==0,Micro_MicroGap:hi,7,6,1,28.57,419.91,2939.4,0,7
LONG,Micro_AutoCorr:hi,Micro_MicroGap:hi,6,6,0,26.33,2000.1,12000.6,0,6
LONG,RangeOsc_State:==-1,Slope_Accel_LT:hi,6,6,0,26.67,257.93,1547.6,0,6
LONG,Lower_Wick:hi,Micro_RangeAccel:hi,6,6,0,17.33,280.6,1683.6,0,6
LONG,Micro_CSSpread:hi,OR_High_Side:==-1,6,6,0,28.33,1202.07,7212.4,0,6
LONG,Micro_CSSpread:hi,PrevDay_High_Side:==-1,6,6,0,28.67,1165.92,6995.5,0,6
LONG,Micro_CSSpread:hi,VWAP_Sigma:hi,6,6,0,20.33,236.65,1419.9,0,6
LONG,Micro_MicroGap:lo,Micro_RangeAccel:hi,6,6,0,14.17,628.78,3772.7,0,6
LONG,Micro_RangeAccel:hi,RangeOsc_State:==-1,6,6,0,27.67,332.67,1996.0,0,6
LONG,D2D_Signal:==0,Round_500_Dist_ATR:lo,6,6,0,21.17,258.68,1552.1,0,6
LONG,Micro_TickIntensity:hi,Round_500_Dist_ATR:lo,6,6,0,8.33,103.0,618.0,0,6
LONG,AT_Score_LT:lo,D2D_ATR_MA:hi,6,6,0,28.17,439.3,2635.8,0,6
LONG,AT_Score_LT:lo,Micro_VPIN:lo,6,6,0,20.67,380.65,2283.9,0,6
LONG,Micro_Amihud:hi,Micro_VPIN:lo,6,6,0,17.83,355.95,2135.7,0,6
LONG,Micro_VPIN:lo,VWAP_Sigma:hi,6,6,0,12.5,224.67,1348.0,0,6
LONG,AT_Regime_ST:==1,Micro_FractalDim:hi,7,6,1,10.14,60.13,420.9,0,7
LONG,AT_Slope_ST:lo,OBV_Velocity:hi,7,6,1,17.0,350.89,2456.2,0,7
LONG,D2D_ATR_MA:hi,Micro_BarOverlap:lo,6,6,0,24.0,628.63,3771.8,0,6
LONG,D2D_ATR_MA:hi,RangeOsc_State:==-2,6,6,0,26.33,2903.12,17418.7,0,6
LONG,Micro_Amihud:hi,RangeOsc_State:==-2,6,6,0,22.33,2952.05,17712.3,0,6
LONG,Micro_BarOverlap:lo,Micro_OrderFlowDelta:hi,6,6,0,26.67,3898.37,23390.2,0,6
LONG,Micro_BarOverlap:lo,Micro_VolOfVol:hi,6,6,0,27.17,751.02,4506.1,0,6
LONG,Micro_FractalDim:hi,Sqz_State:==1,6,6,0,11.33,173.15,1038.9,0,6
LONG,Micro_OrderFlowDelta:hi,Micro_RangeAccel:hi,6,6,0,26.33,455.22,2731.3,0,6
LONG,Micro_OrderFlowDelta:hi,RangeOsc_State:==-2,6,6,0,28.33,8046.73,48280.4,0,6
LONG,Micro_RangeVelocity:hi,RangeOsc_State:==-2,6,6,0,26.83,2941.4,17648.4,0,6
LONG,Micro_VolOfVol:hi,OBV_Velocity:hi,6,6,0,16.33,518.12,3108.7,0,6
LONG,Micro_WickImbalance:lo,OBV_Velocity:hi,6,6,0,14.0,487.25,2923.5,0,6
LONG,OBVf_Signal:==1,RangeOsc_State:==-2,6,6,0,23.83,463.32,2779.9,0,6
LONG,Micro_MomoTransfer:hi,OR_Low_Side:==-1,7,6,1,10.0,171.79,1202.5,0,7
LONG,OR_High_Side:==-1,RangeOsc_Val:hi,6,6,0,6.17,691.07,4146.4,0,6
LONG,OR_Position:lo,TChan_A15:hi,6,6,0,20.0,2830.17,16981.0,0,6
LONG,RangeOsc_Val:hi,TChan_A15:hi,6,6,0,7.5,219.25,1315.5,0,6
LONG,Efficiency_Ratio:hi,Micro_FractalDim:lo,6,6,0,8.67,1904.12,11424.7,0,6
LONG,ADX_Rising:==0,Micro_HLAsymmetry:hi,6,6,0,12.33,2632.13,15792.8,0,6
LONG,Micro_OrderFlowDelta:lo,Micro_RangeAccel:hi,6,6,0,8.0,209.93,1259.6,0,6
LONG,Micro_RollProxy:lo,Micro_VolOfVol:hi,6,6,0,11.17,303.13,1818.8,0,6
LONG,AT_Regime_ST:==1,Micro_TickIntensity:lo,6,6,0,28.5,3945.4,23672.4,0,6
LONG,DailyOpen_Dist_ATR:lo,VWAP_Side:==-1,6,6,0,13.83,908.42,5450.5,0,6
LONG,DailyOpen_Side:==1,Micro_RollProxy:hi,6,6,0,22.5,414.87,2489.2,0,6
LONG,Micro_FailedBreak:hi,Micro_IBSP:hi,6,6,0,11.83,224.83,1349.0,0,6
LONG,Micro_FailedBreak:hi,Micro_TickIntensity:lo,6,6,0,28.5,3923.5,23541.0,0,6
LONG,Micro_IBSP:hi,Micro_LogReturn:hi,6,6,0,16.17,447.37,2684.2,0,6
LONG,Micro_IBSP:hi,Momentum_Value:hi,6,6,0,17.5,349.7,2098.2,0,6
LONG,Micro_IBSP:hi,OR_Position:lo,6,6,0,15.67,528.0,3168.0,0,6
LONG,Micro_TickIntensity:lo,Micro_VolOfVol:hi,6,6,0,28.5,3923.5,23541.0,0,6
LONG,Micro_TickIntensity:lo,Slope_EMA_ST:lo,6,6,0,28.5,3945.4,23672.4,0,6
LONG,OBVf_Signal:==1,Slope_Accel_LT:lo,6,6,0,17.17,336.85,2021.1,0,6
LONG,RangeOsc_Val:lo,Slope_Accel_LT:lo,6,6,0,26.17,757.57,4545.4,0,6
LONG,Micro_RangeAccel:hi,Micro_TickIntensity:hi,6,6,0,7.33,102.63,615.8,0,6
LONG,Micro_WickImbalance:hi,Slope_Accel_LT:lo,6,6,0,10.5,213.9,1283.4,0,6
LONG,OBVf_Signal:==-1,VWAP_Dist_ATR:lo,6,6,0,14.67,2841.4,17048.4,0,6
LONG,OBVf_Signal:==-1,Volume_Ratio_10:hi,6,6,0,17.0,2960.4,17762.4,0,6
LONG,Micro_LogReturn:lo,Micro_WickImbalance:hi,6,6,0,6.67,136.78,820.7,0,6
LONG,Micro_LogReturn:lo,Volume:hi,6,6,0,7.5,154.93,929.6,0,6
LONG,Micro_LogReturn:lo,Micro_OrderFlowDelta:lo,6,6,0,7.0,321.27,1927.6,0,6
LONG,EMA_Oscillator:hi,Micro_Rejection:lo,6,6,0,14.17,193.57,1161.4,0,6
LONG,KAMA_Dist:hi,Micro_RangeAccel:hi,6,6,0,23.67,502.6,3015.6,0,6
LONG,ADX_Value:hi,OR_High_Side:==-1,6,6,0,20.67,1054.55,6327.3,0,6
LONG,ADX_Value:hi,Sqz_State:==1,6,6,0,10.33,541.67,3250.0,0,6
LONG,ADX_Value:hi,OR_Low_Side:==-1,6,6,0,18.0,668.42,4010.5,0,6
LONG,KAMA_Dist:hi,ST_Flip_Event:==-1,6,6,0,7.5,203.1,1218.6,0,6
LONG,Micro_Hurst:hi,Micro_VPIN:lo,6,6,0,10.0,312.13,1872.8,0,6
LONG,Micro_RangeVelocity:hi,Micro_RollProxy:lo,6,6,0,8.33,644.2,3865.2,0,6
LONG,AT_Regime_ST:==1,Efficiency_Ratio:hi,8,6,2,9.38,62.59,500.7,0,8
LONG,EMA_Oscillator:hi,Micro_VPIN:lo,6,6,0,11.83,327.33,1964.0,0,6
LONG,EMA_Oscillator:hi,OR_High_Side:==-1,6,6,0,20.0,1030.48,6182.9,0,6
LONG,Micro_TickIntensity:lo,Upper_Wick:hi,6,6,0,26.0,3906.9,23441.4,0,6
LONG,Micro_RangeAccel:lo,PrevDay_Close_Side:==-1,7,6,1,12.14,2299.46,16096.2,0,7
LONG,Bar_Range:hi,OBVf_Signal:==1,6,6,0,25.67,681.88,4091.3,0,6
LONG,D2D_ATR:hi,TChan_A15:hi,6,6,0,25.0,1190.32,7141.9,0,6
LONG,D2D_ATR_MA:hi,Micro_PriceAccel:lo,6,6,0,22.33,472.93,2837.6,0,6
LONG,D2D_DirStep:==1,Volume_Avg_10:hi,6,6,0,30.67,4008.78,24052.7,0,6
LONG,Micro_PriceAccel:lo,OBVf_Signal:==1,6,6,0,25.0,447.38,2684.3,0,6
LONG,TChan_A15:hi,Volume_Avg_10:hi,6,6,0,11.33,312.57,1875.4,0,6
LONG,Bars_Since_Flip:hi,Micro_OrderFlowDelta:lo,6,6,0,16.17,235.9,1415.4,0,6
LONG,Micro_BarOverlap:lo,MultiDay_Position:lo,6,6,0,29.33,4030.75,24184.5,0,6
LONG,Micro_LogReturn:hi,WeeklyOpen_Side:==-1,6,6,0,24.33,5131.65,30789.9,0,6
LONG,Micro_RangeVelocity:lo,RangeOsc_State:==-2,6,6,0,23.67,2767.65,16605.9,0,6
LONG,Micro_WickImbalance:lo,Sqz_Val:hi,6,6,0,19.0,2960.07,17760.4,0,6
LONG,OR_High_Side:==-1,WeeklyOpen_Side:==-1,6,6,0,13.67,3054.63,18327.8,0,6
LONG,PrevDay_High_Side:==-1,WeeklyOpen_Side:==-1,6,6,0,27.17,5321.08,31926.5,0,6
LONG,Slope_Accel_LT:lo,Sqz_State:==1,6,6,0,11.33,207.22,1243.3,0,6
LONG,AT_Score_LT:lo,Micro_PriceAccel:hi,6,6,0,8.5,984.13,5904.8,0,6
LONG,D2D_ATR:hi,Micro_PriceAccel:hi,6,6,0,24.67,2835.02,17010.1,0,6
LONG,Micro_PriceAccel:hi,Micro_WickImbalance:lo,6,6,0,21.17,2842.38,17054.3,0,6
LONG,MultiDay_Position:lo,PoC_Side:==1,6,6,0,23.67,3019.45,18116.7,0,6
LONG,ADX_Rising:==0,MultiDay_Position:lo,6,6,0,14.83,440.2,2641.2,0,6
LONG,ADX_Rising:==0,RangeOsc_State:==-1,6,6,0,15.0,767.05,4602.3,0,6
LONG,AT_Regime_LT:==1,KAMA_Dist:lo,8,6,2,10.88,-15.81,-126.5,0,8
LONG,D2D_ATR:hi,MultiDay_Slope:lo,6,6,0,26.0,643.57,3861.4,0,6
LONG,D2D_ATR_MA:hi,MultiDay_Slope:lo,6,6,0,18.33,592.87,3557.2,0,6
LONG,KAMA_Dist:lo,OBVf_Signal:==1,6,6,0,11.5,127.82,766.9,0,6
LONG,Micro_WickImbalance:hi,VWAP_Sigma:hi,6,6,0,14.5,249.5,1497.0,0,6
LONG,MultiDay_Slope:lo,Session_Low_Dist_ATR:lo,6,6,0,15.5,515.58,3093.5,0,6
LONG,MultiDay_Slope:lo,VWAP_Sigma:hi,6,6,0,12.33,285.85,1715.1,0,6
LONG,OBVf_Signal:==1,Volume_Ratio_10:hi,6,6,0,29.17,490.5,2943.0,0,6
LONG,AT_Regime_ST:==1,Micro_GarmanKlass:hi,6,6,0,18.83,300.82,1804.9,0,6
LONG,AT_Regime_ST:==1,PrevDay_Close_Dist_ATR:hi,6,6,0,18.83,300.82,1804.9,0,6
LONG,Bars_Since_Flip:hi,DailyOpen_Side:==-1,6,6,0,17.33,682.37,4094.2,0,6
LONG,Bars_Since_Flip:hi,PrevDay_Close_Dist_ATR:hi,6,6,0,16.67,286.62,1719.7,0,6
LONG,Bars_Since_Flip:hi,Round_100_Dist_ATR:lo,6,6,0,27.83,633.42,3800.5,0,6
LONG,DailyOpen_Side:==-1,Micro_VPIN:lo,6,6,0,13.5,778.43,4670.6,0,6
LONG,DailyOpen_Side:==-1,Micro_VolOfVol:hi,6,6,0,18.0,258.82,1552.9,0,6
LONG,DailyOpen_Side:==-1,Upper_Wick:hi,6,6,0,17.83,2977.25,17863.5,0,6
LONG,Micro_GarmanKlass:hi,PrevDay_High_Dist_ATR:hi,6,6,0,12.83,204.22,1225.3,0,6
LONG,Micro_GarmanKlass:hi,PrevDay_Low_Side:==-1,6,6,0,16.5,201.93,1211.6,0,6
LONG,Micro_GarmanKlass:hi,Upper_Wick:hi,6,6,0,13.5,356.08,2136.5,0,6
LONG,Micro_RangeAccel:hi,MultiDay_Position:lo,6,6,0,26.67,548.4,3290.4,0,6
LONG,Micro_RangeVelocity:hi,PrevDay_High_Dist_ATR:hi,6,6,0,15.5,239.47,1436.8,0,6
LONG,PrevDay_Close_Dist_ATR:hi,Volume:hi,6,6,0,17.5,339.82,2038.9,0,6
LONG,PrevDay_Close_Dist_ATR:hi,Volume_Avg_10:hi,6,6,0,16.67,286.62,1719.7,0,6
LONG,Micro_RangeAccel:hi,WeeklyOpen_Side:==-1,6,6,0,17.67,1016.3,6097.8,0,6
LONG,PrevDay_High_Dist_ATR:hi,RangeOsc_State:==-2,6,6,0,12.83,206.05,1236.3,0,6
LONG,PrevDay_High_Dist_ATR:hi,WeeklyOpen_Side:==-1,6,6,0,12.83,206.05,1236.3,0,6
LONG,AT_Lookback_ST:hi,Sqz_Val:hi,6,6,0,26.5,3027.85,18167.1,0,6
LONG,AT_Slope_ST:lo,Sqz_Val:hi,6,6,0,26.5,3027.85,18167.1,0,6
LONG,D2D_ATR:hi,Sqz_Val:hi,6,6,0,23.83,2869.13,17214.8,0,6
LONG,Sqz_Val:hi,Volume_Avg_10:hi,7,6,1,19.14,2225.29,15577.0,0,7
LONG,EMA_Oscillator:hi,Lower_Wick:hi,6,6,0,27.0,2250.55,13503.3,0,6
LONG,Micro_CSSpread:lo,Momentum_Value:hi,6,6,0,5.33,219.9,1319.4,6,0
LONG,Micro_CSSpread:lo,ST_Flip_Event:==1,6,6,0,5.33,219.9,1319.4,6,0
LONG,DailyOpen_Side:==-1,Micro_LogReturn:hi,6,6,0,14.67,857.75,5146.5,0,6
LONG,Lower_Wick:lo,Slope_Accel_LT:hi,6,6,0,8.17,88.78,532.7,0,6
LONG,Micro_FractalDim:lo,PrevDay_Low_Side:==-1,6,6,0,13.33,224.68,1348.1,0,6
LONG,Micro_TickIntensity:hi,TChan_A15:hi,6,6,0,7.17,148.38,890.3,0,6
LONG,Micro_Hurst:hi,PrevDay_High_Dist_ATR:hi,6,6,0,8.83,348.17,2089.0,0,6
LONG,D2D_DirStep:==1,Micro_Rejection:lo,7,6,1,22.29,243.74,1706.2,0,7
LONG,OBVf_Signal:==1,Session_High_Dist_ATR:lo,6,6,0,8.83,155.0,930.0,0,6
LONG,D2D_Signal:==1,Micro_MomoTransfer:hi,6,6,0,7.83,337.4,2024.4,0,6
LONG,Micro_FailedBreak:hi,Micro_MomoTransfer:hi,7,6,1,7.0,154.97,1084.8,0,7
LONG,Micro_FailedBreak:hi,VWAP_Side:==1,6,6,0,14.17,2837.57,17025.4,0,6
LONG,Micro_MomoTransfer:hi,PoC_Side:==1,6,6,0,7.83,337.4,2024.4,0,6
LONG,Micro_MomoTransfer:hi,Upper_Wick:hi,6,6,0,7.83,337.4,2024.4,0,6
LONG,Micro_RangeAccel:lo,VWAP_Dist_ATR:lo,6,6,0,14.5,2730.37,16382.2,0,6
LONG,Micro_MicroGap:hi,Volume_Avg_10:hi,6,6,0,15.0,456.12,2736.7,0,6
LONG,ADX_Rising:==1,PoC_Side:==1,6,6,0,10.17,2953.82,17722.9,0,6
LONG,VWAP_Side:==1,WeeklyOpen_Side:==-1,6,6,0,13.0,2738.75,16432.5,0,6
LONG,AT_Regime_LT:==1,OR_High_Side:==1,6,6,0,7.0,755.02,4530.1,0,6
LONG,KAMA_Dist:lo,PrevDay_Low_Side:==-1,7,6,1,9.86,226.19,1583.3,0,7
LONG,OBV_Macd:lo,PrevDay_Close_Side:==-1,7,6,1,13.43,4489.51,31426.6,0,7
LONG,AT_Slope_LT:lo,Micro_Entropy:lo,6,6,0,7.67,327.65,1965.9,0,6
LONG,Micro_Entropy:lo,Micro_FailedBreak:hi,6,6,0,7.67,327.65,1965.9,0,6
LONG,Micro_VPIN:lo,RangeOsc_State:==2,7,6,1,9.0,1574.89,11024.2,0,7
LONG,Momentum_Value:lo,OBVf_Signal:==1,6,6,0,7.5,133.62,801.7,0,6
LONG,Micro_LogReturn:hi,Micro_MomoTransfer:hi,6,6,0,7.83,285.32,1711.9,0,6
LONG,Micro_OrderFlowDelta:hi,WeeklyOpen_Side:==-1,6,6,0,19.33,7810.03,46860.2,0,6
LONG,ADX_Rising:==0,PrevDay_High_Dist_ATR:lo,6,6,0,17.33,2972.87,17837.2,0,6
LONG,Bar_Range:hi,OR_Position:hi,6,6,0,8.83,604.25,3625.5,0,6
LONG,DailyOpen_Dist_ATR:lo,PrevDay_Close_Side:==-1,6,6,0,12.33,2653.58,15921.5,0,6
LONG,Lower_Wick:hi,PrevDay_High_Dist_ATR:lo,7,6,1,11.29,320.26,2241.8,0,7
LONG,OR_Position:hi,VWAP_Dist_ATR:lo,6,6,0,7.67,388.98,2333.9,0,6
LONG,Round_100_Dist_ATR:lo,VWAP_Side:==-1,6,6,0,19.0,521.52,3129.1,0,6
LONG,Micro_MicroGap:lo,Micro_VPIN:lo,6,6,0,18.0,376.35,2258.1,0,6
LONG,OBV_Velocity:hi,Sqz_Val:hi,6,6,0,9.33,776.0,4656.0,0,6
LONG,OBV_Velocity:hi,WeeklyOpen_Side:==-1,6,6,0,8.83,660.87,3965.2,0,6
LONG,D2D_Signal:==1,ST_Flip_Event:==1,6,6,0,5.33,556.32,3337.9,0,6
LONG,Lower_Wick:lo,PoC_Side:==1,6,6,0,13.67,755.23,4531.4,0,6
LONG,Micro_Hurst:hi,VWAP_Side:==1,6,6,0,14.17,3139.22,18835.3,0,6
LONG,Micro_OrderFlowDelta:hi,VWAP_Dist_ATR:lo,6,6,0,13.67,3132.17,18793.0,0,6
LONG,Micro_OrderFlowDelta:hi,VWAP_Side:==1,6,6,0,13.67,3132.17,18793.0,0,6
LONG,Micro_HLAsymmetry:lo,RangeOsc_State:==2,6,6,0,6.67,440.87,2645.2,0,6
LONG,DailyOpen_Side:==1,RangeOsc_State:==-2,6,6,0,11.67,223.73,1342.4,0,6
LONG,DailyOpen_Side:==1,WeeklyOpen_Side:==-1,6,6,0,14.83,474.1,2844.6,0,6
LONG,RangeOsc_State:==-2,Round_500_Dist_ATR:lo,6,6,0,11.83,701.47,4208.8,0,6
LONG,PrevDay_High_Dist_ATR:lo,TChan_A15:hi,6,6,0,11.0,2641.67,15850.0,0,6
LONG,TChan_A15:hi,WeeklyOpen_Side:==-1,6,6,0,11.67,2646.47,15878.8,0,6
LONG,OR_Low_Side:==-1,PrevDay_Close_Side:==-1,6,6,0,13.0,2652.2,15913.2,0,6
LONG,VWAP_Side:==1,Volume_Ratio_10:hi,6,6,0,14.17,2931.25,17587.5,0,6
LONG,Slope_Accel_LT:lo,VWAP_Sigma:hi,6,6,0,9.17,355.37,2132.2,0,6
LONG,Efficiency_Ratio:hi,TChan_A15:hi,6,6,0,9.33,1833.35,11000.1,0,6
LONG,Micro_FractalDim:lo,MultiDay_Slope:lo,6,6,0,9.33,183.18,1099.1,0,6
LONG,Micro_Lambda:lo,Upper_Wick:hi,6,6,0,12.17,307.92,1847.5,0,6
LONG,OBV_Macd:lo,OR_High_Side:==0,6,6,0,6.0,197.73,1186.4,0,6
LONG,RangeOsc_State:==2,TChan_A15:hi,6,6,0,8.83,1757.28,10543.7,0,6
LONG,OR_Low_Side:==1,Round_500_Dist_ATR:lo,8,6,2,6.62,1.99,15.9,0,8
LONG,OR_Low_Side:==1,VA_Position:hi,8,6,2,6.62,1.99,15.9,0,8
LONG,DailyOpen_Dist_ATR:lo,Micro_OrderFlowDelta:hi,6,6,0,15.67,2968.52,17811.1,0,6
LONG,Micro_OrderFlowDelta:hi,VA_Position:hi,7,6,1,12.86,718.84,5031.9,0,7
LONG,OR_Low_Side:==1,Slope_Accel_LT:lo,6,6,0,8.67,245.33,1472.0,0,6
LONG,Lower_Wick:lo,Micro_RangeVelocity:lo,7,6,1,6.43,211.99,1483.9,0,7
LONG,Micro_PriceAccel:hi,WeeklyOpen_Side:==-1,7,6,1,11.71,2810.76,19675.3,0,7
LONG,Micro_RangeAccel:hi,PoC_Side:==1,6,6,0,19.0,1132.75,6796.5,0,6
LONG,OR_High_Side:==-1,VA_Position:hi,6,6,0,17.83,1365.58,8193.5,0,6
LONG,ADX_Value:lo,Slope_EMA_ST:hi,6,6,0,5.33,190.12,1140.7,6,0
LONG,AT_Lookback_ST:hi,Slope_EMA_ST:hi,6,6,0,5.33,190.12,1140.7,6,0
LONG,Slope_EMA_ST:hi,Upper_Wick:hi,6,6,0,5.33,172.97,1037.8,0,6
LONG,AT_Score_LT:hi,Bars_Since_Flip:hi,6,6,0,4.33,76.93,461.6,0,6
LONG,D2D_Signal:==1,Micro_Entropy:lo,6,6,0,8.0,306.87,1841.2,0,6
LONG,DailyOpen_Side:==-1,Session_High_Dist_ATR:lo,6,6,0,7.67,2978.5,17871.0,0,6
LONG,DailyOpen_Side:==-1,TChan_A15:hi,6,6,0,7.67,245.53,1473.2,0,6
LONG,Micro_Entropy:lo,Session_High_Dist_ATR:lo,6,6,0,6.17,362.25,2173.5,0,6
LONG,Micro_PriceAccel:hi,TChan_A15:hi,6,6,0,12.83,499.23,2995.4,0,6
LONG,Round_500_Dist_ATR:lo,Slope_Accel_LT:lo,6,6,0,17.17,550.95,3305.7,0,6
LONG,TChan_A15:hi,VA_Position:hi,6,6,0,22.17,1344.28,8065.7,0,6
LONG,Micro_HLAsymmetry:hi,VWAP_Side:==1,6,6,0,14.83,3010.0,18060.0,0,6
LONG,Micro_LogReturn:hi,OBVf_Signal:==-1,6,6,0,13.33,2789.6,16737.6,0,6
LONG,Micro_VolOfVol:hi,OBVf_Signal:==-1,6,6,0,16.5,3011.67,18070.0,0,6
LONG,Micro_WickImbalance:lo,OBVf_Signal:==-1,6,6,0,16.5,3011.67,18070.0,0,6
LONG,ADX_Value:hi,Bars_Since_Flip:hi,6,6,0,24.5,1292.75,7756.5,0,6
LONG,ADX_Value:hi,Micro_VolOfVol:hi,6,6,0,24.5,1373.48,8240.9,0,6
LONG,Micro_RangeAccel:hi,Volume_Ratio_10:hi,6,6,0,23.33,722.18,4333.1,0,6
LONG,D2D_DirStep:==1,PoC_Side:==1,6,6,0,32.0,5602.92,33617.5,0,6
LONG,D2D_Signal:==1,Round_100_Dist_ATR:lo,6,6,0,19.83,890.7,5344.2,0,6
LONG,D2D_Signal:==1,VWAP_Sigma_ATR:lo,6,6,0,22.67,3030.75,18184.5,0,6
LONG,Micro_Amihud:hi,Micro_PriceAccel:hi,6,6,0,17.0,470.15,2820.9,0,6
LONG,Micro_Amihud:hi,PoC_Side:==1,6,6,0,27.33,3331.3,19987.8,0,6
LONG,Micro_PriceAccel:hi,Micro_RollProxy:hi,6,6,0,25.67,2926.72,17560.3,0,6
LONG,OBV_Macd:lo,Round_100_Dist_ATR:lo,6,6,0,25.0,828.6,4971.6,0,6
LONG,OR_Position:lo,VWAP_Sigma_ATR:lo,6,6,0,31.0,697.32,4183.9,0,6
LONG,Round_100_Dist_ATR:lo,Volume_Ratio_10:hi,6,6,0,19.83,861.63,5169.8,0,6
LONG,Sqz_State:==1,VWAP_Sigma_ATR:lo,7,6,1,22.29,2507.6,17553.2,0,7
LONG,VWAP_Side:==-1,VWAP_Sigma_ATR:lo,6,6,0,35.33,4178.1,25068.6,0,6
LONG,EMA_Oscillator:hi,Micro_Amihud:hi,6,6,0,24.0,2274.07,13644.4,0,6
LONG,Round_1000_Dist_ATR:lo,Sqz_State:==1,6,6,0,25.17,3029.15,18174.9,0,6
LONG,Micro_RangeVelocity:lo,OBVf_Signal:==-1,6,6,0,13.17,2775.4,16652.4,0,6
LONG,Bar_Range:hi,D2D_DirStep:==-1,6,6,0,10.67,149.0,894.0,0,6
LONG,AT_Regime_LT:==1,Efficiency_Ratio:hi,6,6,0,7.5,1772.13,10632.8,0,6
LONG,D2D_DirStep:==-1,RangeOsc_State:==2,6,6,0,7.83,536.95,3221.7,0,6
LONG,Micro_Entropy:lo,Micro_OrderFlowDelta:hi,6,6,0,6.83,723.42,4340.5,0,6
LONG,Micro_Entropy:lo,PrevDay_Low_Side:==-1,6,6,0,7.0,388.45,2330.7,0,6
LONG,AT_Lookback_LT:hi,D2D_Persist:hi,6,6,0,5.33,134.87,809.2,0,6
LONG,D2D_Persist:hi,VAH_Dist_ATR:hi,6,6,0,5.33,134.87,809.2,0,6
LONG,D2D_Persist:hi,WeeklyOpen_Dist_ATR:lo,6,6,0,5.33,134.87,809.2,0,6
LONG,ADX_Rising:==1,AT_Lookback_LT:hi,6,6,0,5.5,156.98,941.9,0,6
LONG,ADX_Rising:==1,VAH_Dist_ATR:hi,6,6,0,5.5,156.98,941.9,0,6
LONG,ADX_Rising:==1,WeeklyOpen_Dist_ATR:lo,6,6,0,5.5,156.98,941.9,0,6
LONG,D2D_Persist:hi,Sqz_State:==1,8,6,2,5.5,8.35,66.8,0,8
LONG,PrevDay_High_Dist_ATR:lo,VAH_Dist_ATR:hi,6,6,0,5.5,156.98,941.9,0,6
LONG,PrevDay_High_Dist_ATR:lo,WeeklyOpen_Dist_ATR:lo,6,6,0,5.5,156.98,941.9,0,6
LONG,DailyOpen_Dist_ATR:lo,Micro_PriceAccel:hi,6,6,0,6.67,949.77,5698.6,0,6
LONG,DailyOpen_Dist_ATR:lo,VWAP_Sigma:hi,6,6,0,6.67,949.77,5698.6,0,6
LONG,Micro_PriceAccel:hi,OBV_Velocity:hi,6,6,0,6.67,949.77,5698.6,0,6
LONG,Micro_Amihud:hi,Micro_CSSpread:hi,6,6,0,27.33,1371.38,8228.3,0,6
LONG,Micro_CSSpread:hi,Session_Low_Dist_ATR:lo,7,6,1,14.14,867.96,6075.7,0,7
LONG,Micro_Hurst:hi,Micro_OrderFlowDelta:lo,6,6,0,10.33,296.3,1777.8,0,6
LONG,PrevDay_High_Side:==-1,Round_100_Dist_ATR:lo,6,6,0,10.83,275.33,1652.0,0,6
LONG,ADX_Rising:==0,Micro_RollProxy:hi,6,6,0,17.67,2820.18,16921.1,0,6
LONG,ADX_Rising:==0,Micro_VPIN:lo,6,6,0,8.0,331.78,1990.7,0,6
LONG,Micro_RangeAccel:lo,VWAP_Sigma_ATR:lo,6,6,0,22.5,405.72,2434.3,0,6
LONG,OBVf_Signal:==1,VWAP_Sigma_ATR:lo,6,6,0,23.83,410.65,2463.9,0,6
LONG,Micro_OrderFlowDelta:lo,TChan_A15:hi,6,6,0,8.67,1958.55,11751.3,0,6
LONG,ADX_Value:hi,Micro_RangeAccel:lo,6,6,0,20.33,2618.0,15708.0,0,6
LONG,DailyOpen_Dist_ATR:lo,Sqz_Val:hi,6,6,0,9.67,888.62,5331.7,0,6
LONG,Micro_TickIntensity:hi,PrevDay_Close_Side:==-1,6,6,0,6.17,903.33,5420.0,0,6
LONG,RangeOsc_State:==-2,Volume_Ratio_10:hi,6,6,0,19.33,5468.8,32812.8,0,6
LONG,Harmonic_OBVf_Concordance:==0,Round_500_Dist_ATR:lo,6,6,0,11.17,396.37,2378.2,0,6
LONG,Micro_RollProxy:hi,OBVf_Signal:==-1,6,6,0,15.17,2880.62,17283.7,0,6
LONG,MultiDay_Position:hi,OR_High_Side:==-1,6,6,0,6.5,411.0,2466.0,0,6
LONG,DailyOpen_Side:==1,Micro_WickImbalance:hi,7,6,1,9.43,222.9,1560.3,0,7
LONG,DailyOpen_Side:==1,PrevDay_High_Side:==-1,6,6,0,21.17,486.5,2919.0,0,6
LONG,Micro_Entropy:lo,OR_Position:hi,6,6,0,7.67,481.77,2890.6,0,6
LONG,MultiDay_Position:lo,OR_Low_Side:==1,7,6,1,8.0,288.33,2018.3,0,7
LONG,OR_High_Side:==1,OR_Low_Side:==1,6,6,0,7.33,479.47,2876.8,0,6
LONG,OR_High_Side:==1,OR_Position:hi,6,6,0,7.67,481.77,2890.6,0,6
LONG,OR_High_Side:==1,PrevDay_Close_Side:==-1,6,6,0,7.17,530.77,3184.6,0,6
LONG,OR_High_Side:==1,Session_Low_Dist_ATR:lo,6,6,0,7.67,481.77,2890.6,0,6
LONG,RangeOsc_Val:hi,Slope_EMA_ST:hi,6,6,0,5.83,454.48,2726.9,0,6
LONG,Micro_WickImbalance:lo,Round_500_Dist_ATR:lo,6,6,0,18.33,500.28,3001.7,0,6
LONG,D2D_Signal:==1,RangeOsc_Val:hi,6,6,0,8.5,313.42,1880.5,0,6
LONG,PoC_Side:==1,TChan_A15:hi,6,6,0,19.67,3125.1,18750.6,0,6
LONG,AT_Regime_ST:==1,PrevDay_High_Side:==1,6,6,0,10.0,270.65,1623.9,0,6
LONG,ADX_Rising:==0,AT_Slope_LT:lo,6,6,0,19.67,2880.08,17280.5,0,6
LONG,Micro_CSSpread:hi,Micro_WickImbalance:lo,6,6,0,27.33,1213.3,7279.8,0,6
LONG,AT_Score_LT:hi,Volume:hi,6,6,0,5.5,291.52,1749.1,0,6
LONG,DailyOpen_Side:==1,Micro_HLAsymmetry:lo,6,6,0,8.17,300.23,1801.4,0,6
LONG,DailyOpen_Side:==1,Upper_Wick:hi,6,6,0,19.5,625.18,3751.1,0,6
LONG,Micro_HLAsymmetry:lo,OR_Position:lo,7,6,1,7.14,-29.97,-209.8,0,7
LONG,Micro_HLAsymmetry:lo,Round_500_Dist_ATR:lo,6,6,0,9.0,320.93,1925.6,0,6
LONG,OR_High_Side:==-1,PrevDay_Close_Side:==-1,6,6,0,12.83,3180.6,19083.6,0,6
LONG,Micro_AutoCorr:hi,OR_Low_Side:==1,6,6,0,9.17,338.7,2032.2,0,6
LONG,D2D_DirStep:==1,Slope_Accel_LT:lo,6,6,0,31.83,3848.62,23091.7,0,6
LONG,Round_1000_Dist_ATR:lo,Slope_Accel_LT:lo,6,6,0,25.0,3566.38,21398.3,0,6
LONG,ADX_Value:hi,Bar_Range:hi,7,6,1,18.0,812.53,5687.7,0,7
LONG,Session_High_Dist_ATR:lo,VWAP_Sigma_ATR:lo,6,6,0,10.17,307.6,1845.6,0,6
LONG,Micro_FractalDim:lo,Session_Low_Dist_ATR:lo,6,6,0,11.33,2091.47,12548.8,0,6
LONG,ADX_Value:hi,Micro_RangeVelocity:lo,7,6,1,18.0,2187.73,15314.1,0,7
LONG,ADX_Value:hi,Micro_RollProxy:hi,6,6,0,19.83,2635.27,15811.6,0,6
LONG,MultiDay_Slope:lo,Round_500_Dist_ATR:lo,6,6,0,13.0,200.88,1205.3,0,6
LONG,MultiDay_Position:lo,PrevDay_High_Dist_ATR:lo,7,6,1,8.57,238.27,1667.9,0,7
LONG,DailyOpen_Side:==1,VWAP_Sigma_ATR:lo,6,6,0,22.67,631.73,3790.4,0,6
LONG,D2D_ATR:hi,DailyOpen_Side:==1,6,6,0,26.17,759.28,4555.7,0,6
LONG,AT_Regime_LT:==1,Micro_IBSP:hi,6,6,0,12.17,437.95,2627.7,0,6
LONG,D2D_DirStep:==-1,Micro_Hurst:hi,7,6,1,8.43,61.79,432.5,0,7
LONG,DailyOpen_Side:==1,Micro_RangeVelocity:lo,6,6,0,19.5,345.67,2074.0,0,6
LONG,D2D_ATR:hi,Slope_Accel_LT:lo,6,6,0,28.33,1160.57,6963.4,0,6
LONG,AT_Regime_LT:==1,PrevDay_High_Side:==1,7,6,1,5.86,202.34,1416.4,0,7
LONG,MultiDay_Position:hi,PrevDay_High_Side:==1,7,6,1,5.86,202.34,1416.4,0,7
LONG,PrevDay_High_Side:==1,Round_1000_Dist_ATR:lo,7,6,1,5.86,202.34,1416.4,0,7
LONG,AT_Regime_ST:==1,Micro_Entropy:lo,6,5,1,8.33,253.65,1521.9,0,6
LONG,Bars_Since_Flip:hi,Harmonic_OBVf_Concordance:==0,5,5,0,16.0,632.58,3162.9,0,5
LONG,Bars_Since_Flip:hi,VWAP_Dist_ATR:lo,5,5,0,13.0,750.62,3753.1,0,5
LONG,DailyOpen_Dist_ATR:lo,MultiDay_Position:lo,5,5,0,12.4,661.02,3305.1,0,5
LONG,Harmonic_OBVf_Concordance:==0,Micro_LogReturn:hi,5,5,0,10.0,251.56,1257.8,0,5
LONG,Harmonic_OBVf_Concordance:==0,Upper_Wick:hi,5,5,0,15.4,870.66,4353.3,0,5
LONG,Harmonic_OBVf_Concordance:==0,Volume_Ratio_10:hi,5,5,0,16.4,366.9,1834.5,0,5
LONG,KAMA_Dist:lo,Micro_LogReturn:hi,5,5,0,10.0,251.56,1257.8,0,5
LONG,KAMA_Dist:lo,Momentum_Value:lo,5,5,0,9.2,407.68,2038.4,0,5
LONG,KAMA_Dist:lo,Volume_Ratio_10:hi,5,5,0,16.4,366.9,1834.5,0,5
LONG,Micro_Amihud:hi,Micro_HLAsymmetry:lo,5,5,0,8.4,259.6,1298.0,0,5
LONG,Micro_Entropy:lo,Micro_VolOfVol:hi,6,5,1,9.67,173.1,1038.6,0,6
LONG,Micro_Entropy:lo,Micro_WickImbalance:hi,5,5,0,11.6,792.52,3962.6,0,5
LONG,Micro_Entropy:lo,OBV_Macd:lo,5,5,0,9.6,2222.74,11113.7,0,5
LONG,Micro_Entropy:lo,Upper_Wick:hi,5,5,0,10.2,393.44,1967.2,0,5
LONG,Micro_MicroGap:hi,Micro_WickImbalance:hi,5,5,0,8.2,257.14,1285.7,0,5
LONG,Micro_MicroGap:hi,MultiDay_Position:lo,5,5,0,28.4,754.62,3773.1,0,5
LONG,Micro_MicroGap:hi,OR_High_Side:==-1,5,5,0,19.6,473.46,2367.3,0,5
LONG,Micro_MicroGap:hi,PrevDay_High_Side:==-1,6,5,1,25.17,410.15,2460.9,0,6
LONG,Lower_Wick:lo,Micro_LogReturn:hi,5,5,0,16.8,382.04,1910.2,0,5
LONG,Micro_TickIntensity:hi,Session_Low_Dist_ATR:lo,5,5,0,8.4,1126.94,5634.7,0,5
LONG,Micro_PriceAccel:lo,Session_Low_Dist_ATR:lo,5,5,0,17.2,468.24,2341.2,0,5
LONG,Round_500_Dist_ATR:lo,Session_Low_Dist_ATR:lo,5,5,0,11.4,637.38,3186.9,0,5
LONG,Slope_EMA_ST:hi,Volume_Avg_10:hi,5,5,0,9.0,481.18,2405.9,0,5
LONG,AT_Slope_ST:lo,DailyOpen_Side:==-1,5,5,0,20.4,295.12,1475.6,0,5
LONG,AT_Slope_ST:lo,Efficiency_Ratio:hi,5,5,0,10.0,387.4,1937.0,0,5
LONG,Dist_To_PoC_ATR:lo,Slope_EMA_ST:lo,5,5,0,10.2,126.6,633.0,0,5
LONG,Efficiency_Ratio:hi,Session_Low_Dist_ATR:lo,5,5,0,8.8,2156.74,10783.7,0,5
LONG,Micro_HLAsymmetry:hi,Micro_Lambda:lo,7,5,2,12.86,164.44,1151.1,0,7
LONG,Micro_OrderFlowDelta:lo,Micro_RollProxy:hi,5,5,0,13.0,2192.82,10964.1,0,5
LONG,OR_Low_Side:==1,Slope_EMA_ST:lo,6,5,1,11.0,286.02,1716.1,0,6
LONG,RangeOsc_State:==2,Round_1000_Dist_ATR:lo,5,5,0,8.6,272.4,1362.0,0,5
LONG,RangeOsc_State:==2,Round_100_Dist_ATR:lo,5,5,0,9.6,174.06,870.3,0,5
LONG,DailyOpen_Dist_ATR:lo,Micro_RollProxy:hi,5,5,0,21.2,3307.04,16535.2,0,5
LONG,DailyOpen_Dist_ATR:lo,Micro_VolOfVol:lo,5,5,0,8.4,707.16,3535.8,0,5
LONG,EMA_Oscillator:lo,Volume_Avg_10:hi,5,5,0,10.8,142.06,710.3,0,5
LONG,KAMA_Dist:lo,Micro_RollProxy:hi,6,5,1,7.67,-37.35,-224.1,0,6
LONG,Micro_HLAsymmetry:lo,Micro_RollProxy:hi,6,5,1,7.17,266.38,1598.3,0,6
LONG,Micro_HLAsymmetry:lo,Session_Low_Dist_ATR:lo,6,5,1,9.83,97.57,585.4,0,6
LONG,Micro_RollProxy:hi,VWAP_Dist_ATR:lo,5,5,0,15.0,3122.04,15610.2,0,5
LONG,Micro_WickImbalance:hi,Round_1000_Dist_ATR:lo,6,5,1,9.67,36.15,216.9,0,6
LONG,AT_Regime_ST:==1,OR_Position:hi,6,5,1,7.67,995.65,5973.9,0,6
LONG,DailyOpen_Side:==-1,Micro_RangeVelocity:hi,5,5,0,20.4,338.68,1693.4,0,5
LONG,Micro_FailedBreak:hi,Micro_HLAsymmetry:lo,5,5,0,7.6,144.88,724.4,0,5
LONG,Micro_RangeVelocity:hi,OR_Position:hi,5,5,0,8.4,398.46,1992.3,0,5
LONG,OR_Position:hi,Slope_EMA_ST:lo,5,5,0,9.4,427.94,2139.7,0,5
LONG,Bar_Range:hi,Harmonic_OBVf_Concordance:==0,5,5,0,10.6,226.38,1131.9,0,5
LONG,Micro_MomoTransfer:hi,Slope_EMA_ST:lo,6,5,1,14.33,327.53,1965.2,0,6
LONG,Micro_MomoTransfer:hi,Volume_Avg_10:hi,5,5,0,11.6,333.4,1667.0,0,5
LONG,Micro_Entropy:lo,Slope_EMA_ST:hi,6,5,1,7.83,391.38,2348.3,0,6
LONG,Micro_MomoTransfer:hi,OR_Low_Side:==1,6,5,1,6.0,95.13,570.8,0,6
LONG,Micro_MomoTransfer:hi,Session_Low_Dist_ATR:lo,6,5,1,7.83,1754.0,10524.0,0,6
LONG,D2D_ATR_MA:hi,Micro_WickImbalance:hi,6,5,1,15.67,204.35,1226.1,0,6
LONG,AT_Regime_LT:==1,EMA_Oscillator:hi,6,5,1,21.5,851.62,5109.7,0,6
LONG,AT_Regime_LT:==1,VA_Position:hi,6,5,1,17.83,797.63,4785.8,0,6
LONG,EMA_Oscillator:hi,Micro_RangeVelocity:lo,6,5,1,21.5,851.62,5109.7,0,6
LONG,EMA_Oscillator:hi,PoC_Side:==1,5,5,0,16.8,3156.9,15784.5,0,5
LONG,KAMA_Dist:hi,Micro_PriceAccel:lo,5,5,0,24.2,1771.1,8855.5,0,5
LONG,Micro_CSSpread:hi,Micro_MicroGap:lo,5,5,0,23.8,1155.9,5779.5,0,5
LONG,Micro_CSSpread:hi,Micro_PriceAccel:lo,5,5,0,19.0,270.02,1350.1,0,5
LONG,Micro_CSSpread:hi,Micro_RangeVelocity:lo,5,5,0,27.6,1185.24,5926.2,0,5
LONG,Micro_MicroGap:lo,VA_Position:hi,5,5,0,20.0,1108.34,5541.7,0,5
LONG,Micro_PriceAccel:lo,PrevDay_Low_Side:==-1,5,5,0,24.2,1771.1,8855.5,0,5
LONG,Micro_RangeVelocity:lo,VA_Position:hi,5,5,0,17.4,1094.0,5470.0,0,5
LONG,OR_Position:lo,PoC_Side:==1,5,5,0,31.4,3792.88,18964.4,0,5
LONG,D2D_Signal:==0,VA_Position:hi,5,5,0,22.6,1167.22,5836.1,0,5
LONG,KAMA_Dist:hi,PrevDay_High_Side:==-1,5,5,0,33.4,5563.5,27817.5,0,5
LONG,ADX_Rising:==1,Lower_Wick:lo,5,5,0,8.8,237.08,1185.4,0,5
LONG,DailyOpen_Side:==-1,PrevDay_High_Dist_ATR:lo,5,5,0,7.6,3616.68,18083.4,0,5
LONG,Harmonic_LLEMA:hi,Volume_Avg_10:hi,5,5,0,5.8,136.58,682.9,0,5
LONG,Lower_Wick:lo,Momentum_Value:hi,5,5,0,16.4,663.96,3319.8,0,5
LONG,Lower_Wick:lo,PrevDay_High_Dist_ATR:lo,5,5,0,8.8,237.08,1185.4,0,5
LONG,Micro_FailedBreak:hi,ST_Flip_Event:==1,6,5,1,6.0,75.0,450.0,0,6
LONG,Micro_Rejection:lo,ST_Flip_Event:==1,5,5,0,6.2,637.44,3187.2,0,5
LONG,Micro_Rejection:lo,Sqz_Val:hi,5,5,0,9.6,148.8,744.0,0,5
LONG,DailyOpen_Dist_ATR:lo,RangeOsc_Val:hi,5,5,0,4.8,92.94,464.7,0,5
LONG,OBV_Velocity:hi,OR_Position:lo,5,5,0,17.0,349.44,1747.2,0,5
LONG,OBV_Velocity:hi,VWAP_Side:==1,5,5,0,5.4,322.6,1613.0,0,5
LONG,ADX_Rising:==0,Micro_RangeVelocity:lo,6,5,1,20.0,2676.82,16060.9,0,6
LONG,Efficiency_Ratio:hi,OR_High_Side:==-1,5,5,0,10.8,281.62,1408.1,0,5
LONG,Micro_WickImbalance:hi,RangeOsc_State:==2,5,5,0,7.4,220.0,1100.0,0,5
LONG,PrevDay_High_Side:==-1,RangeOsc_State:==2,5,5,0,8.6,232.72,1163.6,0,5
LONG,KAMA_Dist:lo,Micro_Hurst:hi,6,5,1,8.83,202.85,1217.1,0,6
LONG,Micro_MicroGap:hi,PoC_Side:==1,5,5,0,10.6,397.98,1989.9,0,5
LONG,Micro_MicroGap:hi,Session_Low_Dist_ATR:lo,5,5,0,11.6,2153.18,10765.9,0,5
LONG,PoC_Side:==1,RangeOsc_Val:lo,5,5,0,27.0,1156.26,5781.3,0,5
LONG,Micro_Lambda:lo,Micro_MicroGap:hi,6,5,1,10.5,208.97,1253.8,0,6
LONG,Micro_Lambda:lo,RangeOsc_State:==-2,6,5,1,5.83,26.12,156.7,0,6
LONG,Micro_Lambda:lo,WeeklyOpen_Side:==-1,6,5,1,7.17,105.85,635.1,0,6
LONG,Micro_MicroGap:hi,Slope_Accel_LT:hi,6,5,1,10.33,206.63,1239.8,0,6
LONG,Micro_MicroGap:hi,Micro_MomoTransfer:hi,5,5,0,8.2,2135.0,10675.0,0,5
LONG,MultiDay_Position:hi,PoC_Side:==1,5,5,0,5.8,427.7,2138.5,0,5
LONG,Round_1000_Dist_ATR:lo,Session_High_Dist_ATR:lo,5,5,0,14.0,3492.96,17464.8,0,5
LONG,Micro_Entropy:lo,Micro_Hurst:hi,5,5,0,5.8,481.56,2407.8,0,5
LONG,AT_Score_LT:lo,Micro_HLAsymmetry:hi,5,5,0,27.6,750.38,3751.9,0,5
LONG,AT_Score_LT:lo,Micro_LogReturn:hi,5,5,0,22.6,509.54,2547.7,0,5
LONG,Body_Size:hi,Micro_FractalDim:lo,5,5,0,28.2,342.04,1710.2,0,5
LONG,D2D_DirStep:==1,Micro_MicroGap:lo,5,5,0,30.8,1425.74,7128.7,0,5
LONG,Micro_FractalDim:lo,Micro_MicroGap:lo,5,5,0,21.2,394.8,1974.0,0,5
LONG,Micro_FractalDim:lo,Micro_RangeAccel:lo,5,5,0,18.8,2446.24,12231.2,0,5
LONG,Micro_LogReturn:hi,Micro_MicroGap:lo,5,5,0,30.8,1425.74,7128.7,0,5
LONG,OR_High_Side:==-1,RangeOsc_Val:lo,5,5,0,29.4,968.74,4843.7,0,5
LONG,RangeOsc_Val:lo,Round_1000_Dist_ATR:lo,5,5,0,22.6,350.6,1753.0,0,5
LONG,D2D_Signal:==0,Micro_TickIntensity:hi,6,5,1,20.0,267.93,1607.6,0,6
LONG,Micro_BarOverlap:lo,Micro_RangeVelocity:lo,5,5,0,20.0,226.44,1132.2,0,5
LONG,Micro_FractalDim:lo,OR_Position:lo,5,5,0,16.6,252.68,1263.4,0,5
LONG,Micro_Hurst:hi,Micro_MicroGap:hi,6,5,1,22.83,324.0,1944.0,0,6
LONG,Micro_MicroGap:hi,VWAP_Sigma:hi,5,5,0,20.8,414.02,2070.1,0,5
LONG,PrevDay_High_Side:==-1,Slope_Accel_LT:hi,5,5,0,27.2,700.3,3501.5,0,5
LONG,AT_Score_LT:lo,Micro_CSSpread:hi,5,5,0,15.8,206.96,1034.8,0,5
LONG,Lower_Wick:hi,Micro_FractalDim:lo,5,5,0,15.8,305.5,1527.5,0,5
LONG,Micro_CSSpread:hi,Micro_RangeVelocity:hi,5,5,0,24.6,865.02,4325.1,0,5
LONG,Micro_FractalDim:lo,Micro_RangeAccel:hi,5,5,0,16.2,260.46,1302.3,0,5
LONG,Micro_FractalDim:lo,Micro_RangeVelocity:hi,6,5,1,16.0,193.12,1158.7,0,6
LONG,AT_Regime_LT:==1,Micro_VolOfVol:lo,5,5,0,10.8,136.42,682.1,0,5
LONG,Body_Size:hi,Micro_VolOfVol:lo,5,5,0,9.8,173.48,867.4,0,5
LONG,Micro_RangeAccel:lo,Micro_VolOfVol:lo,5,5,0,10.6,166.66,833.3,0,5
LONG,AT_Lookback_ST:hi,OBV_Velocity:hi,5,5,0,18.6,455.52,2277.6,0,5
LONG,Micro_Amihud:hi,Micro_RangeAccel:hi,5,5,0,28.2,864.44,4322.2,0,5
LONG,Micro_BarOverlap:lo,OBVf_Signal:==1,5,5,0,19.0,472.68,2363.4,0,5
LONG,Micro_BarOverlap:lo,Sqz_State:==1,5,5,0,30.4,3202.08,16010.4,0,5
LONG,Micro_FractalDim:hi,RangeOsc_State:==-2,5,5,0,11.6,191.12,955.6,0,5
LONG,Micro_RangeVelocity:hi,OBV_Velocity:hi,5,5,0,19.4,596.0,2980.0,0,5
LONG,Micro_VolOfVol:lo,Sqz_State:==1,5,5,0,9.2,691.5,3457.5,0,5
LONG,Bars_Since_Flip:hi,Micro_MomoTransfer:hi,5,5,0,10.4,418.94,2094.7,0,5
LONG,Micro_FractalDim:lo,Slope_Accel_LT:lo,5,5,0,7.4,262.88,1314.4,0,5
LONG,Efficiency_Ratio:hi,Micro_AutoCorr:hi,5,5,0,7.8,2263.72,11318.6,0,5
LONG,Efficiency_Ratio:hi,Micro_WickImbalance:lo,6,5,1,9.83,1854.3,11125.8,0,6
LONG,Micro_FractalDim:lo,Micro_Lambda:lo,5,5,0,7.2,211.5,1057.5,0,5
LONG,Micro_OrderFlowDelta:lo,Micro_RollProxy:lo,6,5,1,11.83,179.53,1077.2,0,6
LONG,AT_Regime_ST:==1,Micro_IBSP:hi,5,5,0,19.4,385.08,1925.4,0,5
LONG,AT_Slope_LT:lo,Micro_TickIntensity:lo,5,5,0,32.4,4632.6,23163.0,0,5
LONG,AT_Slope_ST:lo,Micro_TickIntensity:lo,5,5,0,32.4,4632.6,23163.0,0,5
LONG,Body_Size:hi,Micro_IBSP:hi,5,5,0,18.6,390.04,1950.2,0,5
LONG,Body_Size:hi,Micro_TickIntensity:lo,5,5,0,32.4,4632.6,23163.0,0,5
LONG,D2D_ATR_MA:hi,Micro_MicroGap:hi,5,5,0,19.6,549.72,2748.6,0,5
LONG,D2D_ATR_MA:hi,Micro_TickIntensity:lo,5,5,0,29.8,4573.8,22869.0,0,5
LONG,D2D_Signal:==1,Micro_IBSP:hi,5,5,0,13.4,486.68,2433.4,0,5
LONG,D2D_Signal:==1,OBVf_Signal:==1,5,5,0,15.4,456.78,2283.9,0,5
LONG,DailyOpen_Side:==1,RangeOsc_Val:lo,5,5,0,26.4,836.7,4183.5,0,5
LONG,DailyOpen_Side:==1,Slope_Accel_LT:lo,5,5,0,21.8,673.74,3368.7,0,5
LONG,Micro_Amihud:hi,Slope_Accel_LT:lo,5,5,0,37.0,4408.74,22043.7,0,5
LONG,Micro_IBSP:hi,VWAP_Side:==-1,5,5,0,14.4,344.12,1720.6,0,5
LONG,Micro_MicroGap:hi,Micro_RangeVelocity:hi,6,5,1,20.83,291.18,1747.1,0,6
LONG,Micro_MicroGap:hi,Slope_Accel_LT:lo,5,5,0,21.4,489.78,2448.9,0,5
LONG,Micro_RollProxy:hi,Micro_TickIntensity:lo,5,5,0,28.6,4462.84,22314.2,0,5
LONG,Micro_TickIntensity:lo,OR_Low_Side:==-1,5,5,0,22.0,3617.28,18086.4,0,5
LONG,D2D_ATR_MA:hi,Micro_Lambda:lo,6,5,1,15.17,279.63,1677.8,0,6
LONG,Micro_OrderFlowDelta:lo,Momentum_Value:hi,5,5,0,16.4,314.18,1570.9,0,5
LONG,Micro_OrderFlowDelta:lo,OBVf_Signal:==1,5,5,0,13.4,155.74,778.7,0,5
LONG,RangeOsc_Val:lo,Round_100_Dist_ATR:lo,6,5,1,24.33,470.13,2820.8,0,6
LONG,Micro_TickIntensity:hi,ST_Flip_Event:==-1,5,5,0,9.4,172.96,864.8,0,5
LONG,ADX_Rising:==0,TChan_A15:hi,5,5,0,19.4,3413.74,17068.7,0,5
LONG,DailyOpen_Dist_ATR:lo,Micro_AutoCorr:hi,5,5,0,18.4,3408.88,17044.4,0,5
LONG,Lower_Wick:hi,Session_High_Dist_ATR:lo,5,5,0,10.4,351.4,1757.0,0,5
LONG,Lower_Wick:hi,Slope_Accel_LT:lo,5,5,0,26.4,1240.72,6203.6,0,5
LONG,Micro_AutoCorr:hi,OBVf_Signal:==-1,5,5,0,16.2,3376.08,16880.4,0,5
LONG,OBVf_Signal:==-1,TChan_A15:hi,5,5,0,16.2,3376.08,16880.4,0,5
LONG,PrevDay_High_Side:==-1,Session_High_Dist_ATR:lo,5,5,0,16.8,3435.6,17178.0,0,5
LONG,Micro_LogReturn:lo,Session_Low_Dist_ATR:lo,6,5,1,7.67,164.42,986.5,0,6
LONG,Micro_LogReturn:lo,Volume_Ratio_10:hi,5,5,0,9.4,260.18,1300.9,0,5
LONG,Micro_MicroGap:hi,OBVf_Signal:==-1,5,5,0,9.2,376.38,1881.9,4,1
LONG,EMA_Oscillator:hi,Micro_LogReturn:hi,5,5,0,29.6,5304.72,26523.6,0,5
LONG,KAMA_Dist:hi,Micro_MicroGap:hi,5,5,0,22.0,515.82,2579.1,0,5
LONG,AT_Score_LT:lo,Micro_MomoTransfer:hi,5,5,0,7.4,132.26,661.3,0,5
LONG,Micro_MomoTransfer:hi,VWAP_Sigma:hi,5,5,0,11.2,315.38,1576.9,0,5
LONG,AT_Score_LT:lo,Harmonic_LLEMA:hi,5,5,0,6.0,81.6,408.0,0,5
LONG,Harmonic_LLEMA:hi,VWAP_Sigma:hi,5,5,0,6.0,81.6,408.0,0,5
LONG,ADX_Value:hi,Body_Size:hi,5,5,0,27.2,1477.5,7387.5,0,5
LONG,ADX_Value:hi,Micro_MicroGap:lo,5,5,0,15.2,1242.84,6214.2,0,5
LONG,ADX_Value:hi,RangeOsc_State:==-2,5,5,0,7.2,328.28,1641.4,0,5
LONG,Micro_FractalDim:hi,OBV_Macd:lo,5,5,0,6.8,139.88,699.4,0,5
LONG,Micro_Rejection:lo,OBV_Velocity:hi,5,5,0,6.2,331.6,1658.0,0,5
LONG,KAMA_Dist:hi,RangeOsc_State:==-2,5,5,0,22.6,6537.88,32689.4,0,5
LONG,D2D_DirStep:==-1,Micro_RollProxy:lo,5,5,0,7.8,588.24,2941.2,0,5
LONG,D2D_Signal:==1,Micro_VPIN:lo,5,5,0,12.2,476.24,2381.2,0,5
LONG,Micro_TickIntensity:lo,PoC_Side:==1,5,5,0,21.8,3755.88,18779.4,0,5
LONG,Micro_VPIN:lo,Slope_Accel_LT:lo,5,5,0,8.2,255.36,1276.8,0,5
LONG,Bar_Range:hi,Micro_VPIN:lo,6,5,1,13.83,358.78,2152.7,0,6
LONG,D2D_DirStep:==1,Micro_PriceAccel:lo,5,5,0,31.4,1930.38,9651.9,0,5
LONG,D2D_DirStep:==1,OBVf_Signal:==1,5,5,0,25.6,415.6,2078.0,0,5
LONG,D2D_DirStep:==1,PrevDay_Low_Dist_ATR:lo,5,5,0,36.4,665.18,3325.9,0,5
LONG,D2D_DirStep:==1,Sqz_State:==1,5,5,0,28.2,3247.04,16235.2,0,5
LONG,Micro_AutoCorr:hi,Micro_PriceAccel:lo,5,5,0,31.4,1930.38,9651.9,0,5
LONG,Micro_PriceAccel:lo,RangeOsc_Val:lo,5,5,0,28.8,485.9,2429.5,0,5
LONG,PrevDay_Low_Dist_ATR:lo,TChan_A15:hi,5,5,0,13.0,267.8,1339.0,0,5
LONG,Sqz_State:==1,TChan_A15:hi,5,5,0,14.6,255.64,1278.2,0,5
LONG,D2D_ATR:hi,Micro_WickImbalance:hi,5,5,0,16.8,158.86,794.3,0,5
LONG,Micro_WickImbalance:hi,OBVf_Signal:==1,5,5,0,13.4,136.58,682.9,0,5
LONG,Micro_TickIntensity:hi,OBVf_Signal:==1,5,5,0,13.2,399.18,1995.9,0,5
LONG,Micro_TickIntensity:hi,RangeOsc_Val:lo,5,5,0,17.8,405.62,2028.1,0,5
LONG,AT_Slope_LT:lo,Lower_Wick:lo,6,5,1,16.33,223.37,1340.2,0,6
LONG,Bar_Range:hi,Lower_Wick:lo,5,5,0,17.4,374.56,1872.8,0,5
LONG,Lower_Wick:lo,Micro_RangeAccel:lo,6,5,1,6.5,187.15,1122.9,0,6
LONG,PrevDay_High_Side:==-1,Sqz_Val:hi,5,5,0,24.8,3610.88,18054.4,0,5
LONG,RangeOsc_State:==-2,Slope_Accel_LT:lo,5,5,0,16.6,3159.04,15795.2,0,5
LONG,Micro_OrderFlowDelta:hi,Micro_PriceAccel:hi,5,5,0,22.8,3245.9,16229.5,0,5
LONG,ADX_Rising:==0,D2D_ATR:hi,5,5,0,19.4,420.5,2102.5,0,5
LONG,ADX_Rising:==0,Micro_Amihud:hi,5,5,0,21.8,3195.66,15978.3,0,5
LONG,ADX_Rising:==0,Volume_Avg_10:hi,5,5,0,13.6,270.42,1352.1,0,5
LONG,Body_Size:hi,Micro_WickImbalance:hi,5,5,0,14.0,158.32,791.6,0,5
LONG,KAMA_Dist:lo,Micro_RangeAccel:lo,6,5,1,12.33,-9.5,-57.0,0,6
LONG,KAMA_Dist:lo,Sqz_State:==1,5,5,0,15.4,372.3,1861.5,0,5
LONG,Micro_MicroGap:lo,Micro_WickImbalance:hi,5,5,0,12.0,171.78,858.9,0,5
LONG,Micro_MicroGap:lo,OBVf_Signal:==1,5,5,0,24.4,419.18,2095.9,0,5
LONG,Micro_RangeVelocity:lo,MultiDay_Slope:lo,5,5,0,21.2,271.92,1359.6,0,5
LONG,MultiDay_Slope:lo,OR_High_Side:==-1,5,5,0,21.8,287.2,1436.0,0,5
LONG,MultiDay_Slope:lo,OR_Position:lo,5,5,0,25.2,454.52,2272.6,0,5
LONG,MultiDay_Slope:lo,Slope_Accel_LT:hi,5,5,0,14.0,185.46,927.3,0,5
LONG,OBVf_Signal:==1,PrevDay_High_Side:==-1,5,5,0,29.0,505.26,2526.3,0,5
LONG,AT_Lookback_ST:hi,Micro_GarmanKlass:hi,5,5,0,18.8,297.62,1488.1,0,5
LONG,AT_Lookback_ST:hi,PrevDay_Close_Dist_ATR:hi,5,5,0,18.8,297.62,1488.1,0,5
LONG,AT_Lookback_ST:hi,Round_100_Dist_ATR:lo,5,5,0,28.4,763.74,3818.7,0,5
LONG,AT_Slope_LT:lo,PrevDay_High_Dist_ATR:hi,5,5,0,15.6,321.16,1605.8,0,5
LONG,AT_Slope_ST:lo,Micro_GarmanKlass:hi,5,5,0,20.4,216.02,1080.1,0,5
LONG,AT_Slope_ST:lo,PrevDay_Close_Dist_ATR:hi,5,5,0,20.4,216.02,1080.1,0,5
LONG,D2D_ATR:hi,DailyOpen_Side:==-1,5,5,0,21.2,562.08,2810.4,0,5
LONG,D2D_ATR:hi,Micro_GarmanKlass:hi,5,5,0,18.0,238.02,1190.1,0,5
LONG,D2D_ATR:hi,PrevDay_Close_Dist_ATR:hi,5,5,0,18.0,238.02,1190.1,0,5
LONG,D2D_ATR_MA:hi,Micro_GarmanKlass:hi,5,5,0,18.4,319.98,1599.9,0,5
LONG,DailyOpen_Side:==-1,Micro_HLAsymmetry:hi,5,5,0,19.6,322.62,1613.1,0,5
LONG,DailyOpen_Side:==-1,OR_Low_Side:==-1,5,5,0,20.4,271.48,1357.4,0,5
LONG,DailyOpen_Side:==-1,PrevDay_High_Dist_ATR:hi,5,5,0,13.8,409.44,2047.2,0,5
LONG,DailyOpen_Side:==-1,Sqz_State:==1,5,5,0,21.0,3646.42,18232.1,0,5
LONG,Micro_GarmanKlass:hi,OBVf_Signal:==1,5,5,0,20.4,216.02,1080.1,0,5
LONG,Micro_GarmanKlass:hi,OR_Low_Side:==-1,5,5,0,19.4,328.98,1644.9,0,5
LONG,Micro_GarmanKlass:hi,Slope_Accel_LT:hi,5,5,0,18.8,214.02,1070.1,0,5
LONG,Micro_RangeAccel:hi,Micro_VPIN:lo,5,5,0,16.0,374.94,1874.7,0,5
LONG,OBVf_Signal:==1,PrevDay_Close_Dist_ATR:hi,5,5,0,20.4,216.02,1080.1,0,5
LONG,OR_Low_Side:==-1,PrevDay_Close_Dist_ATR:hi,5,5,0,19.4,328.98,1644.9,0,5
LONG,PrevDay_Close_Dist_ATR:hi,PrevDay_High_Dist_ATR:hi,5,5,0,14.2,231.74,1158.7,0,5
LONG,PrevDay_Close_Dist_ATR:hi,PrevDay_Low_Side:==-1,5,5,0,18.8,214.02,1070.1,0,5
LONG,PrevDay_Close_Dist_ATR:hi,Slope_Accel_LT:hi,5,5,0,18.8,214.02,1070.1,0,5
LONG,PrevDay_Close_Dist_ATR:hi,Upper_Wick:hi,5,5,0,15.0,291.34,1456.7,0,5
LONG,PrevDay_High_Dist_ATR:hi,Session_Low_Dist_ATR:lo,5,5,0,11.8,414.48,2072.4,0,5
LONG,PrevDay_High_Dist_ATR:hi,Sqz_State:==1,5,5,0,18.8,247.48,1237.4,0,5
LONG,D2D_Signal:==0,WeeklyOpen_Side:==-1,5,5,0,26.6,500.58,2502.9,0,5
LONG,EMA_Oscillator:hi,Sqz_State:==1,6,5,1,21.0,2568.43,15410.6,0,6
LONG,EMA_Oscillator:hi,WeeklyOpen_Side:==-1,6,5,1,21.83,2608.33,15650.0,0,6
LONG,MultiDay_Position:lo,Sqz_Val:hi,6,5,1,21.5,2575.33,15452.0,0,6
LONG,EMA_Oscillator:hi,Micro_BarOverlap:lo,5,5,0,27.4,4505.86,22529.3,0,5
LONG,Micro_BarOverlap:lo,PrevDay_High_Dist_ATR:hi,5,5,0,12.6,366.04,1830.2,0,5
LONG,Micro_RollProxy:hi,Sqz_Val:hi,5,5,0,23.6,3417.72,17088.6,0,5
LONG,Sqz_Val:hi,VWAP_Sigma:hi,6,5,1,18.67,3065.42,18392.5,0,6
LONG,D2D_Signal:==0,MultiDay_Slope:lo,5,5,0,20.6,416.06,2080.3,0,5
LONG,Micro_WickImbalance:lo,MultiDay_Slope:lo,5,5,0,21.2,611.98,3059.9,0,5
LONG,Efficiency_Ratio:hi,Micro_TickIntensity:hi,6,5,1,6.67,45.1,270.6,0,6
LONG,Micro_VolOfVol:hi,ST_Flip_Event:==-1,5,5,0,8.6,142.7,713.5,0,5
LONG,D2D_ATR:hi,Lower_Wick:lo,5,5,0,17.2,271.0,1355.0,0,5
LONG,Micro_FractalDim:lo,Volume_Avg_10:hi,5,5,0,9.2,281.54,1407.7,0,5
LONG,KAMA_Dist:hi,OBVf_Signal:==1,5,5,0,17.2,374.46,1872.3,0,5
LONG,Micro_VPIN:lo,Session_High_Dist_ATR:lo,5,5,0,6.6,194.68,973.4,0,5
LONG,D2D_ATR_MA:hi,RangeOsc_State:==2,5,5,0,8.0,394.24,1971.2,0,5
LONG,Micro_Amihud:hi,Session_High_Dist_ATR:lo,5,5,0,17.2,3251.48,16257.4,0,5
LONG,KAMA_Dist:hi,OR_Low_Side:==1,5,5,0,9.2,3710.68,18553.4,0,5
LONG,OR_Low_Side:==1,VWAP_Side:==-1,6,5,1,7.67,2937.57,17625.4,0,6
LONG,ADX_Rising:==1,KAMA_Dist:hi,5,5,0,8.6,3444.98,17224.9,0,5
LONG,OR_Low_Side:==1,VWAP_Dist_ATR:lo,6,5,1,10.17,295.08,1770.5,0,6
LONG,VWAP_Dist_ATR:lo,WeeklyOpen_Side:==-1,5,5,0,14.8,3229.96,16149.8,0,5
LONG,DailyOpen_Side:==-1,Micro_MomoTransfer:hi,5,5,0,6.2,545.76,2728.8,0,5
LONG,DailyOpen_Side:==-1,Micro_RangeAccel:lo,5,5,0,6.2,619.58,3097.9,0,5
LONG,Micro_RangeAccel:lo,OR_High_Side:==1,5,5,0,6.2,619.58,3097.9,0,5
LONG,Micro_RangeVelocity:lo,MultiDay_Position:hi,5,5,0,5.8,365.42,1827.1,0,5
LONG,AT_Regime_LT:==1,Micro_RangeAccel:hi,5,5,0,5.4,214.6,1073.0,0,5
LONG,Micro_Lambda:lo,Micro_VPIN:lo,6,5,1,10.0,306.92,1841.5,0,6
LONG,D2D_ATR_MA:hi,Momentum_Value:lo,5,5,0,6.6,247.18,1235.9,0,5
LONG,OBVf_Signal:==1,Round_500_Dist_ATR:lo,5,5,0,19.8,291.1,1455.5,0,5
LONG,Micro_WickImbalance:hi,OR_Position:hi,5,5,0,9.2,624.8,3124.0,0,5
LONG,Micro_WickImbalance:hi,PrevDay_High_Dist_ATR:lo,5,5,0,11.4,458.86,2294.3,0,5
LONG,EMA_Oscillator:hi,Round_1000_Dist_ATR:lo,5,5,0,32.8,5615.22,28076.1,0,5
LONG,PoC_Side:==1,Sqz_Val:hi,5,5,0,13.4,3749.24,18746.2,0,5
LONG,Lower_Wick:lo,VWAP_Dist_ATR:lo,5,5,0,9.4,729.3,3646.5,0,5
LONG,Lower_Wick:lo,VWAP_Side:==1,5,5,0,9.4,729.3,3646.5,0,5
LONG,Upper_Wick:hi,VWAP_Sigma:lo,5,5,0,6.4,480.46,2402.3,0,5
LONG,Micro_HLAsymmetry:lo,Micro_Lambda:lo,5,5,0,7.8,506.04,2530.2,0,5
LONG,OBV_Velocity:hi,PrevDay_High_Dist_ATR:lo,5,5,0,8.6,838.64,4193.2,0,5
LONG,Micro_Entropy:lo,PrevDay_High_Dist_ATR:lo,5,5,0,7.8,554.84,2774.2,0,5
LONG,Micro_MomoTransfer:hi,TChan_A15:hi,5,5,0,7.8,2144.24,10721.2,0,5
LONG,Micro_LogReturn:hi,Micro_PriceAccel:hi,5,5,0,26.2,3458.5,17292.5,0,5
LONG,Micro_PriceAccel:hi,Slope_Accel_LT:lo,5,5,0,8.6,311.48,1557.4,0,5
LONG,D2D_Dynamic_Sensitivity:lo,Volume_Ratio_10:hi,6,5,1,18.67,946.82,5680.9,0,6
LONG,RangeOsc_State:==2,Volume_Ratio_10:hi,6,5,1,8.83,1625.08,9750.5,0,6
LONG,Micro_OrderFlowDelta:lo,Volume_Ratio_10:hi,5,5,0,9.4,2306.28,11531.4,0,5
LONG,OR_Position:hi,Upper_Wick:hi,5,5,0,6.8,304.38,1521.9,0,5
LONG,Bar_Range:hi,D2D_Persist:hi,5,5,0,6.2,123.44,617.2,0,5
LONG,Micro_MomoTransfer:hi,Micro_OrderFlowDelta:hi,5,5,0,5.2,444.42,2222.1,0,5
LONG,Micro_MomoTransfer:hi,Session_High_Dist_ATR:lo,5,5,0,6.0,346.22,1731.1,0,5
LONG,Micro_PriceAccel:hi,PrevDay_High_Dist_ATR:lo,5,5,0,7.8,807.12,4035.6,0,5
LONG,OBVf_Signal:==-1,PoC_Side:==1,5,5,0,17.8,3438.64,17193.2,0,5
LONG,PrevDay_High_Dist_ATR:lo,Slope_Accel_LT:lo,5,5,0,16.4,3234.2,16171.0,0,5
LONG,AT_Regime_LT:==1,Micro_PriceAccel:hi,5,5,0,13.2,284.08,1420.4,0,5
LONG,Lower_Wick:lo,Micro_MomoTransfer:hi,6,5,1,6.67,233.82,1402.9,0,6
LONG,Micro_Lambda:lo,VWAP_Sigma:hi,5,5,0,7.6,140.02,700.1,0,5
LONG,RangeOsc_State:==2,VWAP_Sigma:hi,5,5,0,6.4,143.42,717.1,0,5
LONG,Body_Size:hi,Lower_Wick:lo,5,5,0,17.6,275.72,1378.6,0,5
LONG,Lower_Wick:lo,VWAP_Sigma:hi,5,5,0,19.8,405.52,2027.6,0,5
LONG,DailyOpen_Side:==-1,VWAP_Sigma:hi,5,5,0,15.8,327.86,1639.3,0,5
LONG,DailyOpen_Side:==-1,Volume_Ratio_10:hi,5,5,0,16.4,4257.26,21286.3,0,5
LONG,Micro_Entropy:lo,Round_500_Dist_ATR:lo,5,5,0,7.4,356.4,1782.0,0,5
LONG,Micro_Entropy:lo,Slope_Accel_LT:lo,5,5,0,8.6,236.44,1182.2,0,5
LONG,OR_High_Side:==1,Volume:hi,5,5,0,7.0,235.4,1177.0,0,5
LONG,Micro_PriceAccel:hi,Sqz_State:==1,6,5,1,19.67,3008.38,18050.3,0,6
LONG,Micro_MicroGap:hi,Micro_VPIN:lo,5,5,0,8.0,2107.16,10535.8,0,5
LONG,Bar_Range:hi,Micro_PriceAccel:hi,5,5,0,28.0,3550.3,17751.5,0,5
LONG,Bar_Range:hi,VWAP_Sigma_ATR:lo,6,5,1,32.0,3853.0,23118.0,0,6
LONG,D2D_ATR_MA:hi,PoC_Side:==1,5,5,0,29.4,3770.44,18852.2,0,5
LONG,D2D_DirStep:==1,VWAP_Sigma_ATR:lo,5,5,0,37.2,4681.56,23407.8,0,5
LONG,D2D_Signal:==1,Micro_BarOverlap:lo,5,5,0,28.4,3471.74,17358.7,0,5
LONG,DailyOpen_Side:==-1,PoC_Side:==1,5,5,0,15.0,3544.28,17721.4,0,5
LONG,KAMA_Dist:hi,Micro_PriceAccel:hi,5,5,0,25.0,3417.98,17089.9,0,5
LONG,Lower_Wick:lo,Micro_Amihud:hi,5,5,0,18.6,408.74,2043.7,0,5
LONG,Lower_Wick:lo,Sqz_State:==1,5,5,0,17.4,296.34,1481.7,0,5
LONG,Micro_AutoCorr:hi,VWAP_Sigma_ATR:lo,5,5,0,37.2,4681.56,23407.8,0,5
LONG,Micro_BarOverlap:lo,Micro_PriceAccel:hi,5,5,0,28.4,3471.74,17358.7,0,5
LONG,Micro_BarOverlap:lo,Round_100_Dist_ATR:lo,5,5,0,16.8,329.78,1648.9,0,5
LONG,Micro_OrderFlowDelta:hi,PrevDay_Low_Dist_ATR:lo,5,5,0,34.2,647.8,3239.0,0,5
LONG,PoC_Side:==1,VWAP_Sigma_ATR:lo,5,5,0,25.6,3576.58,17882.9,0,5
LONG,Round_100_Dist_ATR:lo,VWAP_Sigma:hi,5,5,0,16.8,329.78,1648.9,0,5
LONG,AT_Regime_LT:==1,Round_100_Dist_ATR:lo,6,5,1,15.17,215.58,1293.5,0,6
LONG,MultiDay_Slope:lo,PrevDay_Low_Dist_ATR:lo,5,5,0,20.4,411.42,2057.1,0,5
LONG,PrevDay_Low_Dist_ATR:lo,RangeOsc_State:==-2,5,5,0,16.4,407.26,2036.3,0,5
LONG,RangeOsc_State:==-2,Round_1000_Dist_ATR:lo,5,5,0,31.2,6582.08,32910.4,0,5
LONG,Efficiency_Ratio:hi,Micro_RangeAccel:lo,5,5,0,6.8,2058.92,10294.6,0,5
LONG,Micro_RangeAccel:lo,RangeOsc_State:==2,5,5,0,6.8,2058.92,10294.6,0,5
LONG,Micro_BarOverlap:lo,TChan_A15:hi,5,5,0,19.2,545.56,2727.8,0,5
LONG,AT_Regime_LT:==1,Micro_HLAsymmetry:lo,6,5,1,6.0,-32.67,-196.0,0,6
LONG,Micro_HLAsymmetry:lo,Micro_RangeVelocity:lo,6,5,1,6.5,-21.6,-129.6,0,6
LONG,Momentum_Value:lo,Slope_EMA_ST:lo,5,5,0,9.4,149.36,746.8,0,5
LONG,RangeOsc_State:==2,Round_500_Dist_ATR:lo,5,5,0,7.6,243.3,1216.5,0,5
LONG,OR_Low_Side:==-1,Session_High_Dist_ATR:lo,5,5,0,18.8,3360.24,16801.2,0,5
LONG,D2D_Persist:hi,Micro_RangeVelocity:lo,5,5,0,5.2,803.32,4016.6,0,5
LONG,AT_Lookback_LT:hi,Sqz_State:==1,5,5,0,5.6,166.08,830.4,0,5
LONG,Sqz_State:==1,VAH_Dist_ATR:hi,5,5,0,5.6,166.08,830.4,0,5
LONG,Sqz_State:==1,WeeklyOpen_Dist_ATR:lo,5,5,0,5.6,166.08,830.4,0,5
LONG,ADX_Rising:==1,Bars_Since_Flip:hi,5,5,0,8.4,188.62,943.1,0,5
LONG,Lower_Wick:lo,Micro_Entropy:lo,5,5,0,7.6,694.4,3472.0,0,5
LONG,Micro_CSSpread:hi,TChan_A15:hi,5,5,0,18.4,1034.04,5170.2,0,5
LONG,ADX_Rising:==1,Micro_VolOfVol:hi,5,5,0,10.0,227.06,1135.3,0,5
LONG,Micro_Amihud:hi,PrevDay_High_Dist_ATR:lo,5,5,0,19.2,3398.62,16993.1,0,5
LONG,AT_Score_LT:lo,PrevDay_Close_Side:==-1,5,5,0,7.4,105.94,529.7,0,5
LONG,PrevDay_Close_Side:==-1,VWAP_Sigma:hi,5,5,0,7.6,205.72,1028.6,0,5
LONG,D2D_Signal:==0,VWAP_Sigma_ATR:lo,5,5,0,30.6,1830.06,9150.3,0,5
LONG,Micro_VolOfVol:lo,PrevDay_High_Dist_ATR:lo,5,5,0,8.4,718.2,3591.0,0,5
LONG,Micro_VolOfVol:lo,WeeklyOpen_Side:==-1,5,5,0,8.4,718.2,3591.0,0,5
LONG,RangeOsc_State:==-2,Session_High_Dist_ATR:lo,5,5,0,19.6,7142.4,35712.0,0,5
LONG,Session_High_Dist_ATR:lo,VWAP_Side:==-1,5,5,0,15.0,4236.42,21182.1,0,5
LONG,Body_Size:hi,PrevDay_High_Dist_ATR:lo,5,5,0,20.2,3498.98,17494.9,0,5
LONG,AT_Lookback_ST:hi,Session_High_Dist_ATR:lo,5,5,0,10.8,283.46,1417.3,0,5
LONG,AT_Slope_ST:lo,PrevDay_Close_Side:==-1,6,5,1,14.33,2511.02,15066.1,0,6
LONG,Micro_RangeVelocity:hi,PrevDay_Close_Side:==-1,5,5,0,9.2,299.06,1495.3,0,5
LONG,Micro_RangeVelocity:hi,PrevDay_High_Dist_ATR:lo,5,5,0,11.2,481.04,2405.2,0,5
LONG,D2D_Persist:hi,OBV_Macd:lo,6,5,1,6.0,701.67,4210.0,0,6
LONG,Micro_HLAsymmetry:lo,PrevDay_High_Side:==1,5,5,0,6.8,110.46,552.3,0,5
LONG,Micro_TickIntensity:lo,Volume_Ratio_10:hi,5,5,0,28.4,4567.84,22839.2,0,5
LONG,Micro_FractalDim:lo,Micro_VolOfVol:hi,5,5,0,14.6,410.36,2051.8,0,5
LONG,Micro_Hurst:hi,PrevDay_High_Side:==1,5,5,0,7.4,329.98,1649.9,0,5
LONG,PrevDay_High_Side:==1,Session_High_Dist_ATR:lo,5,5,0,10.0,476.72,2383.6,0,5
LONG,Micro_VPIN:lo,Round_500_Dist_ATR:lo,5,5,0,10.8,363.22,1816.1,0,5
LONG,AT_Regime_LT:==1,RangeOsc_Val:hi,5,5,0,7.2,448.12,2240.6,0,5
LONG,Lower_Wick:lo,MultiDay_Position:hi,6,5,1,5.0,208.37,1250.2,0,6
LONG,Lower_Wick:lo,RangeOsc_Val:hi,5,5,0,8.4,512.0,2560.0,0,5
LONG,Lower_Wick:lo,Round_1000_Dist_ATR:lo,6,5,1,5.0,208.37,1250.2,0,6
LONG,Micro_OrderFlowDelta:hi,RangeOsc_Val:hi,5,5,0,8.4,540.14,2700.7,0,5
LONG,ADX_Value:hi,Round_1000_Dist_ATR:lo,5,5,0,13.2,1198.48,5992.4,0,5
LONG,DailyOpen_Side:==-1,Micro_WickImbalance:hi,5,5,0,8.0,738.52,3692.6,0,5
LONG,AT_Regime_LT:==1,OR_Position:hi,5,5,0,6.6,615.38,3076.9,0,5
LONG,OR_High_Side:==1,RangeOsc_Val:hi,5,5,0,7.4,536.12,2680.6,0,5
LONG,RangeOsc_Val:hi,Upper_Wick:hi,5,5,0,8.6,312.68,1563.4,0,5
LONG,Body_Size:hi,Session_High_Dist_ATR:lo,5,5,0,24.4,3522.48,17612.4,0,5
LONG,D2D_ATR:hi,Session_High_Dist_ATR:lo,5,5,0,15.2,397.44,1987.2,0,5
LONG,D2D_DirStep:==1,VA_Position:hi,5,5,0,25.4,1496.22,7481.1,0,5
LONG,ADX_Value:hi,Slope_EMA_ST:lo,5,5,0,27.6,1416.98,7084.9,0,5
LONG,ADX_Value:hi,AT_Slope_LT:lo,5,5,0,27.0,1482.74,7413.7,0,5
LONG,ADX_Value:hi,VWAP_Side:==-1,5,5,0,27.6,1482.74,7413.7,0,5
LONG,Micro_Hurst:hi,MultiDay_Slope:lo,5,5,0,15.2,288.04,1440.2,0,5
LONG,ADX_Value:hi,Micro_FractalDim:lo,5,5,0,7.0,2223.3,11116.5,0,5
LONG,Slope_EMA_ST:hi,Volume_Ratio_10:hi,5,5,0,7.2,320.52,1602.6,0,5
LONG,Micro_CSSpread:hi,Slope_Accel_LT:lo,5,5,0,25.6,1317.02,6585.1,0,5
LONG,D2D_Signal:==1,OR_Position:hi,5,5,0,7.0,353.7,1768.5,0,5
LONG,Micro_FailedBreak:hi,OR_Low_Side:==1,5,5,0,9.4,422.44,2112.2,0,5
LONG,Micro_RollProxy:lo,Upper_Wick:hi,5,5,0,12.8,304.72,1523.6,0,5
LONG,OR_Position:hi,VWAP_Side:==1,5,5,0,7.0,353.7,1768.5,0,5
LONG,KAMA_Dist:lo,Micro_GarmanKlass:hi,5,5,0,6.8,329.28,1646.4,0,5
LONG,Micro_Rejection:hi,Volume:hi,5,5,0,5.6,268.92,1344.6,0,5
LONG,DailyOpen_Side:==1,Micro_Rejection:lo,5,5,0,13.0,403.52,2017.6,0,5
LONG,Micro_IBSP:lo,Micro_WickImbalance:lo,5,5,0,7.4,146.94,734.7,0,5
LONG,D2D_Persist:hi,RangeOsc_Val:hi,5,5,0,6.0,117.6,588.0,0,5
LONG,Dist_To_PoC_ATR:lo,PrevDay_Close_Side:==-1,5,5,0,5.6,203.84,1019.2,0,5
LONG,Dist_To_PoC_ATR:lo,RangeOsc_Val:hi,5,5,0,5.6,203.84,1019.2,0,5
LONG,Micro_VolOfVol:lo,RangeOsc_Val:hi,5,5,0,5.6,203.84,1019.2,0,5
LONG,RangeOsc_Val:hi,Slope_Accel_LT:hi,5,5,0,6.4,1089.72,5448.6,0,5
LONG,OR_Low_Side:==1,TChan_A15:hi,5,5,0,8.8,347.64,1738.2,0,5
LONG,Micro_VPIN:lo,OR_Position:hi,6,5,1,7.83,725.95,4355.7,0,6
LONG,Micro_RangeAccel:lo,Slope_Accel_LT:lo,5,5,0,33.8,4176.38,20881.9,0,5
LONG,OBV_Velocity:hi,Volume_Avg_10:hi,5,5,0,9.8,308.12,1540.6,0,5
LONG,Micro_FractalDim:lo,Micro_OrderFlowDelta:lo,5,5,0,11.0,2313.0,11565.0,0,5
LONG,ST_Flip_Event:==1,Session_Low_Dist_ATR:lo,5,5,0,6.4,356.82,1784.1,0,5
LONG,ADX_Value:hi,Micro_MicroGap:hi,5,5,0,16.0,2273.04,11365.2,0,5
LONG,DailyOpen_Side:==1,Volume_Ratio_10:hi,5,5,0,26.6,763.22,3816.1,0,5
LONG,DailyOpen_Side:==1,PrevDay_High_Dist_ATR:lo,5,5,0,17.2,742.3,3711.5,0,5
LONG,Sqz_State:==1,VWAP_Dist_ATR:lo,5,5,0,11.6,391.48,1957.4,0,5
LONG,RangeOsc_Val:hi,VWAP_Dist_ATR:lo,5,5,0,7.4,258.5,1292.5,0,5
LONG,ADX_Rising:==1,Micro_WickImbalance:lo,5,5,0,10.2,307.96,1539.8,0,5
LONG,Micro_CSSpread:hi,MultiDay_Position:lo,5,5,0,17.8,439.8,2199.0,0,5
LONG,ADX_Rising:==1,Micro_VPIN:lo,5,5,0,9.4,130.44,652.2,0,5
LONG,AT_Score_LT:hi,Bar_Range:hi,5,5,0,6.6,111.32,556.6,0,5
LONG,Micro_RollProxy:hi,PrevDay_High_Dist_ATR:lo,5,5,0,18.8,3245.26,16226.3,0,5
LONG,Micro_VPIN:lo,Slope_EMA_ST:hi,5,5,0,6.8,244.26,1221.3,0,5
LONG,Micro_AutoCorr:hi,MultiDay_Slope:lo,5,5,0,14.8,236.7,1183.5,0,5
LONG,AT_Slope_ST:lo,PrevDay_High_Side:==1,5,5,0,9.4,388.18,1940.9,0,5
LONG,EMA_Oscillator:lo,Micro_Hurst:hi,6,5,1,7.83,134.57,807.4,0,6
LONG,Micro_HLAsymmetry:lo,Micro_Hurst:hi,6,5,1,7.83,134.57,807.4,0,6
LONG,Micro_CSSpread:hi,RangeOsc_Val:lo,5,5,0,28.4,745.74,3728.7,0,5
LONG,D2D_DirStep:==-1,PrevDay_High_Side:==-1,5,5,0,10.6,159.16,795.8,0,5
LONG,EMA_Oscillator:lo,Micro_AutoCorr:hi,5,5,0,7.6,249.32,1246.6,0,5
LONG,Micro_AutoCorr:hi,Micro_HLAsymmetry:lo,5,5,0,7.6,249.32,1246.6,0,5
LONG,AT_Lookback_ST:hi,DailyOpen_Side:==1,5,5,0,26.0,681.46,3407.3,0,5
LONG,EMA_Oscillator:hi,Micro_AutoCorr:hi,5,5,0,30.6,5342.16,26710.8,0,5
LONG,DailyOpen_Dist_ATR:lo,Micro_MicroGap:hi,4,4,0,14.5,404.25,1617.0,0,4
LONG,DailyOpen_Dist_ATR:lo,PrevDay_Low_Dist_ATR:lo,4,4,0,10.25,556.85,2227.4,0,4
LONG,DailyOpen_Dist_ATR:lo,VWAP_Sigma_ATR:lo,4,4,0,12.75,782.82,3131.3,0,4
LONG,EMA_Oscillator:lo,Micro_VolOfVol:hi,4,4,0,11.25,284.23,1136.9,0,4
LONG,EMA_Oscillator:lo,Upper_Wick:hi,5,4,1,10.2,49.38,246.9,0,5
LONG,Harmonic_OBVf_Concordance:==0,Micro_Amihud:hi,4,4,0,18.5,375.7,1502.8,0,4
LONG,Harmonic_OBVf_Concordance:==0,MultiDay_Position:lo,4,4,0,18.75,739.1,2956.4,0,4
LONG,KAMA_Dist:lo,PrevDay_Low_Dist_ATR:lo,4,4,0,12.0,691.45,2765.8,0,4
LONG,Lower_Wick:hi,Momentum_Value:lo,4,4,0,10.75,296.15,1184.6,0,4
LONG,Micro_Entropy:lo,Micro_LogReturn:hi,4,4,0,11.75,384.75,1539.0,0,4
LONG,Micro_Entropy:lo,OR_High_Side:==-1,4,4,0,13.75,656.27,2625.1,0,4
LONG,Micro_Entropy:lo,VWAP_Dist_ATR:lo,4,4,0,11.5,631.12,2524.5,0,4
LONG,Micro_HLAsymmetry:lo,Upper_Wick:hi,5,4,1,10.2,49.38,246.9,0,5
LONG,Micro_MicroGap:hi,PrevDay_Low_Dist_ATR:lo,4,4,0,31.5,860.47,3441.9,0,4
LONG,Micro_WickImbalance:hi,Momentum_Value:lo,4,4,0,9.5,286.4,1145.6,0,4
LONG,Micro_WickImbalance:hi,VWAP_Sigma_ATR:lo,4,4,0,12.25,904.65,3618.6,0,4
LONG,Momentum_Value:lo,OR_Low_Side:==-1,4,4,0,10.5,322.65,1290.6,0,4
LONG,Lower_Wick:lo,VWAP_Sigma_ATR:lo,4,4,0,18.75,737.28,2949.1,0,4
LONG,AT_Regime_ST:==1,Dist_To_PoC_ATR:lo,4,4,0,10.25,175.6,702.4,0,4
LONG,AT_Score_LT:lo,Micro_PriceAccel:lo,4,4,0,10.5,221.5,886.0,0,4
LONG,KAMA_Dist:lo,Micro_MicroGap:lo,4,4,0,13.0,162.38,649.5,0,4
LONG,RangeOsc_State:==2,Slope_EMA_ST:hi,4,4,0,8.0,156.3,625.2,0,4
LONG,Slope_EMA_ST:hi,VWAP_Sigma:lo,4,4,0,8.25,297.38,1189.5,0,4
LONG,AT_Slope_ST:lo,OR_Position:hi,4,4,0,7.75,212.62,850.5,0,4
LONG,AT_Slope_ST:lo,VWAP_Sigma:lo,4,4,0,10.25,136.2,544.8,0,4
LONG,DailyOpen_Side:==-1,Micro_OrderFlowDelta:lo,4,4,0,7.5,188.33,753.3,0,4
LONG,Micro_IBSP:lo,OR_Position:hi,4,4,0,5.75,119.2,476.8,0,4
LONG,Micro_MomoTransfer:lo,Micro_OrderFlowDelta:lo,4,4,0,5.75,93.78,375.1,0,4
LONG,Micro_MomoTransfer:lo,Session_Low_Dist_ATR:lo,4,4,0,5.5,99.67,398.7,0,4
LONG,Micro_MomoTransfer:lo,Volume_Avg_10:hi,4,4,0,5.5,76.42,305.7,0,4
LONG,Bar_Range:hi,Dist_To_PoC_ATR:lo,4,4,0,9.0,104.2,416.8,0,4
LONG,Dist_To_PoC_ATR:lo,Micro_RollProxy:hi,4,4,0,8.75,280.5,1122.0,0,4
LONG,Efficiency_Ratio:hi,Volume_Avg_10:hi,4,4,0,12.0,174.18,696.7,0,4
LONG,Micro_Lambda:lo,Round_1000_Dist_ATR:lo,4,4,0,7.75,126.25,505.0,0,4
LONG,Micro_Lambda:lo,Round_100_Dist_ATR:lo,4,4,0,15.25,318.32,1273.3,0,4
LONG,Micro_RangeVelocity:lo,Micro_VolOfVol:lo,4,4,0,12.0,130.35,521.4,0,4
LONG,Micro_Rejection:lo,Micro_VolOfVol:lo,4,4,0,8.5,256.62,1026.5,0,4
LONG,Micro_RollProxy:hi,OR_Low_Side:==1,4,4,0,8.5,1068.9,4275.6,0,4
LONG,Slope_EMA_ST:lo,VWAP_Sigma:lo,4,4,0,11.5,137.62,550.5,0,4
LONG,AT_Regime_ST:==1,VWAP_Sigma:lo,4,4,0,11.75,151.15,604.6,0,4
LONG,Dist_To_PoC_ATR:lo,RangeOsc_State:==-1,4,4,0,9.25,191.15,764.6,0,4
LONG,EMA_Oscillator:lo,Session_Low_Dist_ATR:lo,5,4,1,9.2,55.46,277.3,0,5
LONG,EMA_Oscillator:lo,VWAP_Sigma:lo,4,4,0,11.75,151.15,604.6,0,4
LONG,KAMA_Dist:lo,VWAP_Sigma:lo,4,4,0,12.25,186.1,744.4,0,4
LONG,Micro_VolOfVol:lo,PrevDay_High_Side:==-1,4,4,0,9.0,117.28,469.1,0,4
LONG,Micro_WickImbalance:hi,VWAP_Sigma:lo,4,4,0,10.75,601.85,2407.4,0,4
LONG,D2D_DirStep:==-1,VWAP_Side:==-1,4,4,0,9.25,120.58,482.3,0,4
LONG,DailyOpen_Side:==-1,Slope_EMA_ST:lo,4,4,0,23.25,365.52,1462.1,0,4
LONG,DailyOpen_Side:==-1,VWAP_Side:==-1,4,4,0,18.25,4506.0,18024.0,0,4
LONG,DailyOpen_Dist_ATR:lo,Micro_TickIntensity:hi,4,4,0,9.0,383.63,1534.5,0,4
LONG,Harmonic_OBVf_Concordance:==0,Micro_TickIntensity:hi,4,4,0,9.75,93.42,373.7,0,4
LONG,KAMA_Dist:lo,Micro_TickIntensity:hi,4,4,0,9.75,93.42,373.7,0,4
LONG,Micro_HLAsymmetry:lo,Micro_TickIntensity:hi,4,4,0,9.0,167.5,670.0,0,4
LONG,Micro_TickIntensity:hi,Micro_VolOfVol:lo,4,4,0,11.0,94.22,376.9,0,4
LONG,Micro_TickIntensity:hi,VWAP_Sigma:lo,4,4,0,9.0,128.25,513.0,0,4
LONG,AT_Regime_LT:==1,VWAP_Sigma:lo,4,4,0,6.75,616.5,2466.0,0,4
LONG,Micro_IBSP:lo,OR_Low_Side:==1,4,4,0,7.0,329.7,1318.8,0,4
LONG,DailyOpen_Dist_ATR:lo,Slope_Accel_ST:lo,4,4,0,9.0,140.05,560.2,0,4
LONG,Harmonic_OBVf_Concordance:==0,ST_Flip_Event:==-1,6,4,2,9.83,-13.62,-81.7,0,6
LONG,Lower_Wick:hi,ST_Flip_Event:==-1,5,4,1,10.2,54.22,271.1,0,5
LONG,Micro_HLAsymmetry:lo,ST_Flip_Event:==-1,4,4,0,7.5,195.07,780.3,0,4
LONG,Micro_WickImbalance:hi,ST_Flip_Event:==-1,6,4,2,9.83,-13.62,-81.7,0,6
LONG,PrevDay_High_Side:==-1,ST_Flip_Event:==-1,6,4,2,9.83,-13.62,-81.7,0,6
LONG,ST_Flip_Event:==-1,VWAP_Dist_ATR:lo,4,4,0,10.25,135.75,543.0,0,4
LONG,Micro_Hurst:hi,Micro_VolOfVol:lo,4,4,0,6.25,845.78,3383.1,0,4
LONG,Micro_MomoTransfer:lo,Micro_Rejection:lo,4,4,0,5.0,110.88,443.5,0,4
LONG,D2D_Signal:==1,Micro_CSSpread:hi,4,4,0,20.0,962.0,3848.0,0,4
LONG,D2D_Signal:==1,Micro_MicroGap:lo,4,4,0,10.0,859.12,3436.5,0,4
LONG,EMA_Oscillator:hi,Micro_CSSpread:hi,4,4,0,25.5,1323.28,5293.1,0,4
LONG,EMA_Oscillator:hi,Micro_PriceAccel:lo,4,4,0,22.5,2014.38,8057.5,0,4
LONG,EMA_Oscillator:hi,Micro_TickIntensity:hi,4,4,0,11.5,176.38,705.5,0,4
LONG,KAMA_Dist:hi,Micro_CSSpread:hi,4,4,0,25.5,1323.28,5293.1,0,4
LONG,KAMA_Dist:hi,VA_Position:hi,4,4,0,28.5,1779.05,7116.2,0,4
LONG,Micro_CSSpread:hi,PoC_Side:==1,4,4,0,20.0,962.0,3848.0,0,4
LONG,Micro_MicroGap:lo,PoC_Side:==1,4,4,0,10.0,859.12,3436.5,0,4
LONG,Micro_PriceAccel:lo,VA_Position:hi,4,4,0,9.0,177.58,710.3,0,4
LONG,Micro_RangeAccel:lo,VA_Position:hi,4,4,0,21.25,1309.95,5239.8,0,4
LONG,Micro_RangeVelocity:lo,PoC_Side:==1,4,4,0,20.25,3950.25,15801.0,0,4
LONG,Micro_TickIntensity:hi,PrevDay_Low_Dist_ATR:lo,4,4,0,18.0,408.48,1633.9,0,4
LONG,Micro_TickIntensity:hi,VA_Position:hi,4,4,0,13.5,291.07,1164.3,0,4
LONG,PoC_Side:==1,PrevDay_Low_Dist_ATR:lo,4,4,0,23.75,709.85,2839.4,0,4
LONG,Harmonic_LLEMA:hi,Lower_Wick:lo,4,4,0,4.75,120.05,480.2,0,4
LONG,Harmonic_LLEMA:hi,Micro_OrderFlowDelta:hi,4,4,0,4.75,120.05,480.2,0,4
LONG,Harmonic_LLEMA:hi,PrevDay_High_Dist_ATR:lo,4,4,0,6.0,222.78,891.1,0,4
LONG,ADX_Rising:==1,Micro_TickIntensity:hi,5,4,1,5.4,-0.28,-1.4,0,5
LONG,Bar_Range:hi,Sqz_Val:hi,4,4,0,15.25,3728.08,14912.3,0,4
LONG,Harmonic_LLEMA:hi,RangeOsc_State:==-2,4,4,0,5.75,139.68,558.7,0,4
LONG,Bars_Since_Flip:hi,PrevDay_Low_Side:==1,4,4,0,4.75,80.85,323.4,0,4
LONG,DailyOpen_Dist_ATR:lo,PrevDay_Low_Side:==1,4,4,0,4.75,88.8,355.2,0,4
LONG,PrevDay_Low_Side:==1,VWAP_Side:==1,4,4,0,4.75,88.8,355.2,0,4
LONG,RangeOsc_Val:hi,Round_500_Dist_ATR:lo,4,4,0,7.0,163.25,653.0,0,4
LONG,ADX_Rising:==0,RangeOsc_State:==2,4,4,0,8.0,315.35,1261.4,0,4
LONG,Efficiency_Ratio:hi,Micro_WickImbalance:hi,4,4,0,7.75,236.75,947.0,0,4
LONG,KAMA_Dist:lo,RangeOsc_State:==2,5,4,1,7.4,120.4,602.0,0,5
LONG,Harmonic_OBVf_Concordance:==0,Micro_Hurst:hi,5,4,1,9.0,109.02,545.1,0,5
LONG,Micro_MicroGap:hi,Micro_OrderFlowDelta:hi,4,4,0,22.5,559.95,2239.8,0,4
LONG,ADX_Rising:==0,PoC_Side:==1,4,4,0,22.5,4328.95,17315.8,0,4
LONG,ADX_Rising:==0,Round_1000_Dist_ATR:lo,4,4,0,17.75,4136.05,16544.2,0,4
LONG,Bar_Range:hi,MultiDay_Position:hi,4,4,0,6.5,270.27,1081.1,0,4
LONG,Micro_VolOfVol:hi,MultiDay_Position:hi,4,4,0,6.75,309.57,1238.3,0,4
LONG,Momentum_Value:hi,MultiDay_Position:hi,4,4,0,7.5,756.55,3026.2,0,4
LONG,AT_Score_LT:lo,D2D_DirStep:==1,4,4,0,26.75,616.67,2466.7,0,4
LONG,AT_Score_LT:lo,Micro_FractalDim:lo,4,4,0,23.75,382.78,1531.1,0,4
LONG,Micro_BarOverlap:lo,Micro_FractalDim:lo,4,4,0,24.75,361.28,1445.1,0,4
LONG,Micro_BarOverlap:lo,Micro_RangeAccel:lo,4,4,0,23.75,324.62,1298.5,0,4
LONG,D2D_DirStep:==1,Micro_MicroGap:hi,4,4,0,33.75,498.75,1995.0,0,4
LONG,Micro_FractalDim:lo,Micro_MicroGap:hi,4,4,0,19.0,2614.17,10456.7,0,4
LONG,Micro_MicroGap:hi,OR_Position:lo,4,4,0,32.25,593.78,2375.1,0,4
LONG,Micro_MicroGap:hi,Round_1000_Dist_ATR:lo,5,4,1,17.0,331.08,1655.4,0,5
LONG,D2D_DirStep:==1,Micro_CSSpread:hi,4,4,0,39.0,1532.4,6129.6,0,4
LONG,Micro_CSSpread:hi,Micro_FractalDim:lo,4,4,0,17.75,260.25,1041.0,0,4
LONG,AT_Lookback_ST:hi,Micro_VolOfVol:lo,4,4,0,14.5,150.7,602.8,0,4
LONG,Micro_BarOverlap:lo,Micro_PriceAccel:lo,4,4,0,22.75,1979.6,7918.4,0,4
LONG,Micro_BarOverlap:lo,Slope_Accel_LT:hi,4,4,0,22.0,221.8,887.2,0,4
LONG,Micro_PriceAccel:lo,Slope_Accel_LT:hi,5,4,1,13.2,72.12,360.6,0,5
LONG,Micro_PriceAccel:lo,VWAP_Side:==-1,4,4,0,29.0,2103.65,8414.6,0,4
LONG,Micro_PriceAccel:lo,VWAP_Sigma:hi,4,4,0,22.75,1979.6,7918.4,0,4
LONG,Micro_VolOfVol:lo,OBV_Macd:lo,4,4,0,9.25,189.05,756.2,0,4
LONG,AT_Score_LT:lo,Micro_FractalDim:hi,4,4,0,14.25,139.38,557.5,0,4
LONG,AT_Slope_LT:lo,Micro_FractalDim:hi,4,4,0,13.25,145.47,581.9,0,4
LONG,D2D_ATR:hi,OBV_Velocity:hi,5,4,1,15.8,154.18,770.9,0,5
LONG,D2D_ATR_MA:hi,OBV_Velocity:hi,4,4,0,20.5,523.52,2094.1,0,4
LONG,Lower_Wick:hi,Micro_BarOverlap:lo,4,4,0,25.5,2217.12,8868.5,0,4
LONG,Micro_Amihud:hi,OBV_Velocity:hi,4,4,0,17.5,275.8,1103.2,0,4
LONG,Micro_FailedBreak:hi,Micro_FractalDim:hi,4,4,0,13.25,145.47,581.9,0,4
LONG,Micro_FractalDim:hi,VWAP_Sigma:hi,4,4,0,14.25,139.38,557.5,0,4
LONG,Micro_RangeAccel:hi,OBV_Velocity:hi,4,4,0,12.75,180.97,723.9,0,4
LONG,OBV_Velocity:hi,OBVf_Signal:==1,4,4,0,21.75,544.33,2177.3,0,4
LONG,Micro_VolOfVol:lo,OBV_Velocity:hi,4,4,0,6.75,835.88,3343.5,0,4
LONG,RangeOsc_Val:hi,Volume_Ratio_10:hi,4,4,0,7.25,1073.58,4294.3,0,4
LONG,ADX_Rising:==0,Micro_OrderFlowDelta:lo,4,4,0,7.75,187.1,748.4,0,4
LONG,ADX_Rising:==0,Round_100_Dist_ATR:lo,4,4,0,7.0,170.45,681.8,0,4
LONG,Micro_RangeAccel:hi,Session_High_Dist_ATR:lo,4,4,0,11.0,451.7,1806.8,0,4
LONG,D2D_ATR_MA:hi,Micro_IBSP:hi,4,4,0,11.5,556.8,2227.2,0,4
LONG,DailyOpen_Dist_ATR:lo,Micro_HLAsymmetry:hi,5,4,1,21.4,3426.3,17131.5,0,5
LONG,DailyOpen_Side:==1,OBVf_Signal:==1,4,4,0,27.0,433.63,1734.5,0,4
LONG,DailyOpen_Side:==1,RangeOsc_State:==-1,4,4,0,23.5,431.18,1724.7,0,4
LONG,Micro_Amihud:hi,Micro_TickIntensity:lo,4,4,0,34.5,5349.75,21399.0,0,4
LONG,Micro_HLAsymmetry:hi,Micro_IBSP:hi,4,4,0,18.75,497.85,1991.4,0,4
LONG,Micro_IBSP:hi,Micro_RangeVelocity:hi,4,4,0,13.5,398.5,1594.0,0,4
LONG,Micro_IBSP:hi,Micro_RollProxy:hi,4,4,0,20.25,440.75,1763.0,0,4
LONG,Micro_LogReturn:hi,OBV_Velocity:hi,4,4,0,13.75,361.75,1447.0,0,4
LONG,Micro_RangeVelocity:hi,Micro_TickIntensity:lo,4,4,0,20.0,1004.1,4016.4,0,4
LONG,Micro_TickIntensity:lo,OR_Position:lo,4,4,0,25.25,4394.25,17577.0,0,4
LONG,Micro_TickIntensity:lo,VWAP_Side:==-1,4,4,0,29.5,2042.25,8169.0,0,4
LONG,Micro_Lambda:lo,Momentum_Value:hi,5,4,1,17.4,261.22,1306.1,0,5
LONG,Micro_Lambda:lo,RangeOsc_State:==-1,5,4,1,17.6,273.96,1369.8,0,5
LONG,AT_Slope_ST:lo,Micro_MomoTransfer:hi,5,4,1,14.0,283.3,1416.5,0,5
LONG,Micro_Entropy:lo,OR_Position:lo,5,4,1,6.2,-30.02,-150.1,0,5
LONG,Micro_MomoTransfer:hi,Micro_VolOfVol:hi,5,4,1,12.0,413.86,2069.3,0,5
LONG,AT_Regime_LT:==1,Micro_Lambda:lo,4,4,0,15.5,309.42,1237.7,0,4
LONG,D2D_DirStep:==-1,Micro_OrderFlowDelta:lo,4,4,0,10.5,197.55,790.2,0,4
LONG,D2D_Signal:==0,Micro_OrderFlowDelta:lo,4,4,0,18.5,287.73,1150.9,0,4
LONG,Micro_OrderFlowDelta:lo,Micro_RangeVelocity:hi,4,4,0,10.5,197.55,790.2,0,4
LONG,Micro_OrderFlowDelta:lo,RangeOsc_Val:lo,4,4,0,20.75,325.12,1300.5,0,4
LONG,Micro_LogReturn:hi,ST_Flip_Event:==-1,4,4,0,9.0,146.38,585.5,0,4
LONG,ADX_Rising:==0,Slope_Accel_LT:lo,4,4,0,17.5,3964.5,15858.0,0,4
LONG,DailyOpen_Dist_ATR:lo,TChan_A15:hi,4,4,0,17.0,3958.4,15833.6,0,4
LONG,Harmonic_OBVf_Concordance:==0,Micro_AutoCorr:hi,4,4,0,9.5,347.67,1390.7,0,4
LONG,Harmonic_OBVf_Concordance:==0,Slope_Accel_LT:lo,4,4,0,8.25,239.8,959.2,0,4
LONG,KAMA_Dist:lo,Slope_Accel_LT:lo,4,4,0,8.25,239.8,959.2,0,4
LONG,Micro_WickImbalance:hi,Session_High_Dist_ATR:lo,4,4,0,8.5,723.6,2894.4,0,4
LONG,Micro_Hurst:hi,OBVf_Signal:==-1,4,4,0,18.25,4096.9,16387.6,0,4
LONG,Micro_LogReturn:lo,PrevDay_High_Side:==-1,4,4,0,9.5,268.82,1075.3,0,4
LONG,Micro_LogReturn:lo,TChan_A15:hi,4,4,0,10.25,301.38,1205.5,0,4
LONG,Micro_MicroGap:hi,Micro_ThrustEff:lo,4,4,0,6.25,249.98,999.9,4,0
LONG,Micro_MicroGap:hi,TChan_A15:hi,4,4,0,15.0,2574.72,10298.9,0,4
LONG,Micro_ThrustEff:lo,OBVf_Signal:==-1,4,4,0,6.25,249.98,999.9,4,0
LONG,Micro_WickImbalance:hi,RangeOsc_State:==-2,4,4,0,6.75,98.17,392.7,0,4
LONG,Micro_WickImbalance:hi,Slope_EMA_ST:hi,4,4,0,7.5,486.83,1947.3,0,4
LONG,Session_Low_Dist_ATR:lo,Sqz_Val:hi,4,4,0,10.0,525.33,2101.3,0,4
LONG,EMA_Oscillator:hi,Micro_MicroGap:hi,4,4,0,19.75,445.28,1781.1,0,4
LONG,EMA_Oscillator:hi,Micro_RangeAccel:hi,4,4,0,22.25,476.1,1904.4,0,4
LONG,Body_Size:hi,Micro_MomoTransfer:hi,4,4,0,11.0,241.75,967.0,0,4
LONG,Micro_MicroGap:lo,Sqz_State:==1,4,4,0,18.75,343.32,1373.3,0,4
LONG,Harmonic_LLEMA:hi,OR_Low_Side:==-1,4,4,0,5.75,129.68,518.7,0,4
LONG,OBV_Macd:lo,ST_Flip_Event:==-1,4,4,0,9.25,160.45,641.8,0,4
LONG,D2D_DirStep:==-1,PrevDay_Low_Side:==-1,4,4,0,9.25,149.85,599.4,0,4
LONG,Micro_RollProxy:lo,OR_Low_Side:==-1,4,4,0,10.5,139.62,558.5,0,4
LONG,Efficiency_Ratio:hi,Upper_Wick:hi,4,4,0,8.0,291.8,1167.2,0,4
LONG,Micro_LogReturn:hi,Micro_PriceAccel:lo,4,4,0,31.5,2213.47,8853.9,0,4
LONG,RangeOsc_Val:lo,TChan_A15:hi,4,4,0,26.75,709.35,2837.4,0,4
LONG,Micro_WickImbalance:hi,Momentum_Value:hi,4,4,0,12.0,562.6,2250.4,0,4
LONG,Micro_WickImbalance:hi,OR_Position:lo,5,4,1,16.2,147.16,735.8,0,5
LONG,Micro_BarOverlap:lo,PrevDay_Low_Dist_ATR:lo,4,4,0,27.25,683.35,2733.4,0,4
LONG,Harmonic_LLEMA:hi,WeeklyOpen_Side:==-1,4,4,0,6.5,161.6,646.4,0,4
LONG,OR_High_Side:==-1,Sqz_Val:hi,4,4,0,6.75,254.12,1016.5,0,4
LONG,EMA_Oscillator:hi,Session_Low_Dist_ATR:lo,4,4,0,20.0,1314.83,5259.3,0,4
LONG,Micro_PriceAccel:hi,Slope_Accel_LT:hi,4,4,0,8.25,743.98,2975.9,0,4
LONG,ADX_Rising:==0,AT_Lookback_ST:hi,4,4,0,16.75,286.15,1144.6,0,4
LONG,ADX_Rising:==0,Body_Size:hi,4,4,0,30.5,4211.43,16845.7,0,4
LONG,ADX_Rising:==0,D2D_ATR_MA:hi,4,4,0,24.0,3929.83,15719.3,0,4
LONG,AT_Score_LT:lo,Micro_WickImbalance:hi,4,4,0,13.0,136.4,545.6,0,4
LONG,Harmonic_OBVf_Concordance:==0,OBVf_Signal:==1,4,4,0,12.5,145.72,582.9,0,4
LONG,Harmonic_OBVf_Concordance:==0,Sqz_State:==1,4,4,0,18.0,441.5,1766.0,0,4
LONG,Micro_MicroGap:lo,MultiDay_Slope:lo,4,4,0,17.0,223.3,893.2,0,4
LONG,Micro_WickImbalance:hi,MultiDay_Slope:lo,4,4,0,14.5,200.82,803.3,0,4
LONG,MultiDay_Slope:lo,OBVf_Signal:==1,4,4,0,29.0,496.65,1986.6,0,4
LONG,AT_Lookback_ST:hi,PrevDay_High_Dist_ATR:hi,4,4,0,21.75,293.6,1174.4,0,4
LONG,AT_Slope_LT:lo,DailyOpen_Side:==-1,4,4,0,22.0,453.7,1814.8,0,4
LONG,Body_Size:hi,DailyOpen_Side:==-1,4,4,0,23.75,314.02,1256.1,0,4
LONG,Body_Size:hi,Micro_GarmanKlass:hi,4,4,0,19.75,136.57,546.3,0,4
LONG,Body_Size:hi,PrevDay_Close_Dist_ATR:hi,4,4,0,19.75,136.57,546.3,0,4
LONG,Body_Size:hi,Round_100_Dist_ATR:lo,4,4,0,31.0,878.67,3514.7,0,4
LONG,D2D_ATR_MA:hi,PrevDay_Close_Dist_ATR:hi,4,4,0,21.5,230.03,920.1,0,4
LONG,D2D_Signal:==0,Micro_GarmanKlass:hi,4,4,0,24.25,250.53,1002.1,0,4
LONG,D2D_Signal:==0,PrevDay_Close_Dist_ATR:hi,4,4,0,24.25,250.53,1002.1,0,4
LONG,DailyOpen_Side:==-1,MultiDay_Position:lo,4,4,0,23.25,932.75,3731.0,0,4
LONG,Micro_GarmanKlass:hi,Micro_HLAsymmetry:hi,4,4,0,20.5,325.48,1301.9,0,4
LONG,Micro_GarmanKlass:hi,Micro_RangeVelocity:hi,4,4,0,24.25,250.53,1002.1,0,4
LONG,Micro_GarmanKlass:hi,Micro_Rejection:lo,4,4,0,16.75,275.48,1101.9,0,4
LONG,Micro_GarmanKlass:hi,Momentum_Value:hi,4,4,0,24.25,250.53,1002.1,0,4
LONG,Micro_GarmanKlass:hi,MultiDay_Position:lo,4,4,0,23.0,393.23,1572.9,0,4
LONG,Micro_GarmanKlass:hi,OR_Position:lo,4,4,0,21.75,380.48,1521.9,0,4
LONG,Micro_GarmanKlass:hi,Slope_EMA_ST:lo,4,4,0,24.25,250.53,1002.1,0,4
LONG,Micro_GarmanKlass:hi,Sqz_State:==1,4,4,0,21.5,245.9,983.6,0,4
LONG,Micro_HLAsymmetry:hi,PrevDay_Close_Dist_ATR:hi,4,4,0,20.5,325.48,1301.9,0,4
LONG,Micro_RangeVelocity:hi,PrevDay_Close_Dist_ATR:hi,4,4,0,24.25,250.53,1002.1,0,4
LONG,Micro_Rejection:lo,PrevDay_Close_Dist_ATR:hi,4,4,0,16.75,275.48,1101.9,0,4
LONG,Micro_VPIN:lo,PrevDay_High_Dist_ATR:hi,4,4,0,20.25,268.88,1075.5,0,4
LONG,Micro_VPIN:lo,Round_100_Dist_ATR:lo,4,4,0,12.5,123.72,494.9,0,4
LONG,Momentum_Value:hi,PrevDay_Close_Dist_ATR:hi,4,4,0,24.25,250.53,1002.1,0,4
LONG,MultiDay_Position:lo,PrevDay_Close_Dist_ATR:hi,4,4,0,23.0,393.23,1572.9,0,4
LONG,MultiDay_Position:lo,Round_100_Dist_ATR:lo,4,4,0,31.75,515.73,2062.9,0,4
LONG,OR_Position:lo,PrevDay_High_Dist_ATR:hi,4,4,0,22.75,254.3,1017.2,0,4
LONG,PrevDay_Close_Dist_ATR:hi,Slope_EMA_ST:lo,4,4,0,24.25,250.53,1002.1,0,4
LONG,PrevDay_High_Dist_ATR:hi,Round_100_Dist_ATR:lo,4,4,0,14.5,164.43,657.7,0,4
LONG,PrevDay_High_Dist_ATR:hi,Volume:hi,4,4,0,17.25,225.38,901.5,0,4
LONG,RangeOsc_State:==-1,Round_100_Dist_ATR:lo,5,4,1,24.8,211.5,1057.5,0,5
LONG,Micro_VPIN:lo,RangeOsc_State:==-2,4,4,0,17.0,538.42,2153.7,0,4
LONG,OBVf_Signal:==1,WeeklyOpen_Side:==-1,4,4,0,22.0,293.8,1175.2,0,4
LONG,D2D_Signal:==0,Sqz_Val:hi,4,4,0,25.5,625.28,2501.1,0,4
LONG,EMA_Oscillator:hi,OBVf_Signal:==1,4,4,0,22.0,382.62,1530.5,0,4
LONG,EMA_Oscillator:hi,RangeOsc_State:==-2,5,4,1,24.0,3071.2,15356.0,0,5
LONG,EMA_Oscillator:hi,Sqz_Val:hi,5,4,1,24.0,3071.2,15356.0,0,5
LONG,Micro_RangeVelocity:hi,Sqz_Val:hi,4,4,0,26.0,4179.85,16719.4,0,4
LONG,Micro_VolOfVol:hi,Sqz_Val:hi,4,4,0,16.25,539.17,2156.7,0,4
LONG,KAMA_Dist:hi,PrevDay_High_Dist_ATR:hi,4,4,0,13.75,511.38,2045.5,0,4
LONG,AT_Slope_LT:lo,RangeOsc_State:==2,4,4,0,9.75,156.25,625.0,0,4
LONG,Micro_OrderFlowDelta:hi,MultiDay_Slope:lo,4,4,0,24.5,745.38,2981.5,0,4
LONG,Micro_RangeAccel:hi,MultiDay_Slope:lo,4,4,0,10.75,184.55,738.2,0,4
LONG,MultiDay_Slope:lo,PrevDay_Low_Side:==-1,5,4,1,12.4,200.5,1002.5,0,5
LONG,MultiDay_Slope:lo,RangeOsc_State:==2,4,4,0,10.5,153.03,612.1,0,4
LONG,EMA_Oscillator:hi,ST_Flip_Event:==-1,4,4,0,6.0,179.25,717.0,0,4
LONG,AT_Regime_ST:==1,Sqz_State:==-1,4,4,0,8.75,137.8,551.2,0,4
LONG,D2D_ATR_MA:hi,Sqz_State:==-1,4,4,0,7.75,288.65,1154.6,0,4
LONG,OR_High_Side:==-1,Sqz_State:==-1,4,4,0,8.75,279.3,1117.2,0,4
LONG,Sqz_State:==-1,Volume:hi,5,4,1,8.8,120.9,604.5,0,5
LONG,Micro_AutoCorr:hi,PrevDay_High_Dist_ATR:hi,4,4,0,8.5,187.0,748.0,0,4
LONG,Micro_FailedBreak:hi,PrevDay_High_Dist_ATR:hi,4,4,0,9.25,132.25,529.0,0,4
LONG,Micro_FractalDim:lo,OBVf_Signal:==1,4,4,0,16.75,306.8,1227.2,0,4
LONG,PrevDay_High_Dist_ATR:hi,VWAP_Side:==-1,4,4,0,9.75,139.0,556.0,0,4
LONG,KAMA_Dist:hi,VWAP_Sigma_ATR:lo,4,4,0,28.25,5624.03,22496.1,0,4
LONG,EMA_Oscillator:hi,Session_High_Dist_ATR:lo,4,4,0,7.0,290.15,1160.6,0,4
LONG,KAMA_Dist:hi,Slope_Accel_ST:lo,4,4,0,7.0,202.72,810.9,0,4
LONG,Micro_VolOfVol:hi,RangeOsc_State:==2,5,4,1,7.2,-0.2,-1.0,0,5
LONG,OBVf_Signal:==1,RangeOsc_State:==2,4,4,0,7.5,337.5,1350.0,0,4
LONG,AT_Slope_LT:lo,VWAP_Dist_ATR:lo,4,4,0,17.5,3883.65,15534.6,0,4
LONG,Micro_Hurst:hi,OR_Low_Side:==1,4,4,0,9.0,372.43,1489.7,0,4
LONG,Momentum_Value:hi,OR_Low_Side:==1,4,4,0,8.5,445.93,1783.7,0,4
LONG,ADX_Rising:==1,VWAP_Dist_ATR:lo,4,4,0,11.25,210.07,840.3,0,4
LONG,ADX_Rising:==1,VWAP_Side:==1,4,4,0,11.25,210.07,840.3,0,4
LONG,MultiDay_Position:hi,VWAP_Dist_ATR:lo,4,4,0,7.5,599.23,2396.9,0,4
LONG,Round_1000_Dist_ATR:lo,VWAP_Side:==1,4,4,0,16.75,4274.23,17096.9,0,4
LONG,Round_1000_Dist_ATR:lo,WeeklyOpen_Side:==-1,4,4,0,29.5,7767.2,31068.8,0,4
LONG,DailyOpen_Side:==-1,Micro_RangeVelocity:lo,4,4,0,6.75,593.2,2372.8,0,4
LONG,Micro_MomoTransfer:hi,OR_High_Side:==1,4,4,0,6.0,665.8,2663.2,0,4
LONG,KAMA_Dist:lo,PrevDay_High_Dist_ATR:lo,5,4,1,11.4,264.22,1321.1,0,5
LONG,Micro_LogReturn:lo,PrevDay_Low_Side:==-1,5,4,1,7.6,-21.7,-108.5,0,5
LONG,D2D_Persist:hi,WeeklyOpen_Side:==-1,4,4,0,8.25,333.9,1335.6,0,4
LONG,Micro_RangeAccel:hi,MultiDay_Position:hi,4,4,0,5.5,253.25,1013.0,0,4
LONG,Bar_Range:hi,OBV_Velocity:hi,4,4,0,10.25,518.9,2075.6,0,4
LONG,D2D_Signal:==1,MultiDay_Slope:lo,4,4,0,4.75,577.67,2310.7,0,4
LONG,Micro_TickIntensity:hi,MultiDay_Slope:lo,4,4,0,8.0,409.05,1636.2,0,4
LONG,Micro_TickIntensity:hi,OBV_Velocity:hi,4,4,0,6.75,382.65,1530.6,0,4
LONG,Bar_Range:hi,ST_Flip_Event:==-1,4,4,0,9.75,292.8,1171.2,0,4
LONG,Micro_Lambda:lo,Micro_RangeAccel:hi,4,4,0,8.75,319.12,1276.5,0,4
LONG,Micro_Lambda:lo,OR_High_Side:==-1,5,4,1,7.6,176.18,880.9,0,5
LONG,VWAP_Side:==1,Volume_Avg_10:hi,4,4,0,8.5,396.25,1585.0,0,4
LONG,DailyOpen_Side:==-1,WeeklyOpen_Side:==-1,4,4,0,8.0,4449.0,17796.0,0,4
LONG,OR_Position:hi,PrevDay_High_Dist_ATR:lo,4,4,0,7.0,408.35,1633.4,0,4
LONG,AT_Score_LT:hi,Session_High_Dist_ATR:lo,4,4,0,5.5,273.9,1095.6,0,4
LONG,ADX_Rising:==0,PrevDay_Close_Side:==-1,4,4,0,18.0,4043.53,16174.1,0,4
LONG,ADX_Rising:==0,WeeklyOpen_Side:==-1,4,4,0,20.5,4123.52,16494.1,0,4
LONG,Harmonic_OBVf_Concordance:==0,PrevDay_High_Dist_ATR:lo,4,4,0,12.75,510.58,2042.3,0,4
LONG,Harmonic_OBVf_Concordance:==0,PrevDay_Low_Side:==-1,4,4,0,12.75,510.58,2042.3,0,4
LONG,KAMA_Dist:lo,Micro_Lambda:lo,5,4,1,7.6,100.38,501.9,0,5
LONG,KAMA_Dist:lo,OR_Position:hi,4,4,0,8.75,340.7,1362.8,0,4
LONG,Lower_Wick:hi,OR_Position:hi,5,4,1,8.0,242.3,1211.5,0,5
LONG,Lower_Wick:hi,PrevDay_Close_Side:==-1,5,4,1,8.6,100.48,502.4,0,5
LONG,Lower_Wick:hi,WeeklyOpen_Side:==-1,5,4,1,10.6,164.48,822.4,0,5
LONG,Micro_Lambda:lo,Micro_WickImbalance:hi,4,4,0,7.5,216.62,866.5,0,4
LONG,Micro_Lambda:lo,PrevDay_Close_Side:==-1,4,4,0,8.0,589.73,2358.9,0,4
LONG,Micro_RangeVelocity:lo,PrevDay_Close_Side:==-1,5,4,1,14.6,3026.24,15131.2,0,5
LONG,Micro_WickImbalance:hi,PrevDay_Close_Side:==-1,4,4,0,9.75,684.58,2738.3,0,4
LONG,OR_Position:hi,PrevDay_High_Side:==-1,4,4,0,10.25,482.27,1929.1,0,4
LONG,OR_Position:hi,RangeOsc_State:==2,4,4,0,8.0,708.67,2834.7,0,4
LONG,Micro_CSSpread:hi,PrevDay_High_Dist_ATR:lo,5,4,1,8.4,280.58,1402.9,0,5
LONG,AT_Regime_LT:==1,Micro_FractalDim:hi,4,4,0,5.5,122.1,488.4,0,4
LONG,D2D_Signal:==1,Micro_WickImbalance:hi,4,4,0,12.25,773.35,3093.4,0,4
LONG,Lower_Wick:lo,Session_High_Dist_ATR:lo,4,4,0,6.25,851.88,3407.5,0,4
LONG,Micro_OrderFlowDelta:hi,Micro_WickImbalance:hi,4,4,0,6.75,1161.3,4645.2,0,4
LONG,Micro_WickImbalance:hi,VWAP_Side:==1,4,4,0,9.75,599.1,2396.4,0,4
LONG,PoC_Side:==1,ST_Flip_Event:==1,4,4,0,4.75,677.1,2708.4,0,4
LONG,ST_Flip_Event:==1,Session_High_Dist_ATR:lo,4,4,0,6.25,671.88,2687.5,0,4
LONG,ST_Flip_Event:==1,Upper_Wick:hi,4,4,0,4.75,677.1,2708.4,0,4
LONG,ST_Flip_Event:==1,VWAP_Dist_ATR:lo,4,4,0,6.25,671.88,2687.5,0,4
LONG,ST_Flip_Event:==1,VWAP_Side:==1,4,4,0,6.25,671.88,2687.5,0,4
LONG,ST_Flip_Event:==1,Volume:hi,4,4,0,6.25,671.88,2687.5,0,4
LONG,Micro_IBSP:hi,RangeOsc_State:==-2,4,4,0,15.0,290.7,1162.8,0,4
LONG,Micro_IBSP:hi,VWAP_Side:==1,4,4,0,6.5,323.9,1295.6,0,4
LONG,Micro_MomoTransfer:hi,PrevDay_High_Dist_ATR:lo,4,4,0,6.5,262.93,1051.7,0,4
LONG,Micro_FractalDim:lo,PrevDay_High_Dist_ATR:lo,4,4,0,6.0,126.35,505.4,0,4
LONG,OR_Position:lo,PrevDay_High_Dist_ATR:lo,5,4,1,20.0,3349.4,16747.0,0,5
LONG,AT_Regime_ST:==1,D2D_Dynamic_Sensitivity:lo,5,4,1,20.8,1052.18,5260.9,0,5
LONG,AT_Regime_ST:==1,Micro_LogReturn:lo,4,4,0,8.75,127.6,510.4,0,4
LONG,D2D_Dynamic_Sensitivity:lo,Lower_Wick:hi,4,4,0,23.5,1467.33,5869.3,0,4
LONG,D2D_Dynamic_Sensitivity:lo,Volume:hi,4,4,0,24.0,1488.33,5953.3,0,4
LONG,Micro_Lambda:lo,TChan_A15:hi,4,4,0,8.5,118.72,474.9,0,4
LONG,MultiDay_Slope:lo,TChan_A15:hi,4,4,0,10.0,196.62,786.5,0,4
LONG,KAMA_Dist:hi,Micro_WickImbalance:hi,5,4,1,8.6,103.84,519.2,0,5
LONG,Bars_Since_Flip:hi,D2D_Persist:hi,5,4,1,5.2,-22.14,-110.7,0,5
LONG,Bars_Since_Flip:hi,Micro_Lambda:lo,5,4,1,12.2,258.94,1294.7,0,5
LONG,OBV_Velocity:hi,VWAP_Dist_ATR:lo,4,4,0,5.5,388.62,1554.5,0,4
LONG,Lower_Wick:lo,OR_Low_Side:==1,4,4,0,8.75,583.25,2333.0,0,4
LONG,D2D_Persist:hi,Micro_MomoTransfer:hi,4,4,0,5.5,68.65,274.6,0,4
LONG,D2D_Persist:hi,Micro_TickIntensity:hi,5,4,1,5.2,-29.52,-147.6,0,5
LONG,D2D_Persist:hi,Slope_Accel_LT:hi,5,4,1,6.0,-7.6,-38.0,0,5
LONG,OR_Position:hi,Session_High_Dist_ATR:lo,4,4,0,6.0,212.25,849.0,0,4
LONG,ADX_Rising:==1,Micro_HLAsymmetry:hi,4,4,0,9.5,294.25,1177.0,0,4
LONG,ADX_Rising:==1,Slope_Accel_LT:lo,4,4,0,9.5,294.25,1177.0,0,4
LONG,AT_Regime_LT:==1,ST_Flip_Event:==-1,5,4,1,7.8,30.6,153.0,0,5
LONG,D2D_Signal:==1,Micro_CSSpread:lo,4,4,0,5.0,299.1,1196.4,0,4
LONG,Micro_MicroGap:lo,WeeklyOpen_Side:==-1,4,4,0,6.5,650.82,2603.3,0,4
LONG,Micro_PriceAccel:hi,RangeOsc_State:==-2,5,4,1,12.8,3878.54,19392.7,0,5
LONG,Micro_Entropy:lo,Slope_Accel_LT:hi,4,4,0,8.75,443.53,1774.1,0,4
LONG,Micro_MicroGap:lo,Micro_MomoTransfer:hi,4,4,0,6.25,136.03,544.1,0,4
LONG,AT_Score_LT:lo,Efficiency_Ratio:hi,5,4,1,10.2,-14.82,-74.1,0,5
LONG,AT_Score_LT:lo,Micro_Lambda:lo,4,4,0,6.75,115.35,461.4,0,4
LONG,Efficiency_Ratio:hi,VWAP_Sigma:hi,4,4,0,6.5,181.03,724.1,0,4
LONG,Lower_Wick:lo,Round_500_Dist_ATR:lo,5,4,1,9.0,24.18,120.9,0,5
LONG,ADX_Value:lo,Bars_Since_Flip:hi,4,4,0,4.75,123.67,494.7,0,4
LONG,ADX_Value:lo,Micro_LogReturn:lo,4,4,0,6.5,142.07,568.3,4,0
LONG,ADX_Value:lo,Micro_PriceAccel:hi,4,4,0,6.5,142.07,568.3,4,0
LONG,ADX_Value:lo,Upper_Wick:hi,4,4,0,5.25,205.03,820.1,0,4
LONG,Bars_Since_Flip:hi,Micro_LogReturn:lo,4,4,0,4.5,111.53,446.1,0,4
LONG,Micro_LogReturn:lo,Micro_PriceAccel:hi,4,4,0,6.5,142.07,568.3,4,0
LONG,AT_Score_LT:hi,Micro_Rejection:lo,4,4,0,6.0,123.45,493.8,0,4
LONG,Micro_Entropy:lo,Micro_HLAsymmetry:hi,4,4,0,9.5,260.3,1041.2,0,4
LONG,OR_High_Side:==1,Session_High_Dist_ATR:lo,4,4,0,6.75,346.5,1386.0,0,4
LONG,Micro_TickIntensity:lo,VWAP_Dist_ATR:lo,4,4,0,17.75,4137.0,16548.0,0,4
LONG,Micro_TickIntensity:lo,VWAP_Side:==1,4,4,0,17.75,4137.0,16548.0,0,4
LONG,OBVf_Signal:==-1,OR_High_Side:==-1,4,4,0,17.75,4137.0,16548.0,0,4
LONG,OBVf_Signal:==-1,VWAP_Side:==1,4,4,0,17.0,4074.0,16296.0,0,4
LONG,Slope_Accel_LT:lo,Volume_Avg_10:hi,4,4,0,7.75,193.6,774.4,0,4
LONG,D2D_Dynamic_Sensitivity:lo,Momentum_Value:hi,4,4,0,23.75,1610.4,6441.6,0,4
LONG,Micro_PriceAccel:lo,Micro_WickImbalance:lo,4,4,0,29.25,2177.47,8709.9,0,4
LONG,Micro_PriceAccel:lo,OR_High_Side:==-1,4,4,0,18.25,443.0,1772.0,0,4
LONG,Micro_PriceAccel:lo,Volume_Ratio_10:hi,4,4,0,21.0,372.28,1489.1,0,4
LONG,AT_Slope_ST:lo,Lower_Wick:lo,4,4,0,22.0,485.15,1940.6,0,4
LONG,Bar_Range:hi,DailyOpen_Side:==-1,4,4,0,19.0,346.23,1384.9,0,4
LONG,D2D_ATR_MA:hi,VWAP_Sigma_ATR:lo,4,4,0,28.0,922.8,3691.2,0,4
LONG,D2D_DirStep:==1,Micro_PriceAccel:hi,4,4,0,31.5,4290.88,17163.5,0,4
LONG,DailyOpen_Side:==-1,KAMA_Dist:hi,4,4,0,18.75,5592.95,22371.8,0,4
LONG,DailyOpen_Side:==-1,Micro_WickImbalance:lo,4,4,0,18.0,365.15,1460.6,0,4
LONG,KAMA_Dist:hi,RangeOsc_Val:lo,4,4,0,32.5,918.23,3672.9,0,4
LONG,Lower_Wick:lo,Micro_AutoCorr:hi,4,4,0,19.5,464.65,1858.6,0,4
LONG,Lower_Wick:lo,RangeOsc_State:==-1,4,4,0,19.5,340.65,1362.6,0,4
LONG,Micro_Amihud:hi,Micro_Rejection:lo,4,4,0,29.0,836.52,3346.1,0,4
LONG,Micro_PriceAccel:hi,RangeOsc_State:==-1,4,4,0,24.75,553.85,2215.4,0,4
LONG,Micro_RangeAccel:hi,RangeOsc_Val:lo,4,4,0,29.25,696.12,2784.5,0,4
LONG,Micro_Rejection:lo,VWAP_Sigma_ATR:lo,5,4,1,16.8,539.18,2695.9,0,5
LONG,PoC_Side:==1,Round_100_Dist_ATR:lo,4,4,0,25.75,1074.15,4296.6,0,4
LONG,Micro_AutoCorr:hi,Micro_Lambda:lo,4,4,0,13.25,292.2,1168.8,0,4
LONG,Micro_Lambda:lo,Micro_WickImbalance:lo,4,4,0,14.0,335.0,1340.0,0,4
LONG,Micro_MicroGap:hi,Micro_OrderFlowDelta:lo,4,4,0,14.75,2764.95,11059.8,0,4
LONG,Micro_OrderFlowDelta:lo,RangeOsc_State:==-1,4,4,0,14.5,329.43,1317.7,0,4
LONG,Micro_PriceAccel:lo,MultiDay_Slope:lo,4,4,0,23.0,442.78,1771.1,0,4
LONG,Efficiency_Ratio:hi,Micro_FailedBreak:hi,4,4,0,10.25,176.35,705.4,0,4
LONG,AT_Score_LT:lo,Sqz_Val:hi,4,4,0,12.75,1177.1,4708.4,0,4
LONG,PrevDay_Low_Dist_ATR:lo,WeeklyOpen_Side:==-1,4,4,0,19.0,493.78,1975.1,0,4
LONG,Round_1000_Dist_ATR:lo,Sqz_Val:hi,4,4,0,28.0,4479.1,17916.4,0,4
LONG,Micro_Amihud:hi,TChan_A15:hi,4,4,0,31.0,5250.05,21000.2,0,4
LONG,Micro_WickImbalance:hi,VWAP_Side:==-1,5,4,1,11.4,133.74,668.7,0,5
LONG,D2D_ATR:hi,D2D_DirStep:==-1,4,4,0,12.25,199.35,797.4,0,4
LONG,D2D_DirStep:==-1,Micro_BarOverlap:lo,4,4,0,9.75,191.72,766.9,0,4
LONG,D2D_DirStep:==-1,PrevDay_High_Dist_ATR:hi,4,4,0,8.75,170.72,682.9,0,4
LONG,D2D_DirStep:==-1,VWAP_Sigma:hi,4,4,0,9.75,191.72,766.9,0,4
LONG,Micro_Rejection:lo,Momentum_Value:lo,4,4,0,8.25,134.65,538.6,0,4
LONG,Momentum_Value:lo,VWAP_Side:==-1,4,4,0,9.0,143.25,573.0,0,4
LONG,DailyOpen_Side:==1,PrevDay_Low_Side:==-1,4,4,0,11.5,432.23,1728.9,0,4
LONG,AT_Lookback_LT:hi,Micro_RangeVelocity:lo,4,4,0,5.0,134.25,537.0,3,1
LONG,D2D_Persist:hi,Micro_RangeAccel:lo,4,4,0,5.0,80.62,322.5,0,4
LONG,AT_Lookback_LT:hi,Session_High_Dist_ATR:lo,4,4,0,5.75,661.6,2646.4,0,4
LONG,Session_High_Dist_ATR:lo,VAH_Dist_ATR:hi,4,4,0,5.75,661.6,2646.4,0,4
LONG,Session_High_Dist_ATR:lo,WeeklyOpen_Dist_ATR:lo,4,4,0,5.75,661.6,2646.4,0,4
LONG,Efficiency_Ratio:hi,Micro_Entropy:lo,4,4,0,8.75,2585.45,10341.8,0,4
LONG,Efficiency_Ratio:hi,Micro_MomoTransfer:hi,4,4,0,8.75,2585.45,10341.8,0,4
LONG,Micro_Entropy:lo,RangeOsc_State:==2,4,4,0,8.75,2585.45,10341.8,0,4
LONG,Micro_MomoTransfer:hi,RangeOsc_State:==2,4,4,0,8.75,2585.45,10341.8,0,4
LONG,Lower_Wick:lo,Slope_EMA_ST:hi,4,4,0,7.75,491.23,1964.9,0,4
LONG,Micro_Amihud:hi,ST_Flip_Event:==-1,4,4,0,7.5,149.3,597.2,0,4
LONG,Micro_VolOfVol:hi,Slope_Accel_ST:lo,4,4,0,8.5,155.2,620.8,0,4
LONG,Micro_CSSpread:hi,Micro_WickImbalance:hi,4,4,0,6.25,75.45,301.8,0,4
LONG,RangeOsc_State:==-2,TChan_A15:hi,4,4,0,16.75,3849.9,15399.6,0,4
LONG,ADX_Rising:==1,OR_Low_Side:==-1,4,4,0,9.25,146.85,587.4,0,4
LONG,Micro_OrderFlowDelta:lo,VWAP_Side:==-1,4,4,0,10.75,226.25,905.0,0,4
LONG,D2D_Dynamic_Sensitivity:lo,Micro_WickImbalance:lo,4,4,0,23.0,1656.0,6624.0,0,4
LONG,D2D_Dynamic_Sensitivity:lo,Session_Low_Dist_ATR:lo,4,4,0,23.0,1656.0,6624.0,0,4
LONG,AT_Score_LT:lo,DailyOpen_Dist_ATR:lo,4,4,0,5.5,889.68,3558.7,0,4
LONG,D2D_Signal:==1,Micro_VolOfVol:lo,4,4,0,5.25,914.65,3658.6,0,4
LONG,KAMA_Dist:lo,Micro_OrderFlowDelta:lo,5,4,1,8.0,38.98,194.9,0,5
LONG,Micro_Lambda:lo,Sqz_State:==1,4,4,0,8.25,260.75,1043.0,0,4
LONG,ADX_Value:hi,D2D_Signal:==1,4,4,0,12.0,662.83,2651.3,0,4
LONG,ADX_Value:hi,PoC_Side:==1,4,4,0,12.0,662.83,2651.3,0,4
LONG,Harmonic_LLEMA:hi,Upper_Wick:hi,4,4,0,6.0,73.95,295.8,0,4
LONG,Micro_Entropy:lo,Micro_WickImbalance:lo,4,4,0,7.75,2573.38,10293.5,0,4
LONG,Micro_Entropy:lo,PoC_Side:==1,4,4,0,8.5,313.3,1253.2,0,4
LONG,Micro_MomoTransfer:hi,Micro_WickImbalance:lo,4,4,0,7.0,2583.47,10333.9,0,4
LONG,Micro_LogReturn:hi,PrevDay_Close_Side:==-1,4,4,0,16.25,4718.9,18875.6,0,4
LONG,OR_Low_Side:==1,Volume_Ratio_10:hi,4,4,0,11.0,4431.0,17724.0,0,4
LONG,Micro_RangeVelocity:lo,Micro_TickIntensity:lo,4,4,0,26.25,5061.0,20244.0,0,4
LONG,ADX_Rising:==0,Micro_HLAsymmetry:lo,4,4,0,10.0,599.77,2399.1,0,4
LONG,Micro_WickImbalance:hi,VA_Position:hi,4,4,0,12.5,438.3,1753.2,0,4
LONG,Micro_AutoCorr:hi,Micro_TickIntensity:lo,4,4,0,29.75,5426.3,21705.2,0,4
LONG,Micro_TickIntensity:lo,TChan_A15:hi,4,4,0,29.75,5426.3,21705.2,0,4
LONG,Micro_FractalDim:lo,Round_100_Dist_ATR:lo,4,4,0,11.75,459.0,1836.0,0,4
LONG,Micro_WickImbalance:lo,PrevDay_High_Side:==1,4,4,0,13.0,573.75,2295.0,0,4
LONG,OBVf_Signal:==-1,PrevDay_High_Side:==1,4,4,0,11.0,544.0,2176.0,0,4
LONG,OBVf_Signal:==-1,Round_100_Dist_ATR:lo,4,4,0,11.0,544.0,2176.0,0,4
LONG,Micro_VPIN:lo,VA_Position:hi,4,4,0,10.75,570.5,2282.0,0,4
LONG,OBV_Velocity:hi,Round_1000_Dist_ATR:lo,4,4,0,8.75,614.17,2456.7,0,4
LONG,Lower_Wick:lo,OBV_Velocity:hi,4,4,0,7.5,342.62,1370.5,0,4
LONG,Micro_OrderFlowDelta:hi,MultiDay_Position:hi,4,4,0,5.5,422.62,1690.5,0,4
LONG,Micro_OrderFlowDelta:lo,MultiDay_Position:hi,5,4,1,5.4,118.64,593.2,0,5
LONG,Micro_WickImbalance:lo,MultiDay_Position:hi,4,4,0,5.25,316.45,1265.8,0,4
LONG,MultiDay_Position:hi,Session_Low_Dist_ATR:lo,5,4,1,5.4,258.36,1291.8,0,5
LONG,ADX_Rising:==0,DailyOpen_Side:==1,4,4,0,14.5,609.67,2438.7,0,4
LONG,DailyOpen_Side:==1,Harmonic_OBVf_Concordance:==0,4,4,0,12.75,479.78,1919.1,0,4
LONG,Lower_Wick:lo,PrevDay_Close_Side:==-1,4,4,0,9.25,605.88,2423.5,0,4
LONG,Micro_OrderFlowDelta:hi,OR_High_Side:==1,4,4,0,7.75,953.75,3815.0,0,4
LONG,Micro_Rejection:lo,OR_High_Side:==1,4,4,0,8.5,880.25,3521.0,0,4
LONG,OR_Low_Side:==1,VWAP_Sigma_ATR:lo,5,4,1,9.0,374.78,1873.9,0,5
LONG,Micro_AutoCorr:hi,Momentum_Value:lo,4,4,0,7.75,180.15,720.6,0,4
LONG,Bar_Range:hi,RangeOsc_Val:hi,4,4,0,7.5,228.3,913.2,0,4
LONG,Micro_AutoCorr:hi,RangeOsc_Val:hi,4,4,0,9.25,292.88,1171.5,0,4
LONG,Micro_WickImbalance:lo,PrevDay_Close_Side:==-1,4,4,0,19.75,4074.0,16296.0,0,4
LONG,Momentum_Value:hi,RangeOsc_Val:hi,4,4,0,8.25,381.68,1526.7,0,4
LONG,PoC_Side:==1,RangeOsc_Val:hi,4,4,0,9.75,369.25,1477.0,0,4
LONG,Micro_Amihud:hi,VA_Position:hi,4,4,0,18.25,1416.55,5666.2,0,4
LONG,Micro_OrderFlowDelta:lo,PrevDay_High_Side:==1,5,4,1,7.4,13.92,69.6,5,0
LONG,ADX_Value:hi,AT_Slope_ST:lo,4,4,0,32.5,1751.62,7006.5,0,4
LONG,ADX_Value:hi,D2D_ATR:hi,4,4,0,32.5,1751.62,7006.5,0,4
LONG,ADX_Value:hi,Micro_CSSpread:hi,4,4,0,32.5,1751.62,7006.5,0,4
LONG,ADX_Value:hi,Micro_HLAsymmetry:hi,4,4,0,32.5,1751.62,7006.5,0,4
LONG,ADX_Value:hi,VA_Position:hi,4,4,0,19.25,1403.2,5612.8,0,4
LONG,ADX_Value:hi,RangeOsc_State:==-1,4,4,0,26.75,1385.4,5541.6,0,4
LONG,MultiDay_Slope:lo,VA_Position:hi,4,4,0,6.0,64.5,258.0,0,4
LONG,ADX_Value:hi,Micro_FailedBreak:hi,4,4,0,20.75,1718.78,6875.1,0,4
LONG,ADX_Value:hi,Volume_Avg_10:hi,4,4,0,7.0,252.53,1010.1,0,4
LONG,Micro_VolOfVol:hi,Slope_EMA_ST:hi,4,4,0,7.0,266.65,1066.6,0,4
LONG,Micro_Rejection:lo,PrevDay_High_Side:==1,4,4,0,11.25,302.85,1211.4,0,4
LONG,Micro_HLAsymmetry:hi,OR_Position:hi,4,4,0,9.5,472.75,1891.0,0,4
LONG,Micro_RangeVelocity:hi,VWAP_Dist_ATR:lo,4,4,0,10.25,515.4,2061.6,0,4
LONG,Micro_RollProxy:lo,Session_Low_Dist_ATR:lo,5,4,1,12.4,306.4,1532.0,0,5
LONG,Micro_WickImbalance:lo,OR_Position:hi,4,4,0,10.0,393.22,1572.9,0,4
LONG,Slope_EMA_ST:lo,VWAP_Side:==1,4,4,0,18.5,4242.9,16971.6,0,4
LONG,AT_Score_LT:hi,KAMA_Dist:lo,4,4,0,5.75,228.9,915.6,0,4
LONG,KAMA_Dist:lo,Micro_Rejection:hi,4,4,0,5.75,228.9,915.6,0,4
LONG,KAMA_Dist:lo,PrevDay_High_Side:==1,4,4,0,8.0,267.9,1071.6,0,4
LONG,DailyOpen_Side:==1,Micro_OrderFlowDelta:lo,5,4,1,7.6,0.34,1.7,0,5
LONG,DailyOpen_Side:==1,Micro_WickImbalance:lo,4,4,0,22.75,644.83,2579.3,0,4
LONG,DailyOpen_Side:==1,Volume_Avg_10:hi,4,4,0,11.75,201.55,806.2,0,4
LONG,EMA_Oscillator:lo,Micro_WickImbalance:lo,4,4,0,8.25,131.82,527.3,0,4
LONG,KAMA_Dist:lo,Micro_WickImbalance:lo,4,4,0,8.5,107.7,430.8,0,4
LONG,Micro_HLAsymmetry:lo,Micro_Rejection:lo,5,4,1,9.8,-28.14,-140.7,0,5
LONG,Micro_OrderFlowDelta:lo,Round_500_Dist_ATR:lo,5,4,1,7.6,0.34,1.7,0,5
LONG,Micro_Entropy:lo,Micro_VPIN:lo,4,4,0,9.75,2866.62,11466.5,0,4
LONG,OR_Low_Side:==1,PrevDay_High_Dist_ATR:hi,4,4,0,6.75,482.57,1930.3,0,4
LONG,D2D_Persist:hi,OR_High_Side:==-1,4,4,0,7.25,143.45,573.8,0,4
LONG,Micro_TickIntensity:hi,RangeOsc_Val:hi,4,4,0,6.75,1334.65,5338.6,0,4
LONG,D2D_Persist:hi,Micro_Entropy:lo,4,4,0,5.5,181.3,725.2,0,4
LONG,ADX_Value:hi,DailyOpen_Side:==-1,4,4,0,7.0,184.4,737.6,0,4
LONG,ADX_Value:hi,OR_Low_Side:==1,4,4,0,9.25,366.38,1465.5,0,4
LONG,ADX_Value:hi,PrevDay_Close_Side:==-1,4,4,0,6.0,305.75,1223.0,0,4
LONG,Micro_OrderFlowDelta:lo,PrevDay_Close_Side:==-1,4,4,0,6.0,305.75,1223.0,0,4
LONG,Micro_VPIN:lo,PrevDay_Close_Side:==-1,4,4,0,9.0,1054.9,4219.6,0,4
LONG,Micro_VPIN:lo,RangeOsc_Val:hi,4,4,0,7.75,1052.4,4209.6,0,4
LONG,MultiDay_Slope:lo,Session_High_Dist_ATR:lo,4,4,0,5.5,291.02,1164.1,0,4
LONG,D2D_DirStep:==-1,Micro_AutoCorr:hi,4,4,0,10.5,109.2,436.8,0,4
LONG,MultiDay_Position:lo,OBV_Velocity:hi,4,4,0,9.75,366.15,1464.6,0,4
LONG,OBV_Velocity:hi,Session_Low_Dist_ATR:lo,4,4,0,11.25,595.4,2381.6,0,4
LONG,ST_Flip_Event:==1,Volume_Ratio_10:hi,4,4,0,6.25,358.23,1432.9,0,4
LONG,Micro_MicroGap:hi,RangeOsc_State:==2,4,4,0,9.25,2568.0,10272.0,0,4
LONG,Micro_OrderFlowDelta:lo,Micro_VPIN:lo,4,4,0,9.5,2699.53,10798.1,0,4
LONG,DailyOpen_Side:==1,MultiDay_Slope:lo,4,4,0,17.5,274.83,1099.3,0,4
LONG,MultiDay_Position:lo,VA_Position:hi,5,4,1,9.8,304.7,1523.5,0,5
LONG,PrevDay_High_Dist_ATR:lo,VWAP_Sigma_ATR:lo,5,4,1,9.8,304.7,1523.5,0,5
LONG,VA_Position:hi,VWAP_Sigma_ATR:lo,5,4,1,9.8,304.7,1523.5,0,5
LONG,ADX_Rising:==0,VWAP_Sigma_ATR:lo,4,4,0,11.5,405.32,1621.3,0,4
LONG,DailyOpen_Side:==1,Micro_Entropy:lo,4,4,0,7.5,372.0,1488.0,0,4
LONG,DailyOpen_Side:==1,Micro_VPIN:lo,4,4,0,10.75,383.5,1534.0,0,4
LONG,DailyOpen_Side:==1,Slope_Accel_LT:hi,4,4,0,7.5,396.42,1585.7,0,4
LONG,ADX_Rising:==1,MultiDay_Position:lo,4,4,0,8.75,195.35,781.4,0,4
LONG,PrevDay_Close_Side:==-1,Round_500_Dist_ATR:lo,4,4,0,10.25,196.6,786.4,0,4
LONG,Sqz_State:==1,VWAP_Side:==1,4,4,0,12.5,355.15,1420.6,0,4
LONG,ADX_Rising:==1,OR_High_Side:==-1,4,4,0,10.5,187.5,750.0,0,4
LONG,Micro_LogReturn:hi,OR_Low_Side:==1,4,4,0,10.75,283.48,1133.9,0,4
LONG,Micro_RangeVelocity:lo,VWAP_Sigma_ATR:lo,6,4,2,18.17,55.02,330.1,0,6
LONG,Micro_CSSpread:hi,VWAP_Sigma_ATR:lo,4,4,0,21.0,525.12,2100.5,0,4
LONG,ADX_Rising:==0,AT_Score_LT:hi,4,4,0,6.0,89.1,356.4,0,4
LONG,ADX_Rising:==0,Micro_CSSpread:hi,4,4,0,8.5,272.4,1089.6,0,4
LONG,ADX_Rising:==0,Micro_GarmanKlass:hi,4,4,0,7.0,241.65,966.6,0,4
LONG,Lower_Wick:hi,Micro_GarmanKlass:hi,4,4,0,6.25,97.95,391.8,0,4
LONG,Micro_GarmanKlass:hi,Micro_WickImbalance:hi,4,4,0,7.0,241.65,966.6,0,4
LONG,AT_Score_LT:hi,PrevDay_High_Dist_ATR:hi,4,4,0,4.75,86.17,344.7,0,4
LONG,Micro_CSSpread:hi,PrevDay_High_Dist_ATR:hi,4,4,0,4.75,86.17,344.7,0,4
LONG,AT_Lookback_ST:hi,PrevDay_High_Dist_ATR:lo,4,4,0,17.75,691.6,2766.4,0,4
LONG,Bars_Since_Flip:hi,Micro_IBSP:hi,4,4,0,18.25,329.1,1316.4,0,4
LONG,Micro_RollProxy:lo,OBVf_Signal:==1,4,4,0,12.25,150.2,600.8,0,4
LONG,ADX_Value:hi,Micro_OrderFlowDelta:hi,4,4,0,26.0,1421.9,5687.6,0,4
LONG,DailyOpen_Side:==1,Micro_TickIntensity:hi,4,4,0,6.75,102.12,408.5,0,4
LONG,Micro_IBSP:hi,Micro_RangeAccel:lo,4,4,0,15.25,293.9,1175.6,0,4
LONG,AT_Score_LT:hi,Micro_AutoCorr:hi,4,4,0,6.75,134.7,538.8,0,4
LONG,ADX_Value:hi,WeeklyOpen_Side:==-1,4,4,0,13.0,810.95,3243.8,0,4
LONG,D2D_ATR_MA:hi,Micro_Hurst:hi,4,4,0,29.75,5233.9,20935.6,0,4
LONG,PrevDay_High_Side:==1,Slope_EMA_ST:lo,4,4,0,10.0,469.07,1876.3,0,4
LONG,EMA_Oscillator:lo,RangeOsc_State:==2,4,4,0,5.75,105.57,422.3,0,4
LONG,Micro_LogReturn:hi,MultiDay_Slope:lo,4,4,0,19.25,259.83,1039.3,0,4
LONG,D2D_DirStep:==1,RangeOsc_State:==-2,4,4,0,32.25,7640.98,30563.9,0,4
LONG,D2D_DirStep:==1,Round_500_Dist_ATR:lo,4,4,0,25.5,428.23,1712.9,0,4
LONG,D2D_DirStep:==1,WeeklyOpen_Side:==-1,4,4,0,32.25,7640.98,30563.9,0,4
LONG,DailyOpen_Side:==1,Micro_RangeAccel:hi,4,4,0,11.75,624.5,2498.0,0,4
LONG,DailyOpen_Side:==1,RangeOsc_State:==2,4,4,0,7.0,264.88,1059.5,0,4
LONG,DailyOpen_Side:==1,PoC_Side:==1,4,4,0,14.25,730.35,2921.4,0,4
LONG,D2D_ATR_MA:hi,VWAP_Side:==1,4,4,0,16.25,4013.22,16052.9,0,4
LONG,D2D_Signal:==1,PrevDay_High_Side:==-1,4,4,0,28.25,7854.9,31419.6,0,4
LONG,PrevDay_High_Side:==-1,VWAP_Side:==1,4,4,0,20.25,4002.0,16008.0,0,4
LONG,OBV_Macd:lo,OR_Position:hi,5,4,1,7.0,144.4,722.0,0,5
LONG,ADX_Value:hi,Micro_LogReturn:hi,4,4,0,28.0,1457.3,5829.2,0,4
LONG,MultiDay_Position:hi,Volume_Avg_10:hi,5,4,1,6.0,-12.24,-61.2,0,5
LONG,ADX_Rising:==0,Momentum_Value:lo,4,4,0,8.0,141.95,567.8,0,4
LONG,RangeOsc_Val:lo,Round_500_Dist_ATR:lo,4,4,0,27.0,897.22,3588.9,0,4
LONG,ADX_Value:hi,Micro_Amihud:hi,4,4,0,33.0,1924.12,7696.5,0,4
LONG,DailyOpen_Side:==-1,VWAP_Dist_ATR:lo,4,4,0,6.0,211.12,844.5,0,4
LONG,DailyOpen_Side:==-1,VWAP_Side:==1,4,4,0,6.0,211.12,844.5,0,4
LONG,KAMA_Dist:lo,Micro_FailedBreak:hi,4,4,0,9.75,172.2,688.8,0,4
LONG,DailyOpen_Side:==1,ST_Flip_Event:==-1,4,4,0,8.25,107.53,430.1,0,4
LONG,D2D_DirStep:==1,EMA_Oscillator:hi,4,4,0,35.5,6604.2,26416.8,0,4
LONG,Round_1000_Dist_ATR:lo,VA_Position:hi,5,4,1,21.2,880.06,4400.3,0,5
LONG,Bars_Since_Flip:hi,Micro_HLAsymmetry:lo,3,3,0,12.33,682.17,2046.5,0,3
LONG,DailyOpen_Dist_ATR:lo,Micro_Entropy:lo,3,3,0,12.33,692.5,2077.5,0,3
LONG,DailyOpen_Dist_ATR:lo,Momentum_Value:lo,3,3,0,10.0,562.6,1687.8,0,3
LONG,EMA_Oscillator:lo,Micro_Amihud:hi,3,3,0,10.0,315.0,945.0,0,3
LONG,EMA_Oscillator:lo,Momentum_Value:lo,3,3,0,11.67,368.17,1104.5,0,3
LONG,EMA_Oscillator:lo,OR_Low_Side:==-1,3,3,0,13.0,327.67,983.0,0,3
LONG,Harmonic_OBVf_Concordance:==0,Micro_MicroGap:hi,3,3,0,11.33,377.2,1131.6,0,3
LONG,Harmonic_OBVf_Concordance:==0,Momentum_Value:lo,3,3,0,11.0,354.87,1064.6,0,3
LONG,Harmonic_OBVf_Concordance:==0,PrevDay_Low_Dist_ATR:lo,3,3,0,14.33,889.1,2667.3,0,3
LONG,KAMA_Dist:lo,Micro_MicroGap:hi,3,3,0,11.33,377.2,1131.6,0,3
LONG,Micro_Entropy:lo,Micro_MicroGap:hi,3,3,0,12.33,3615.6,10846.8,0,3
LONG,Micro_Entropy:lo,MultiDay_Position:lo,3,3,0,14.33,1169.8,3509.4,0,3
LONG,Micro_Entropy:lo,PrevDay_Low_Dist_ATR:lo,3,3,0,12.33,682.17,2046.5,0,3
LONG,Micro_Entropy:lo,VWAP_Sigma_ATR:lo,3,3,0,14.33,1169.8,3509.4,0,3
LONG,Micro_HLAsymmetry:lo,Momentum_Value:lo,3,3,0,11.67,368.17,1104.5,0,3
LONG,Micro_HLAsymmetry:lo,PrevDay_Low_Dist_ATR:lo,3,3,0,12.33,682.17,2046.5,0,3
LONG,Micro_LogReturn:hi,Momentum_Value:lo,3,3,0,10.33,308.87,926.6,0,3
LONG,Micro_MicroGap:hi,VWAP_Dist_ATR:lo,3,3,0,11.0,363.2,1089.6,0,3
LONG,Micro_MicroGap:hi,VWAP_Sigma_ATR:lo,3,3,0,26.67,563.3,1689.9,0,3
LONG,Momentum_Value:lo,OR_High_Side:==-1,3,3,0,10.0,562.6,1687.8,0,3
LONG,Momentum_Value:lo,RangeOsc_State:==-1,3,3,0,11.0,504.6,1513.8,0,3
LONG,Momentum_Value:lo,VWAP_Dist_ATR:lo,3,3,0,10.0,562.6,1687.8,0,3
LONG,MultiDay_Position:lo,VWAP_Dist_ATR:lo,3,3,0,15.0,773.83,2321.5,0,3
LONG,VWAP_Dist_ATR:lo,VWAP_Sigma_ATR:lo,3,3,0,15.0,773.83,2321.5,0,3
LONG,Micro_TickIntensity:hi,MultiDay_Position:lo,3,3,0,18.0,436.93,1310.8,0,3
LONG,Micro_PriceAccel:lo,VWAP_Sigma_ATR:lo,3,3,0,27.67,2621.57,7864.7,0,3
LONG,Round_1000_Dist_ATR:lo,VWAP_Sigma_ATR:lo,3,3,0,24.0,7269.57,21808.7,0,3
LONG,Micro_Hurst:hi,Micro_PriceAccel:lo,3,3,0,26.33,2548.9,7646.7,0,3
LONG,Bar_Range:hi,Slope_EMA_ST:hi,3,3,0,8.0,155.33,466.0,0,3
LONG,Micro_Lambda:lo,Slope_EMA_ST:hi,3,3,0,8.0,155.33,466.0,0,3
LONG,DailyOpen_Side:==-1,VWAP_Sigma:lo,3,3,0,9.67,176.1,528.3,0,3
LONG,Dist_To_PoC_ATR:lo,Micro_OrderFlowDelta:lo,3,3,0,7.67,114.23,342.7,0,3
LONG,Micro_IBSP:lo,Micro_MomoTransfer:lo,3,3,0,5.67,106.23,318.7,0,3
LONG,Micro_IBSP:lo,OR_High_Side:==-1,3,3,0,8.33,135.4,406.2,0,3
LONG,Micro_MomoTransfer:lo,OR_High_Side:==-1,3,3,0,6.0,157.73,473.2,0,3
LONG,Micro_OrderFlowDelta:lo,Micro_VolOfVol:lo,3,3,0,7.67,114.23,342.7,0,3
LONG,AT_Slope_ST:lo,OR_Low_Side:==1,4,3,1,11.0,39.08,156.3,0,4
LONG,Dist_To_PoC_ATR:lo,Micro_Lambda:lo,3,3,0,8.0,111.63,334.9,0,3
LONG,Dist_To_PoC_ATR:lo,Micro_Rejection:lo,3,3,0,7.33,274.97,824.9,0,3
LONG,Efficiency_Ratio:hi,Micro_HLAsymmetry:hi,3,3,0,8.33,408.03,1224.1,0,3
LONG,Efficiency_Ratio:hi,Micro_OrderFlowDelta:lo,3,3,0,10.67,3491.63,10474.9,0,3
LONG,Efficiency_Ratio:hi,Slope_EMA_ST:lo,4,3,1,13.25,33.15,132.6,0,4
LONG,Micro_Lambda:lo,Micro_VolOfVol:lo,3,3,0,8.0,111.63,334.9,0,3
LONG,Micro_RollProxy:hi,VWAP_Sigma:lo,3,3,0,9.67,746.47,2239.4,0,3
LONG,OR_Low_Side:==1,Round_100_Dist_ATR:lo,3,3,0,12.0,575.63,1726.9,0,3
LONG,DailyOpen_Dist_ATR:lo,VWAP_Sigma:lo,3,3,0,12.0,186.47,559.4,0,3
LONG,Dist_To_PoC_ATR:lo,EMA_Oscillator:lo,3,3,0,11.33,139.87,419.6,0,3
LONG,Dist_To_PoC_ATR:lo,KAMA_Dist:lo,3,3,0,10.33,121.87,365.6,0,3
LONG,Dist_To_PoC_ATR:lo,Micro_HLAsymmetry:lo,3,3,0,11.33,139.87,419.6,0,3
LONG,Dist_To_PoC_ATR:lo,PrevDay_High_Side:==-1,3,3,0,10.0,119.37,358.1,0,3
LONG,EMA_Oscillator:lo,Micro_RollProxy:hi,4,3,1,8.75,-116.02,-464.1,0,4
LONG,EMA_Oscillator:lo,Micro_VolOfVol:lo,3,3,0,11.33,139.87,419.6,0,3
LONG,Harmonic_OBVf_Concordance:==0,Micro_RollProxy:hi,3,3,0,8.0,144.57,433.7,0,3
LONG,Harmonic_OBVf_Concordance:==0,Round_1000_Dist_ATR:lo,3,3,0,12.0,176.07,528.2,0,3
LONG,Harmonic_OBVf_Concordance:==0,VWAP_Sigma:lo,3,3,0,12.0,186.47,559.4,0,3
LONG,KAMA_Dist:lo,Micro_VolOfVol:lo,3,3,0,10.33,121.87,365.6,0,3
LONG,Lower_Wick:hi,VWAP_Sigma:lo,3,3,0,12.0,186.47,559.4,0,3
LONG,Micro_HLAsymmetry:lo,Micro_VolOfVol:lo,3,3,0,11.33,139.87,419.6,0,3
LONG,Micro_VolOfVol:lo,Micro_WickImbalance:hi,3,3,0,11.33,131.27,393.8,0,3
LONG,PrevDay_High_Side:==-1,VWAP_Sigma:lo,3,3,0,12.0,186.47,559.4,0,3
LONG,RangeOsc_State:==-1,VWAP_Sigma:lo,3,3,0,12.67,153.53,460.6,0,3
LONG,D2D_DirStep:==-1,Session_Low_Dist_ATR:lo,3,3,0,12.0,129.9,389.7,0,3
LONG,D2D_DirStep:==-1,Volume:hi,3,3,0,16.0,168.07,504.2,0,3
LONG,Dist_To_PoC_ATR:lo,VWAP_Side:==-1,3,3,0,6.67,105.5,316.5,0,3
LONG,EMA_Oscillator:lo,Micro_FailedBreak:hi,3,3,0,9.67,160.2,480.6,0,3
LONG,Micro_FailedBreak:hi,OR_Position:hi,3,3,0,9.0,500.9,1502.7,0,3
LONG,Micro_HLAsymmetry:lo,VWAP_Side:==-1,4,3,1,7.75,-34.05,-136.2,0,4
LONG,Micro_RangeVelocity:hi,Micro_VolOfVol:lo,3,3,0,8.33,208.77,626.3,0,3
LONG,Lower_Wick:hi,Micro_MomoTransfer:hi,3,3,0,13.67,390.17,1170.5,0,3
LONG,Micro_MomoTransfer:hi,Micro_VolOfVol:lo,3,3,0,9.33,88.57,265.7,0,3
LONG,Micro_MomoTransfer:hi,Micro_WickImbalance:hi,4,3,1,8.75,-70.38,-281.5,0,4
LONG,Micro_MomoTransfer:hi,PrevDay_High_Side:==-1,3,3,0,11.33,345.5,1036.5,0,3
LONG,Micro_MomoTransfer:hi,RangeOsc_State:==-1,3,3,0,17.67,512.07,1536.2,0,3
LONG,Micro_MomoTransfer:hi,VWAP_Dist_ATR:lo,3,3,0,9.33,345.3,1035.9,0,3
LONG,Micro_MomoTransfer:hi,VWAP_Sigma:lo,3,3,0,9.33,167.3,501.9,0,3
LONG,Micro_TickIntensity:hi,VWAP_Dist_ATR:lo,3,3,0,10.0,151.47,454.4,0,3
LONG,Micro_Entropy:lo,Micro_OrderFlowDelta:lo,3,3,0,9.33,3421.03,10263.1,0,3
LONG,Micro_Entropy:lo,Volume_Avg_10:hi,3,3,0,9.0,694.97,2084.9,0,3
LONG,Micro_RangeAccel:lo,Slope_EMA_ST:hi,3,3,0,7.33,182.33,547.0,0,3
LONG,Micro_RangeVelocity:lo,Slope_EMA_ST:hi,4,3,1,6.75,152.97,611.9,0,4
LONG,D2D_ATR_MA:hi,Harmonic_OBVf_Concordance:==0,3,3,0,17.67,292.97,878.9,0,3
LONG,Harmonic_OBVf_Concordance:==0,Slope_Accel_ST:lo,4,3,1,10.0,98.58,394.3,0,4
LONG,KAMA_Dist:lo,Slope_Accel_ST:lo,4,3,1,10.0,98.58,394.3,0,4
LONG,Lower_Wick:hi,Slope_Accel_ST:lo,3,3,0,10.67,249.03,747.1,0,3
LONG,Micro_HLAsymmetry:lo,Slope_Accel_ST:lo,3,3,0,8.0,235.4,706.2,0,3
LONG,Micro_VPIN:lo,VWAP_Dist_ATR:lo,3,3,0,13.33,521.27,1563.8,0,3
LONG,Micro_WickImbalance:hi,Slope_Accel_ST:lo,4,3,1,10.0,98.58,394.3,0,4
LONG,PrevDay_High_Side:==-1,Slope_Accel_ST:lo,4,3,1,10.0,98.58,394.3,0,4
LONG,Micro_OrderFlowDelta:lo,Micro_TickIntensity:hi,3,3,0,8.33,147.2,441.6,0,3
LONG,EMA_Oscillator:hi,VA_Position:hi,3,3,0,30.0,1784.07,5352.2,0,3
LONG,Micro_CSSpread:hi,Micro_TickIntensity:hi,3,3,0,14.0,191.53,574.6,0,3
LONG,Micro_MicroGap:lo,Micro_PriceAccel:lo,3,3,0,11.33,247.43,742.3,0,3
LONG,Micro_TickIntensity:hi,PoC_Side:==1,3,3,0,10.33,625.47,1876.4,0,3
LONG,OR_Position:lo,VA_Position:hi,3,3,0,9.67,157.6,472.8,0,3
LONG,ADX_Rising:==1,DailyOpen_Side:==-1,3,3,0,8.67,5709.8,17129.4,0,3
LONG,DailyOpen_Side:==-1,Harmonic_LLEMA:hi,3,3,0,5.0,129.97,389.9,0,3
LONG,DailyOpen_Side:==-1,Micro_Hurst:hi,3,3,0,6.67,551.9,1655.7,0,3
LONG,DailyOpen_Side:==-1,ST_Flip_Event:==1,3,3,0,6.67,551.9,1655.7,0,3
LONG,Harmonic_LLEMA:hi,Micro_FailedBreak:hi,3,3,0,5.33,169.1,507.3,0,3
LONG,Lower_Wick:lo,Micro_Hurst:hi,3,3,0,6.33,737.6,2212.8,0,3
LONG,Micro_OrderFlowDelta:hi,ST_Flip_Event:==1,3,3,0,6.67,856.7,2570.1,0,3
LONG,ADX_Rising:==1,RangeOsc_State:==-2,3,3,0,11.33,5596.47,16789.4,0,3
LONG,PrevDay_High_Dist_ATR:lo,Sqz_Val:hi,3,3,0,6.0,1241.77,3725.3,0,3
LONG,DailyOpen_Dist_ATR:lo,Micro_PriceAccel:lo,3,3,0,9.67,305.63,916.9,0,3
LONG,PrevDay_Low_Dist_ATR:lo,PrevDay_Low_Side:==1,3,3,0,4.67,88.3,264.9,0,3
LONG,PrevDay_Low_Dist_ATR:lo,RangeOsc_Val:hi,3,3,0,4.67,88.3,264.9,0,3
LONG,PrevDay_Low_Side:==1,Round_500_Dist_ATR:lo,3,3,0,5.0,89.33,268.0,0,3
LONG,RangeOsc_Val:hi,VA_Position:hi,3,3,0,7.67,170.67,512.0,0,3
LONG,Bars_Since_Flip:hi,Micro_FractalDim:hi,4,3,1,13.0,12.4,49.6,0,4
LONG,DailyOpen_Side:==1,VA_Position:hi,3,3,0,9.33,451.53,1354.6,0,3
LONG,Micro_FractalDim:hi,OR_Position:lo,3,3,0,13.67,170.73,512.2,0,3
LONG,OBV_Velocity:hi,RangeOsc_Val:hi,3,3,0,5.0,101.5,304.5,0,3
LONG,Efficiency_Ratio:hi,KAMA_Dist:lo,3,3,0,7.67,279.27,837.8,0,3
LONG,Harmonic_OBVf_Concordance:==0,RangeOsc_State:==2,3,3,0,8.0,286.6,859.8,0,3
LONG,ADX_Rising:==0,Micro_RangeAccel:hi,3,3,0,7.33,382.07,1146.2,0,3
LONG,Harmonic_OBVf_Concordance:==0,Micro_Rejection:lo,3,3,0,10.0,228.77,686.3,0,3
LONG,Micro_OrderFlowDelta:hi,RangeOsc_Val:lo,3,3,0,36.33,639.8,1919.4,0,3
LONG,Micro_RangeVelocity:hi,MultiDay_Position:hi,3,3,0,7.33,477.13,1431.4,0,3
LONG,MultiDay_Position:hi,Session_High_Dist_ATR:lo,3,3,0,6.0,599.6,1798.8,0,3
LONG,MultiDay_Position:hi,Slope_EMA_ST:lo,3,3,0,7.33,477.13,1431.4,0,3
LONG,MultiDay_Position:hi,Volume_Ratio_10:hi,4,3,1,6.0,109.6,438.4,0,4
LONG,Micro_Hurst:hi,MultiDay_Position:hi,3,3,0,7.33,800.2,2400.6,0,3
LONG,Micro_HLAsymmetry:lo,Micro_IBSP:lo,3,3,0,8.0,146.87,440.6,0,3
LONG,AT_Score_LT:lo,Micro_BarOverlap:lo,3,3,0,26.67,405.3,1215.9,0,3
LONG,D2D_DirStep:==1,Micro_TickIntensity:hi,3,3,0,22.33,162.53,487.6,0,3
LONG,D2D_DirStep:==1,Slope_Accel_LT:hi,3,3,0,23.67,301.83,905.5,0,3
LONG,Micro_CSSpread:hi,Micro_RangeAccel:hi,3,3,0,29.33,810.5,2431.5,0,3
LONG,Micro_CSSpread:hi,Round_1000_Dist_ATR:lo,4,3,1,22.5,1204.2,4816.8,0,4
LONG,D2D_ATR:hi,Micro_VolOfVol:lo,3,3,0,14.33,126.47,379.4,0,3
LONG,D2D_Signal:==0,Micro_VolOfVol:lo,3,3,0,14.33,126.47,379.4,0,3
LONG,Micro_BarOverlap:lo,Micro_CSSpread:hi,3,3,0,22.67,219.43,658.3,0,3
LONG,Micro_MicroGap:lo,Round_500_Dist_ATR:lo,3,3,0,10.0,105.3,315.9,0,3
LONG,Body_Size:hi,Micro_FractalDim:hi,4,3,1,14.5,13.6,54.4,0,4
LONG,Lower_Wick:hi,OBV_Velocity:hi,3,3,0,18.33,736.8,2210.4,0,3
LONG,Lower_Wick:hi,RangeOsc_State:==-2,3,3,0,25.0,636.13,1908.4,0,3
LONG,Micro_BarOverlap:lo,RangeOsc_State:==-2,3,3,0,30.33,5022.8,15068.4,0,3
LONG,Micro_FractalDim:hi,Micro_OrderFlowDelta:hi,3,3,0,15.33,176.57,529.7,0,3
LONG,Micro_FractalDim:hi,Micro_RangeAccel:hi,3,3,0,15.67,160.5,481.5,0,3
LONG,Micro_FractalDim:hi,Momentum_Value:hi,4,3,1,13.5,14.85,59.4,0,4
LONG,Micro_RollProxy:hi,OBV_Velocity:hi,3,3,0,25.0,517.4,1552.2,0,3
LONG,AT_Regime_LT:==1,Sqz_Val:hi,3,3,0,12.67,114.0,342.0,0,3
LONG,Micro_PriceAccel:lo,RangeOsc_State:==-2,3,3,0,16.33,290.67,872.0,0,3
LONG,Micro_PriceAccel:lo,Sqz_State:==1,3,3,0,19.67,297.33,892.0,0,3
LONG,Micro_RangeAccel:lo,Sqz_Val:hi,3,3,0,12.0,117.47,352.4,0,3
LONG,Micro_LogReturn:hi,RangeOsc_Val:hi,3,3,0,6.67,1283.47,3850.4,0,3
LONG,RangeOsc_Val:hi,Slope_Accel_LT:lo,3,3,0,4.67,94.27,282.8,0,3
LONG,Micro_Amihud:hi,RangeOsc_State:==2,3,3,0,5.33,347.07,1041.2,0,3
LONG,Micro_Hurst:hi,Micro_Lambda:lo,3,3,0,6.33,261.8,785.4,0,3
LONG,ADX_Rising:==0,Micro_RollProxy:lo,3,3,0,8.67,190.0,570.0,0,3
LONG,Micro_OrderFlowDelta:lo,Session_High_Dist_ATR:lo,3,3,0,7.33,190.07,570.2,0,3
LONG,Micro_RollProxy:lo,Session_High_Dist_ATR:lo,3,3,0,8.67,190.0,570.0,0,3
LONG,DailyOpen_Dist_ATR:lo,Micro_RangeVelocity:hi,3,3,0,18.67,859.83,2579.5,0,3
LONG,DailyOpen_Dist_ATR:lo,Micro_TickIntensity:lo,3,3,0,26.0,5481.0,16443.0,0,3
LONG,DailyOpen_Dist_ATR:lo,OBVf_Signal:==1,3,3,0,18.67,620.03,1860.1,0,3
LONG,DailyOpen_Side:==1,Micro_MicroGap:hi,3,3,0,25.67,460.7,1382.1,0,3
LONG,DailyOpen_Side:==1,Micro_TickIntensity:lo,3,3,0,19.0,861.0,2583.0,0,3
LONG,Micro_IBSP:hi,Micro_VolOfVol:hi,3,3,0,21.67,370.73,1112.2,0,3
LONG,Micro_IBSP:hi,OBV_Macd:lo,3,3,0,20.0,356.87,1070.6,0,3
LONG,Micro_IBSP:hi,OBV_Velocity:hi,3,3,0,17.0,447.13,1341.4,0,3
LONG,Micro_IBSP:hi,OBVf_Signal:==1,3,3,0,20.33,363.27,1089.8,0,3
LONG,Micro_IBSP:hi,OR_High_Side:==-1,3,3,0,13.0,512.33,1537.0,0,3
LONG,Micro_MicroGap:hi,OBVf_Signal:==1,3,3,0,29.0,528.3,1584.9,0,3
LONG,Micro_TickIntensity:lo,RangeOsc_State:==-1,3,3,0,31.67,2345.0,7035.0,0,3
LONG,Micro_TickIntensity:lo,RangeOsc_Val:lo,3,3,0,23.67,1169.0,3507.0,0,3
LONG,OBV_Velocity:hi,OR_High_Side:==-1,3,3,0,11.67,269.7,809.1,0,3
LONG,AT_Slope_LT:lo,Micro_Lambda:lo,4,3,1,20.25,316.02,1264.1,0,4
LONG,D2D_Signal:==0,Micro_Lambda:lo,4,3,1,20.25,316.02,1264.1,0,4
LONG,Micro_Lambda:lo,Micro_VolOfVol:hi,4,3,1,17.25,160.6,642.4,0,4
LONG,Micro_Lambda:lo,OBVf_Signal:==1,4,3,1,14.5,307.73,1230.9,0,4
LONG,Micro_Lambda:lo,OR_Position:lo,4,3,1,18.0,188.93,755.7,0,4
LONG,Micro_Lambda:lo,RangeOsc_Val:lo,4,3,1,20.25,316.02,1264.1,0,4
LONG,D2D_ATR_MA:hi,Micro_Entropy:lo,4,3,1,7.0,-26.78,-107.1,0,4
LONG,Micro_Lambda:lo,Micro_RangeAccel:lo,3,3,0,18.33,355.87,1067.6,0,3
LONG,D2D_ATR_MA:hi,D2D_DirStep:==-1,3,3,0,11.0,100.5,301.5,0,3
LONG,D2D_DirStep:==-1,Micro_VolOfVol:hi,3,3,0,11.0,100.5,301.5,0,3
LONG,D2D_Signal:==0,Round_100_Dist_ATR:lo,3,3,0,26.33,367.27,1101.8,0,3
LONG,D2D_ATR_MA:hi,Micro_TickIntensity:hi,3,3,0,13.67,460.07,1380.2,0,3
LONG,Micro_LogReturn:hi,Slope_Accel_ST:lo,3,3,0,7.67,168.83,506.5,0,3
LONG,ADX_Rising:==0,OBVf_Signal:==-1,3,3,0,21.33,5248.8,15746.4,0,3
LONG,DailyOpen_Dist_ATR:lo,OBVf_Signal:==-1,3,3,0,21.33,5248.8,15746.4,0,3
LONG,Harmonic_OBVf_Concordance:==0,TChan_A15:hi,3,3,0,9.0,379.37,1138.1,0,3
LONG,KAMA_Dist:lo,Session_High_Dist_ATR:lo,3,3,0,9.33,474.8,1424.4,0,3
LONG,KAMA_Dist:lo,TChan_A15:hi,3,3,0,9.0,379.37,1138.1,0,3
LONG,Micro_WickImbalance:hi,OBVf_Signal:==-1,3,3,0,7.67,288.7,866.1,0,3
LONG,OBVf_Signal:==-1,PrevDay_High_Side:==-1,3,3,0,21.33,5248.8,15746.4,0,3
LONG,OBVf_Signal:==-1,Session_Low_Dist_ATR:lo,3,3,0,21.33,5248.8,15746.4,0,3
LONG,TChan_A15:hi,VWAP_Dist_ATR:lo,3,3,0,21.33,5248.8,15746.4,0,3
LONG,Harmonic_OBVf_Concordance:==0,Micro_LogReturn:lo,3,3,0,8.33,134.43,403.3,0,3
LONG,KAMA_Dist:lo,Micro_LogReturn:lo,4,3,1,7.75,-79.48,-317.9,0,4
LONG,Micro_AutoCorr:hi,Micro_LogReturn:lo,3,3,0,10.0,349.4,1048.2,0,3
LONG,Micro_Hurst:hi,Micro_LogReturn:lo,3,3,0,10.0,297.9,893.7,0,3
LONG,Micro_MicroGap:hi,Session_High_Dist_ATR:lo,3,3,0,12.33,419.2,1257.6,0,3
LONG,Micro_WickImbalance:hi,OR_High_Side:==0,3,3,0,7.0,143.0,429.0,0,3
LONG,OR_High_Side:==0,Session_Low_Dist_ATR:lo,3,3,0,7.33,293.9,881.7,0,3
LONG,OR_High_Side:==0,Volume:hi,3,3,0,8.33,160.43,481.3,0,3
LONG,OR_High_Side:==0,Volume_Ratio_10:hi,3,3,0,9.33,139.43,418.3,0,3
LONG,Micro_LogReturn:lo,Slope_EMA_ST:hi,3,3,0,4.67,153.73,461.2,0,3
LONG,RangeOsc_State:==-2,Slope_EMA_ST:hi,3,3,0,6.67,141.73,425.2,0,3
LONG,Slope_EMA_ST:hi,Sqz_State:==1,3,3,0,6.67,141.73,425.2,0,3
LONG,AT_Score_LT:lo,Micro_MicroGap:hi,3,3,0,15.67,505.93,1517.8,0,3
LONG,Micro_MicroGap:lo,Micro_Rejection:lo,3,3,0,7.67,209.6,628.8,0,3
LONG,ADX_Value:hi,AT_Score_LT:lo,3,3,0,7.0,180.73,542.2,0,3
LONG,Micro_MicroGap:lo,RangeOsc_State:==-2,3,3,0,7.33,860.83,2582.5,0,3
LONG,Micro_FractalDim:hi,Micro_Rejection:lo,3,3,0,6.67,181.17,543.5,0,3
LONG,ST_Flip_Event:==-1,Sqz_State:==1,3,3,0,9.33,142.37,427.1,0,3
LONG,Efficiency_Ratio:hi,KAMA_Dist:hi,3,3,0,15.33,359.0,1077.0,0,3
LONG,Efficiency_Ratio:hi,Momentum_Value:hi,3,3,0,13.67,320.57,961.7,0,3
LONG,Efficiency_Ratio:hi,OR_Low_Side:==-1,3,3,0,14.33,351.37,1054.1,0,3
LONG,KAMA_Dist:hi,Micro_TickIntensity:lo,3,3,0,26.67,2311.8,6935.4,0,3
LONG,KAMA_Dist:hi,Slope_Accel_LT:lo,3,3,0,26.67,2311.8,6935.4,0,3
LONG,Micro_TickIntensity:lo,PrevDay_Low_Side:==-1,3,3,0,26.67,2311.8,6935.4,0,3
LONG,Micro_VPIN:lo,PoC_Side:==1,3,3,0,9.67,376.7,1130.1,0,3
LONG,ADX_Rising:==1,AT_Slope_LT:lo,3,3,0,8.67,332.17,996.5,0,3
LONG,D2D_DirStep:==1,Micro_VPIN:lo,3,3,0,17.33,359.37,1078.1,0,3
LONG,Micro_VPIN:lo,RangeOsc_Val:lo,3,3,0,19.0,473.0,1419.0,0,3
LONG,MultiDay_Position:lo,TChan_A15:hi,3,3,0,18.0,388.43,1165.3,0,3
LONG,OBVf_Signal:==1,TChan_A15:hi,3,3,0,19.33,439.37,1318.1,0,3
LONG,Micro_OrderFlowDelta:lo,Micro_PriceAccel:lo,3,3,0,22.33,379.6,1138.8,0,3
LONG,Micro_OrderFlowDelta:lo,MultiDay_Position:lo,3,3,0,22.33,379.6,1138.8,0,3
LONG,Micro_MomoTransfer:hi,Micro_RangeVelocity:hi,3,3,0,13.67,616.07,1848.2,0,3
LONG,Micro_AutoCorr:hi,Sqz_Val:hi,3,3,0,19.0,4978.9,14936.7,0,3
LONG,Micro_LogReturn:hi,Sqz_Val:hi,3,3,0,17.67,4949.9,14849.7,0,3
LONG,OR_Position:lo,Sqz_Val:hi,3,3,0,19.67,129.57,388.7,0,3
LONG,Slope_Accel_LT:lo,Sqz_Val:hi,3,3,0,8.67,157.0,471.0,0,3
LONG,EMA_Oscillator:hi,Micro_PriceAccel:hi,4,3,1,16.75,3582.23,14328.9,0,4
LONG,ADX_Rising:==0,MultiDay_Slope:lo,3,3,0,16.0,225.63,676.9,0,3
LONG,ADX_Rising:==0,OR_Position:lo,3,3,0,32.0,5303.03,15909.1,0,3
LONG,ADX_Rising:==0,Sqz_State:==1,3,3,0,19.0,538.87,1616.6,0,3
LONG,ADX_Rising:==0,VWAP_Sigma:hi,3,3,0,21.67,448.77,1346.3,0,3
LONG,AT_Lookback_ST:hi,Micro_WickImbalance:hi,3,3,0,18.67,197.17,591.5,0,3
LONG,AT_Regime_LT:==1,Harmonic_OBVf_Concordance:==0,4,3,1,15.0,67.95,271.8,0,4
LONG,AT_Regime_LT:==1,MultiDay_Slope:lo,3,3,0,30.0,465.27,1395.8,0,3
LONG,AT_Score_LT:lo,MultiDay_Slope:lo,3,3,0,14.67,184.5,553.5,0,3
LONG,Harmonic_OBVf_Concordance:==0,Micro_MicroGap:lo,3,3,0,15.67,190.9,572.7,0,3
LONG,Harmonic_OBVf_Concordance:==0,Micro_RangeAccel:lo,3,3,0,18.0,211.77,635.3,0,3
LONG,Harmonic_OBVf_Concordance:==0,MultiDay_Slope:lo,3,3,0,18.0,211.77,635.3,0,3
LONG,KAMA_Dist:lo,MultiDay_Slope:lo,3,3,0,18.0,211.77,635.3,0,3
LONG,MultiDay_Slope:lo,Sqz_State:==1,3,3,0,15.0,138.03,414.1,0,3
LONG,AT_Slope_LT:lo,Micro_GarmanKlass:hi,3,3,0,23.67,130.1,390.3,0,3
LONG,AT_Slope_LT:lo,PrevDay_Close_Dist_ATR:hi,3,3,0,23.67,130.1,390.3,0,3
LONG,D2D_ATR_MA:hi,DailyOpen_Side:==-1,3,3,0,29.0,443.37,1330.1,0,3
LONG,D2D_Signal:==0,PrevDay_High_Dist_ATR:hi,3,3,0,27.33,305.47,916.4,0,3
LONG,DailyOpen_Side:==-1,Micro_RangeAccel:hi,3,3,0,28.33,393.37,1180.1,0,3
LONG,DailyOpen_Side:==-1,OR_Position:lo,3,3,0,27.33,386.87,1160.6,0,3
LONG,Micro_GarmanKlass:hi,Micro_RangeAccel:hi,3,3,0,22.0,303.3,909.9,0,3
LONG,Micro_GarmanKlass:hi,Micro_VPIN:lo,3,3,0,21.67,290.5,871.5,0,3
LONG,Micro_GarmanKlass:hi,Session_Low_Dist_ATR:lo,3,3,0,17.0,342.97,1028.9,0,3
LONG,Micro_OrderFlowDelta:hi,PrevDay_High_Dist_ATR:hi,3,3,0,17.33,112.97,338.9,0,3
LONG,Micro_OrderFlowDelta:hi,Round_100_Dist_ATR:lo,3,3,0,32.67,635.37,1906.1,0,3
LONG,Micro_RangeAccel:hi,PrevDay_Close_Dist_ATR:hi,3,3,0,22.0,303.3,909.9,0,3
LONG,Momentum_Value:hi,PrevDay_High_Dist_ATR:hi,3,3,0,27.33,305.47,916.4,0,3
LONG,MultiDay_Position:lo,PrevDay_High_Dist_ATR:hi,4,3,1,22.0,156.65,626.6,0,4
LONG,OBVf_Signal:==1,PrevDay_High_Dist_ATR:hi,3,3,0,23.67,318.23,954.7,0,3
LONG,OR_Position:lo,PrevDay_Close_Dist_ATR:hi,3,3,0,27.0,280.7,842.1,0,3
LONG,PrevDay_Close_Dist_ATR:hi,Session_Low_Dist_ATR:lo,3,3,0,17.0,342.97,1028.9,0,3
LONG,PrevDay_Close_Dist_ATR:hi,Sqz_State:==1,3,3,0,27.0,280.7,842.1,0,3
LONG,Round_100_Dist_ATR:lo,Sqz_State:==1,3,3,0,34.33,877.57,2632.7,0,3
LONG,D2D_ATR_MA:hi,WeeklyOpen_Side:==-1,3,3,0,31.0,5231.33,15694.0,0,3
LONG,Micro_GarmanKlass:hi,OBV_Macd:lo,3,3,0,19.0,285.33,856.0,0,3
LONG,Micro_GarmanKlass:hi,WeeklyOpen_Side:==-1,3,3,0,18.0,280.5,841.5,0,3
LONG,Micro_VPIN:lo,WeeklyOpen_Side:==-1,3,3,0,14.67,288.73,866.2,0,3
LONG,OBV_Macd:lo,PrevDay_Close_Dist_ATR:hi,3,3,0,19.0,285.33,856.0,0,3
LONG,KAMA_Dist:hi,Sqz_Val:hi,3,3,0,30.33,5345.47,16036.4,0,3
LONG,Micro_PriceAccel:lo,Micro_Rejection:lo,3,3,0,24.67,400.43,1201.3,0,3
LONG,Micro_RangeAccel:lo,PrevDay_High_Dist_ATR:hi,3,3,0,12.0,136.27,408.8,0,3
LONG,Micro_RangeVelocity:lo,PrevDay_High_Dist_ATR:hi,4,3,1,11.0,13.62,54.5,0,4
LONG,KAMA_Dist:hi,MultiDay_Slope:lo,3,3,0,16.67,349.37,1048.1,0,3
LONG,KAMA_Dist:hi,RangeOsc_State:==2,3,3,0,13.33,221.77,665.3,0,3
LONG,Micro_FailedBreak:hi,MultiDay_Slope:lo,3,3,0,14.33,208.33,625.0,0,3
LONG,Micro_MicroGap:lo,RangeOsc_State:==2,4,3,1,11.25,-66.47,-265.9,0,4
LONG,Micro_RangeVelocity:hi,MultiDay_Slope:lo,3,3,0,15.67,280.07,840.2,0,3
LONG,MultiDay_Slope:lo,VWAP_Side:==-1,3,3,0,25.33,333.97,1001.9,0,3
LONG,Micro_CSSpread:lo,OBV_Macd:lo,3,3,0,5.33,173.8,521.4,0,3
LONG,Micro_RangeVelocity:lo,ST_Flip_Event:==1,3,3,0,7.0,437.2,1311.6,0,3
LONG,Micro_RollProxy:hi,ST_Flip_Event:==1,3,3,0,4.33,212.5,637.5,0,3
LONG,Micro_TickIntensity:hi,ST_Flip_Event:==1,3,3,0,5.67,138.83,416.5,0,3
LONG,ST_Flip_Event:==1,Slope_Accel_LT:hi,4,3,1,5.75,-212.55,-850.2,0,4
LONG,Micro_Rejection:lo,ST_Flip_Event:==-1,3,3,0,9.33,102.23,306.7,0,3
LONG,OR_High_Side:==-1,PrevDay_High_Dist_ATR:hi,3,3,0,8.67,96.9,290.7,0,3
LONG,Lower_Wick:lo,PrevDay_High_Dist_ATR:hi,3,3,0,8.33,92.6,277.8,0,3
LONG,Micro_LogReturn:hi,PrevDay_High_Dist_ATR:hi,3,3,0,10.0,131.8,395.4,0,3
LONG,D2D_ATR_MA:hi,Micro_FractalDim:lo,3,3,0,13.67,249.6,748.8,0,3
LONG,Micro_RangeVelocity:lo,Slope_Accel_ST:lo,3,3,0,8.33,360.17,1080.5,0,3
LONG,Micro_VPIN:lo,Sqz_State:==-1,3,3,0,8.33,360.17,1080.5,0,3
LONG,OR_Low_Side:==-1,Sqz_State:==-1,3,3,0,7.67,129.93,389.8,0,3
LONG,ST_Flip_Event:==-1,Volume_Ratio_10:hi,3,3,0,11.67,129.0,387.0,0,3
LONG,Slope_Accel_ST:lo,Sqz_State:==-1,3,3,0,8.33,360.17,1080.5,0,3
LONG,KAMA_Dist:hi,Micro_FractalDim:lo,3,3,0,18.0,195.67,587.0,0,3
LONG,EMA_Oscillator:hi,Slope_Accel_ST:lo,3,3,0,5.0,208.1,624.3,0,3
LONG,Micro_OrderFlowDelta:hi,ST_Flip_Event:==-1,3,3,0,5.67,217.87,653.6,0,3
LONG,Micro_OrderFlowDelta:hi,Slope_Accel_ST:lo,3,3,0,5.67,217.87,653.6,0,3
LONG,ST_Flip_Event:==-1,Session_High_Dist_ATR:lo,3,3,0,5.67,217.87,653.6,0,3
LONG,Session_High_Dist_ATR:lo,Slope_Accel_ST:lo,3,3,0,5.67,217.87,653.6,0,3
LONG,Micro_RangeAccel:lo,VWAP_Side:==1,3,3,0,20.0,5316.0,15948.0,0,3
LONG,Micro_Hurst:hi,PrevDay_Close_Side:==-1,3,3,0,18.67,5186.57,15559.7,0,3
LONG,ADX_Rising:==1,AT_Regime_LT:==1,3,3,0,9.0,170.13,510.4,0,3
LONG,MultiDay_Position:hi,OR_Low_Side:==1,3,3,0,5.67,439.63,1318.9,0,3
LONG,MultiDay_Position:hi,VWAP_Side:==1,3,3,0,7.67,700.97,2102.9,0,3
LONG,OR_Low_Side:==1,VWAP_Side:==1,3,3,0,10.33,503.3,1509.9,0,3
LONG,DailyOpen_Side:==-1,MultiDay_Position:hi,3,3,0,6.0,413.9,1241.7,0,3
LONG,Micro_RangeAccel:lo,ST_Flip_Event:==1,4,3,1,6.25,98.78,395.1,0,4
LONG,Micro_RangeVelocity:lo,OR_High_Side:==1,3,3,0,6.67,769.07,2307.2,0,3
LONG,Momentum_Value:hi,OR_High_Side:==1,3,3,0,7.0,554.1,1662.3,0,3
LONG,Micro_LogReturn:lo,PrevDay_High_Dist_ATR:lo,4,3,1,6.0,-67.5,-270.0,0,4
LONG,PrevDay_Close_Side:==-1,RangeOsc_State:==-1,5,3,2,8.0,-177.72,-888.6,0,5
LONG,PrevDay_High_Dist_ATR:lo,RangeOsc_State:==-1,5,3,2,8.0,-177.72,-888.6,0,5
LONG,RangeOsc_State:==-1,WeeklyOpen_Side:==-1,5,3,2,8.0,-177.72,-888.6,0,5
LONG,AT_Slope_ST:lo,MultiDay_Position:hi,3,3,0,8.0,673.6,2020.8,0,3
LONG,Micro_HLAsymmetry:hi,MultiDay_Position:hi,3,3,0,9.33,737.0,2211.0,0,3
LONG,AT_Score_LT:lo,MultiDay_Position:hi,3,3,0,4.0,106.13,318.4,0,3
LONG,Body_Size:hi,MultiDay_Position:hi,3,3,0,4.0,106.13,318.4,0,3
LONG,Dist_To_PoC_ATR:lo,Micro_AutoCorr:hi,3,3,0,6.33,198.77,596.3,0,3
LONG,Dist_To_PoC_ATR:lo,TChan_A15:hi,3,3,0,6.33,198.77,596.3,0,3
LONG,Micro_AutoCorr:hi,Micro_VolOfVol:lo,3,3,0,6.33,198.77,596.3,0,3
LONG,Micro_VolOfVol:lo,TChan_A15:hi,3,3,0,6.33,198.77,596.3,0,3
LONG,PrevDay_Low_Dist_ATR:lo,Round_1000_Dist_ATR:lo,3,3,0,20.0,521.07,1563.2,0,3
LONG,D2D_Signal:==1,Lower_Wick:hi,3,3,0,9.67,701.07,2103.2,0,3
LONG,DailyOpen_Dist_ATR:lo,MultiDay_Slope:lo,3,3,0,7.33,591.73,1775.2,0,3
LONG,Micro_Amihud:lo,OBV_Macd:lo,3,3,0,4.33,452.83,1358.5,0,3
LONG,Micro_VPIN:hi,OBV_Macd:lo,3,3,0,4.33,452.83,1358.5,0,3
LONG,Micro_Lambda:lo,ST_Flip_Event:==-1,3,3,0,8.67,364.07,1092.2,0,3
LONG,RangeOsc_State:==2,ST_Flip_Event:==-1,3,3,0,8.67,364.07,1092.2,0,3
LONG,DailyOpen_Side:==-1,RangeOsc_State:==-2,3,3,0,9.33,5736.0,17208.0,0,3
LONG,OR_Position:hi,WeeklyOpen_Side:==-1,3,3,0,7.67,506.47,1519.4,0,3
LONG,Micro_GarmanKlass:hi,PrevDay_High_Dist_ATR:lo,3,3,0,4.67,210.43,631.3,0,3
LONG,Micro_GarmanKlass:hi,Session_High_Dist_ATR:lo,3,3,0,6.0,319.5,958.5,0,3
LONG,Micro_Rejection:hi,PrevDay_High_Dist_ATR:lo,3,3,0,4.67,210.43,631.3,0,3
LONG,ADX_Rising:==0,Micro_Lambda:lo,3,3,0,7.67,261.67,785.0,0,3
LONG,ADX_Rising:==0,OR_Position:hi,3,3,0,9.33,419.03,1257.1,0,3
LONG,Efficiency_Ratio:hi,PrevDay_High_Dist_ATR:lo,3,3,0,7.0,238.3,714.9,0,3
LONG,Efficiency_Ratio:hi,WeeklyOpen_Side:==-1,3,3,0,8.0,258.27,774.8,0,3
LONG,Harmonic_OBVf_Concordance:==0,OR_Position:hi,3,3,0,9.33,419.03,1257.1,0,3
LONG,Lower_Wick:hi,OR_Low_Side:==1,4,3,1,6.75,167.35,669.4,0,4
LONG,Micro_Lambda:lo,PrevDay_High_Dist_ATR:lo,3,3,0,7.33,265.67,797.0,0,3
LONG,Micro_Lambda:lo,PrevDay_High_Side:==-1,3,3,0,8.67,255.67,767.0,0,3
LONG,Micro_WickImbalance:hi,WeeklyOpen_Side:==-1,3,3,0,9.0,247.63,742.9,0,3
LONG,PrevDay_Close_Side:==-1,PrevDay_High_Side:==-1,3,3,0,21.67,5288.47,15865.4,0,3
LONG,PrevDay_High_Dist_ATR:lo,RangeOsc_State:==2,3,3,0,7.33,252.67,758.0,0,3
LONG,AT_Slope_LT:lo,Micro_RollProxy:lo,3,3,0,12.0,299.43,898.3,0,3
LONG,Micro_FractalDim:hi,Sqz_Val:hi,3,3,0,7.33,102.47,307.4,0,3
LONG,OBV_Velocity:hi,PrevDay_Close_Side:==-1,3,3,0,5.0,91.63,274.9,0,3
LONG,Micro_IBSP:hi,WeeklyOpen_Side:==-1,3,3,0,17.67,352.13,1056.4,0,3
LONG,RangeOsc_State:==-2,VWAP_Side:==1,3,3,0,20.0,5283.47,15850.4,0,3
LONG,Micro_Entropy:lo,WeeklyOpen_Side:==-1,3,3,0,6.33,382.4,1147.2,0,3
LONG,Micro_MomoTransfer:hi,PrevDay_Close_Side:==-1,3,3,0,6.0,172.6,517.8,0,3
LONG,Micro_MomoTransfer:hi,VWAP_Side:==-1,3,3,0,9.33,301.47,904.4,0,3
LONG,Micro_FractalDim:lo,WeeklyOpen_Side:==-1,3,3,0,13.67,192.27,576.8,0,3
LONG,PrevDay_High_Dist_ATR:lo,RangeOsc_Val:hi,3,3,0,8.0,255.4,766.2,0,3
LONG,Micro_Hurst:hi,Micro_PriceAccel:hi,3,3,0,16.33,5896.83,17690.5,0,3
LONG,Micro_PriceAccel:hi,OR_High_Side:==-1,3,3,0,5.67,849.87,2549.6,0,3
LONG,AT_Regime_ST:==1,OR_High_Side:==0,3,3,0,7.67,102.93,308.8,0,3
LONG,D2D_ATR_MA:hi,D2D_Dynamic_Sensitivity:lo,3,3,0,30.0,1900.43,5701.3,0,3
LONG,D2D_Dynamic_Sensitivity:lo,Micro_LogReturn:lo,3,3,0,6.67,328.43,985.3,0,3
LONG,D2D_Dynamic_Sensitivity:lo,OR_High_Side:==0,3,3,0,6.67,328.43,985.3,0,3
LONG,D2D_Dynamic_Sensitivity:lo,PrevDay_Low_Side:==-1,3,3,0,21.33,1690.43,5071.3,0,3
LONG,D2D_Dynamic_Sensitivity:lo,TChan_A15:hi,3,3,0,22.0,1746.43,5239.3,0,3
LONG,Efficiency_Ratio:hi,Micro_MicroGap:lo,4,3,1,12.5,-33.6,-134.4,0,4
LONG,KAMA_Dist:hi,Micro_Lambda:lo,4,3,1,13.5,548.3,2193.2,0,4
LONG,Micro_FractalDim:lo,Micro_LogReturn:lo,3,3,0,10.0,346.63,1039.9,0,3
LONG,Micro_Lambda:lo,MultiDay_Slope:lo,4,3,1,6.25,32.92,131.7,0,4
LONG,Micro_Lambda:lo,Volume_Ratio_10:hi,3,3,0,8.67,118.7,356.1,0,3
LONG,Micro_LogReturn:lo,Micro_MicroGap:lo,3,3,0,6.67,328.43,985.3,0,3
LONG,Micro_MicroGap:lo,OR_High_Side:==0,3,3,0,6.67,328.43,985.3,0,3
LONG,Micro_MicroGap:lo,TChan_A15:hi,3,3,0,22.0,1746.43,5239.3,0,3
LONG,OR_High_Side:==0,PrevDay_Low_Side:==-1,3,3,0,6.67,137.03,411.1,0,3
LONG,KAMA_Dist:hi,Micro_OrderFlowDelta:lo,3,3,0,14.33,316.6,949.8,0,3
LONG,Micro_OrderFlowDelta:lo,OR_High_Side:==0,3,3,0,5.0,307.8,923.4,0,3
LONG,Micro_Rejection:lo,OR_High_Side:==0,3,3,0,5.33,67.03,201.1,0,3
LONG,Bars_Since_Flip:hi,OR_Position:hi,3,3,0,6.33,591.23,1773.7,0,3
LONG,D2D_Persist:hi,Round_500_Dist_ATR:lo,4,3,1,5.0,-46.28,-185.1,0,4
LONG,D2D_Persist:hi,VA_Position:hi,4,3,1,5.0,-46.28,-185.1,0,4
LONG,Micro_CSSpread:hi,Micro_Lambda:lo,3,3,0,4.67,58.2,174.6,0,3
LONG,Micro_Lambda:lo,Round_500_Dist_ATR:lo,3,3,0,6.0,100.93,302.8,0,3
LONG,D2D_Dynamic_Sensitivity:lo,Micro_OrderFlowDelta:hi,3,3,0,28.33,1932.0,5796.0,0,3
LONG,OBV_Velocity:hi,PrevDay_Low_Side:==-1,3,3,0,7.33,136.33,409.0,0,3
LONG,D2D_Persist:hi,Micro_Rejection:lo,3,3,0,7.0,224.23,672.7,0,3
LONG,Micro_TickIntensity:hi,Session_High_Dist_ATR:lo,4,3,1,4.75,24.67,98.7,0,4
LONG,Micro_OrderFlowDelta:hi,OR_Position:hi,3,3,0,7.67,707.2,2121.6,0,3
LONG,ADX_Rising:==1,VWAP_Sigma:hi,3,3,0,6.0,170.33,511.0,0,3
LONG,Micro_OrderFlowDelta:hi,OBVf_Signal:==-1,3,3,0,24.33,5409.07,16227.2,0,3
LONG,Micro_PriceAccel:hi,OBVf_Signal:==-1,3,3,0,7.33,411.07,1233.2,0,3
LONG,OBVf_Signal:==-1,VWAP_Sigma:hi,3,3,0,7.33,411.07,1233.2,0,3
LONG,OR_Low_Side:==1,VWAP_Sigma:hi,3,3,0,7.33,185.47,556.4,0,3
LONG,D2D_ATR_MA:hi,Micro_PriceAccel:hi,3,3,0,24.0,577.27,1731.8,0,3
LONG,Micro_PriceAccel:hi,Micro_RangeAccel:lo,3,3,0,10.33,156.33,469.0,0,3
LONG,KAMA_Dist:hi,Lower_Wick:lo,4,3,1,19.0,312.35,1249.4,0,4
LONG,Lower_Wick:lo,OR_High_Side:==-1,4,3,1,9.25,25.22,100.9,0,4
LONG,Micro_CSSpread:lo,PoC_Side:==1,3,3,0,4.0,286.8,860.4,0,3
LONG,Micro_CSSpread:lo,Upper_Wick:hi,3,3,0,4.0,286.8,860.4,0,3
LONG,Micro_PriceAccel:hi,Micro_RangeAccel:hi,3,3,0,19.0,1111.2,3333.6,0,3
LONG,AT_Lookback_ST:hi,Micro_LogReturn:lo,3,3,0,7.0,169.6,508.8,0,3
LONG,Micro_CSSpread:hi,Micro_LogReturn:lo,3,3,0,4.0,78.5,235.5,0,3
LONG,Micro_CSSpread:hi,Slope_EMA_ST:hi,3,3,0,4.67,78.43,235.3,0,3
LONG,ADX_Value:lo,Micro_Rejection:lo,3,3,0,7.33,179.03,537.1,0,3
LONG,ADX_Value:lo,Round_500_Dist_ATR:lo,3,3,0,7.67,163.23,489.7,0,3
LONG,AT_Score_LT:hi,Round_500_Dist_ATR:lo,3,3,0,4.33,61.17,183.5,0,3
LONG,AT_Score_LT:hi,VA_Position:hi,3,3,0,4.33,61.17,183.5,0,3
LONG,Lower_Wick:lo,VA_Position:hi,3,3,0,11.0,216.47,649.4,0,3
LONG,D2D_Signal:==1,OR_High_Side:==1,3,3,0,7.0,294.0,882.0,0,3
LONG,DailyOpen_Side:==-1,Slope_Accel_LT:lo,3,3,0,7.0,196.33,589.0,0,3
LONG,Micro_HLAsymmetry:hi,OR_High_Side:==1,3,3,0,7.0,196.33,589.0,0,3
LONG,OR_High_Side:==1,Slope_Accel_LT:lo,3,3,0,7.0,196.33,589.0,0,3
LONG,Micro_FailedBreak:hi,OBVf_Signal:==-1,3,3,0,24.67,5418.0,16254.0,0,3
LONG,Micro_TickIntensity:lo,Micro_WickImbalance:lo,3,3,0,33.33,6678.0,20034.0,0,3
LONG,Micro_TickIntensity:lo,OBVf_Signal:==-1,3,3,0,20.33,5236.0,15708.0,0,3
LONG,Micro_TickIntensity:lo,Session_High_Dist_ATR:lo,3,3,0,20.33,5236.0,15708.0,0,3
LONG,Bars_Since_Flip:hi,D2D_Dynamic_Sensitivity:lo,4,3,1,23.25,1275.9,5103.6,0,4
LONG,D2D_Dynamic_Sensitivity:lo,Micro_Hurst:hi,3,3,0,21.0,1853.2,5559.6,0,3
LONG,D2D_Dynamic_Sensitivity:lo,Micro_VolOfVol:hi,4,3,1,23.25,1275.9,5103.6,0,4
LONG,D2D_Dynamic_Sensitivity:lo,OR_High_Side:==-1,3,3,0,29.0,2007.2,6021.6,0,3
LONG,Micro_RangeAccel:hi,PrevDay_Low_Dist_ATR:lo,3,3,0,28.67,832.4,2497.2,0,3
LONG,Micro_HLAsymmetry:lo,Micro_RangeAccel:lo,4,3,1,6.5,-83.42,-333.7,0,4
LONG,AT_Lookback_ST:hi,Lower_Wick:lo,3,3,0,23.0,394.8,1184.4,0,3
LONG,Lower_Wick:lo,Micro_BarOverlap:lo,3,3,0,26.67,611.13,1833.4,0,3
LONG,Lower_Wick:lo,Micro_HLAsymmetry:hi,3,3,0,22.33,384.87,1154.6,0,3
LONG,Lower_Wick:lo,Micro_PriceAccel:hi,3,3,0,26.67,611.13,1833.4,0,3
LONG,Lower_Wick:lo,Micro_RangeVelocity:hi,3,3,0,26.67,611.13,1833.4,0,3
LONG,Lower_Wick:lo,Micro_WickImbalance:lo,3,3,0,18.33,420.97,1262.9,0,3
LONG,Lower_Wick:lo,OR_Position:lo,4,3,1,18.5,316.43,1265.7,0,4
LONG,Lower_Wick:lo,PrevDay_Low_Dist_ATR:lo,3,3,0,20.0,346.4,1039.2,0,3
LONG,Lower_Wick:lo,Slope_EMA_ST:lo,3,3,0,26.67,611.13,1833.4,0,3
LONG,Lower_Wick:lo,VWAP_Side:==-1,3,3,0,24.0,581.8,1745.4,0,3
LONG,Lower_Wick:lo,Volume_Ratio_10:hi,3,3,0,23.33,630.07,1890.2,0,3
LONG,Micro_Amihud:hi,Round_100_Dist_ATR:lo,3,3,0,34.0,1096.2,3288.6,0,3
LONG,Micro_BarOverlap:lo,PoC_Side:==1,3,3,0,35.67,5469.1,16407.3,0,3
LONG,Micro_BarOverlap:lo,Session_Low_Dist_ATR:lo,3,3,0,26.67,683.3,2049.9,0,3
LONG,Micro_BarOverlap:lo,VWAP_Sigma_ATR:lo,3,3,0,36.67,7469.3,22407.9,0,3
LONG,Micro_PriceAccel:hi,PrevDay_Low_Dist_ATR:lo,3,3,0,21.0,465.23,1395.7,0,3
LONG,Micro_PriceAccel:hi,RangeOsc_Val:lo,3,3,0,24.33,426.27,1278.8,0,3
LONG,Micro_Rejection:lo,PrevDay_Low_Dist_ATR:lo,3,3,0,27.33,580.4,1741.2,0,3
LONG,RangeOsc_Val:lo,VWAP_Sigma_ATR:lo,3,3,0,38.33,886.9,2660.7,0,3
LONG,VWAP_Sigma:hi,VWAP_Sigma_ATR:lo,3,3,0,36.67,7469.3,22407.9,0,3
LONG,AT_Slope_LT:lo,Micro_OrderFlowDelta:lo,3,3,0,19.33,533.0,1599.0,0,3
LONG,Micro_RangeAccel:lo,Round_100_Dist_ATR:lo,4,3,1,18.25,74.38,297.5,0,4
LONG,AT_Slope_LT:lo,Efficiency_Ratio:hi,3,3,0,12.0,210.3,630.9,0,3
LONG,Bars_Since_Flip:hi,Efficiency_Ratio:hi,5,3,2,10.0,-59.4,-297.0,0,5
LONG,Efficiency_Ratio:hi,Micro_VolOfVol:hi,4,3,1,11.5,-55.38,-221.5,0,4
LONG,Micro_Amihud:hi,Sqz_Val:hi,3,3,0,17.33,720.8,2162.4,0,3
LONG,Micro_MicroGap:hi,Micro_RangeAccel:hi,3,3,0,27.33,798.7,2396.1,0,3
LONG,AT_Score_LT:lo,PrevDay_High_Dist_ATR:hi,3,3,0,8.33,72.33,217.0,0,3
LONG,D2D_ATR:hi,Harmonic_LLEMA:hi,3,3,0,7.67,88.93,266.8,0,3
LONG,Harmonic_LLEMA:hi,Micro_LogReturn:lo,3,3,0,3.67,79.07,237.2,0,3
LONG,Lower_Wick:lo,TChan_A15:hi,3,3,0,11.0,325.53,976.6,0,3
LONG,Micro_PriceAccel:hi,Micro_WickImbalance:hi,3,3,0,13.33,336.97,1010.9,0,3
LONG,AT_Slope_ST:lo,OBVf_Signal:==-1,3,3,0,24.33,5389.6,16168.8,0,3
LONG,D2D_DirStep:==-1,Micro_Lambda:lo,3,3,0,9.0,170.57,511.7,0,3
LONG,Micro_Lambda:lo,Micro_RangeVelocity:hi,3,3,0,9.0,170.57,511.7,0,3
LONG,Micro_OrderFlowDelta:lo,PrevDay_High_Dist_ATR:hi,3,3,0,9.0,176.17,528.5,0,3
LONG,Micro_OrderFlowDelta:lo,VWAP_Sigma:hi,3,3,0,7.33,125.67,377.0,0,3
LONG,Momentum_Value:lo,RangeOsc_State:==2,3,3,0,7.67,121.2,363.6,0,3
LONG,Micro_BarOverlap:lo,RangeOsc_State:==2,3,3,0,7.0,139.3,417.9,0,3
LONG,Momentum_Value:lo,PrevDay_Low_Side:==-1,3,3,0,9.33,149.13,447.4,0,3
LONG,Round_100_Dist_ATR:lo,Round_500_Dist_ATR:lo,3,3,0,15.33,868.53,2605.6,0,3
LONG,Micro_RangeVelocity:lo,VWAP_Side:==1,3,3,0,19.0,5153.67,15461.0,0,3
LONG,DailyOpen_Side:==1,Session_High_Dist_ATR:lo,3,3,0,12.67,342.0,1026.0,0,3
LONG,Micro_IBSP:hi,Session_High_Dist_ATR:lo,3,3,0,12.67,342.0,1026.0,0,3
LONG,Micro_IBSP:hi,VWAP_Dist_ATR:lo,3,3,0,7.0,393.33,1180.0,0,3
LONG,D2D_Persist:hi,RangeOsc_State:==2,3,3,0,4.0,1287.07,3861.2,0,3
LONG,AT_Lookback_LT:hi,Micro_OrderFlowDelta:hi,3,3,0,6.0,216.47,649.4,0,3
LONG,Micro_OrderFlowDelta:hi,VAH_Dist_ATR:hi,3,3,0,6.0,216.47,649.4,0,3
LONG,Micro_OrderFlowDelta:hi,WeeklyOpen_Dist_ATR:lo,3,3,0,6.0,216.47,649.4,0,3
LONG,ADX_Rising:==1,VA_Position:hi,3,3,0,10.33,266.23,798.7,0,3
LONG,AT_Lookback_LT:hi,VA_Position:hi,3,3,0,5.67,123.97,371.9,0,3
LONG,Micro_MicroGap:hi,OR_Low_Side:==1,3,3,0,7.0,270.13,810.4,0,3
LONG,Efficiency_Ratio:hi,Slope_EMA_ST:hi,3,3,0,6.67,270.93,812.8,0,3
LONG,Micro_Amihud:hi,Slope_Accel_ST:lo,3,3,0,9.0,172.17,516.5,0,3
LONG,Slope_Accel_LT:hi,Slope_EMA_ST:hi,3,3,0,5.0,106.93,320.8,0,3
LONG,ADX_Rising:==1,Micro_Amihud:hi,3,3,0,8.67,130.17,390.5,0,3
LONG,ADX_Rising:==1,Micro_WickImbalance:hi,3,3,0,10.33,168.8,506.4,0,3
LONG,ADX_Rising:==1,Volume_Ratio_10:hi,3,3,0,8.33,5584.17,16752.5,0,3
LONG,Micro_VPIN:lo,OBV_Velocity:hi,3,3,0,12.67,447.23,1341.7,0,3
LONG,Micro_RangeAccel:hi,TChan_A15:hi,3,3,0,13.67,142.8,428.4,0,3
LONG,Micro_OrderFlowDelta:lo,Slope_Accel_LT:hi,3,3,0,6.0,102.8,308.4,0,3
LONG,ADX_Rising:==1,AT_Score_LT:lo,3,3,0,6.67,92.87,278.6,0,3
LONG,KAMA_Dist:lo,Sqz_State:==-1,4,3,1,6.75,-49.2,-196.8,0,4
LONG,AT_Regime_LT:==1,D2D_Dynamic_Sensitivity:lo,3,3,0,28.0,2068.0,6204.0,0,3
LONG,Micro_FractalDim:hi,Micro_TickIntensity:hi,3,3,0,7.67,87.8,263.4,0,3
LONG,Micro_LogReturn:hi,ST_Flip_Event:==1,3,3,0,6.33,236.83,710.5,0,3
LONG,EMA_Oscillator:hi,Volume_Ratio_10:hi,3,3,0,29.33,1721.97,5165.9,0,3
LONG,AT_Slope_LT:lo,ST_Flip_Event:==1,4,3,1,6.75,-8.63,-34.5,0,4
LONG,DailyOpen_Dist_ATR:lo,Slope_Accel_LT:hi,3,3,0,8.0,587.8,1763.4,0,3
LONG,AT_Regime_LT:==1,Micro_LogReturn:lo,3,3,0,8.67,346.6,1039.8,0,3
LONG,Micro_LogReturn:lo,OR_High_Side:==-1,3,3,0,9.0,303.23,909.7,0,3
LONG,ADX_Value:hi,Micro_MomoTransfer:hi,3,3,0,7.33,3420.97,10262.9,0,3
LONG,Micro_Hurst:hi,OBV_Velocity:hi,3,3,0,12.33,1450.57,4351.7,0,3
LONG,Micro_PriceAccel:hi,Micro_VolOfVol:lo,3,3,0,8.33,1073.13,3219.4,0,3
LONG,Micro_VolOfVol:lo,PoC_Side:==1,3,3,0,5.67,1138.73,3416.2,0,3
LONG,ADX_Rising:==1,Micro_RangeVelocity:lo,3,3,0,9.67,219.07,657.2,0,3
LONG,ADX_Rising:==1,Session_Low_Dist_ATR:lo,3,3,0,12.33,5714.33,17143.0,0,3
LONG,OR_Low_Side:==1,RangeOsc_State:==-2,3,3,0,12.0,5626.07,16878.2,0,3
LONG,AT_Lookback_LT:hi,Micro_MomoTransfer:lo,3,3,0,5.33,154.07,462.2,3,0
LONG,Micro_MomoTransfer:lo,Micro_RangeVelocity:lo,3,3,0,5.33,154.07,462.2,3,0
LONG,Micro_TickIntensity:lo,PrevDay_High_Side:==1,3,3,0,6.67,459.07,1377.2,0,3
LONG,Micro_TickIntensity:lo,Round_100_Dist_ATR:lo,3,3,0,6.67,459.07,1377.2,0,3
LONG,ADX_Rising:==0,VA_Position:hi,3,3,0,15.33,788.53,2365.6,0,3
LONG,Micro_HLAsymmetry:lo,Slope_Accel_LT:lo,3,3,0,5.33,127.93,383.8,0,3
LONG,Micro_AutoCorr:hi,PrevDay_High_Side:==1,3,3,0,7.0,442.5,1327.5,0,3
LONG,PrevDay_High_Side:==1,Volume_Ratio_10:hi,3,3,0,11.67,669.07,2007.2,0,3
LONG,Round_100_Dist_ATR:lo,TChan_A15:hi,3,3,0,9.0,599.07,1797.2,0,3
LONG,Micro_FractalDim:lo,Session_High_Dist_ATR:lo,3,3,0,7.67,560.0,1680.0,0,3
LONG,D2D_Signal:==1,PrevDay_High_Side:==1,3,3,0,12.33,643.2,1929.6,0,3
LONG,Micro_VPIN:lo,Round_1000_Dist_ATR:lo,3,3,0,11.0,463.87,1391.6,0,3
LONG,MultiDay_Position:hi,ST_Flip_Event:==-1,3,3,0,6.67,116.17,348.5,0,3
LONG,Round_1000_Dist_ATR:lo,ST_Flip_Event:==-1,3,3,0,6.67,116.17,348.5,0,3
LONG,MultiDay_Position:hi,OBV_Velocity:hi,3,3,0,4.67,459.8,1379.4,0,3
LONG,DailyOpen_Side:==-1,OBV_Velocity:hi,3,3,0,6.67,107.33,322.0,0,3
LONG,Lower_Wick:lo,Micro_FractalDim:hi,3,3,0,8.0,102.83,308.5,0,3
LONG,ADX_Value:hi,D2D_Dynamic_Sensitivity:lo,3,3,0,20.0,1914.0,5742.0,0,3
LONG,ADX_Value:hi,MultiDay_Position:hi,3,3,0,5.0,398.27,1194.8,0,3
LONG,D2D_Dynamic_Sensitivity:lo,Micro_OrderFlowDelta:lo,3,3,0,5.67,416.0,1248.0,0,3
LONG,Micro_MicroGap:lo,Micro_OrderFlowDelta:lo,3,3,0,5.67,416.0,1248.0,0,3
LONG,Lower_Wick:lo,OR_High_Side:==1,3,3,0,8.33,1056.77,3170.3,0,3
LONG,Micro_WickImbalance:hi,RangeOsc_Val:hi,3,3,0,9.33,724.3,2172.9,0,3
LONG,PrevDay_Close_Side:==-1,Volume_Avg_10:hi,3,3,0,11.0,1182.47,3547.4,0,3
LONG,RangeOsc_Val:hi,Volume_Avg_10:hi,3,3,0,11.0,1182.47,3547.4,0,3
LONG,OBV_Macd:lo,OBVf_Signal:==-1,3,3,0,22.67,5329.9,15989.7,0,3
LONG,AT_Slope_LT:lo,Momentum_Value:lo,3,3,0,8.67,138.67,416.0,0,3
LONG,Micro_Hurst:hi,Momentum_Value:lo,3,3,0,9.0,182.87,548.6,0,3
LONG,AT_Regime_ST:==1,RangeOsc_Val:hi,3,3,0,10.0,1913.27,5739.8,0,3
LONG,KAMA_Dist:hi,RangeOsc_Val:hi,3,3,0,10.0,1913.27,5739.8,0,3
LONG,Micro_Amihud:hi,PrevDay_Close_Side:==-1,3,3,0,21.33,5221.0,15663.0,0,3
LONG,Micro_FailedBreak:hi,RangeOsc_Val:hi,3,3,0,11.33,469.23,1407.7,0,3
LONG,Micro_PriceAccel:hi,PrevDay_Close_Side:==-1,3,3,0,10.67,290.2,870.6,0,3
LONG,Micro_RangeVelocity:hi,RangeOsc_Val:hi,3,3,0,10.0,371.1,1113.3,0,3
LONG,Micro_VolOfVol:hi,PrevDay_Close_Side:==-1,3,3,0,21.67,5296.9,15890.7,0,3
LONG,D2D_ATR_MA:hi,PrevDay_High_Dist_ATR:lo,3,3,0,21.0,5126.27,15378.8,0,3
LONG,Micro_OrderFlowDelta:lo,VA_Position:hi,3,3,0,10.0,123.2,369.6,0,3
LONG,ADX_Rising:==0,VWAP_Side:==-1,3,3,0,17.67,623.77,1871.3,0,3
LONG,Micro_BarOverlap:lo,VA_Position:hi,3,3,0,19.33,397.27,1191.8,0,3
LONG,ADX_Value:hi,D2D_Signal:==0,3,3,0,34.67,1799.3,5397.9,0,3
LONG,ADX_Value:hi,Lower_Wick:hi,3,3,0,34.0,1795.03,5385.1,0,3
LONG,ADX_Value:hi,PrevDay_High_Side:==-1,3,3,0,34.0,1795.03,5385.1,0,3
LONG,ADX_Value:lo,Micro_VolOfVol:hi,3,3,0,6.33,285.53,856.6,0,3
LONG,ADX_Value:lo,Volume:hi,3,3,0,6.33,219.37,658.1,0,3
LONG,Micro_FractalDim:lo,Round_500_Dist_ATR:lo,3,3,0,15.33,272.8,818.4,0,3
LONG,Micro_FractalDim:lo,Slope_EMA_ST:hi,3,3,0,7.33,378.2,1134.6,0,3
LONG,Micro_LogReturn:lo,Round_500_Dist_ATR:lo,3,3,0,7.0,165.0,495.0,0,3
LONG,Micro_LogReturn:lo,VA_Position:hi,3,3,0,5.0,116.5,349.5,0,3
LONG,Micro_FailedBreak:hi,PrevDay_High_Side:==1,3,3,0,10.67,342.13,1026.4,0,3
LONG,PrevDay_High_Side:==1,Volume_Avg_10:hi,3,3,0,8.0,109.8,329.4,0,3
LONG,Micro_CSSpread:hi,Micro_OrderFlowDelta:hi,3,3,0,33.33,1794.7,5384.1,0,3
LONG,Micro_RangeAccel:hi,OR_Low_Side:==1,3,3,0,10.0,388.0,1164.0,0,3
LONG,Micro_RangeVelocity:hi,OR_Low_Side:==1,3,3,0,11.0,434.0,1302.0,0,3
LONG,Micro_RangeVelocity:hi,VWAP_Side:==1,3,3,0,10.0,659.2,1977.6,0,3
LONG,Micro_RollProxy:lo,OR_High_Side:==-1,4,3,1,10.75,322.8,1291.2,0,4
LONG,Micro_RollProxy:lo,OR_Low_Side:==1,4,3,1,10.75,322.8,1291.2,0,4
LONG,Micro_VolOfVol:hi,OR_Position:hi,3,3,0,9.33,430.0,1290.0,0,3
LONG,Momentum_Value:hi,OR_Position:hi,3,3,0,8.33,550.9,1652.7,0,3
LONG,OR_Position:hi,PoC_Side:==1,3,3,0,7.67,455.0,1365.0,0,3
LONG,OR_Position:hi,Round_100_Dist_ATR:lo,3,3,0,10.33,567.23,1701.7,0,3
LONG,Micro_GarmanKlass:hi,OR_High_Side:==-1,3,3,0,8.33,522.2,1566.6,0,3
LONG,PrevDay_High_Side:==1,VWAP_Dist_ATR:lo,3,3,0,9.67,568.27,1704.8,0,3
LONG,D2D_ATR_MA:hi,EMA_Oscillator:lo,3,3,0,9.33,140.97,422.9,0,3
LONG,D2D_Persist:hi,Dist_To_PoC_ATR:lo,3,3,0,6.33,89.87,269.6,0,3
LONG,D2D_Persist:hi,Micro_VolOfVol:lo,3,3,0,6.33,89.87,269.6,0,3
LONG,D2D_Persist:hi,Round_1000_Dist_ATR:lo,3,3,0,6.33,89.87,269.6,0,3
LONG,Dist_To_PoC_ATR:lo,PrevDay_Low_Side:==-1,3,3,0,6.33,89.87,269.6,0,3
LONG,Micro_Lambda:lo,RangeOsc_Val:hi,3,3,0,7.0,597.83,1793.5,0,3
LONG,PrevDay_Close_Side:==-1,PrevDay_High_Dist_ATR:hi,3,3,0,7.0,597.83,1793.5,0,3
LONG,PrevDay_High_Dist_ATR:hi,RangeOsc_Val:hi,3,3,0,7.0,597.83,1793.5,0,3
LONG,AT_Regime_LT:==1,D2D_Persist:hi,3,3,0,6.0,67.27,201.8,0,3
LONG,D2D_Persist:hi,OR_High_Side:==1,3,3,0,5.67,219.73,659.2,0,3
LONG,OR_High_Side:==1,PrevDay_Low_Side:==-1,3,3,0,5.67,219.73,659.2,0,3
LONG,ADX_Value:hi,OR_Position:hi,3,3,0,7.67,225.7,677.1,0,3
LONG,D2D_Persist:hi,Micro_AutoCorr:hi,3,3,0,8.33,215.4,646.2,0,3
LONG,DailyOpen_Side:==-1,Micro_Lambda:lo,3,3,0,10.0,672.13,2016.4,0,3
LONG,OR_Position:hi,PrevDay_High_Dist_ATR:hi,3,3,0,8.0,604.67,1814.0,0,3
LONG,Micro_LogReturn:hi,OR_Position:hi,3,3,0,9.67,1367.23,4101.7,0,3
LONG,OR_Position:hi,Volume_Ratio_10:hi,3,3,0,9.67,1481.43,4444.3,0,3
LONG,DailyOpen_Side:==-1,Lower_Wick:hi,3,3,0,8.33,282.57,847.7,0,3
LONG,Micro_OrderFlowDelta:hi,TChan_A15:hi,3,3,0,34.33,6743.6,20230.8,0,3
LONG,MultiDay_Slope:lo,VWAP_Dist_ATR:lo,3,3,0,9.0,185.4,556.2,0,3
LONG,D2D_DirStep:==-1,Micro_LogReturn:hi,3,3,0,12.0,127.0,381.0,0,3
LONG,Micro_AutoCorr:hi,ST_Flip_Event:==1,3,3,0,6.67,379.8,1139.4,0,3
LONG,ST_Flip_Event:==1,TChan_A15:hi,3,3,0,6.67,379.8,1139.4,0,3
LONG,ADX_Value:hi,Efficiency_Ratio:hi,4,3,1,7.5,2508.62,10034.5,0,4
LONG,ADX_Value:hi,Micro_VPIN:lo,4,3,1,9.5,2562.53,10250.1,0,4
LONG,ADX_Value:hi,RangeOsc_State:==2,4,3,1,8.75,2459.65,9838.6,0,4
LONG,Micro_FractalDim:lo,Micro_MomoTransfer:hi,3,3,0,10.33,3413.4,10240.2,0,3
LONG,ADX_Value:hi,VWAP_Sigma:lo,3,3,0,7.33,279.87,839.6,0,3
LONG,DailyOpen_Side:==1,Micro_PriceAccel:lo,3,3,0,25.0,448.1,1344.3,0,3
LONG,ADX_Rising:==0,PrevDay_Low_Dist_ATR:lo,3,3,0,12.67,700.43,2101.3,0,3
LONG,VA_Position:hi,VWAP_Dist_ATR:lo,3,3,0,12.0,759.83,2279.5,0,3
LONG,ADX_Rising:==1,Micro_LogReturn:hi,3,3,0,10.0,275.27,825.8,0,3
LONG,MultiDay_Position:lo,Slope_Accel_LT:lo,3,3,0,27.0,676.9,2030.7,0,3
LONG,Slope_Accel_LT:lo,VWAP_Sigma_ATR:lo,3,3,0,27.0,676.9,2030.7,0,3
LONG,ADX_Rising:==0,Micro_Rejection:hi,3,3,0,5.67,78.6,235.8,0,3
LONG,AT_Score_LT:hi,Lower_Wick:hi,3,3,0,5.67,78.6,235.8,0,3
LONG,AT_Score_LT:hi,Micro_LogReturn:hi,3,3,0,8.0,144.4,433.2,0,3
LONG,AT_Score_LT:hi,Micro_WickImbalance:hi,3,3,0,5.67,78.6,235.8,0,3
LONG,KAMA_Dist:lo,Micro_CSSpread:hi,3,3,0,6.0,94.23,282.7,0,3
LONG,Lower_Wick:hi,Micro_Rejection:hi,3,3,0,5.67,78.6,235.8,0,3
LONG,Micro_CSSpread:hi,Micro_GarmanKlass:hi,3,3,0,5.67,80.33,241.0,0,3
LONG,Micro_CSSpread:hi,Micro_VPIN:lo,3,3,0,5.67,146.7,440.1,0,3
LONG,Micro_Rejection:hi,Micro_WickImbalance:hi,3,3,0,5.67,78.6,235.8,0,3
LONG,Micro_Amihud:lo,Micro_Rejection:lo,3,3,0,4.67,87.93,263.8,0,3
LONG,Micro_Rejection:lo,Micro_VPIN:hi,3,3,0,4.67,87.93,263.8,0,3
LONG,AT_Score_LT:hi,Micro_Lambda:lo,3,3,0,5.33,80.33,241.0,0,3
LONG,D2D_ATR:hi,Micro_IBSP:hi,3,3,0,20.33,389.47,1168.4,0,3
LONG,DailyOpen_Side:==1,Session_Low_Dist_ATR:lo,3,3,0,14.33,627.93,1883.8,0,3
LONG,Micro_IBSP:hi,MultiDay_Position:lo,3,3,0,17.67,230.13,690.4,0,3
LONG,AT_Regime_LT:==1,Micro_RollProxy:lo,3,3,0,14.0,171.87,515.6,0,3
LONG,Bars_Since_Flip:hi,Micro_RollProxy:lo,3,3,0,14.0,171.87,515.6,0,3
LONG,D2D_ATR:hi,Micro_RollProxy:lo,3,3,0,14.0,171.87,515.6,0,3
LONG,D2D_ATR_MA:hi,Micro_RollProxy:lo,3,3,0,13.33,151.67,455.0,0,3
LONG,Micro_RangeAccel:lo,Micro_RollProxy:lo,3,3,0,14.0,171.87,515.6,0,3
LONG,Micro_FractalDim:lo,PrevDay_Low_Dist_ATR:lo,3,3,0,17.67,302.83,908.5,0,3
LONG,MultiDay_Slope:lo,VWAP_Sigma_ATR:lo,3,3,0,25.33,842.23,2526.7,0,3
LONG,RangeOsc_Val:hi,Session_High_Dist_ATR:lo,3,3,0,6.33,266.0,798.0,0,3
LONG,DailyOpen_Dist_ATR:lo,MultiDay_Position:hi,3,3,0,7.67,732.0,2196.0,0,3
LONG,Bar_Range:hi,Micro_IBSP:hi,3,3,0,18.67,362.53,1087.6,0,3
LONG,Micro_IBSP:hi,MultiDay_Position:hi,3,3,0,6.33,519.5,1558.5,0,3
LONG,Micro_IBSP:hi,Round_1000_Dist_ATR:lo,3,3,0,6.33,519.5,1558.5,0,3
LONG,Micro_GarmanKlass:hi,MultiDay_Slope:lo,3,3,0,5.67,215.27,645.8,0,3
LONG,Micro_CSSpread:hi,MultiDay_Slope:lo,3,3,0,18.33,265.17,795.5,0,3
LONG,AT_Score_LT:hi,Micro_FractalDim:lo,3,3,0,6.67,139.4,418.2,0,3
LONG,ADX_Value:hi,PrevDay_High_Dist_ATR:lo,3,3,0,13.33,820.87,2462.6,0,3
LONG,Micro_OrderFlowDelta:lo,WeeklyOpen_Side:==-1,3,3,0,7.0,311.83,935.5,0,3
LONG,Micro_OrderFlowDelta:lo,ST_Flip_Event:==-1,3,3,0,6.0,133.57,400.7,0,3
LONG,EMA_Oscillator:lo,Micro_Lambda:lo,3,3,0,7.33,102.43,307.3,0,3
LONG,AT_Score_LT:hi,AT_Slope_ST:lo,3,3,0,7.67,144.4,433.2,0,3
LONG,AT_Score_LT:hi,Micro_Hurst:hi,3,3,0,7.0,239.03,717.1,0,3
LONG,AT_Score_LT:hi,Slope_EMA_ST:lo,3,3,0,7.67,144.4,433.2,0,3
LONG,EMA_Oscillator:lo,Micro_FractalDim:lo,3,3,0,8.33,347.4,1042.2,0,3
LONG,Micro_FractalDim:lo,Micro_HLAsymmetry:lo,3,3,0,8.33,347.4,1042.2,0,3
LONG,D2D_DirStep:==1,PrevDay_High_Dist_ATR:lo,3,3,0,23.67,5246.87,15740.6,0,3
LONG,AT_Lookback_ST:hi,DailyOpen_Dist_ATR:lo,3,3,0,17.33,625.7,1877.1,0,3
LONG,AT_Lookback_ST:hi,Micro_IBSP:hi,3,3,0,19.0,384.67,1154.0,0,3
LONG,D2D_DirStep:==1,DailyOpen_Side:==1,3,3,0,32.0,541.97,1625.9,0,3
LONG,DailyOpen_Side:==1,Micro_AutoCorr:hi,3,3,0,32.0,541.97,1625.9,0,3
LONG,Micro_IBSP:hi,Micro_RangeVelocity:lo,3,3,0,18.0,356.4,1069.2,0,3
LONG,D2D_Signal:==0,DailyOpen_Side:==1,3,3,0,28.0,390.9,1172.7,0,3
LONG,DailyOpen_Side:==1,Micro_Hurst:hi,3,3,0,28.0,375.17,1125.5,0,3
LONG,ADX_Rising:==0,Micro_OrderFlowDelta:hi,3,3,0,18.67,6030.03,18090.1,0,3
LONG,ADX_Rising:==0,Micro_WickImbalance:lo,3,3,0,18.67,6030.03,18090.1,0,3
LONG,AT_Regime_LT:==1,Micro_TickIntensity:lo,3,3,0,33.67,6832.0,20496.0,0,3
LONG,Bar_Range:hi,Micro_TickIntensity:lo,3,3,0,38.33,7140.0,21420.0,0,3
LONG,D2D_DirStep:==1,Micro_TickIntensity:lo,3,3,0,38.33,7140.0,21420.0,0,3
LONG,Micro_Amihud:hi,VWAP_Side:==1,3,3,0,23.33,5277.57,15832.7,0,3
LONG,Micro_TickIntensity:lo,Round_1000_Dist_ATR:lo,3,3,0,33.67,6832.0,20496.0,0,3
LONG,Micro_TickIntensity:lo,Session_Low_Dist_ATR:lo,3,3,0,38.33,7140.0,21420.0,0,3
LONG,Momentum_Value:hi,OBVf_Signal:==-1,3,3,0,24.33,5404.0,16212.0,0,3
LONG,PoC_Side:==1,PrevDay_High_Side:==-1,3,3,0,30.67,10114.1,30342.3,0,3
LONG,AT_Slope_LT:lo,OR_Low_Side:==1,3,3,0,10.33,466.9,1400.7,0,3
LONG,Round_1000_Dist_ATR:lo,Slope_EMA_ST:hi,3,3,0,5.0,577.33,1732.0,0,3
LONG,EMA_Oscillator:lo,OBVf_Signal:==1,3,3,0,7.33,111.03,333.1,0,3
LONG,Micro_HLAsymmetry:lo,OBVf_Signal:==1,3,3,0,7.33,111.03,333.1,0,3
LONG,KAMA_Dist:lo,Round_100_Dist_ATR:lo,4,3,1,7.25,-139.45,-557.8,0,4
LONG,Micro_WickImbalance:hi,Round_100_Dist_ATR:lo,3,3,0,9.0,111.93,335.8,0,3
LONG,DailyOpen_Side:==1,Micro_CSSpread:hi,3,3,0,32.0,1129.1,3387.3,0,3
LONG,Micro_PriceAccel:lo,PrevDay_High_Side:==-1,3,3,0,29.0,2770.9,8312.7,0,3
LONG,Micro_Entropy:lo,VWAP_Side:==1,3,3,0,6.33,243.0,729.0,0,3
LONG,DailyOpen_Dist_ATR:lo,Micro_Rejection:lo,4,3,1,8.25,195.8,783.2,0,4
LONG,ADX_Rising:==1,Lower_Wick:hi,3,3,0,9.0,132.23,396.7,0,3
LONG,ADX_Rising:==1,Slope_EMA_ST:lo,3,3,0,9.0,164.6,493.8,0,3
LONG,ADX_Rising:==1,DailyOpen_Dist_ATR:lo,3,3,0,10.33,111.8,335.4,0,3
LONG,Micro_OrderFlowDelta:hi,Sqz_Val:hi,3,3,0,27.0,5543.73,16631.2,0,3
LONG,D2D_Signal:==0,TChan_A15:hi,3,3,0,27.67,1657.9,4973.7,0,3
LONG,Harmonic_OBVf_Concordance:==0,Micro_FailedBreak:hi,3,3,0,11.0,199.6,598.8,0,3
LONG,Micro_VPIN:lo,VWAP_Side:==1,3,3,0,8.33,92.13,276.4,0,3
LONG,ST_Flip_Event:==-1,VWAP_Side:==1,3,3,0,8.33,92.13,276.4,0,3
LONG,Slope_Accel_ST:lo,VWAP_Side:==1,3,3,0,8.33,92.13,276.4,0,3
LONG,Micro_HLAsymmetry:lo,MultiDay_Position:hi,3,3,0,4.67,107.5,322.5,0,3
LONG,Round_500_Dist_ATR:lo,ST_Flip_Event:==-1,3,3,0,9.0,100.57,301.7,0,3
LONG,MultiDay_Position:hi,RangeOsc_State:==2,3,3,0,7.0,325.3,975.9,0,3
LONG,D2D_DirStep:==-1,Micro_WickImbalance:lo,3,3,0,13.67,175.5,526.5,0,3
LONG,OR_Position:hi,VWAP_Sigma:hi,3,3,0,7.67,145.5,436.5,0,3
LONG,ADX_Rising:==0,Micro_FractalDim:lo,3,3,0,8.0,364.2,1092.6,0,3
LONG,D2D_ATR_MA:hi,VA_Position:hi,3,3,0,25.33,2172.17,6516.5,0,3
LONG,Bars_Since_Flip:hi,Momentum_Value:lo,2,2,0,11.5,462.3,924.6,0,2
LONG,EMA_Oscillator:lo,Micro_LogReturn:hi,2,2,0,12.0,404.6,809.2,0,2
LONG,Harmonic_OBVf_Concordance:==0,Micro_Entropy:lo,2,2,0,16.0,968.25,1936.5,0,2
LONG,Harmonic_OBVf_Concordance:==0,VWAP_Sigma_ATR:lo,2,2,0,16.0,968.25,1936.5,0,2
LONG,KAMA_Dist:lo,Micro_Entropy:lo,2,2,0,16.0,968.25,1936.5,0,2
LONG,KAMA_Dist:lo,VWAP_Sigma_ATR:lo,2,2,0,16.0,968.25,1936.5,0,2
LONG,Lower_Wick:hi,Micro_Entropy:lo,2,2,0,16.0,968.25,1936.5,0,2
LONG,Micro_Amihud:hi,Micro_Entropy:lo,2,2,0,12.0,504.0,1008.0,0,2
LONG,Micro_Amihud:hi,Momentum_Value:lo,2,2,0,12.0,504.0,1008.0,0,2
LONG,Micro_Entropy:lo,PrevDay_High_Side:==-1,2,2,0,16.0,968.25,1936.5,0,2
LONG,Micro_Entropy:lo,RangeOsc_State:==-1,2,2,0,17.0,583.1,1166.2,0,2
LONG,Micro_HLAsymmetry:lo,MultiDay_Position:lo,2,2,0,16.0,968.25,1936.5,0,2
LONG,Micro_HLAsymmetry:lo,VWAP_Sigma_ATR:lo,2,2,0,16.0,968.25,1936.5,0,2
LONG,Momentum_Value:lo,PrevDay_High_Side:==-1,2,2,0,14.0,483.3,966.6,0,2
LONG,Momentum_Value:lo,Upper_Wick:hi,2,2,0,11.5,696.9,1393.8,0,2
LONG,Momentum_Value:lo,Volume_Ratio_10:hi,2,2,0,11.5,462.3,924.6,0,2
LONG,PrevDay_Low_Dist_ATR:lo,VWAP_Dist_ATR:lo,2,2,0,16.0,968.25,1936.5,0,2
LONG,AT_Score_LT:lo,VWAP_Sigma_ATR:lo,3,2,1,15.0,82.27,246.8,0,3
LONG,Bars_Since_Flip:hi,Dist_To_PoC_ATR:lo,2,2,0,6.0,180.65,361.3,0,2
LONG,Dist_To_PoC_ATR:lo,MultiDay_Position:lo,2,2,0,6.0,180.65,361.3,0,2
LONG,Dist_To_PoC_ATR:lo,OR_Low_Side:==-1,2,2,0,6.0,180.65,361.3,0,2
LONG,Micro_PriceAccel:lo,Micro_VolOfVol:lo,2,2,0,13.5,244.75,489.5,0,2
LONG,Micro_PriceAccel:lo,Round_1000_Dist_ATR:lo,2,2,0,18.0,3610.0,7220.0,0,2
LONG,Micro_VolOfVol:lo,MultiDay_Position:lo,2,2,0,6.0,180.65,361.3,0,2
LONG,AT_Score_LT:lo,KAMA_Dist:lo,2,2,0,18.5,182.95,365.9,0,2
LONG,Dist_To_PoC_ATR:lo,Micro_MomoTransfer:lo,2,2,0,6.0,78.1,156.2,0,2
LONG,Micro_MomoTransfer:lo,Micro_VolOfVol:lo,2,2,0,6.0,78.1,156.2,0,2
LONG,Micro_MomoTransfer:lo,OR_Position:hi,2,2,0,6.0,110.6,221.2,0,2
LONG,Micro_MomoTransfer:lo,Round_1000_Dist_ATR:lo,2,2,0,6.0,78.1,156.2,0,2
LONG,Dist_To_PoC_ATR:lo,Micro_HLAsymmetry:hi,2,2,0,8.5,106.7,213.4,0,2
LONG,Dist_To_PoC_ATR:lo,Micro_RangeVelocity:lo,2,2,0,9.5,98.25,196.5,0,2
LONG,Efficiency_Ratio:hi,Round_1000_Dist_ATR:lo,2,2,0,8.5,170.45,340.9,0,2
LONG,Micro_HLAsymmetry:hi,Micro_VolOfVol:lo,2,2,0,8.5,106.7,213.4,0,2
LONG,Micro_RangeVelocity:lo,VWAP_Sigma:lo,2,2,0,11.0,239.95,479.9,0,2
LONG,DailyOpen_Dist_ATR:lo,Dist_To_PoC_ATR:lo,2,2,0,12.5,137.8,275.6,0,2
LONG,Dist_To_PoC_ATR:lo,Harmonic_OBVf_Concordance:==0,2,2,0,12.5,137.8,275.6,0,2
LONG,Dist_To_PoC_ATR:lo,Lower_Wick:hi,2,2,0,12.5,137.8,275.6,0,2
LONG,Dist_To_PoC_ATR:lo,Micro_WickImbalance:hi,2,2,0,12.5,137.8,275.6,0,2
LONG,Dist_To_PoC_ATR:lo,VWAP_Dist_ATR:lo,2,2,0,12.5,137.8,275.6,0,2
LONG,Harmonic_OBVf_Concordance:==0,Micro_VolOfVol:lo,2,2,0,12.5,137.8,275.6,0,2
LONG,Micro_VolOfVol:lo,VWAP_Dist_ATR:lo,2,2,0,12.5,137.8,275.6,0,2
LONG,D2D_DirStep:==-1,EMA_Oscillator:lo,2,2,0,9.0,114.0,228.0,0,2
LONG,D2D_DirStep:==-1,Micro_HLAsymmetry:lo,2,2,0,9.0,114.0,228.0,0,2
LONG,D2D_DirStep:==-1,OR_High_Side:==-1,2,2,0,10.0,114.0,228.0,0,2
LONG,DailyOpen_Side:==-1,Micro_HLAsymmetry:lo,2,2,0,11.0,226.05,452.1,0,2
LONG,Dist_To_PoC_ATR:lo,Micro_FailedBreak:hi,2,2,0,7.5,117.0,234.0,0,2
LONG,Dist_To_PoC_ATR:lo,Micro_RangeVelocity:hi,2,2,0,7.5,271.5,543.0,0,2
LONG,EMA_Oscillator:lo,Micro_RangeVelocity:hi,2,2,0,9.0,114.0,228.0,0,2
LONG,EMA_Oscillator:lo,OR_Position:hi,2,2,0,8.0,124.85,249.7,0,2
LONG,EMA_Oscillator:lo,VWAP_Side:==-1,3,2,1,8.67,-65.07,-195.2,0,3
LONG,Micro_HLAsymmetry:lo,Micro_RangeVelocity:hi,2,2,0,9.0,114.0,228.0,0,2
LONG,OR_Position:hi,VWAP_Side:==-1,2,2,0,7.0,402.0,804.0,0,2
LONG,Dist_To_PoC_ATR:lo,Micro_MomoTransfer:hi,2,2,0,9.5,73.75,147.5,0,2
LONG,Dist_To_PoC_ATR:lo,Micro_TickIntensity:hi,2,2,0,9.5,73.75,147.5,0,2
LONG,EMA_Oscillator:lo,Micro_TickIntensity:hi,2,2,0,9.5,88.55,177.1,0,2
LONG,Micro_HLAsymmetry:lo,Micro_MomoTransfer:hi,2,2,0,10.0,187.35,374.7,0,2
LONG,Micro_MomoTransfer:hi,Micro_OrderFlowDelta:lo,2,2,0,11.0,5094.5,10189.0,0,2
LONG,Micro_MomoTransfer:hi,Slope_EMA_ST:hi,3,2,1,7.33,151.8,455.4,0,3
LONG,Micro_RangeAccel:lo,VWAP_Sigma:lo,2,2,0,8.0,210.0,420.0,0,2
LONG,D2D_ATR_MA:hi,VWAP_Sigma:lo,2,2,0,12.0,234.4,468.8,0,2
LONG,Micro_VPIN:lo,VWAP_Sigma:lo,2,2,0,12.0,295.95,591.9,0,2
LONG,ST_Flip_Event:==-1,Volume_Avg_10:hi,2,2,0,10.0,188.25,376.5,0,2
LONG,Slope_Accel_ST:lo,VWAP_Dist_ATR:lo,2,2,0,12.5,170.65,341.3,0,2
LONG,Micro_MomoTransfer:lo,OBV_Macd:lo,2,2,0,5.5,100.7,201.4,0,2
LONG,D2D_Signal:==1,Micro_PriceAccel:lo,2,2,0,19.5,485.9,971.8,0,2
LONG,ADX_Rising:==1,Harmonic_LLEMA:hi,2,2,0,8.0,353.7,707.4,0,2
LONG,ADX_Rising:==1,Micro_Hurst:hi,2,2,0,8.5,269.7,539.4,0,2
LONG,ADX_Rising:==1,Momentum_Value:hi,2,2,0,8.5,290.7,581.4,0,2
LONG,Harmonic_LLEMA:hi,Momentum_Value:hi,2,2,0,8.0,189.3,378.6,0,2
LONG,Lower_Wick:lo,ST_Flip_Event:==1,2,2,0,6.5,1067.7,2135.4,0,2
LONG,PrevDay_High_Dist_ATR:lo,ST_Flip_Event:==1,2,2,0,6.0,252.1,504.2,0,2
LONG,PrevDay_Low_Side:==-1,ST_Flip_Event:==1,2,2,0,6.0,164.7,329.4,0,2
LONG,ST_Flip_Event:==1,Volume_Avg_10:hi,2,2,0,4.5,242.25,484.5,0,2
LONG,ADX_Rising:==1,Bar_Range:hi,2,2,0,9.0,207.6,415.2,0,2
LONG,Micro_TickIntensity:hi,Sqz_Val:hi,2,2,0,6.5,92.8,185.6,0,2
LONG,Harmonic_LLEMA:hi,Sqz_State:==1,2,2,0,5.0,211.75,423.5,0,2
LONG,Micro_PriceAccel:lo,VWAP_Side:==1,2,2,0,4.5,145.45,290.9,0,2
LONG,PrevDay_Low_Dist_ATR:lo,VWAP_Side:==1,2,2,0,4.5,145.45,290.9,0,2
LONG,Micro_PriceAccel:lo,PrevDay_Low_Side:==1,2,2,0,4.5,77.45,154.9,0,2
LONG,Micro_PriceAccel:lo,RangeOsc_Val:hi,2,2,0,4.5,77.45,154.9,0,2
LONG,PrevDay_Low_Side:==1,VA_Position:hi,2,2,0,5.0,63.5,127.0,0,2
LONG,DailyOpen_Dist_ATR:lo,Micro_FractalDim:hi,2,2,0,6.0,82.45,164.9,0,2
LONG,DailyOpen_Side:==1,Micro_FractalDim:hi,2,2,0,6.0,82.45,164.9,0,2
LONG,DailyOpen_Side:==1,PrevDay_Low_Side:==1,2,2,0,5.0,99.75,199.5,0,2
LONG,DailyOpen_Side:==1,RangeOsc_Val:hi,2,2,0,5.0,99.75,199.5,0,2
LONG,Micro_FractalDim:hi,PrevDay_Low_Side:==1,2,2,0,5.0,97.5,195.0,0,2
LONG,Micro_FractalDim:hi,RangeOsc_Val:hi,2,2,0,5.0,97.5,195.0,0,2
LONG,Micro_FractalDim:hi,Round_500_Dist_ATR:lo,2,2,0,7.5,70.9,141.8,0,2
LONG,OBV_Velocity:hi,PrevDay_Low_Side:==1,2,2,0,5.0,97.5,195.0,0,2
LONG,OBV_Velocity:hi,VA_Position:hi,2,2,0,5.0,51.75,103.5,0,2
LONG,ADX_Rising:==0,Efficiency_Ratio:hi,2,2,0,9.0,353.4,706.8,0,2
LONG,Efficiency_Ratio:hi,Harmonic_OBVf_Concordance:==0,2,2,0,9.0,353.4,706.8,0,2
LONG,Efficiency_Ratio:hi,PrevDay_High_Side:==-1,2,2,0,9.0,353.4,706.8,0,2
LONG,D2D_DirStep:==1,RangeOsc_State:==2,2,2,0,6.5,259.55,519.1,0,2
LONG,KAMA_Dist:lo,Micro_RangeAccel:hi,2,2,0,9.0,267.3,534.6,0,2
LONG,Micro_RangeAccel:hi,Micro_WickImbalance:hi,2,2,0,6.0,266.25,532.5,0,2
LONG,Micro_MicroGap:hi,Sqz_State:==1,2,2,0,24.0,838.95,1677.9,0,2
LONG,Micro_AutoCorr:hi,MultiDay_Position:hi,2,2,0,9.0,920.3,1840.6,0,2
LONG,AT_Score_LT:lo,RangeOsc_Val:lo,2,2,0,20.5,446.8,893.6,0,2
LONG,Micro_FractalDim:lo,RangeOsc_Val:lo,2,2,0,29.5,460.45,920.9,0,2
LONG,Micro_MicroGap:lo,RangeOsc_Val:lo,2,2,0,20.0,393.25,786.5,0,2
LONG,Micro_BarOverlap:lo,Micro_MicroGap:hi,2,2,0,28.5,276.15,552.3,0,2
LONG,Micro_BarOverlap:lo,Micro_TickIntensity:hi,2,2,0,25.5,662.75,1325.5,0,2
LONG,Micro_BarOverlap:lo,Round_500_Dist_ATR:lo,2,2,0,15.0,181.85,363.7,0,2
LONG,Micro_CSSpread:hi,Micro_VolOfVol:lo,2,2,0,18.0,158.95,317.9,0,2
LONG,Micro_MicroGap:lo,Micro_VolOfVol:lo,2,2,0,12.5,114.7,229.4,0,2
LONG,AT_Lookback_ST:hi,Micro_FractalDim:hi,2,2,0,20.5,200.25,400.5,0,2
LONG,AT_Slope_ST:lo,Micro_FractalDim:hi,3,2,1,14.33,-9.97,-29.9,0,3
LONG,D2D_ATR:hi,Micro_FractalDim:hi,3,2,1,16.0,-9.63,-28.9,0,3
LONG,D2D_ATR_MA:hi,Micro_FractalDim:hi,2,2,0,18.5,203.9,407.8,0,2
LONG,Micro_Amihud:hi,Micro_FractalDim:hi,2,2,0,20.0,206.6,413.2,0,2
LONG,Micro_FractalDim:hi,Micro_RangeVelocity:hi,2,2,0,20.5,200.25,400.5,0,2
LONG,Micro_FractalDim:hi,Micro_VolOfVol:hi,2,2,0,18.5,199.1,398.2,0,2
LONG,Micro_FractalDim:hi,Micro_WickImbalance:lo,2,2,0,18.0,324.1,648.2,0,2
LONG,Micro_FractalDim:hi,Slope_EMA_ST:lo,2,2,0,20.5,200.25,400.5,0,2
LONG,Micro_FractalDim:hi,Upper_Wick:hi,2,2,0,18.5,211.1,422.2,0,2
LONG,Micro_FractalDim:hi,VWAP_Side:==-1,2,2,0,18.0,196.1,392.2,0,2
LONG,Micro_FractalDim:hi,Volume:hi,2,2,0,18.5,203.9,407.8,0,2
LONG,Micro_RangeAccel:hi,Micro_VolOfVol:lo,2,2,0,7.0,162.85,325.7,0,2
LONG,Micro_PriceAccel:lo,Sqz_Val:hi,2,2,0,14.5,123.0,246.0,0,2
LONG,Micro_FractalDim:lo,PrevDay_Low_Side:==1,2,2,0,4.0,72.0,144.0,0,2
LONG,Micro_FractalDim:lo,RangeOsc_Val:hi,2,2,0,4.0,72.0,144.0,0,2
LONG,Micro_HLAsymmetry:hi,RangeOsc_Val:hi,2,2,0,4.5,70.9,141.8,0,2
LONG,PrevDay_Low_Side:==1,Slope_Accel_LT:lo,2,2,0,4.5,98.9,197.8,0,2
LONG,PrevDay_Low_Side:==1,TChan_A15:hi,2,2,0,4.0,72.0,144.0,0,2
LONG,PrevDay_Low_Side:==1,Volume_Ratio_10:hi,2,2,0,4.0,72.0,144.0,0,2
LONG,Efficiency_Ratio:hi,Micro_Amihud:hi,2,2,0,4.0,406.0,812.0,0,2
LONG,Micro_Amihud:hi,Micro_IBSP:hi,2,2,0,18.0,378.5,757.0,0,2
LONG,Micro_HLAsymmetry:hi,OBV_Velocity:hi,2,2,0,22.5,843.15,1686.3,0,2
LONG,Micro_IBSP:hi,Micro_MicroGap:hi,2,2,0,15.0,368.7,737.4,0,2
LONG,Micro_IBSP:hi,Micro_TickIntensity:lo,2,2,0,17.0,724.5,1449.0,0,2
LONG,Micro_IBSP:hi,RangeOsc_Val:lo,2,2,0,18.0,398.1,796.2,0,2
LONG,Micro_IBSP:hi,Slope_Accel_LT:lo,2,2,0,17.0,724.5,1449.0,0,2
LONG,OBV_Velocity:hi,Slope_Accel_LT:lo,2,2,0,14.5,370.0,740.0,0,2
LONG,AT_Slope_ST:lo,Micro_Entropy:lo,3,2,1,12.0,73.13,219.4,0,3
LONG,Micro_Entropy:lo,Slope_EMA_ST:lo,3,2,1,11.67,73.53,220.6,0,3
LONG,D2D_DirStep:==-1,OBVf_Signal:==1,2,2,0,13.5,122.85,245.7,0,2
LONG,D2D_DirStep:==-1,OR_Position:lo,2,2,0,13.5,122.85,245.7,0,2
LONG,D2D_DirStep:==-1,RangeOsc_Val:lo,2,2,0,19.5,180.1,360.2,0,2
LONG,Micro_TickIntensity:hi,Slope_Accel_ST:lo,2,2,0,8.5,189.05,378.1,0,2
LONG,Harmonic_OBVf_Concordance:==0,OBVf_Signal:==-1,2,2,0,10.0,376.2,752.4,0,2
LONG,Harmonic_OBVf_Concordance:==0,Session_High_Dist_ATR:lo,2,2,0,10.0,376.2,752.4,0,2
LONG,KAMA_Dist:lo,OBVf_Signal:==-1,2,2,0,10.0,376.2,752.4,0,2
LONG,ADX_Rising:==0,Micro_LogReturn:lo,2,2,0,10.0,171.9,343.8,0,2
LONG,ADX_Rising:==0,Micro_MicroGap:hi,2,2,0,8.5,208.8,417.6,0,2
LONG,Micro_Hurst:hi,OR_High_Side:==0,2,2,0,8.5,110.85,221.7,0,2
LONG,Micro_ThrustEff:lo,Micro_WickImbalance:hi,2,2,0,7.0,139.65,279.3,0,2
LONG,OR_High_Side:==0,TChan_A15:hi,2,2,0,11.0,161.45,322.9,0,2
LONG,Micro_LogReturn:lo,Sqz_State:==1,2,2,0,8.5,177.8,355.6,0,2
LONG,Micro_OrderFlowDelta:lo,RangeOsc_State:==-2,2,2,0,6.0,117.75,235.5,0,2
LONG,Micro_OrderFlowDelta:lo,Sqz_State:==1,2,2,0,6.0,117.75,235.5,0,2
LONG,Micro_WickImbalance:hi,Sqz_Val:hi,2,2,0,7.0,125.0,250.0,0,2
LONG,Slope_EMA_ST:hi,Sqz_Val:hi,2,2,0,7.0,182.0,364.0,0,2
LONG,EMA_Oscillator:hi,Micro_MomoTransfer:hi,3,2,1,7.67,-32.53,-97.6,0,3
LONG,KAMA_Dist:hi,Micro_MomoTransfer:hi,3,2,1,7.67,-32.53,-97.6,0,3
LONG,Harmonic_LLEMA:hi,Micro_MicroGap:lo,2,2,0,7.5,104.4,208.8,0,2
LONG,Harmonic_LLEMA:hi,Micro_RangeAccel:hi,2,2,0,7.5,104.4,208.8,0,2
LONG,Harmonic_LLEMA:hi,OR_High_Side:==-1,2,2,0,7.5,104.4,208.8,0,2
LONG,ADX_Value:hi,VWAP_Sigma:hi,2,2,0,5.5,106.1,212.2,0,2
LONG,Harmonic_LLEMA:hi,OBV_Velocity:hi,2,2,0,5.0,191.75,383.5,0,2
LONG,ADX_Value:hi,KAMA_Dist:hi,2,2,0,27.5,2488.5,4977.0,0,2
LONG,ADX_Value:hi,ST_Flip_Event:==-1,2,2,0,6.5,235.75,471.5,0,2
LONG,D2D_DirStep:==-1,Slope_Accel_LT:hi,2,2,0,8.0,101.85,203.7,0,2
LONG,Micro_RollProxy:lo,PrevDay_Low_Side:==-1,2,2,0,8.0,101.85,203.7,0,2
LONG,Micro_RollProxy:lo,Slope_Accel_LT:hi,2,2,0,8.0,101.85,203.7,0,2
LONG,D2D_Signal:==1,Efficiency_Ratio:hi,2,2,0,8.0,399.95,799.9,0,2
LONG,EMA_Oscillator:hi,Efficiency_Ratio:hi,2,2,0,17.5,459.85,919.7,0,2
LONG,EMA_Oscillator:hi,Micro_TickIntensity:lo,2,2,0,28.0,2585.7,5171.4,0,2
LONG,EMA_Oscillator:hi,Slope_Accel_LT:lo,2,2,0,28.0,2585.7,5171.4,0,2
LONG,Efficiency_Ratio:hi,Micro_RangeVelocity:hi,2,2,0,17.5,459.85,919.7,0,2
LONG,Efficiency_Ratio:hi,PoC_Side:==1,2,2,0,8.0,399.95,799.9,0,2
LONG,Micro_Rejection:lo,Micro_TickIntensity:lo,2,2,0,9.0,443.7,887.4,0,2
LONG,ADX_Rising:==1,Micro_RangeAccel:lo,2,2,0,5.0,347.0,694.0,0,2
LONG,Micro_PriceAccel:lo,TChan_A15:hi,2,2,0,24.5,543.4,1086.8,0,2
LONG,D2D_Signal:==0,Micro_WickImbalance:hi,2,2,0,12.5,103.6,207.2,0,2
LONG,Micro_HLAsymmetry:hi,Micro_WickImbalance:hi,2,2,0,16.5,147.6,295.2,0,2
LONG,Micro_OrderFlowDelta:lo,PrevDay_Low_Dist_ATR:lo,2,2,0,24.0,449.0,898.0,0,2
LONG,Micro_PriceAccel:lo,Micro_WickImbalance:hi,2,2,0,14.0,415.4,830.8,0,2
LONG,Micro_WickImbalance:hi,RangeOsc_Val:lo,2,2,0,16.5,147.6,295.2,0,2
LONG,AT_Lookback_ST:hi,Micro_MomoTransfer:hi,2,2,0,20.5,727.15,1454.3,0,2
LONG,Micro_MomoTransfer:hi,PrevDay_Low_Dist_ATR:lo,2,2,0,14.5,544.3,1088.6,0,2
LONG,Micro_RangeVelocity:hi,Micro_TickIntensity:hi,2,2,0,14.5,544.3,1088.6,2,0
LONG,Lower_Wick:lo,Micro_MicroGap:hi,2,2,0,4.5,180.4,360.8,0,2
LONG,Bar_Range:hi,Harmonic_LLEMA:hi,2,2,0,4.0,88.6,177.2,0,2
LONG,Micro_RangeVelocity:lo,Sqz_Val:hi,2,2,0,18.0,150.25,300.5,0,2
LONG,Slope_Accel_LT:lo,WeeklyOpen_Side:==-1,2,2,0,28.0,7566.0,15132.0,0,2
LONG,ADX_Rising:==0,Micro_MicroGap:lo,2,2,0,19.5,236.6,473.2,0,2
LONG,ADX_Rising:==0,Slope_Accel_LT:hi,2,2,0,23.5,755.8,1511.6,0,2
LONG,D2D_ATR:hi,KAMA_Dist:lo,2,2,0,19.5,197.4,394.8,0,2
LONG,Harmonic_OBVf_Concordance:==0,OR_Position:lo,2,2,0,20.0,194.3,388.6,0,2
LONG,Harmonic_OBVf_Concordance:==0,Slope_Accel_LT:hi,2,2,0,23.5,755.8,1511.6,0,2
LONG,KAMA_Dist:lo,Slope_Accel_LT:hi,2,2,0,23.5,755.8,1511.6,0,2
LONG,AT_Lookback_ST:hi,DailyOpen_Side:==-1,2,2,0,38.5,512.05,1024.1,0,2
LONG,Body_Size:hi,PrevDay_High_Dist_ATR:hi,2,2,0,21.0,109.05,218.1,0,2
LONG,D2D_ATR_MA:hi,PrevDay_High_Dist_ATR:hi,2,2,0,29.0,376.95,753.9,0,2
LONG,DailyOpen_Side:==-1,Micro_GarmanKlass:hi,2,2,0,20.0,149.05,298.1,0,2
LONG,DailyOpen_Side:==-1,Micro_RollProxy:hi,2,2,0,38.5,512.05,1024.1,0,2
LONG,DailyOpen_Side:==-1,OBVf_Signal:==1,2,2,0,20.5,186.7,373.4,0,2
LONG,DailyOpen_Side:==-1,PrevDay_Close_Dist_ATR:hi,2,2,0,20.0,149.05,298.1,0,2
LONG,DailyOpen_Side:==-1,RangeOsc_State:==-1,2,2,0,38.5,512.05,1024.1,0,2
LONG,DailyOpen_Side:==-1,Round_100_Dist_ATR:lo,2,2,0,38.5,512.05,1024.1,0,2
LONG,Micro_GarmanKlass:hi,Micro_OrderFlowDelta:hi,2,2,0,18.5,141.8,283.6,0,2
LONG,Micro_GarmanKlass:hi,Micro_RollProxy:hi,2,2,0,20.0,265.05,530.1,0,2
LONG,Micro_GarmanKlass:hi,RangeOsc_State:==-1,2,2,0,19.0,410.95,821.9,0,2
LONG,Micro_GarmanKlass:hi,Round_100_Dist_ATR:lo,2,2,0,20.0,265.05,530.1,0,2
LONG,Micro_RollProxy:hi,PrevDay_Close_Dist_ATR:hi,2,2,0,20.0,265.05,530.1,0,2
LONG,Micro_VPIN:lo,PrevDay_Close_Dist_ATR:hi,2,2,0,29.0,376.95,753.9,0,2
LONG,PrevDay_Close_Dist_ATR:hi,Round_100_Dist_ATR:lo,2,2,0,20.0,265.05,530.1,0,2
LONG,PrevDay_High_Dist_ATR:hi,RangeOsc_State:==-1,2,2,0,19.5,123.9,247.8,0,2
LONG,Round_100_Dist_ATR:lo,Slope_Accel_LT:hi,2,2,0,20.5,119.7,239.4,0,2
LONG,Micro_GarmanKlass:hi,RangeOsc_State:==-2,2,2,0,24.5,350.0,700.0,0,2
LONG,PrevDay_Close_Dist_ATR:hi,RangeOsc_State:==-2,2,2,0,24.5,350.0,700.0,0,2
LONG,PrevDay_Close_Dist_ATR:hi,WeeklyOpen_Side:==-1,2,2,0,24.5,350.0,700.0,0,2
LONG,D2D_ATR_MA:hi,Sqz_Val:hi,2,2,0,22.0,582.75,1165.5,0,2
LONG,Micro_FailedBreak:hi,Micro_GarmanKlass:hi,2,2,0,19.5,124.1,248.2,0,2
LONG,Micro_FailedBreak:hi,PrevDay_Close_Dist_ATR:hi,2,2,0,19.5,124.1,248.2,0,2
LONG,Micro_GarmanKlass:hi,VWAP_Side:==-1,2,2,0,19.5,124.1,248.2,0,2
LONG,OBVf_Signal:==1,Sqz_Val:hi,2,2,0,22.0,582.75,1165.5,0,2
LONG,PrevDay_Close_Dist_ATR:hi,VWAP_Side:==-1,2,2,0,19.5,124.1,248.2,0,2
LONG,AT_Regime_LT:==1,PrevDay_High_Dist_ATR:hi,2,2,0,14.5,121.75,243.5,0,2
LONG,EMA_Oscillator:hi,PrevDay_High_Dist_ATR:hi,2,2,0,16.5,127.6,255.2,0,2
LONG,Micro_BarOverlap:lo,Sqz_Val:hi,2,2,0,30.0,7375.6,14751.2,0,2
LONG,Micro_BarOverlap:lo,WeeklyOpen_Side:==-1,2,2,0,30.0,7375.6,14751.2,0,2
LONG,Micro_PriceAccel:lo,WeeklyOpen_Side:==-1,2,2,0,22.0,394.25,788.5,0,2
LONG,PrevDay_High_Dist_ATR:hi,Sqz_Val:hi,2,2,0,14.5,143.75,287.5,0,2
LONG,Body_Size:hi,RangeOsc_State:==2,3,2,1,10.33,-185.33,-556.0,0,3
LONG,EMA_Oscillator:hi,MultiDay_Slope:lo,2,2,0,19.5,445.4,890.8,0,2
LONG,Micro_OrderFlowDelta:hi,RangeOsc_State:==2,2,2,0,14.5,254.0,508.0,0,2
LONG,Momentum_Value:hi,RangeOsc_State:==2,2,2,0,13.5,160.4,320.8,0,2
LONG,Micro_CSSpread:lo,Micro_RangeVelocity:lo,2,2,0,7.0,189.0,378.0,0,2
LONG,Micro_CSSpread:lo,Micro_RollProxy:hi,2,2,0,5.0,220.2,440.4,0,2
LONG,Micro_CSSpread:lo,Micro_TickIntensity:hi,2,2,0,6.0,61.5,123.0,0,2
LONG,Micro_CSSpread:lo,Slope_Accel_LT:hi,2,2,0,6.0,61.5,123.0,0,2
LONG,Lower_Wick:lo,Micro_VPIN:lo,3,2,1,9.67,-24.9,-74.7,0,3
LONG,Micro_FractalDim:lo,ST_Flip_Event:==-1,2,2,0,11.0,154.0,308.0,0,2
LONG,Micro_FractalDim:lo,Slope_Accel_ST:lo,2,2,0,11.0,154.0,308.0,0,2
LONG,Micro_LogReturn:hi,Sqz_State:==-1,2,2,0,12.0,114.85,229.7,0,2
LONG,Micro_TickIntensity:hi,Sqz_State:==-1,2,2,0,12.0,114.85,229.7,0,2
LONG,PrevDay_Low_Side:==-1,Sqz_State:==-1,2,2,0,8.0,153.6,307.2,0,2
LONG,ST_Flip_Event:==-1,TChan_A15:hi,2,2,0,11.0,154.0,308.0,0,2
LONG,Slope_Accel_LT:hi,Sqz_State:==-1,2,2,0,9.5,457.75,915.5,0,2
LONG,Slope_Accel_ST:lo,TChan_A15:hi,2,2,0,11.0,154.0,308.0,0,2
LONG,Slope_Accel_ST:lo,Volume_Ratio_10:hi,2,2,0,11.0,154.0,308.0,0,2
LONG,Sqz_State:==-1,Volume_Ratio_10:hi,2,2,0,12.0,114.85,229.7,0,2
LONG,Micro_FractalDim:lo,PrevDay_High_Dist_ATR:hi,2,2,0,10.0,338.4,676.8,0,2
LONG,Micro_BarOverlap:lo,Micro_VPIN:lo,2,2,0,11.0,216.05,432.1,0,2
LONG,RangeOsc_State:==2,Session_High_Dist_ATR:lo,2,2,0,8.0,315.4,630.8,0,2
LONG,AT_Slope_LT:lo,VWAP_Side:==1,2,2,0,24.0,7594.2,15188.4,0,2
LONG,Micro_MomoTransfer:hi,VWAP_Side:==1,2,2,0,8.0,477.0,954.0,0,2
LONG,PrevDay_High_Dist_ATR:hi,Volume_Ratio_10:hi,2,2,0,6.0,165.9,331.8,0,2
LONG,MultiDay_Position:hi,PrevDay_Close_Side:==-1,2,2,0,6.5,186.25,372.5,0,2
LONG,PrevDay_High_Dist_ATR:lo,Round_1000_Dist_ATR:lo,2,2,0,25.5,7597.45,15194.9,0,2
LONG,AT_Regime_LT:==1,ST_Flip_Event:==1,2,2,0,7.0,1390.8,2781.6,0,2
LONG,Micro_Entropy:lo,ST_Flip_Event:==1,2,2,0,7.0,684.15,1368.3,0,2
LONG,Micro_Hurst:hi,OR_High_Side:==1,2,2,0,7.0,684.15,1368.3,0,2
LONG,OR_High_Side:==1,ST_Flip_Event:==1,2,2,0,7.0,684.15,1368.3,0,2
LONG,Round_1000_Dist_ATR:lo,ST_Flip_Event:==1,2,2,0,5.5,666.0,1332.0,0,2
LONG,KAMA_Dist:lo,OR_Low_Side:==1,4,2,2,9.0,-115.15,-460.6,0,4
LONG,KAMA_Dist:lo,PrevDay_Close_Side:==-1,3,2,1,9.0,50.07,150.2,0,3
LONG,KAMA_Dist:lo,VWAP_Side:==-1,4,2,2,7.0,-238.73,-954.9,0,4
LONG,KAMA_Dist:lo,WeeklyOpen_Side:==-1,3,2,1,7.33,-20.1,-60.3,0,3
LONG,Micro_LogReturn:lo,PrevDay_Close_Side:==-1,3,2,1,7.0,-142.8,-428.4,0,3
LONG,Micro_LogReturn:lo,RangeOsc_State:==-1,3,2,1,9.0,-113.8,-341.4,0,3
LONG,Micro_LogReturn:lo,WeeklyOpen_Side:==-1,3,2,1,7.0,-142.8,-428.4,0,3
LONG,D2D_Persist:hi,Upper_Wick:hi,2,2,0,5.0,84.4,168.8,0,2
LONG,D2D_Persist:hi,VWAP_Side:==-1,2,2,0,8.0,268.8,537.6,0,2
LONG,AT_Slope_LT:lo,OR_High_Side:==1,2,2,0,5.5,395.35,790.7,0,2
LONG,Micro_FailedBreak:hi,OR_High_Side:==1,2,2,0,5.5,395.35,790.7,0,2
LONG,Micro_RollProxy:hi,MultiDay_Position:hi,2,2,0,7.5,767.7,1535.4,0,2
LONG,Micro_VolOfVol:lo,PrevDay_Low_Dist_ATR:lo,2,2,0,5.5,94.75,189.5,0,2
LONG,D2D_Signal:==1,Micro_Amihud:lo,2,2,0,4.5,659.85,1319.7,0,2
LONG,D2D_Signal:==1,Micro_VPIN:hi,2,2,0,4.5,659.85,1319.7,0,2
LONG,DailyOpen_Dist_ATR:lo,Micro_Amihud:lo,2,2,0,4.5,659.85,1319.7,0,2
LONG,DailyOpen_Dist_ATR:lo,Micro_VPIN:hi,2,2,0,4.5,659.85,1319.7,0,2
LONG,Micro_Amihud:lo,OBV_Velocity:hi,2,2,0,4.5,659.85,1319.7,0,2
LONG,Micro_VPIN:hi,OBV_Velocity:hi,2,2,0,4.5,659.85,1319.7,0,2
LONG,MultiDay_Slope:lo,OBV_Velocity:hi,2,2,0,4.5,848.1,1696.2,0,2
LONG,Bar_Range:hi,Slope_Accel_ST:lo,2,2,0,9.5,461.05,922.1,0,2
LONG,Bar_Range:hi,Sqz_State:==-1,2,2,0,10.5,421.9,843.8,0,2
LONG,Micro_Lambda:lo,Slope_Accel_ST:lo,2,2,0,9.5,461.05,922.1,0,2
LONG,Micro_RangeAccel:hi,Micro_RangeVelocity:lo,2,2,0,6.5,412.4,824.8,0,2
LONG,RangeOsc_State:==2,Slope_Accel_ST:lo,2,2,0,9.5,461.05,922.1,0,2
LONG,Micro_TickIntensity:lo,RangeOsc_State:==-2,2,2,0,24.5,7558.5,15117.0,0,2
LONG,Micro_MomoTransfer:hi,Micro_VPIN:lo,2,2,0,7.5,4951.95,9903.9,0,2
LONG,DailyOpen_Side:==-1,Sqz_Val:hi,2,2,0,7.0,435.0,870.0,0,2
LONG,OR_Position:hi,RangeOsc_State:==-2,2,2,0,7.0,435.0,870.0,0,2
LONG,OR_Position:hi,Sqz_State:==1,2,2,0,7.0,435.0,870.0,0,2
LONG,OR_Position:hi,Sqz_Val:hi,2,2,0,7.0,435.0,870.0,0,2
LONG,Micro_Rejection:hi,Session_High_Dist_ATR:lo,2,2,0,5.0,285.25,570.5,0,2
LONG,ADX_Rising:==0,PrevDay_Low_Side:==-1,2,2,0,13.0,893.95,1787.9,0,2
LONG,DailyOpen_Dist_ATR:lo,Efficiency_Ratio:hi,2,2,0,8.0,348.2,696.4,0,2
LONG,DailyOpen_Dist_ATR:lo,OR_Position:hi,2,2,0,8.0,337.45,674.9,0,2
LONG,DailyOpen_Dist_ATR:lo,RangeOsc_State:==2,3,2,1,8.0,102.53,307.6,0,3
LONG,Efficiency_Ratio:hi,PrevDay_Close_Side:==-1,2,2,0,8.0,320.2,640.4,0,2
LONG,Efficiency_Ratio:hi,VWAP_Dist_ATR:lo,2,2,0,8.0,348.2,696.4,0,2
LONG,Harmonic_OBVf_Concordance:==0,Micro_Lambda:lo,2,2,0,8.5,359.2,718.4,0,2
LONG,Harmonic_OBVf_Concordance:==0,PrevDay_Close_Side:==-1,2,2,0,10.5,435.7,871.4,0,2
LONG,Micro_RangeVelocity:lo,OR_Position:hi,2,2,0,9.0,315.5,631.0,0,2
LONG,Micro_WickImbalance:hi,OR_Low_Side:==1,2,2,0,11.0,1069.15,2138.3,0,2
LONG,OR_Low_Side:==1,PrevDay_High_Side:==-1,2,2,0,12.0,618.7,1237.4,0,2
LONG,PrevDay_Close_Side:==-1,RangeOsc_State:==2,2,2,0,8.0,320.2,640.4,0,2
LONG,RangeOsc_State:==2,VWAP_Dist_ATR:lo,3,2,1,8.0,102.53,307.6,0,3
LONG,RangeOsc_State:==2,WeeklyOpen_Side:==-1,2,2,0,8.0,320.2,640.4,0,2
LONG,Bars_Since_Flip:hi,PrevDay_Close_Side:==-1,3,2,1,9.0,475.13,1425.4,0,3
LONG,Micro_CSSpread:hi,OR_Low_Side:==1,3,2,1,4.0,-101.77,-305.3,0,3
LONG,EMA_Oscillator:hi,RangeOsc_Val:lo,2,2,0,25.5,415.95,831.9,0,2
LONG,Micro_FractalDim:hi,Micro_RangeAccel:lo,2,2,0,6.0,90.7,181.4,0,2
LONG,AT_Slope_LT:lo,D2D_DirStep:==-1,2,2,0,16.0,147.9,295.8,0,2
LONG,Micro_FailedBreak:hi,Micro_RollProxy:lo,2,2,0,10.0,510.65,1021.3,0,2
LONG,Micro_RollProxy:lo,VWAP_Side:==-1,2,2,0,11.5,113.15,226.3,0,2
LONG,D2D_Signal:==1,Micro_FractalDim:hi,2,2,0,6.5,105.7,211.4,0,2
LONG,Micro_FractalDim:hi,WeeklyOpen_Side:==-1,2,2,0,7.5,100.5,201.0,0,2
LONG,D2D_Signal:==1,VWAP_Sigma:lo,2,2,0,6.0,1007.25,2014.5,0,2
LONG,Micro_WickImbalance:hi,PoC_Side:==1,2,2,0,7.0,1071.0,2142.0,0,2
LONG,PoC_Side:==1,VWAP_Sigma:lo,2,2,0,6.0,1007.25,2014.5,0,2
LONG,Session_High_Dist_ATR:lo,VWAP_Sigma:lo,2,2,0,6.0,1007.25,2014.5,0,2
LONG,VWAP_Side:==1,VWAP_Sigma:lo,2,2,0,6.0,1007.25,2014.5,0,2
LONG,Micro_RollProxy:hi,OR_Position:hi,2,2,0,5.0,1156.9,2313.8,0,2
LONG,Micro_Entropy:lo,VWAP_Side:==-1,2,2,0,11.5,400.7,801.4,0,2
LONG,Micro_MomoTransfer:hi,WeeklyOpen_Side:==-1,2,2,0,5.5,226.1,452.2,0,2
LONG,DailyOpen_Dist_ATR:lo,Micro_FractalDim:lo,2,2,0,6.0,379.6,759.2,0,2
LONG,OR_Position:lo,PrevDay_Close_Side:==-1,3,2,1,18.0,4837.47,14512.4,0,3
LONG,RangeOsc_Val:hi,WeeklyOpen_Side:==-1,2,2,0,5.5,190.6,381.2,0,2
LONG,TChan_A15:hi,VWAP_Side:==1,2,2,0,24.0,7540.6,15081.2,0,2
LONG,Micro_MomoTransfer:hi,Micro_RangeAccel:hi,2,2,0,7.5,127.5,255.0,0,2
LONG,Bar_Range:hi,D2D_Dynamic_Sensitivity:lo,2,2,0,29.0,2409.65,4819.3,0,2
LONG,Bar_Range:hi,Micro_LogReturn:lo,2,2,0,12.0,414.65,829.3,0,2
LONG,D2D_ATR_MA:hi,Efficiency_Ratio:hi,2,2,0,18.5,283.8,567.6,0,2
LONG,D2D_Dynamic_Sensitivity:lo,KAMA_Dist:hi,2,2,0,29.0,2409.65,4819.3,0,2
LONG,D2D_Dynamic_Sensitivity:lo,Micro_FractalDim:lo,2,2,0,9.5,288.65,577.3,0,2
LONG,D2D_Dynamic_Sensitivity:lo,Micro_VPIN:lo,2,2,0,21.5,519.65,1039.3,0,2
LONG,D2D_Dynamic_Sensitivity:lo,MultiDay_Slope:lo,2,2,0,7.5,162.65,325.3,0,2
LONG,Efficiency_Ratio:hi,MultiDay_Slope:lo,3,2,1,6.33,35.1,105.3,0,3
LONG,KAMA_Dist:hi,Micro_LogReturn:lo,2,2,0,8.5,126.35,252.7,0,2
LONG,KAMA_Dist:hi,OR_High_Side:==0,2,2,0,8.5,126.35,252.7,0,2
LONG,Lower_Wick:hi,Micro_LogReturn:lo,2,2,0,7.5,162.65,325.3,0,2
LONG,Lower_Wick:hi,OR_High_Side:==0,2,2,0,7.5,162.65,325.3,0,2
LONG,Micro_Lambda:lo,Micro_MicroGap:lo,2,2,0,9.0,186.65,373.3,0,2
LONG,Micro_LogReturn:lo,MultiDay_Slope:lo,2,2,0,7.5,162.65,325.3,0,2
LONG,Micro_MicroGap:lo,ST_Flip_Event:==-1,2,2,0,9.0,225.65,451.3,0,2
LONG,Micro_MicroGap:lo,Slope_Accel_ST:lo,2,2,0,9.0,225.65,451.3,0,2
LONG,Micro_VPIN:lo,MultiDay_Slope:lo,3,2,1,6.33,35.1,105.3,0,3
LONG,MultiDay_Slope:lo,OR_High_Side:==0,2,2,0,7.5,162.65,325.3,0,2
LONG,MultiDay_Slope:lo,ST_Flip_Event:==-1,2,2,0,12.0,118.15,236.3,0,2
LONG,OBV_Macd:lo,Slope_Accel_ST:lo,2,2,0,8.0,123.9,247.8,0,2
LONG,ST_Flip_Event:==-1,Upper_Wick:hi,2,2,0,8.0,156.9,313.8,0,2
LONG,Micro_Lambda:lo,VA_Position:hi,2,2,0,10.0,364.85,729.7,0,2
LONG,D2D_Dynamic_Sensitivity:lo,D2D_Signal:==1,2,2,0,7.0,364.8,729.6,0,2
LONG,D2D_Dynamic_Sensitivity:lo,PoC_Side:==1,2,2,0,7.0,364.8,729.6,0,2
LONG,Session_High_Dist_ATR:lo,Slope_Accel_LT:hi,3,2,1,4.67,-64.93,-194.8,0,3
LONG,ADX_Rising:==1,Micro_PriceAccel:hi,2,2,0,7.0,216.1,432.2,0,2
LONG,OBVf_Signal:==-1,OR_Low_Side:==1,2,2,0,5.5,389.5,779.0,0,2
LONG,OBVf_Signal:==-1,PrevDay_High_Dist_ATR:lo,2,2,0,26.0,7672.6,15345.2,0,2
LONG,OBVf_Signal:==-1,PrevDay_Low_Side:==-1,2,2,0,5.5,389.5,779.0,0,2
LONG,Micro_PriceAccel:hi,OBVf_Signal:==1,2,2,0,9.5,133.7,267.4,0,2
LONG,AT_Regime_LT:==1,Slope_Accel_ST:lo,3,2,1,8.67,-30.4,-91.2,0,3
LONG,Harmonic_OBVf_Concordance:==0,Lower_Wick:lo,3,2,1,9.33,-5.77,-17.3,0,3
LONG,KAMA_Dist:lo,Lower_Wick:lo,3,2,1,9.33,-5.77,-17.3,0,3
LONG,Lower_Wick:lo,PrevDay_High_Side:==-1,3,2,1,9.33,-5.77,-17.3,0,3
LONG,Body_Size:hi,Micro_Entropy:lo,2,2,0,11.5,344.3,688.6,0,2
LONG,Micro_Entropy:lo,Micro_MicroGap:lo,2,2,0,6.5,265.2,530.4,0,2
LONG,Micro_Entropy:lo,VWAP_Sigma:hi,2,2,0,6.5,265.2,530.4,0,2
LONG,AT_Score_LT:lo,RangeOsc_State:==2,3,2,1,5.67,-206.27,-618.8,0,3
LONG,AT_Score_LT:lo,Lower_Wick:lo,2,2,0,9.5,97.1,194.2,0,2
LONG,Micro_MomoTransfer:hi,Round_500_Dist_ATR:lo,2,2,0,7.0,102.35,204.7,0,2
LONG,AT_Score_LT:lo,VA_Position:hi,2,2,0,5.0,65.75,131.5,0,2
LONG,Micro_MomoTransfer:hi,VA_Position:hi,2,2,0,5.0,94.75,189.5,0,2
LONG,ADX_Value:lo,Micro_CSSpread:hi,2,2,0,4.0,87.05,174.1,0,2
LONG,Micro_PriceAccel:hi,Slope_EMA_ST:hi,2,2,0,4.5,153.6,307.2,0,2
LONG,ADX_Value:lo,VA_Position:hi,2,2,0,5.5,144.05,288.1,0,2
LONG,Round_500_Dist_ATR:lo,Slope_EMA_ST:hi,2,2,0,5.5,144.05,288.1,0,2
LONG,Slope_EMA_ST:hi,VA_Position:hi,2,2,0,5.5,144.05,288.1,0,2
LONG,DailyOpen_Side:==-1,Round_500_Dist_ATR:lo,2,2,0,5.5,181.6,363.2,0,2
LONG,DailyOpen_Side:==-1,VA_Position:hi,2,2,0,5.5,181.6,363.2,0,2
LONG,Bars_Since_Flip:hi,OR_High_Side:==1,2,2,0,9.0,933.45,1866.9,0,2
LONG,DailyOpen_Side:==-1,Micro_PriceAccel:hi,2,2,0,26.0,588.0,1176.0,0,2
LONG,Micro_AutoCorr:hi,OR_High_Side:==1,2,2,0,8.0,252.0,504.0,0,2
LONG,Micro_Entropy:lo,OBVf_Signal:==-1,2,2,0,7.5,293.4,586.8,0,2
LONG,Micro_Entropy:lo,VA_Position:hi,2,2,0,11.0,758.25,1516.5,0,2
LONG,OR_High_Side:==1,TChan_A15:hi,2,2,0,8.0,252.0,504.0,0,2
LONG,OR_High_Side:==1,Volume_Ratio_10:hi,2,2,0,8.0,252.0,504.0,0,2
LONG,Round_500_Dist_ATR:lo,TChan_A15:hi,2,2,0,6.5,252.3,504.6,0,2
LONG,Micro_Rejection:lo,OBVf_Signal:==-1,2,2,0,15.0,630.0,1260.0,0,2
LONG,AT_Score_LT:lo,D2D_Dynamic_Sensitivity:lo,3,2,1,15.33,147.2,441.6,0,3
LONG,D2D_Dynamic_Sensitivity:lo,OR_Low_Side:==-1,2,2,0,20.0,679.8,1359.6,0,2
LONG,D2D_Dynamic_Sensitivity:lo,PrevDay_Low_Dist_ATR:lo,2,2,0,20.0,679.8,1359.6,0,2
LONG,ADX_Value:hi,Micro_PriceAccel:lo,2,2,0,28.5,487.35,974.7,0,2
LONG,ADX_Value:hi,Micro_RangeAccel:hi,2,2,0,18.0,969.3,1938.6,0,2
LONG,ADX_Value:hi,PrevDay_Low_Dist_ATR:lo,2,2,0,28.5,487.35,974.7,0,2
LONG,Micro_PriceAccel:hi,Sqz_Val:hi,3,2,1,16.67,5597.63,16792.9,0,3
LONG,D2D_ATR_MA:hi,Lower_Wick:lo,3,2,1,23.0,376.4,1129.2,0,3
LONG,D2D_DirStep:==1,DailyOpen_Side:==-1,2,2,0,27.0,556.65,1113.3,0,2
LONG,D2D_DirStep:==1,Lower_Wick:lo,2,2,0,32.0,819.1,1638.2,0,2
LONG,D2D_DirStep:==1,Round_100_Dist_ATR:lo,2,2,0,38.0,840.0,1680.0,0,2
LONG,DailyOpen_Side:==-1,Micro_BarOverlap:lo,2,2,0,27.0,556.65,1113.3,0,2
LONG,DailyOpen_Side:==-1,VWAP_Sigma_ATR:lo,2,2,0,28.0,1227.45,2454.9,0,2
LONG,KAMA_Dist:hi,Round_100_Dist_ATR:lo,2,2,0,38.0,840.0,1680.0,0,2
LONG,Lower_Wick:lo,RangeOsc_Val:lo,2,2,0,30.5,538.6,1077.2,0,2
LONG,Micro_PriceAccel:hi,Micro_Rejection:lo,2,2,0,28.5,541.8,1083.6,0,2
LONG,Micro_PriceAccel:hi,OR_Position:lo,2,2,0,32.0,819.1,1638.2,0,2
LONG,Micro_PriceAccel:hi,VWAP_Sigma_ATR:lo,2,2,0,40.5,7735.35,15470.7,0,2
LONG,PrevDay_Low_Dist_ATR:lo,Round_100_Dist_ATR:lo,2,2,0,38.0,840.0,1680.0,0,2
LONG,AT_Lookback_ST:hi,Micro_Lambda:lo,2,2,0,23.5,738.25,1476.5,0,2
LONG,Micro_Amihud:hi,Micro_OrderFlowDelta:lo,2,2,0,18.5,473.7,947.4,0,2
LONG,Micro_MicroGap:hi,Micro_PriceAccel:lo,2,2,0,39.0,721.35,1442.7,0,2
LONG,Micro_MicroGap:hi,Round_100_Dist_ATR:lo,2,2,0,26.0,840.0,1680.0,0,2
LONG,Micro_PriceAccel:lo,Round_100_Dist_ATR:lo,2,2,0,25.0,519.4,1038.8,0,2
LONG,Micro_BarOverlap:lo,MultiDay_Slope:lo,2,2,0,12.5,366.3,732.6,0,2
LONG,Body_Size:hi,Efficiency_Ratio:hi,3,2,1,12.0,-141.5,-424.5,0,3
LONG,D2D_ATR:hi,Efficiency_Ratio:hi,2,2,0,15.5,245.65,491.3,0,2
LONG,Efficiency_Ratio:hi,VWAP_Side:==-1,2,2,0,15.5,242.65,485.3,0,2
LONG,Micro_RangeAccel:hi,Sqz_Val:hi,2,2,0,19.0,718.55,1437.1,0,2
LONG,PrevDay_Low_Dist_ATR:lo,Sqz_Val:hi,2,2,0,20.0,690.6,1381.2,0,2
LONG,Harmonic_LLEMA:hi,PrevDay_High_Dist_ATR:hi,2,2,0,6.5,87.8,175.6,0,2
LONG,Micro_LogReturn:lo,Volume_Avg_10:hi,2,2,0,5.0,76.25,152.5,0,2
LONG,Micro_BarOverlap:lo,Micro_WickImbalance:hi,2,2,0,17.5,475.7,951.4,0,2
LONG,Micro_RangeVelocity:hi,Micro_WickImbalance:hi,2,2,0,17.5,475.7,951.4,0,2
LONG,AT_Regime_LT:==1,OBVf_Signal:==-1,2,2,0,26.0,7643.4,15286.8,0,2
LONG,Micro_Amihud:lo,Micro_RangeVelocity:lo,2,2,0,6.0,183.8,367.6,0,2
LONG,Micro_Amihud:lo,OR_Low_Side:==-1,2,2,0,6.5,172.65,345.3,0,2
LONG,Micro_RangeAccel:lo,OBVf_Signal:==-1,2,2,0,26.0,7643.4,15286.8,0,2
LONG,Micro_RangeVelocity:lo,Micro_VPIN:hi,2,2,0,6.0,183.8,367.6,0,2
LONG,Micro_VPIN:hi,OR_Low_Side:==-1,2,2,0,6.5,172.65,345.3,0,2
LONG,OBVf_Signal:==-1,OR_Low_Side:==-1,2,2,0,26.0,7643.4,15286.8,0,2
LONG,AT_Regime_LT:==1,Momentum_Value:lo,2,2,0,6.0,187.5,375.0,0,2
LONG,D2D_ATR:hi,Momentum_Value:lo,2,2,0,6.5,125.7,251.4,0,2
LONG,Efficiency_Ratio:hi,Lower_Wick:lo,2,2,0,6.5,120.1,240.2,0,2
LONG,Lower_Wick:lo,RangeOsc_State:==2,2,2,0,6.5,120.1,240.2,0,2
LONG,Micro_WickImbalance:hi,PrevDay_High_Dist_ATR:hi,2,2,0,5.5,73.8,147.6,0,2
LONG,Momentum_Value:lo,PrevDay_High_Dist_ATR:hi,2,2,0,6.5,125.7,251.4,0,2
LONG,Momentum_Value:lo,Volume_Avg_10:hi,2,2,0,6.5,125.7,251.4,0,2
LONG,D2D_DirStep:==-1,Round_500_Dist_ATR:lo,2,2,0,8.5,135.5,271.0,0,2
LONG,Micro_HLAsymmetry:hi,Momentum_Value:lo,2,2,0,10.0,143.6,287.2,0,2
LONG,Micro_RangeAccel:hi,Momentum_Value:lo,2,2,0,9.0,141.3,282.6,0,2
LONG,Micro_RangeVelocity:hi,Momentum_Value:lo,2,2,0,8.0,122.0,244.0,0,2
LONG,Momentum_Value:lo,Round_100_Dist_ATR:lo,2,2,0,10.0,143.6,287.2,0,2
LONG,Micro_RangeVelocity:lo,OBV_Velocity:hi,2,2,0,12.5,378.5,757.0,0,2
LONG,DailyOpen_Side:==1,Micro_OrderFlowDelta:hi,2,2,0,26.5,448.35,896.7,0,2
LONG,AT_Lookback_LT:hi,Micro_Amihud:lo,2,2,0,4.5,93.15,186.3,0,2
LONG,AT_Lookback_LT:hi,Micro_RangeAccel:lo,2,2,0,4.5,93.15,186.3,0,2
LONG,AT_Lookback_LT:hi,Micro_VPIN:hi,2,2,0,4.5,93.15,186.3,0,2
LONG,D2D_Persist:hi,Efficiency_Ratio:hi,3,2,1,4.0,1204.4,3613.2,0,3
LONG,D2D_Persist:hi,Micro_Amihud:lo,2,2,0,4.5,93.15,186.3,0,2
LONG,D2D_Persist:hi,Micro_VPIN:hi,2,2,0,4.5,93.15,186.3,0,2
LONG,Micro_Amihud:lo,OR_Low_Side:==1,2,2,0,4.5,93.15,186.3,0,2
LONG,Micro_Amihud:lo,PrevDay_Low_Side:==-1,2,2,0,4.5,93.15,186.3,0,2
LONG,Micro_Amihud:lo,VAH_Dist_ATR:hi,2,2,0,4.5,93.15,186.3,0,2
LONG,Micro_Amihud:lo,WeeklyOpen_Dist_ATR:lo,2,2,0,4.5,93.15,186.3,0,2
LONG,Micro_RangeAccel:lo,VAH_Dist_ATR:hi,2,2,0,4.5,93.15,186.3,0,2
LONG,Micro_RangeAccel:lo,WeeklyOpen_Dist_ATR:lo,2,2,0,4.5,93.15,186.3,0,2
LONG,Micro_RangeVelocity:lo,VAH_Dist_ATR:hi,2,2,0,5.0,112.1,224.2,0,2
LONG,Micro_RangeVelocity:lo,WeeklyOpen_Dist_ATR:lo,2,2,0,5.0,112.1,224.2,0,2
LONG,Micro_VPIN:hi,OR_Low_Side:==1,2,2,0,4.5,93.15,186.3,0,2
LONG,Micro_VPIN:hi,PrevDay_Low_Side:==-1,2,2,0,4.5,93.15,186.3,0,2
LONG,Micro_VPIN:hi,VAH_Dist_ATR:hi,2,2,0,4.5,93.15,186.3,0,2
LONG,Micro_VPIN:hi,WeeklyOpen_Dist_ATR:lo,2,2,0,4.5,93.15,186.3,0,2
LONG,AT_Lookback_LT:hi,Bars_Since_Flip:hi,2,2,0,5.5,111.25,222.5,0,2
LONG,AT_Lookback_LT:hi,Round_500_Dist_ATR:lo,2,2,0,5.5,111.25,222.5,0,2
LONG,VAH_Dist_ATR:hi,VA_Position:hi,2,2,0,6.5,155.55,311.1,0,2
LONG,VA_Position:hi,WeeklyOpen_Dist_ATR:lo,2,2,0,6.5,155.55,311.1,0,2
LONG,Micro_MicroGap:hi,OR_Position:hi,2,2,0,8.0,367.95,735.9,0,2
LONG,AT_Lookback_LT:hi,Volume:hi,2,2,0,5.5,1124.5,2249.0,0,2
LONG,Lower_Wick:lo,Micro_CSSpread:hi,2,2,0,6.0,69.3,138.6,0,2
LONG,Lower_Wick:lo,RangeOsc_State:==-2,2,2,0,7.5,78.6,157.2,0,2
LONG,Micro_CSSpread:hi,Sqz_State:==1,2,2,0,16.0,834.9,1669.8,0,2
LONG,OR_Low_Side:==-1,Slope_EMA_ST:hi,2,2,0,5.5,85.6,171.2,0,2
LONG,PrevDay_Low_Dist_ATR:lo,Slope_EMA_ST:hi,2,2,0,5.5,85.6,171.2,0,2
LONG,AT_Score_LT:lo,Micro_OrderFlowDelta:lo,2,2,0,5.5,69.15,138.3,0,2
LONG,Micro_CSSpread:hi,Micro_OrderFlowDelta:lo,2,2,0,8.0,73.8,147.6,0,2
LONG,DailyOpen_Dist_ATR:lo,Sqz_State:==-1,2,2,0,8.0,100.85,201.7,0,2
LONG,Sqz_State:==-1,VWAP_Dist_ATR:lo,2,2,0,8.0,100.85,201.7,0,2
LONG,Micro_MicroGap:lo,PrevDay_Close_Side:==-1,2,2,0,5.0,81.5,163.0,0,2
LONG,Micro_MicroGap:lo,PrevDay_High_Dist_ATR:lo,2,2,0,5.0,81.5,163.0,0,2
LONG,PrevDay_Close_Side:==-1,VA_Position:hi,2,2,0,9.0,244.0,488.0,0,2
LONG,VA_Position:hi,WeeklyOpen_Side:==-1,2,2,0,8.5,442.1,884.2,0,2
LONG,AT_Slope_LT:lo,D2D_Dynamic_Sensitivity:lo,2,2,0,39.5,2772.0,5544.0,0,2
LONG,AT_Slope_ST:lo,D2D_Dynamic_Sensitivity:lo,2,2,0,39.5,2772.0,5544.0,0,2
LONG,Body_Size:hi,D2D_Dynamic_Sensitivity:lo,3,2,1,28.33,1542.0,4626.0,0,3
LONG,D2D_ATR:hi,D2D_Dynamic_Sensitivity:lo,2,2,0,39.5,2772.0,5544.0,0,2
LONG,D2D_Dynamic_Sensitivity:lo,D2D_Signal:==0,2,2,0,39.5,2772.0,5544.0,0,2
LONG,D2D_Dynamic_Sensitivity:lo,Micro_Amihud:hi,2,2,0,39.5,2772.0,5544.0,0,2
LONG,D2D_Dynamic_Sensitivity:lo,Micro_FailedBreak:hi,2,2,0,39.5,2772.0,5544.0,0,2
LONG,D2D_Dynamic_Sensitivity:lo,Micro_RangeAccel:lo,2,2,0,39.5,2772.0,5544.0,0,2
LONG,D2D_Dynamic_Sensitivity:lo,RangeOsc_State:==-1,2,2,0,39.5,2772.0,5544.0,0,2
LONG,D2D_Dynamic_Sensitivity:lo,Slope_EMA_ST:lo,3,2,1,28.33,1542.0,4626.0,0,3
LONG,D2D_Dynamic_Sensitivity:lo,VWAP_Side:==-1,2,2,0,39.5,2772.0,5544.0,0,2
LONG,Micro_RangeAccel:lo,Micro_RangeVelocity:hi,2,2,0,22.0,820.8,1641.6,0,2
LONG,Micro_VPIN:lo,VWAP_Sigma_ATR:lo,2,2,0,23.5,1052.25,2104.5,0,2
LONG,AT_Score_LT:lo,ST_Flip_Event:==1,3,2,1,5.67,-297.4,-892.2,0,3
LONG,Micro_CSSpread:lo,Micro_LogReturn:hi,2,2,0,7.0,208.5,417.0,0,2
LONG,Micro_VolOfVol:hi,ST_Flip_Event:==1,2,2,0,5.5,187.25,374.5,0,2
LONG,ST_Flip_Event:==1,VWAP_Sigma:hi,3,2,1,5.67,-297.4,-892.2,0,3
LONG,AT_Score_LT:lo,TChan_A15:hi,2,2,0,6.5,108.15,216.3,0,2
LONG,Harmonic_OBVf_Concordance:==0,Micro_OrderFlowDelta:lo,2,2,0,7.0,121.1,242.2,0,2
LONG,ADX_Value:hi,Micro_Entropy:lo,2,2,0,8.5,4971.25,9942.5,0,2
LONG,AT_Regime_LT:==1,Harmonic_LLEMA:hi,2,2,0,4.5,96.4,192.8,0,2
LONG,D2D_Signal:==1,Harmonic_LLEMA:hi,2,2,0,5.0,77.5,155.0,0,2
LONG,Harmonic_LLEMA:hi,Micro_RangeAccel:lo,2,2,0,5.0,77.5,155.0,0,2
LONG,Harmonic_LLEMA:hi,PoC_Side:==1,2,2,0,5.0,77.5,155.0,0,2
LONG,Session_High_Dist_ATR:lo,Sqz_Val:hi,2,2,0,10.0,1877.0,3754.0,0,2
LONG,Micro_VolOfVol:lo,ST_Flip_Event:==1,2,2,0,5.0,307.6,615.2,0,2
LONG,ADX_Rising:==1,Efficiency_Ratio:hi,2,2,0,5.0,74.75,149.5,0,2
LONG,PrevDay_Close_Side:==-1,RangeOsc_State:==-2,2,2,0,29.0,15666.0,31332.0,0,2
LONG,AT_Lookback_LT:hi,PrevDay_High_Side:==1,2,2,0,6.0,200.7,401.4,0,2
LONG,Micro_MomoTransfer:lo,PrevDay_High_Side:==1,2,2,0,6.0,200.7,401.4,0,2
LONG,Harmonic_OBVf_Concordance:==0,VA_Position:hi,2,2,0,10.0,714.5,1429.0,0,2
LONG,KAMA_Dist:lo,VA_Position:hi,2,2,0,10.0,714.5,1429.0,0,2
LONG,Micro_MicroGap:hi,PrevDay_High_Side:==1,2,2,0,12.5,514.8,1029.6,0,2
LONG,PrevDay_High_Side:==1,TChan_A15:hi,2,2,0,7.0,562.6,1125.2,0,2
LONG,Micro_RangeAccel:hi,Slope_Accel_LT:lo,2,2,0,13.5,556.2,1112.4,0,2
LONG,Micro_PriceAccel:hi,Micro_VPIN:lo,2,2,0,9.0,232.15,464.3,0,2
LONG,Slope_Accel_LT:hi,VA_Position:hi,2,2,0,11.0,756.5,1513.0,0,2
LONG,Micro_FailedBreak:hi,MultiDay_Position:hi,3,2,1,6.0,-127.33,-382.0,0,3
LONG,Micro_MicroGap:lo,MultiDay_Position:hi,2,2,0,4.5,385.6,771.2,0,2
LONG,Micro_VPIN:lo,MultiDay_Position:hi,2,2,0,6.0,157.15,314.3,0,2
LONG,Micro_FractalDim:hi,MultiDay_Position:hi,2,2,0,4.0,158.7,317.4,0,2
LONG,Micro_FractalDim:hi,Round_1000_Dist_ATR:lo,2,2,0,4.0,158.7,317.4,0,2
LONG,DailyOpen_Side:==-1,Micro_FractalDim:hi,2,2,0,7.5,106.25,212.5,0,2
LONG,Micro_Rejection:lo,PrevDay_Low_Side:==1,2,2,0,4.5,128.85,257.7,0,2
LONG,MultiDay_Position:hi,RangeOsc_Val:hi,2,2,0,5.5,154.05,308.1,0,2
LONG,D2D_Dynamic_Sensitivity:lo,Round_1000_Dist_ATR:lo,2,2,0,26.0,2661.0,5322.0,0,2
LONG,Lower_Wick:lo,OR_Position:hi,2,2,0,9.0,933.45,1866.9,0,2
LONG,Micro_OrderFlowDelta:hi,Slope_EMA_ST:hi,2,2,0,8.5,872.25,1744.5,0,2
LONG,Micro_WickImbalance:hi,OR_High_Side:==1,2,2,0,9.0,933.45,1866.9,0,2
LONG,MultiDay_Position:lo,PrevDay_Close_Side:==-1,2,2,0,12.0,978.95,1957.9,0,2
LONG,MultiDay_Position:lo,RangeOsc_Val:hi,2,2,0,12.0,978.95,1957.9,0,2
LONG,OR_High_Side:==1,Slope_EMA_ST:hi,2,2,0,10.0,891.45,1782.9,0,2
LONG,PrevDay_Close_Side:==-1,VWAP_Sigma_ATR:lo,2,2,0,12.0,978.95,1957.9,0,2
LONG,RangeOsc_Val:hi,VWAP_Sigma_ATR:lo,2,2,0,12.0,978.95,1957.9,0,2
LONG,Micro_WickImbalance:lo,Momentum_Value:lo,2,2,0,7.5,154.15,308.3,0,2
LONG,PrevDay_High_Dist_ATR:hi,Round_500_Dist_ATR:lo,2,2,0,6.0,130.2,260.4,0,2
LONG,AT_Slope_LT:lo,RangeOsc_Val:hi,2,2,0,10.5,511.35,1022.7,0,2
LONG,Micro_VolOfVol:hi,RangeOsc_Val:hi,2,2,0,9.5,364.5,729.0,0,2
LONG,Micro_WickImbalance:lo,RangeOsc_Val:hi,2,2,0,9.5,364.5,729.0,0,2
LONG,RangeOsc_Val:hi,Slope_EMA_ST:lo,2,2,0,10.5,441.0,882.0,0,2
LONG,RangeOsc_Val:hi,VWAP_Sigma:hi,2,2,0,11.5,409.65,819.3,0,2
LONG,Micro_IBSP:lo,Upper_Wick:hi,2,2,0,8.0,171.7,343.4,0,2
LONG,PrevDay_High_Dist_ATR:lo,VWAP_Sigma:lo,2,2,0,3.5,296.2,592.4,0,2
LONG,EMA_Oscillator:hi,PrevDay_High_Dist_ATR:lo,2,2,0,8.5,174.3,348.6,0,2
LONG,PrevDay_High_Dist_ATR:lo,ST_Flip_Event:==-1,2,2,0,10.0,56.05,112.1,0,2
LONG,PrevDay_High_Dist_ATR:lo,Slope_Accel_ST:lo,2,2,0,10.0,56.05,112.1,0,2
LONG,Slope_Accel_ST:lo,Sqz_State:==1,2,2,0,10.0,56.05,112.1,0,2
LONG,Micro_MomoTransfer:lo,VA_Position:hi,2,2,0,5.0,105.1,210.2,0,2
LONG,OBV_Macd:lo,PrevDay_High_Side:==1,2,2,0,13.5,515.7,1031.4,0,2
LONG,ADX_Rising:==0,Micro_BarOverlap:lo,2,2,0,16.5,528.6,1057.2,0,2
LONG,Micro_BarOverlap:lo,Session_High_Dist_ATR:lo,2,2,0,16.5,528.6,1057.2,0,2
LONG,RangeOsc_State:==-1,Session_High_Dist_ATR:lo,2,2,0,18.0,520.8,1041.6,0,2
LONG,Harmonic_LLEMA:hi,Micro_OrderFlowDelta:lo,2,2,0,10.0,255.6,511.2,0,2
LONG,ADX_Value:hi,MultiDay_Slope:lo,2,2,0,27.5,361.55,723.1,0,2
LONG,Micro_Entropy:lo,Micro_TickIntensity:hi,2,2,0,6.5,186.4,372.8,0,2
LONG,ADX_Value:lo,Micro_AutoCorr:hi,2,2,0,5.5,234.3,468.6,0,2
LONG,ADX_Value:lo,TChan_A15:hi,2,2,0,5.5,234.3,468.6,0,2
LONG,ADX_Value:lo,Volume_Ratio_10:hi,2,2,0,5.5,234.3,468.6,0,2
LONG,Micro_FractalDim:lo,Momentum_Value:lo,2,2,0,8.5,231.6,463.2,0,2
LONG,Micro_FractalDim:lo,VA_Position:hi,2,2,0,10.0,169.8,339.6,0,2
LONG,ADX_Value:lo,Micro_GarmanKlass:hi,2,2,0,6.5,323.0,646.0,0,2
LONG,ADX_Value:lo,Micro_RollProxy:hi,2,2,0,10.0,294.8,589.6,0,2
LONG,ADX_Value:lo,PrevDay_Close_Dist_ATR:hi,2,2,0,6.5,323.0,646.0,0,2
LONG,Micro_GarmanKlass:hi,Micro_Hurst:hi,2,2,0,12.0,274.0,548.0,0,2
LONG,Micro_GarmanKlass:hi,PrevDay_High_Side:==1,2,2,0,7.0,533.9,1067.8,0,2
LONG,Micro_GarmanKlass:hi,Slope_EMA_ST:hi,2,2,0,6.5,323.0,646.0,0,2
LONG,Micro_HLAsymmetry:hi,Slope_EMA_ST:hi,2,2,0,8.5,299.0,598.0,0,2
LONG,Micro_Hurst:hi,PrevDay_Close_Dist_ATR:hi,2,2,0,12.0,274.0,548.0,0,2
LONG,Micro_Hurst:hi,Slope_EMA_ST:hi,2,2,0,8.0,404.0,808.0,0,2
LONG,Micro_RollProxy:hi,Slope_EMA_ST:hi,2,2,0,6.5,223.75,447.5,0,2
LONG,PrevDay_Close_Dist_ATR:hi,Slope_EMA_ST:hi,2,2,0,6.5,323.0,646.0,0,2
LONG,Slope_Accel_LT:lo,Slope_EMA_ST:hi,2,2,0,8.5,299.0,598.0,0,2
LONG,Bars_Since_Flip:hi,PrevDay_High_Side:==1,2,2,0,5.5,72.2,144.4,0,2
LONG,Micro_CSSpread:hi,PrevDay_High_Side:==1,2,2,0,5.5,72.2,144.4,0,2
LONG,Lower_Wick:lo,Slope_Accel_LT:lo,2,2,0,11.0,136.3,272.6,0,2
LONG,Micro_OrderFlowDelta:hi,PrevDay_High_Side:==1,2,2,0,13.5,479.7,959.4,0,2
LONG,Micro_RangeAccel:hi,OR_Position:hi,2,2,0,9.5,540.0,1080.0,0,2
LONG,Micro_RangeAccel:hi,VWAP_Dist_ATR:lo,2,2,0,11.0,504.0,1008.0,0,2
LONG,Micro_RollProxy:lo,OR_Position:hi,2,2,0,12.0,798.0,1596.0,0,2
LONG,Micro_RollProxy:lo,VWAP_Dist_ATR:lo,3,2,1,10.0,206.4,619.2,0,3
LONG,Round_100_Dist_ATR:lo,VWAP_Dist_ATR:lo,2,2,0,10.5,882.0,1764.0,0,2
LONG,Round_100_Dist_ATR:lo,VWAP_Side:==1,2,2,0,10.5,882.0,1764.0,0,2
LONG,AT_Score_LT:hi,DailyOpen_Dist_ATR:lo,2,2,0,5.5,554.4,1108.8,0,2
LONG,AT_Score_LT:hi,Micro_VolOfVol:hi,2,2,0,5.0,368.3,736.6,0,2
LONG,DailyOpen_Dist_ATR:lo,Micro_GarmanKlass:hi,2,2,0,5.5,554.4,1108.8,0,2
LONG,DailyOpen_Dist_ATR:lo,Micro_Rejection:hi,2,2,0,5.5,554.4,1108.8,0,2
LONG,DailyOpen_Dist_ATR:lo,PrevDay_High_Side:==1,2,2,0,8.0,759.9,1519.8,0,2
LONG,Micro_GarmanKlass:hi,Momentum_Value:lo,2,2,0,5.5,378.9,757.8,0,2
LONG,PrevDay_High_Side:==1,RangeOsc_State:==-1,2,2,0,9.5,432.4,864.8,0,2
LONG,EMA_Oscillator:lo,Micro_Rejection:lo,3,2,1,9.67,-193.2,-579.6,0,3
LONG,EMA_Oscillator:lo,OR_Position:lo,3,2,1,10.0,-195.1,-585.3,0,3
LONG,EMA_Oscillator:lo,PrevDay_High_Side:==1,2,2,0,10.0,140.1,280.2,0,2
LONG,EMA_Oscillator:lo,Round_500_Dist_ATR:lo,2,2,0,12.0,218.8,437.6,0,2
LONG,Micro_Entropy:lo,ST_Flip_Event:==-1,2,2,0,6.5,184.05,368.1,0,2
LONG,D2D_ATR:hi,OR_Low_Side:==1,2,2,0,7.5,863.15,1726.3,0,2
LONG,D2D_Persist:hi,PrevDay_High_Dist_ATR:hi,2,2,0,6.0,102.0,204.0,0,2
LONG,Dist_To_PoC_ATR:lo,PrevDay_High_Dist_ATR:hi,2,2,0,6.0,102.0,204.0,0,2
LONG,Micro_VolOfVol:lo,PrevDay_High_Dist_ATR:hi,2,2,0,6.0,102.0,204.0,0,2
LONG,PrevDay_High_Dist_ATR:hi,Round_1000_Dist_ATR:lo,2,2,0,6.0,102.0,204.0,0,2
LONG,AT_Regime_LT:==1,Dist_To_PoC_ATR:lo,2,2,0,6.5,77.8,155.6,0,2
LONG,Micro_HLAsymmetry:hi,PrevDay_Close_Side:==-1,2,2,0,24.5,7539.5,15079.0,0,2
LONG,OR_Position:hi,Slope_Accel_LT:lo,2,2,0,7.0,147.5,295.0,0,2
LONG,PrevDay_Close_Side:==-1,Slope_Accel_LT:lo,2,2,0,24.5,7539.5,15079.0,0,2
LONG,ADX_Value:hi,D2D_Persist:hi,2,2,0,8.0,326.7,653.4,0,2
LONG,ADX_Value:hi,RangeOsc_Val:hi,2,2,0,5.0,184.5,369.0,0,2
LONG,D2D_Persist:hi,Micro_OrderFlowDelta:lo,2,2,0,8.0,326.7,653.4,0,2
LONG,D2D_Persist:hi,TChan_A15:hi,2,2,0,7.0,176.1,352.2,0,2
LONG,Micro_OrderFlowDelta:lo,RangeOsc_Val:hi,2,2,0,5.0,184.5,369.0,0,2
LONG,PrevDay_High_Dist_ATR:hi,TChan_A15:hi,2,2,0,6.5,188.4,376.8,0,2
LONG,KAMA_Dist:hi,OR_Position:hi,3,2,1,6.33,1600.07,4800.2,0,3
LONG,D2D_ATR:hi,OR_Position:hi,2,2,0,8.0,847.6,1695.2,0,2
LONG,ADX_Rising:==0,DailyOpen_Side:==-1,2,2,0,8.5,345.85,691.7,0,2
LONG,D2D_ATR_MA:hi,PrevDay_Close_Side:==-1,2,2,0,27.0,7650.0,15300.0,0,2
LONG,DailyOpen_Side:==-1,Harmonic_OBVf_Concordance:==0,2,2,0,8.5,345.85,691.7,0,2
LONG,DailyOpen_Side:==-1,KAMA_Dist:lo,2,2,0,8.5,345.85,691.7,0,2
LONG,DailyOpen_Side:==-1,PrevDay_High_Side:==-1,2,2,0,8.5,345.85,691.7,0,2
LONG,ST_Flip_Event:==-1,Session_Low_Dist_ATR:lo,2,2,0,7.5,231.25,462.5,0,2
LONG,Micro_BarOverlap:lo,Slope_Accel_LT:lo,2,2,0,14.0,385.0,770.0,0,2
LONG,Micro_Entropy:lo,Sqz_State:==1,2,2,0,12.0,716.25,1432.5,0,2
LONG,Sqz_Val:hi,Volume_Ratio_10:hi,2,2,0,10.5,495.6,991.2,0,2
LONG,Lower_Wick:hi,VWAP_Side:==1,2,2,0,8.0,203.45,406.9,0,2
LONG,Micro_MicroGap:hi,MultiDay_Slope:lo,2,2,0,26.0,427.35,854.7,0,2
LONG,Micro_MicroGap:hi,VWAP_Side:==1,2,2,0,5.5,169.2,338.4,0,2
LONG,Micro_RollProxy:hi,VWAP_Side:==1,2,2,0,24.5,7602.0,15204.0,0,2
LONG,MultiDay_Slope:lo,PoC_Side:==1,2,2,0,5.0,307.25,614.5,0,2
LONG,AT_Lookback_ST:hi,Micro_Entropy:lo,2,2,0,11.0,281.1,562.2,0,2
LONG,Bar_Range:hi,Micro_Entropy:lo,2,2,0,13.0,328.7,657.4,0,2
LONG,Micro_Entropy:lo,Micro_RollProxy:hi,2,2,0,14.5,5146.1,10292.2,0,2
LONG,Micro_HLAsymmetry:hi,Micro_MomoTransfer:hi,2,2,0,13.5,323.6,647.2,0,2
LONG,OBV_Velocity:hi,VWAP_Sigma_ATR:lo,2,2,0,9.5,597.4,1194.8,0,2
LONG,OBV_Velocity:hi,Volume_Ratio_10:hi,2,2,0,9.5,597.4,1194.8,0,2
LONG,D2D_Dynamic_Sensitivity:lo,Micro_AutoCorr:hi,2,2,0,27.5,2541.0,5082.0,0,2
LONG,Micro_WickImbalance:lo,ST_Flip_Event:==1,2,2,0,8.5,462.0,924.0,0,2
LONG,Efficiency_Ratio:hi,Micro_MicroGap:hi,2,2,0,8.5,4957.25,9914.5,0,2
LONG,Micro_Entropy:lo,Micro_FractalDim:lo,2,2,0,10.5,5022.6,10045.2,0,2
LONG,Bar_Range:hi,Micro_IBSP:lo,2,2,0,6.5,412.4,824.8,0,2
LONG,Micro_IBSP:lo,Micro_Lambda:lo,2,2,0,6.5,412.4,824.8,0,2
LONG,Micro_IBSP:lo,RangeOsc_State:==2,2,2,0,6.5,412.4,824.8,0,2
LONG,Micro_MomoTransfer:lo,OR_Low_Side:==1,2,2,0,5.0,112.5,225.0,0,2
LONG,Micro_HLAsymmetry:lo,PrevDay_High_Dist_ATR:lo,2,2,0,10.5,670.05,1340.1,0,2
LONG,Micro_HLAsymmetry:lo,PrevDay_Low_Side:==-1,2,2,0,11.0,664.1,1328.2,0,2
LONG,Micro_HLAsymmetry:lo,Slope_Accel_LT:hi,2,2,0,10.0,666.25,1332.5,0,2
LONG,ADX_Rising:==1,VWAP_Sigma_ATR:lo,2,2,0,12.0,318.5,637.0,0,2
LONG,AT_Score_LT:hi,Micro_TickIntensity:hi,2,2,0,8.5,156.3,312.6,0,2
LONG,Harmonic_OBVf_Concordance:==0,Micro_GarmanKlass:hi,2,2,0,9.0,424.2,848.4,0,2
LONG,Micro_CSSpread:hi,Micro_Rejection:hi,2,2,0,6.5,92.1,184.2,0,2
LONG,Micro_Rejection:hi,Volume_Avg_10:hi,2,2,0,6.5,92.1,184.2,0,2
LONG,AT_Score_LT:hi,D2D_ATR:hi,2,2,0,4.5,110.65,221.3,0,2
LONG,AT_Score_LT:hi,Micro_RangeAccel:lo,2,2,0,5.0,288.5,577.0,0,2
LONG,Micro_Amihud:lo,Upper_Wick:hi,2,2,0,5.0,112.5,225.0,0,2
LONG,Micro_VPIN:hi,Upper_Wick:hi,2,2,0,5.0,112.5,225.0,0,2
LONG,Micro_GarmanKlass:hi,Round_500_Dist_ATR:lo,2,2,0,4.0,75.4,150.8,0,2
LONG,Micro_GarmanKlass:hi,VA_Position:hi,2,2,0,4.0,75.4,150.8,0,2
LONG,Bar_Range:hi,Micro_GarmanKlass:hi,2,2,0,5.0,61.7,123.4,0,2
LONG,Micro_GarmanKlass:hi,Micro_Lambda:lo,2,2,0,5.0,61.7,123.4,0,2
LONG,KAMA_Dist:lo,PrevDay_High_Dist_ATR:hi,2,2,0,6.5,86.15,172.3,0,2
LONG,D2D_Signal:==1,Micro_GarmanKlass:hi,2,2,0,5.0,343.5,687.0,0,2
LONG,ADX_Rising:==1,AT_Slope_ST:lo,2,2,0,11.5,225.1,450.2,0,2
LONG,ADX_Rising:==1,Micro_RollProxy:hi,2,2,0,9.0,202.35,404.7,0,2
LONG,ADX_Rising:==1,OBVf_Signal:==1,2,2,0,11.5,225.1,450.2,0,2
LONG,D2D_ATR_MA:hi,OR_Low_Side:==1,2,2,0,12.0,207.1,414.2,0,2
LONG,OBVf_Signal:==1,OR_Low_Side:==1,2,2,0,12.0,207.1,414.2,0,2
LONG,OBVf_Signal:==1,PrevDay_High_Dist_ATR:lo,2,2,0,11.5,225.1,450.2,0,2
LONG,Micro_IBSP:hi,Session_Low_Dist_ATR:lo,2,2,0,8.5,137.6,275.2,0,2
LONG,Micro_IBSP:hi,Volume_Avg_10:hi,2,2,0,12.0,167.6,335.2,0,2
LONG,Micro_RollProxy:lo,MultiDay_Position:lo,2,2,0,14.0,193.3,386.6,0,2
LONG,Micro_RollProxy:lo,OR_Position:lo,2,2,0,15.0,162.4,324.8,0,2
LONG,Micro_RollProxy:lo,Volume:hi,3,2,1,12.33,-5.93,-17.8,0,3
LONG,Micro_FractalDim:lo,MultiDay_Position:lo,2,2,0,24.0,398.0,796.0,0,2
LONG,Micro_MicroGap:hi,Slope_EMA_ST:hi,2,2,0,9.0,183.8,367.6,0,2
LONG,ADX_Value:hi,Micro_Lambda:lo,2,2,0,9.0,200.3,400.6,0,2
LONG,Micro_Rejection:lo,MultiDay_Slope:lo,2,2,0,7.0,172.3,344.6,0,2
LONG,MultiDay_Slope:lo,OR_Low_Side:==1,3,2,1,5.33,34.67,104.0,0,3
LONG,ADX_Value:hi,Lower_Wick:lo,2,2,0,5.0,190.45,380.9,0,2
LONG,OR_High_Side:==-1,Slope_EMA_ST:hi,2,2,0,4.0,548.0,1096.0,0,2
LONG,Micro_CSSpread:lo,Session_High_Dist_ATR:lo,2,2,0,6.5,273.0,546.0,0,2
LONG,Micro_CSSpread:lo,VWAP_Dist_ATR:lo,2,2,0,6.5,273.0,546.0,0,2
LONG,Micro_CSSpread:lo,VWAP_Side:==1,2,2,0,6.5,273.0,546.0,0,2
LONG,Micro_CSSpread:lo,Volume:hi,2,2,0,6.5,273.0,546.0,0,2
LONG,PrevDay_Close_Side:==-1,ST_Flip_Event:==1,2,2,0,6.0,322.35,644.7,0,2
LONG,RangeOsc_Val:hi,ST_Flip_Event:==1,2,2,0,6.0,322.35,644.7,0,2
LONG,OR_Position:hi,RangeOsc_State:==-1,2,2,0,6.5,252.35,504.7,0,2
LONG,DailyOpen_Side:==1,Momentum_Value:lo,2,2,0,7.5,209.8,419.6,0,2
LONG,Momentum_Value:lo,Round_1000_Dist_ATR:lo,2,2,0,9.0,273.3,546.6,0,2
LONG,Bar_Range:hi,Micro_FractalDim:hi,2,2,0,8.5,91.2,182.4,0,2
LONG,Micro_IBSP:hi,Micro_TickIntensity:hi,2,2,0,7.5,116.0,232.0,0,2
LONG,DailyOpen_Side:==1,Lower_Wick:lo,3,2,1,7.33,-127.6,-382.8,0,3
LONG,Micro_Rejection:hi,MultiDay_Slope:lo,2,2,0,4.5,244.9,489.8,0,2
LONG,D2D_Persist:hi,Harmonic_LLEMA:hi,2,2,0,8.0,234.6,469.2,0,2
LONG,D2D_Persist:hi,Micro_WickImbalance:lo,2,2,0,10.5,357.0,714.0,0,2
LONG,Harmonic_LLEMA:hi,OR_Low_Side:==1,2,2,0,8.0,234.6,469.2,0,2
LONG,Harmonic_LLEMA:hi,PrevDay_Close_Side:==-1,2,2,0,6.5,255.6,511.2,0,2
LONG,Micro_OrderFlowDelta:lo,PrevDay_High_Dist_ATR:lo,2,2,0,7.0,427.0,854.0,0,2
LONG,PrevDay_High_Dist_ATR:lo,Slope_EMA_ST:hi,2,2,0,7.0,427.0,854.0,0,2
LONG,PrevDay_Low_Side:==-1,Slope_EMA_ST:hi,2,2,0,7.5,288.25,576.5,0,2
LONG,Slope_EMA_ST:hi,WeeklyOpen_Side:==-1,2,2,0,7.0,427.0,854.0,0,2
LONG,Micro_FractalDim:lo,RangeOsc_State:==-2,2,2,0,18.5,244.8,489.6,0,2
LONG,Bar_Range:hi,PrevDay_High_Side:==1,2,2,0,7.0,186.2,372.4,0,2
LONG,Micro_OrderFlowDelta:lo,Sqz_State:==-1,2,2,0,5.5,115.3,230.6,0,2
LONG,EMA_Oscillator:lo,Micro_RangeAccel:hi,2,2,0,6.0,86.85,173.7,0,2
LONG,Micro_HLAsymmetry:lo,Micro_RangeAccel:hi,2,2,0,6.0,86.85,173.7,0,2
LONG,PrevDay_High_Dist_ATR:hi,PrevDay_High_Side:==-1,2,2,0,9.0,92.4,184.8,0,2
LONG,EMA_Oscillator:lo,PrevDay_High_Dist_ATR:hi,2,2,0,8.0,94.85,189.7,0,2
LONG,Micro_HLAsymmetry:lo,PrevDay_High_Dist_ATR:hi,2,2,0,8.0,94.85,189.7,0,2
LONG,AT_Score_LT:hi,D2D_Signal:==1,2,2,0,5.0,416.75,833.5,0,2
LONG,AT_Score_LT:hi,VWAP_Sigma:hi,2,2,0,6.0,274.8,549.6,0,2
LONG,Micro_GarmanKlass:hi,VWAP_Sigma:hi,2,2,0,6.5,292.5,585.0,0,2
LONG,AT_Regime_ST:==1,AT_Score_LT:hi,2,2,0,5.5,261.05,522.1,0,2
LONG,AT_Score_LT:hi,PrevDay_High_Side:==-1,2,2,0,8.0,156.3,312.6,0,2
LONG,AT_Score_LT:hi,Micro_MomoTransfer:hi,2,2,0,7.5,299.75,599.5,0,2
LONG,Micro_HLAsymmetry:hi,MultiDay_Slope:lo,2,2,0,28.5,419.85,839.7,0,2
LONG,Micro_MomoTransfer:hi,MultiDay_Slope:lo,2,2,0,7.5,299.75,599.5,0,2
LONG,Micro_RangeAccel:hi,PrevDay_High_Dist_ATR:lo,2,2,0,18.0,901.8,1803.6,0,2
LONG,Micro_TickIntensity:hi,Round_100_Dist_ATR:lo,2,2,0,8.5,145.1,290.2,0,2
LONG,PrevDay_High_Dist_ATR:lo,Round_100_Dist_ATR:lo,2,2,0,18.0,901.8,1803.6,0,2
LONG,D2D_DirStep:==1,MultiDay_Slope:lo,2,2,0,27.0,382.65,765.3,0,2
LONG,Micro_PriceAccel:hi,VWAP_Dist_ATR:lo,2,2,0,7.5,630.0,1260.0,0,2
LONG,Micro_PriceAccel:hi,VWAP_Side:==1,2,2,0,7.5,630.0,1260.0,0,2
LONG,VWAP_Dist_ATR:lo,VWAP_Sigma:hi,2,2,0,7.5,630.0,1260.0,0,2
LONG,VWAP_Side:==1,VWAP_Sigma:hi,2,2,0,7.5,630.0,1260.0,0,2
LONG,ADX_Rising:==0,Micro_IBSP:hi,2,2,0,16.0,387.0,774.0,0,2
LONG,ADX_Rising:==0,Micro_PriceAccel:lo,2,2,0,15.5,678.4,1356.8,0,2
LONG,ADX_Rising:==0,RangeOsc_State:==-2,2,2,0,32.0,7810.0,15620.0,0,2
LONG,D2D_ATR:hi,DailyOpen_Dist_ATR:lo,2,2,0,15.5,399.9,799.8,0,2
LONG,D2D_ATR:hi,PrevDay_High_Dist_ATR:lo,2,2,0,23.0,1117.3,2234.6,0,2
LONG,D2D_DirStep:==1,DailyOpen_Dist_ATR:lo,2,2,0,32.0,7810.0,15620.0,0,2
LONG,D2D_DirStep:==1,Micro_IBSP:hi,2,2,0,24.5,490.6,981.2,0,2
LONG,Micro_AutoCorr:hi,Micro_IBSP:hi,2,2,0,24.5,490.6,981.2,0,2
LONG,OR_Position:lo,Session_High_Dist_ATR:lo,2,2,0,32.0,7810.0,15620.0,0,2
LONG,D2D_Signal:==0,Micro_IBSP:hi,2,2,0,18.5,264.0,528.0,0,2
LONG,Micro_Hurst:hi,Micro_IBSP:hi,2,2,0,18.5,240.4,480.8,0,2
LONG,Micro_IBSP:hi,Micro_RangeAccel:hi,2,2,0,7.0,387.7,775.4,0,2
LONG,Micro_IBSP:hi,Micro_VPIN:lo,2,2,0,7.0,127.0,254.0,0,2
LONG,Micro_IBSP:hi,RangeOsc_State:==2,2,2,0,7.0,387.7,775.4,0,2
LONG,Micro_VPIN:lo,Momentum_Value:lo,2,2,0,9.0,122.8,245.6,0,2
LONG,ADX_Rising:==0,VWAP_Side:==1,2,2,0,28.0,7876.8,15753.6,0,2
LONG,AT_Regime_ST:==1,OBVf_Signal:==-1,2,2,0,32.5,7938.0,15876.0,0,2
LONG,Bar_Range:hi,VWAP_Side:==1,2,2,0,28.0,7876.8,15753.6,0,2
LONG,Body_Size:hi,OBVf_Signal:==-1,2,2,0,32.5,7938.0,15876.0,0,2
LONG,Body_Size:hi,PrevDay_Close_Side:==-1,2,2,0,24.5,7521.75,15043.5,0,2
LONG,D2D_ATR_MA:hi,OBVf_Signal:==-1,2,2,0,32.5,7938.0,15876.0,0,2
LONG,D2D_DirStep:==1,PrevDay_Close_Side:==-1,2,2,0,26.5,7612.65,15225.3,0,2
LONG,Micro_AutoCorr:hi,VWAP_Side:==1,2,2,0,28.0,7876.8,15753.6,0,2
LONG,Micro_Hurst:hi,Micro_TickIntensity:lo,2,2,0,45.5,9828.0,19656.0,0,2
LONG,Micro_OrderFlowDelta:hi,Micro_TickIntensity:lo,2,2,0,45.5,9828.0,19656.0,0,2
LONG,Micro_RangeAccel:lo,Micro_TickIntensity:lo,2,2,0,45.5,9828.0,19656.0,0,2
LONG,Micro_RollProxy:hi,PrevDay_Close_Side:==-1,2,2,0,28.0,7597.8,15195.6,0,2
LONG,Micro_TickIntensity:lo,PrevDay_High_Side:==-1,2,2,0,45.5,9828.0,19656.0,0,2
LONG,OBVf_Signal:==-1,Slope_EMA_ST:lo,2,2,0,32.5,7938.0,15876.0,0,2
LONG,RangeOsc_State:==-2,VWAP_Dist_ATR:lo,2,2,0,24.5,7544.75,15089.5,0,2
LONG,AT_Slope_LT:lo,Micro_LogReturn:lo,2,2,0,12.5,436.8,873.6,0,2
LONG,AT_Slope_LT:lo,OR_Position:hi,2,2,0,10.0,553.35,1106.7,0,2
LONG,Micro_FractalDim:lo,Micro_RollProxy:lo,2,2,0,13.5,400.5,801.0,0,2
LONG,Micro_FractalDim:lo,OR_Low_Side:==1,2,2,0,10.5,588.0,1176.0,0,2
LONG,Micro_Hurst:hi,Micro_RollProxy:lo,2,2,0,13.5,400.5,801.0,0,2
LONG,Micro_Hurst:hi,OR_Position:hi,2,2,0,10.0,553.35,1106.7,0,2
LONG,Micro_RollProxy:lo,OBV_Macd:lo,2,2,0,13.5,400.5,801.0,0,2
LONG,Micro_RollProxy:lo,PrevDay_High_Side:==-1,2,2,0,13.5,400.5,801.0,0,2
LONG,Micro_LogReturn:hi,MultiDay_Position:hi,2,2,0,7.5,527.2,1054.4,0,2
LONG,Micro_TickIntensity:hi,MultiDay_Position:hi,2,2,0,5.5,142.7,285.4,0,2
LONG,Dist_To_PoC_ATR:lo,Upper_Wick:hi,2,2,0,5.0,244.2,488.4,0,2
LONG,Micro_MicroGap:hi,ST_Flip_Event:==1,2,2,0,3.5,297.75,595.5,0,2
LONG,MultiDay_Position:hi,Slope_EMA_ST:hi,2,2,0,5.0,559.0,1118.0,0,2
LONG,MultiDay_Position:hi,OR_Position:hi,2,2,0,4.0,572.2,1144.4,0,2
LONG,Bars_Since_Flip:hi,MultiDay_Position:hi,3,2,1,5.67,-92.07,-276.2,0,3
LONG,EMA_Oscillator:lo,Micro_RangeVelocity:lo,3,2,1,7.0,-214.7,-644.1,0,3
LONG,EMA_Oscillator:lo,Round_100_Dist_ATR:lo,3,2,1,7.67,-223.13,-669.4,0,3
LONG,Harmonic_OBVf_Concordance:==0,PrevDay_High_Side:==1,2,2,0,6.5,103.4,206.8,0,2
LONG,Harmonic_OBVf_Concordance:==0,Round_100_Dist_ATR:lo,2,2,0,6.5,103.4,206.8,0,2
LONG,Micro_HLAsymmetry:lo,Round_100_Dist_ATR:lo,3,2,1,7.67,-223.13,-669.4,0,3
LONG,Micro_VPIN:lo,PrevDay_High_Side:==1,2,2,0,6.5,103.4,206.8,0,2
LONG,Micro_WickImbalance:hi,PrevDay_High_Side:==1,3,2,1,6.0,-100.73,-302.2,0,3
LONG,OBVf_Signal:==1,PrevDay_High_Side:==1,2,2,0,6.5,103.4,206.8,0,2
LONG,Bars_Since_Flip:hi,Micro_TickIntensity:lo,2,2,0,35.0,2898.0,5796.0,0,2
LONG,D2D_ATR:hi,Micro_TickIntensity:lo,2,2,0,35.0,2898.0,5796.0,0,2
LONG,Micro_CSSpread:hi,Micro_TickIntensity:lo,2,2,0,35.0,2898.0,5796.0,0,2
LONG,Micro_TickIntensity:lo,Round_500_Dist_ATR:lo,2,2,0,16.5,987.0,1974.0,0,2
LONG,PrevDay_Low_Dist_ATR:lo,Slope_Accel_LT:lo,2,2,0,35.0,889.35,1778.7,0,2
LONG,ADX_Value:hi,AT_Lookback_ST:hi,2,2,0,36.5,1126.65,2253.3,0,2
LONG,ADX_Value:hi,D2D_DirStep:==1,2,2,0,47.0,2653.35,5306.7,0,2
LONG,ADX_Value:hi,DailyOpen_Side:==1,2,2,0,36.5,1126.65,2253.3,0,2
LONG,ADX_Value:hi,OR_Position:lo,2,2,0,36.5,1126.65,2253.3,0,2
LONG,ADX_Value:hi,RangeOsc_Val:lo,2,2,0,36.5,1126.65,2253.3,0,2
LONG,ADX_Value:hi,Round_500_Dist_ATR:lo,2,2,0,36.5,1126.65,2253.3,0,2
LONG,ADX_Value:hi,Slope_Accel_LT:lo,2,2,0,47.0,2653.35,5306.7,0,2
LONG,D2D_Signal:==0,Slope_Accel_LT:lo,2,2,0,47.0,2653.35,5306.7,0,2
LONG,Micro_CSSpread:hi,Micro_MicroGap:hi,2,2,0,38.5,436.8,873.6,0,2
LONG,Micro_CSSpread:hi,OBVf_Signal:==1,2,2,0,28.0,395.25,790.5,0,2
LONG,Micro_OrderFlowDelta:hi,Micro_PriceAccel:lo,2,2,0,38.0,3790.95,7581.9,0,2
LONG,MultiDay_Slope:lo,RangeOsc_Val:lo,2,2,0,27.5,360.35,720.7,0,2
LONG,Micro_IBSP:hi,PrevDay_Low_Dist_ATR:lo,2,2,0,20.5,251.6,503.2,0,2
LONG,Micro_IBSP:hi,VWAP_Sigma_ATR:lo,2,2,0,20.5,251.6,503.2,0,2
LONG,RangeOsc_State:==-2,VWAP_Sigma_ATR:lo,2,2,0,32.5,7471.95,14943.9,0,2
LONG,VWAP_Sigma_ATR:lo,WeeklyOpen_Side:==-1,2,2,0,32.5,7471.95,14943.9,0,2
LONG,PrevDay_Low_Side:==1,Slope_Accel_LT:hi,2,2,0,4.5,115.6,231.2,0,2
LONG,DailyOpen_Side:==1,Micro_Lambda:lo,2,2,0,7.0,125.8,251.6,0,2
LONG,Micro_RollProxy:lo,RangeOsc_State:==2,3,2,1,6.67,754.9,2264.7,0,3
LONG,OR_High_Side:==1,PrevDay_High_Dist_ATR:lo,2,2,0,6.5,399.0,798.0,0,2
LONG,OR_High_Side:==1,VWAP_Dist_ATR:lo,2,2,0,7.0,294.0,588.0,0,2
LONG,OR_High_Side:==1,VWAP_Side:==1,2,2,0,7.0,294.0,588.0,0,2
LONG,OR_High_Side:==1,WeeklyOpen_Side:==-1,2,2,0,6.5,399.0,798.0,0,2
LONG,PrevDay_High_Dist_ATR:lo,RangeOsc_Val:lo,2,2,0,19.0,905.1,1810.2,0,2
LONG,RangeOsc_Val:lo,WeeklyOpen_Side:==-1,2,2,0,19.0,905.1,1810.2,0,2
LONG,ADX_Rising:==1,Micro_VolOfVol:lo,2,2,0,8.0,99.9,199.8,0,2
LONG,ADX_Rising:==1,RangeOsc_State:==-1,2,2,0,8.0,99.9,199.8,0,2
LONG,OBVf_Signal:==1,PrevDay_Close_Side:==-1,2,2,0,9.5,175.65,351.3,0,2
LONG,ADX_Rising:==1,Micro_AutoCorr:hi,2,2,0,8.0,228.25,456.5,0,2
LONG,Micro_Entropy:lo,PrevDay_Low_Side:==1,2,2,0,5.0,125.5,251.0,0,2
LONG,Micro_HLAsymmetry:lo,PrevDay_Low_Side:==1,2,2,0,5.0,125.5,251.0,0,2
LONG,Micro_HLAsymmetry:lo,RangeOsc_Val:hi,2,2,0,5.0,125.5,251.0,0,2
LONG,Micro_HLAsymmetry:lo,VWAP_Side:==1,2,2,0,5.5,134.7,269.4,0,2
LONG,Micro_PriceAccel:hi,PrevDay_High_Side:==-1,2,2,0,20.5,7324.1,14648.2,0,2
LONG,Micro_CSSpread:hi,Session_High_Dist_ATR:lo,2,2,0,10.5,452.7,905.4,0,2
LONG,Momentum_Value:hi,PrevDay_High_Side:==1,2,2,0,13.5,512.1,1024.2,0,2
LONG,AT_Slope_LT:lo,Harmonic_OBVf_Concordance:==0,2,2,0,11.0,173.1,346.2,0,2
LONG,AT_Slope_LT:lo,KAMA_Dist:lo,3,2,1,10.33,-174.7,-524.1,0,3
LONG,AT_Score_LT:lo,DailyOpen_Side:==-1,2,2,0,9.0,116.0,232.0,0,2
LONG,Micro_FractalDim:hi,Volume_Avg_10:hi,2,2,0,9.5,86.0,172.0,0,2
LONG,Micro_HLAsymmetry:lo,Slope_EMA_ST:hi,2,2,0,9.0,209.05,418.1,0,2
LONG,Micro_GarmanKlass:hi,PrevDay_High_Side:==-1,2,2,0,13.5,445.4,890.8,0,2
LONG,OR_High_Side:==-1,PrevDay_Close_Dist_ATR:hi,2,2,0,9.5,443.4,886.8,0,2
LONG,PrevDay_Close_Dist_ATR:hi,PrevDay_High_Side:==-1,2,2,0,13.5,445.4,890.8,0,2
LONG,ADX_Value:hi,VWAP_Side:==1,2,2,0,8.5,470.1,940.2,0,2
LONG,DailyOpen_Side:==1,Slope_Accel_ST:lo,2,2,0,10.0,92.95,185.9,0,2
LONG,DailyOpen_Dist_ATR:lo,Lower_Wick:lo,2,2,0,10.0,559.75,1119.5,0,2
LONG,Momentum_Value:lo,Session_High_Dist_ATR:lo,2,2,0,8.0,108.6,217.2,0,2
LONG,DailyOpen_Side:==1,Round_100_Dist_ATR:lo,2,2,0,18.0,1224.3,2448.6,0,2
LONG,Micro_IBSP:hi,PrevDay_High_Side:==1,2,2,0,8.0,744.9,1489.8,0,2
LONG,MultiDay_Position:hi,Round_100_Dist_ATR:lo,2,2,0,9.0,498.0,996.0,0,2
LONG,Micro_Entropy:lo,PrevDay_High_Side:==1,2,2,0,5.0,62.25,124.5,0,2
LONG,OR_Position:lo,ST_Flip_Event:==-1,2,2,0,6.5,122.1,244.2,0,2
LONG,PrevDay_High_Side:==1,ST_Flip_Event:==-1,2,2,0,6.5,122.1,244.2,0,2
LONG,OR_Position:lo,RangeOsc_State:==2,2,2,0,6.5,409.95,819.9,0,2
LONG,PrevDay_High_Side:==1,RangeOsc_State:==2,2,2,0,6.5,409.95,819.9,0,2
LONG,Micro_RangeAccel:hi,PrevDay_High_Side:==1,2,2,0,13.5,765.9,1531.8,0,2
LONG,Micro_RangeVelocity:hi,PrevDay_High_Side:==1,2,2,0,13.5,765.9,1531.8,0,2
LONG,EMA_Oscillator:hi,TChan_A15:hi,2,2,0,38.5,2445.45,4890.9,0,2
LONG,Bars_Since_Flip:hi,OR_High_Side:==0,2,2,0,4.5,69.45,138.9,0,2
LONG,Micro_CSSpread:hi,OR_High_Side:==0,2,2,0,4.5,69.45,138.9,0,2
LONG,OR_High_Side:==0,VA_Position:hi,2,2,0,4.5,69.45,138.9,0,2
LONG,MultiDay_Position:hi,VWAP_Sigma:lo,2,2,0,5.0,134.5,269.0,0,2
LONG,Micro_FractalDim:lo,Micro_WickImbalance:hi,2,2,0,12.5,190.8,381.6,0,2
LONG,D2D_DirStep:==-1,RangeOsc_State:==-1,2,2,0,17.0,141.25,282.5,0,2
LONG,D2D_DirStep:==-1,Upper_Wick:hi,2,2,0,17.0,141.25,282.5,0,2
LONG,ADX_Rising:==0,EMA_Oscillator:lo,2,2,0,9.5,462.3,924.6,0,2
LONG,KAMA_Dist:lo,Micro_FractalDim:lo,2,2,0,9.5,462.3,924.6,0,2
LONG,Bar_Range:hi,Momentum_Value:lo,2,2,0,8.5,169.8,339.6,0,2
LONG,Micro_FractalDim:lo,Micro_OrderFlowDelta:hi,2,2,0,5.5,150.0,300.0,0,2
LONG,AT_Score_LT:lo,D2D_Persist:hi,2,2,0,7.0,102.6,205.2,0,2
LONG,AT_Score_LT:lo,OR_Low_Side:==1,2,2,0,7.0,102.6,205.2,0,2
LONG,AT_Score_LT:lo,OR_Position:hi,2,2,0,7.0,102.6,205.2,0,2
LONG,D2D_Persist:hi,VWAP_Sigma:hi,2,2,0,7.0,102.6,205.2,0,2
LONG,ADX_Rising:==1,DailyOpen_Side:==1,2,2,0,12.5,127.2,254.4,0,2
LONG,ADX_Rising:==1,Harmonic_OBVf_Concordance:==0,2,2,0,12.5,127.2,254.4,0,2
LONG,ADX_Rising:==1,KAMA_Dist:lo,2,2,0,12.5,127.2,254.4,0,2
LONG,ADX_Rising:==1,PrevDay_High_Side:==-1,2,2,0,12.5,127.2,254.4,0,2
LONG,Harmonic_OBVf_Concordance:==0,VWAP_Side:==1,2,2,0,12.5,127.2,254.4,0,2
LONG,KAMA_Dist:lo,VWAP_Side:==1,2,2,0,12.5,127.2,254.4,0,2
LONG,OBVf_Signal:==1,VWAP_Dist_ATR:lo,2,2,0,9.5,92.0,184.0,0,2
LONG,Micro_TickIntensity:lo,VA_Position:hi,2,2,0,35.5,3213.0,6426.0,0,2
LONG,EMA_Oscillator:hi,VWAP_Sigma_ATR:lo,2,2,0,32.5,10762.95,21525.9,0,2
LONG,Bars_Since_Flip:hi,EMA_Oscillator:lo,1,1,0,17.0,714.0,714.0,0,1
LONG,EMA_Oscillator:lo,Micro_Entropy:lo,1,1,0,17.0,714.0,714.0,0,1
LONG,EMA_Oscillator:lo,Micro_MicroGap:hi,1,1,0,17.0,714.0,714.0,0,1
LONG,EMA_Oscillator:lo,MultiDay_Position:lo,1,1,0,17.0,714.0,714.0,0,1
LONG,EMA_Oscillator:lo,OBV_Macd:lo,1,1,0,17.0,714.0,714.0,0,1
LONG,EMA_Oscillator:lo,PrevDay_Low_Dist_ATR:lo,1,1,0,17.0,714.0,714.0,0,1
LONG,EMA_Oscillator:lo,VWAP_Sigma_ATR:lo,1,1,0,17.0,714.0,714.0,0,1
LONG,EMA_Oscillator:lo,Volume_Ratio_10:hi,1,1,0,17.0,714.0,714.0,0,1
LONG,Micro_Entropy:lo,Momentum_Value:lo,1,1,0,17.0,714.0,714.0,0,1
LONG,Micro_HLAsymmetry:lo,OBV_Macd:lo,1,1,0,17.0,714.0,714.0,0,1
LONG,Micro_HLAsymmetry:lo,Volume_Ratio_10:hi,1,1,0,17.0,714.0,714.0,0,1
LONG,Micro_MicroGap:hi,Momentum_Value:lo,1,1,0,17.0,714.0,714.0,0,1
LONG,Momentum_Value:lo,MultiDay_Position:lo,1,1,0,17.0,714.0,714.0,0,1
LONG,Momentum_Value:lo,OBV_Macd:lo,1,1,0,17.0,714.0,714.0,0,1
LONG,Momentum_Value:lo,PrevDay_Low_Dist_ATR:lo,1,1,0,17.0,714.0,714.0,0,1
LONG,Momentum_Value:lo,VWAP_Sigma_ATR:lo,1,1,0,17.0,714.0,714.0,0,1
LONG,Micro_TickIntensity:hi,VWAP_Sigma_ATR:lo,1,1,0,6.0,109.2,109.2,0,1
LONG,AT_Score_LT:lo,Dist_To_PoC_ATR:lo,1,1,0,7.0,282.8,282.8,0,1
LONG,Dist_To_PoC_ATR:lo,Micro_Amihud:hi,1,1,0,7.0,282.8,282.8,0,1
LONG,Dist_To_PoC_ATR:lo,Micro_PriceAccel:lo,1,1,0,7.0,282.8,282.8,0,1
LONG,Dist_To_PoC_ATR:lo,Round_500_Dist_ATR:lo,1,1,0,7.0,282.8,282.8,0,1
LONG,Dist_To_PoC_ATR:lo,VWAP_Sigma_ATR:lo,1,1,0,7.0,282.8,282.8,0,1
LONG,Micro_Amihud:hi,Micro_VolOfVol:lo,1,1,0,7.0,282.8,282.8,0,1
LONG,Micro_VolOfVol:lo,VWAP_Sigma_ATR:lo,1,1,0,7.0,282.8,282.8,0,1
LONG,AT_Slope_ST:lo,Micro_IBSP:lo,1,1,0,7.0,76.2,76.2,0,1
LONG,AT_Slope_ST:lo,Micro_MomoTransfer:lo,1,1,0,7.0,76.2,76.2,0,1
LONG,DailyOpen_Side:==-1,Micro_IBSP:lo,1,1,0,7.0,76.2,76.2,0,1
LONG,DailyOpen_Side:==-1,Micro_MomoTransfer:lo,1,1,0,7.0,76.2,76.2,0,1
LONG,Dist_To_PoC_ATR:lo,Micro_IBSP:lo,1,1,0,7.0,76.2,76.2,0,1
LONG,Micro_IBSP:lo,Micro_VolOfVol:lo,1,1,0,7.0,76.2,76.2,0,1
LONG,Micro_IBSP:lo,Round_1000_Dist_ATR:lo,1,1,0,7.0,76.2,76.2,0,1
LONG,Dist_To_PoC_ATR:lo,Efficiency_Ratio:hi,1,1,0,12.0,130.9,130.9,0,1
LONG,Dist_To_PoC_ATR:lo,RangeOsc_State:==2,1,1,0,12.0,130.9,130.9,0,1
LONG,Dist_To_PoC_ATR:lo,Round_100_Dist_ATR:lo,1,1,0,12.0,130.9,130.9,0,1
LONG,Efficiency_Ratio:hi,Micro_VolOfVol:lo,1,1,0,12.0,130.9,130.9,0,1
LONG,Efficiency_Ratio:hi,Round_100_Dist_ATR:lo,1,1,0,12.0,130.9,130.9,0,1
LONG,Efficiency_Ratio:hi,VWAP_Sigma:lo,1,1,0,12.0,130.9,130.9,0,1
LONG,Micro_HLAsymmetry:hi,VWAP_Sigma:lo,1,1,0,12.0,130.9,130.9,0,1
LONG,Micro_VolOfVol:lo,RangeOsc_State:==2,1,1,0,12.0,130.9,130.9,0,1
LONG,Micro_VolOfVol:lo,Round_100_Dist_ATR:lo,1,1,0,12.0,130.9,130.9,0,1
LONG,Round_100_Dist_ATR:lo,VWAP_Sigma:lo,1,1,0,12.0,130.9,130.9,0,1
LONG,D2D_DirStep:==-1,DailyOpen_Side:==-1,1,1,0,9.0,144.0,144.0,0,1
LONG,D2D_DirStep:==-1,Dist_To_PoC_ATR:lo,1,1,0,9.0,144.0,144.0,0,1
LONG,D2D_DirStep:==-1,Micro_VolOfVol:lo,1,1,0,9.0,144.0,144.0,0,1
LONG,D2D_DirStep:==-1,OR_Position:hi,1,1,0,9.0,144.0,144.0,0,1
LONG,D2D_DirStep:==-1,VWAP_Sigma:lo,1,1,0,9.0,144.0,144.0,0,1
LONG,DailyOpen_Side:==-1,EMA_Oscillator:lo,1,1,0,9.0,144.0,144.0,0,1
LONG,Micro_FailedBreak:hi,VWAP_Sigma:lo,1,1,0,9.0,144.0,144.0,0,1
LONG,Micro_RangeVelocity:hi,VWAP_Sigma:lo,1,1,0,9.0,144.0,144.0,0,1
LONG,VWAP_Side:==-1,VWAP_Sigma:lo,1,1,0,9.0,144.0,144.0,0,1
LONG,DailyOpen_Dist_ATR:lo,Micro_MomoTransfer:hi,1,1,0,12.0,81.9,81.9,0,1
LONG,EMA_Oscillator:lo,Micro_MomoTransfer:hi,1,1,0,12.0,81.9,81.9,0,1
LONG,Harmonic_OBVf_Concordance:==0,Micro_MomoTransfer:hi,1,1,0,12.0,81.9,81.9,0,1
LONG,KAMA_Dist:lo,Micro_MomoTransfer:hi,1,1,0,12.0,81.9,81.9,0,1
LONG,AT_Regime_LT:==1,Micro_IBSP:lo,1,1,0,10.0,349.0,349.0,0,1
LONG,Micro_Entropy:lo,Micro_IBSP:lo,1,1,0,10.0,349.0,349.0,0,1
LONG,Micro_Entropy:lo,VWAP_Sigma:lo,1,1,0,10.0,349.0,349.0,0,1
LONG,Micro_IBSP:lo,Micro_MomoTransfer:hi,1,1,0,10.0,349.0,349.0,0,1
LONG,Micro_IBSP:lo,Micro_RangeAccel:lo,1,1,0,10.0,349.0,349.0,0,1
LONG,Micro_IBSP:lo,Micro_RangeVelocity:lo,1,1,0,10.0,349.0,349.0,0,1
LONG,Micro_IBSP:lo,Slope_EMA_ST:hi,1,1,0,10.0,349.0,349.0,0,1
LONG,ST_Flip_Event:==-1,VWAP_Sigma:lo,1,1,0,11.0,283.8,283.8,0,1
LONG,Slope_Accel_ST:lo,VWAP_Sigma:lo,1,1,0,11.0,283.8,283.8,0,1
LONG,Slope_Accel_ST:lo,Volume_Avg_10:hi,1,1,0,11.0,283.8,283.8,0,1
LONG,Dist_To_PoC_ATR:lo,Micro_Hurst:hi,1,1,0,5.0,82.5,82.5,0,1
LONG,Bar_Range:hi,Micro_MomoTransfer:lo,1,1,0,5.0,52.0,52.0,0,1
LONG,Micro_MomoTransfer:lo,Micro_TickIntensity:hi,1,1,0,5.0,52.0,52.0,0,1
LONG,OBV_Macd:lo,VWAP_Sigma:lo,1,1,0,5.0,52.0,52.0,0,1
LONG,Micro_PriceAccel:lo,Micro_TickIntensity:hi,1,1,0,19.0,345.8,345.8,0,1
LONG,Micro_PriceAccel:lo,PoC_Side:==1,1,1,0,19.0,345.8,345.8,0,1
LONG,ADX_Rising:==1,ST_Flip_Event:==1,1,1,0,6.0,287.4,287.4,0,1
LONG,Harmonic_LLEMA:hi,Micro_Hurst:hi,1,1,0,6.0,287.4,287.4,0,1
LONG,Harmonic_LLEMA:hi,ST_Flip_Event:==1,1,1,0,6.0,287.4,287.4,0,1
LONG,Harmonic_LLEMA:hi,Sqz_Val:hi,1,1,0,5.0,92.5,92.5,0,1
LONG,Micro_FractalDim:hi,VA_Position:hi,1,1,0,5.0,58.5,58.5,0,1
LONG,Micro_FractalDim:hi,VWAP_Side:==1,1,1,0,5.0,58.5,58.5,0,1
LONG,Harmonic_OBVf_Concordance:==0,Micro_RangeAccel:hi,1,1,0,7.0,450.6,450.6,0,1
LONG,Micro_MicroGap:hi,RangeOsc_State:==-2,2,1,1,17.5,440.6,881.2,0,2
LONG,Micro_MicroGap:hi,WeeklyOpen_Side:==-1,2,1,1,17.5,440.6,881.2,0,2
LONG,ADX_Rising:==0,MultiDay_Position:hi,1,1,0,8.0,625.6,625.6,0,1
LONG,Micro_Amihud:hi,Micro_FractalDim:lo,1,1,0,29.0,692.0,692.0,0,1
LONG,Micro_BarOverlap:lo,Micro_MicroGap:lo,1,1,0,29.0,692.0,692.0,0,1
LONG,Micro_BarOverlap:lo,OR_High_Side:==-1,1,1,0,29.0,692.0,692.0,0,1
LONG,Micro_BarOverlap:lo,Micro_VolOfVol:lo,1,1,0,20.0,206.7,206.7,0,1
LONG,Micro_FailedBreak:hi,Micro_PriceAccel:lo,1,1,0,20.0,206.7,206.7,0,1
LONG,Micro_VolOfVol:lo,OR_Position:lo,1,1,0,20.0,206.7,206.7,0,1
LONG,D2D_Signal:==0,Micro_FractalDim:hi,2,1,1,19.0,-52.45,-104.9,0,2
LONG,D2D_Signal:==0,OBV_Velocity:hi,2,1,1,19.0,-52.45,-104.9,0,2
LONG,Lower_Wick:hi,Micro_FractalDim:hi,1,1,0,31.0,317.2,317.2,0,1
LONG,Micro_BarOverlap:lo,Micro_FractalDim:hi,1,1,0,31.0,317.2,317.2,0,1
LONG,Micro_BarOverlap:lo,OBV_Velocity:hi,1,1,0,31.0,317.2,317.2,0,1
LONG,Micro_FractalDim:hi,Micro_RollProxy:hi,1,1,0,31.0,317.2,317.2,0,1
LONG,Micro_FractalDim:hi,OBVf_Signal:==1,1,1,0,31.0,317.2,317.2,0,1
LONG,Micro_FractalDim:hi,Micro_VolOfVol:lo,1,1,0,10.0,83.3,83.3,0,1
LONG,Micro_MomoTransfer:hi,Micro_PriceAccel:lo,1,1,0,5.0,83.5,83.5,0,1
LONG,Micro_MomoTransfer:hi,RangeOsc_State:==-2,1,1,0,5.0,83.5,83.5,0,1
LONG,Micro_MomoTransfer:hi,Sqz_State:==1,1,1,0,5.0,83.5,83.5,0,1
LONG,Micro_MomoTransfer:hi,Sqz_Val:hi,1,1,0,5.0,83.5,83.5,0,1
LONG,Micro_HLAsymmetry:hi,PrevDay_Low_Side:==1,1,1,0,4.0,56.8,56.8,0,1
LONG,Micro_LogReturn:hi,PrevDay_Low_Side:==1,1,1,0,4.0,56.8,56.8,0,1
LONG,OR_High_Side:==-1,PrevDay_Low_Side:==1,1,1,0,4.0,56.8,56.8,0,1
LONG,PrevDay_Low_Side:==1,Volume:hi,1,1,0,4.0,56.8,56.8,0,1
LONG,Efficiency_Ratio:hi,Micro_Hurst:hi,1,1,0,4.0,583.8,583.8,0,1
LONG,DailyOpen_Dist_ATR:lo,RangeOsc_Val:lo,1,1,0,24.0,609.0,609.0,0,1
LONG,Micro_IBSP:hi,RangeOsc_State:==-1,1,1,0,24.0,609.0,609.0,0,1
LONG,Micro_MicroGap:hi,Micro_TickIntensity:lo,1,1,0,24.0,609.0,609.0,0,1
LONG,Micro_MicroGap:hi,OBV_Velocity:hi,1,1,0,24.0,609.0,609.0,0,1
LONG,Micro_TickIntensity:lo,OBV_Velocity:hi,1,1,0,24.0,609.0,609.0,0,1
LONG,Micro_TickIntensity:lo,OBVf_Signal:==1,1,1,0,24.0,609.0,609.0,0,1
LONG,OBV_Velocity:hi,RangeOsc_State:==-1,1,1,0,24.0,609.0,609.0,0,1
LONG,OBV_Velocity:hi,RangeOsc_Val:lo,1,1,0,24.0,609.0,609.0,0,1
LONG,Micro_Amihud:hi,Micro_Lambda:lo,2,1,1,24.0,198.75,397.5,0,2
LONG,D2D_ATR_MA:hi,Micro_MomoTransfer:hi,2,1,1,17.5,238.25,476.5,0,2
LONG,D2D_Signal:==0,Micro_MomoTransfer:hi,2,1,1,17.5,238.25,476.5,0,2
LONG,Micro_MomoTransfer:hi,OBVf_Signal:==1,2,1,1,17.5,238.25,476.5,0,2
LONG,Micro_MomoTransfer:hi,OR_Position:lo,2,1,1,17.5,238.25,476.5,0,2
LONG,D2D_DirStep:==-1,D2D_Signal:==0,1,1,0,16.0,161.7,161.7,0,1
LONG,D2D_DirStep:==-1,Momentum_Value:hi,1,1,0,16.0,161.7,161.7,0,1
LONG,Lower_Wick:hi,OBVf_Signal:==-1,1,1,0,9.0,586.8,586.8,0,1
LONG,ADX_Rising:==0,Micro_ThrustEff:lo,1,1,0,11.0,165.6,165.6,0,1
LONG,ADX_Rising:==0,OR_High_Side:==0,1,1,0,11.0,165.6,165.6,0,1
LONG,DailyOpen_Dist_ATR:lo,Micro_LogReturn:lo,1,1,0,11.0,165.6,165.6,0,1
LONG,DailyOpen_Dist_ATR:lo,Micro_ThrustEff:lo,1,1,0,11.0,165.6,165.6,0,1
LONG,DailyOpen_Dist_ATR:lo,OR_High_Side:==0,1,1,0,11.0,165.6,165.6,0,1
LONG,Harmonic_OBVf_Concordance:==0,Micro_ThrustEff:lo,1,1,0,11.0,165.6,165.6,0,1
LONG,Harmonic_OBVf_Concordance:==0,OR_High_Side:==0,1,1,0,11.0,165.6,165.6,0,1
LONG,KAMA_Dist:lo,Micro_ThrustEff:lo,1,1,0,11.0,165.6,165.6,0,1
LONG,KAMA_Dist:lo,OR_High_Side:==0,1,1,0,11.0,165.6,165.6,0,1
LONG,Micro_AutoCorr:hi,Micro_ThrustEff:lo,1,1,0,11.0,165.6,165.6,0,1
LONG,Micro_AutoCorr:hi,OR_High_Side:==0,1,1,0,11.0,165.6,165.6,0,1
LONG,Micro_Hurst:hi,Micro_ThrustEff:lo,1,1,0,11.0,165.6,165.6,0,1
LONG,Micro_LogReturn:lo,Micro_MicroGap:hi,1,1,0,11.0,165.6,165.6,0,1
LONG,Micro_LogReturn:lo,Micro_ThrustEff:lo,1,1,0,11.0,165.6,165.6,0,1
LONG,Micro_LogReturn:lo,OBVf_Signal:==-1,1,1,0,11.0,165.6,165.6,0,1
LONG,Micro_LogReturn:lo,Session_High_Dist_ATR:lo,1,1,0,11.0,165.6,165.6,0,1
LONG,Micro_LogReturn:lo,Slope_Accel_LT:lo,1,1,0,11.0,165.6,165.6,0,1
LONG,Micro_LogReturn:lo,VWAP_Dist_ATR:lo,1,1,0,11.0,165.6,165.6,0,1
LONG,Micro_MicroGap:hi,OR_High_Side:==0,1,1,0,11.0,165.6,165.6,0,1
LONG,Micro_ThrustEff:lo,OR_High_Side:==0,1,1,0,11.0,165.6,165.6,0,1
LONG,Micro_ThrustEff:lo,PrevDay_High_Side:==-1,1,1,0,11.0,165.6,165.6,0,1
LONG,Micro_ThrustEff:lo,Session_High_Dist_ATR:lo,1,1,0,11.0,165.6,165.6,0,1
LONG,Micro_ThrustEff:lo,Session_Low_Dist_ATR:lo,1,1,0,11.0,165.6,165.6,0,1
LONG,Micro_ThrustEff:lo,Slope_Accel_LT:lo,1,1,0,11.0,165.6,165.6,0,1
LONG,Micro_ThrustEff:lo,TChan_A15:hi,1,1,0,11.0,165.6,165.6,0,1
LONG,Micro_ThrustEff:lo,Upper_Wick:hi,1,1,0,11.0,165.6,165.6,0,1
LONG,Micro_ThrustEff:lo,VWAP_Dist_ATR:lo,1,1,0,11.0,165.6,165.6,0,1
LONG,Micro_ThrustEff:lo,Volume:hi,1,1,0,11.0,165.6,165.6,0,1
LONG,Micro_ThrustEff:lo,Volume_Ratio_10:hi,1,1,0,11.0,165.6,165.6,0,1
LONG,OBVf_Signal:==-1,OR_High_Side:==0,1,1,0,11.0,165.6,165.6,0,1
LONG,OR_High_Side:==0,PrevDay_High_Side:==-1,1,1,0,11.0,165.6,165.6,0,1
LONG,OR_High_Side:==0,Session_High_Dist_ATR:lo,1,1,0,11.0,165.6,165.6,0,1
LONG,OR_High_Side:==0,Slope_Accel_LT:lo,1,1,0,11.0,165.6,165.6,0,1
LONG,OR_High_Side:==0,VWAP_Dist_ATR:lo,1,1,0,11.0,165.6,165.6,0,1
LONG,Micro_LogReturn:lo,RangeOsc_State:==-2,1,1,0,5.0,154.0,154.0,0,1
LONG,Micro_LogReturn:lo,Sqz_Val:hi,1,1,0,5.0,154.0,154.0,0,1
LONG,Micro_OrderFlowDelta:lo,Sqz_Val:hi,1,1,0,5.0,154.0,154.0,0,1
LONG,Body_Size:hi,Harmonic_LLEMA:hi,1,1,0,6.0,129.6,129.6,0,1
LONG,ADX_Value:hi,Micro_FractalDim:hi,1,1,0,5.0,331.0,331.0,0,1
LONG,ADX_Value:hi,OBV_Velocity:hi,1,1,0,5.0,331.0,331.0,0,1
LONG,Harmonic_LLEMA:hi,Micro_FractalDim:hi,1,1,0,5.0,331.0,331.0,0,1
LONG,Micro_WickImbalance:lo,ST_Flip_Event:==-1,1,1,0,8.0,315.0,315.0,0,1
LONG,RangeOsc_State:==-2,ST_Flip_Event:==-1,1,1,0,8.0,315.0,315.0,0,1
LONG,Efficiency_Ratio:hi,Micro_TickIntensity:lo,1,1,0,9.0,509.4,509.4,0,1
LONG,Efficiency_Ratio:hi,Slope_Accel_LT:lo,1,1,0,9.0,509.4,509.4,0,1
LONG,Micro_TickIntensity:lo,Micro_VPIN:lo,1,1,0,9.0,509.4,509.4,0,1
LONG,Micro_PriceAccel:lo,Micro_VPIN:lo,1,1,0,30.0,646.0,646.0,0,1
LONG,D2D_ATR:hi,Micro_MomoTransfer:hi,1,1,0,24.0,1002.1,1002.1,0,1
LONG,Micro_BarOverlap:lo,Micro_MomoTransfer:hi,1,1,0,24.0,1002.1,1002.1,0,1
LONG,Micro_MomoTransfer:hi,MultiDay_Position:lo,1,1,0,24.0,1002.1,1002.1,0,1
LONG,Micro_MomoTransfer:hi,RangeOsc_Val:lo,1,1,0,24.0,1002.1,1002.1,0,1
LONG,ADX_Rising:==0,AT_Score_LT:lo,1,1,0,32.0,289.1,289.1,0,1
LONG,AT_Lookback_ST:hi,Harmonic_OBVf_Concordance:==0,1,1,0,32.0,289.1,289.1,0,1
LONG,AT_Lookback_ST:hi,KAMA_Dist:lo,1,1,0,32.0,289.1,289.1,0,1
LONG,AT_Score_LT:lo,Harmonic_OBVf_Concordance:==0,1,1,0,32.0,289.1,289.1,0,1
LONG,Body_Size:hi,Harmonic_OBVf_Concordance:==0,1,1,0,32.0,289.1,289.1,0,1
LONG,Body_Size:hi,KAMA_Dist:lo,1,1,0,32.0,289.1,289.1,0,1
LONG,D2D_ATR:hi,Harmonic_OBVf_Concordance:==0,1,1,0,32.0,289.1,289.1,0,1
LONG,Harmonic_OBVf_Concordance:==0,VWAP_Sigma:hi,1,1,0,32.0,289.1,289.1,0,1
LONG,KAMA_Dist:lo,VWAP_Sigma:hi,1,1,0,32.0,289.1,289.1,0,1
LONG,D2D_Signal:==0,DailyOpen_Side:==-1,1,1,0,32.0,142.1,142.1,0,1
LONG,Micro_OrderFlowDelta:hi,PrevDay_Close_Dist_ATR:hi,1,1,0,32.0,142.1,142.1,0,1
LONG,PrevDay_Close_Dist_ATR:hi,RangeOsc_State:==-1,1,1,0,32.0,142.1,142.1,0,1
LONG,EMA_Oscillator:hi,Micro_GarmanKlass:hi,1,1,0,23.0,88.2,88.2,0,1
LONG,EMA_Oscillator:hi,PrevDay_Close_Dist_ATR:hi,1,1,0,23.0,88.2,88.2,0,1
LONG,Micro_GarmanKlass:hi,Sqz_Val:hi,1,1,0,23.0,88.2,88.2,0,1
LONG,PrevDay_Close_Dist_ATR:hi,Sqz_Val:hi,1,1,0,23.0,88.2,88.2,0,1
LONG,Micro_PriceAccel:lo,PrevDay_High_Dist_ATR:hi,1,1,0,24.0,162.5,162.5,0,1
LONG,AT_Lookback_ST:hi,RangeOsc_State:==2,1,1,0,21.0,278.8,278.8,0,1
LONG,Bars_Since_Flip:hi,RangeOsc_State:==2,3,1,2,11.0,-309.67,-929.0,0,3
LONG,D2D_Signal:==0,RangeOsc_State:==2,1,1,0,21.0,278.8,278.8,0,1
LONG,EMA_Oscillator:hi,RangeOsc_State:==2,1,1,0,21.0,278.8,278.8,0,1
LONG,MultiDay_Position:lo,RangeOsc_State:==2,3,1,2,11.0,-309.67,-929.0,0,3
LONG,Efficiency_Ratio:hi,Micro_CSSpread:lo,1,1,0,6.0,42.0,42.0,0,1
LONG,Efficiency_Ratio:hi,ST_Flip_Event:==1,1,1,0,6.0,42.0,42.0,0,1
LONG,Micro_CSSpread:lo,Micro_Lambda:lo,1,1,0,6.0,42.0,42.0,0,1
LONG,Micro_CSSpread:lo,PrevDay_Low_Side:==-1,1,1,0,6.0,42.0,42.0,0,1
LONG,Micro_CSSpread:lo,RangeOsc_State:==2,1,1,0,6.0,42.0,42.0,0,1
LONG,Micro_Lambda:lo,ST_Flip_Event:==1,1,1,0,6.0,42.0,42.0,0,1
LONG,RangeOsc_State:==2,ST_Flip_Event:==1,1,1,0,6.0,42.0,42.0,0,1
LONG,D2D_ATR:hi,ST_Flip_Event:==-1,1,1,0,9.0,92.7,92.7,0,1
LONG,PrevDay_High_Dist_ATR:hi,ST_Flip_Event:==-1,1,1,0,9.0,92.7,92.7,0,1
LONG,KAMA_Dist:hi,Micro_GarmanKlass:hi,1,1,0,5.0,72.0,72.0,0,1
LONG,KAMA_Dist:hi,PrevDay_Close_Dist_ATR:hi,1,1,0,5.0,72.0,72.0,0,1
LONG,Micro_Amihud:hi,Micro_GarmanKlass:hi,1,1,0,5.0,72.0,72.0,0,1
LONG,Micro_Amihud:hi,PrevDay_Close_Dist_ATR:hi,1,1,0,5.0,72.0,72.0,0,1
LONG,Micro_AutoCorr:hi,ST_Flip_Event:==-1,1,1,0,11.0,150.7,150.7,0,1
LONG,Micro_AutoCorr:hi,Slope_Accel_ST:lo,1,1,0,11.0,150.7,150.7,0,1
LONG,Micro_AutoCorr:hi,Sqz_State:==-1,1,1,0,11.0,150.7,150.7,0,1
LONG,Micro_FractalDim:lo,Sqz_State:==-1,1,1,0,11.0,150.7,150.7,0,1
LONG,Sqz_State:==-1,TChan_A15:hi,1,1,0,11.0,150.7,150.7,0,1
LONG,D2D_DirStep:==1,PrevDay_High_Dist_ATR:hi,1,1,0,13.0,200.8,200.8,0,1
LONG,Micro_MicroGap:hi,PrevDay_High_Dist_ATR:hi,1,1,0,7.0,73.8,73.8,0,1
LONG,ADX_Rising:==1,MultiDay_Position:hi,1,1,0,7.0,200.9,200.9,0,1
LONG,ADX_Rising:==1,Round_1000_Dist_ATR:lo,1,1,0,7.0,200.9,200.9,0,1
LONG,KAMA_Dist:hi,MultiDay_Position:hi,1,1,0,7.0,200.9,200.9,0,1
LONG,KAMA_Dist:hi,VWAP_Dist_ATR:lo,1,1,0,7.0,200.9,200.9,0,1
LONG,KAMA_Dist:hi,VWAP_Side:==1,1,1,0,7.0,200.9,200.9,0,1
LONG,MultiDay_Position:hi,PrevDay_High_Dist_ATR:lo,1,1,0,7.0,200.9,200.9,0,1
LONG,MultiDay_Position:hi,PrevDay_Low_Side:==-1,1,1,0,7.0,200.9,200.9,0,1
LONG,MultiDay_Position:hi,WeeklyOpen_Side:==-1,1,1,0,7.0,200.9,200.9,0,1
LONG,Micro_MomoTransfer:hi,ST_Flip_Event:==1,1,1,0,7.0,933.6,933.6,0,1
LONG,MultiDay_Position:hi,OR_High_Side:==1,1,1,0,7.0,933.6,933.6,0,1
LONG,MultiDay_Position:hi,ST_Flip_Event:==1,1,1,0,7.0,933.6,933.6,0,1
LONG,OR_High_Side:==1,Round_1000_Dist_ATR:lo,1,1,0,7.0,933.6,933.6,0,1
LONG,Micro_LogReturn:lo,OR_Low_Side:==1,2,1,1,9.5,-24.6,-49.2,0,2
LONG,Micro_LogReturn:lo,VWAP_Side:==-1,2,1,1,9.0,-259.8,-519.6,0,2
LONG,OR_Low_Side:==1,RangeOsc_State:==-1,2,1,1,8.5,-318.6,-637.2,0,2
LONG,D2D_Persist:hi,D2D_Signal:==1,1,1,0,6.0,117.6,117.6,0,1
LONG,D2D_Persist:hi,PoC_Side:==1,1,1,0,6.0,117.6,117.6,0,1
LONG,D2D_DirStep:==1,MultiDay_Position:hi,1,1,0,10.0,1215.0,1215.0,0,1
LONG,D2D_Signal:==0,MultiDay_Position:hi,1,1,0,10.0,1215.0,1215.0,0,1
LONG,Micro_FractalDim:lo,MultiDay_Position:hi,1,1,0,10.0,1215.0,1215.0,0,1
LONG,MultiDay_Position:hi,VWAP_Sigma:hi,1,1,0,4.0,68.4,68.4,0,1
LONG,Dist_To_PoC_ATR:lo,PrevDay_Low_Dist_ATR:lo,1,1,0,5.0,78.5,78.5,0,1
LONG,Bar_Range:hi,Micro_Amihud:lo,1,1,0,4.0,1267.2,1267.2,0,1
LONG,Bar_Range:hi,Micro_VPIN:hi,1,1,0,4.0,1267.2,1267.2,0,1
LONG,Lower_Wick:hi,Micro_Amihud:lo,1,1,0,4.0,1267.2,1267.2,0,1
LONG,Lower_Wick:hi,Micro_VPIN:hi,1,1,0,4.0,1267.2,1267.2,0,1
LONG,Micro_Amihud:lo,Micro_TickIntensity:hi,1,1,0,4.0,1267.2,1267.2,0,1
LONG,Micro_Amihud:lo,MultiDay_Slope:lo,1,1,0,4.0,1267.2,1267.2,0,1
LONG,Micro_TickIntensity:hi,Micro_VPIN:hi,1,1,0,4.0,1267.2,1267.2,0,1
LONG,Micro_VPIN:hi,MultiDay_Slope:lo,1,1,0,4.0,1267.2,1267.2,0,1
LONG,AT_Slope_ST:lo,ST_Flip_Event:==-1,1,1,0,8.0,764.8,764.8,0,1
LONG,AT_Slope_ST:lo,Slope_Accel_ST:lo,1,1,0,8.0,764.8,764.8,0,1
LONG,AT_Slope_ST:lo,Sqz_State:==-1,1,1,0,8.0,764.8,764.8,0,1
LONG,Micro_Lambda:lo,Sqz_State:==-1,1,1,0,8.0,764.8,764.8,0,1
LONG,Micro_RangeAccel:hi,ST_Flip_Event:==-1,1,1,0,8.0,764.8,764.8,0,1
LONG,Micro_RangeAccel:hi,Slope_Accel_ST:lo,1,1,0,8.0,764.8,764.8,0,1
LONG,Micro_RangeAccel:hi,Sqz_State:==-1,1,1,0,8.0,764.8,764.8,0,1
LONG,OBVf_Signal:==1,ST_Flip_Event:==-1,1,1,0,8.0,764.8,764.8,0,1
LONG,OBVf_Signal:==1,Slope_Accel_ST:lo,1,1,0,8.0,764.8,764.8,0,1
LONG,OBVf_Signal:==1,Sqz_State:==-1,1,1,0,8.0,764.8,764.8,0,1
LONG,RangeOsc_State:==2,Sqz_State:==-1,1,1,0,8.0,764.8,764.8,0,1
LONG,Micro_TickIntensity:lo,Sqz_State:==1,1,1,0,5.0,123.0,123.0,0,1
LONG,Micro_TickIntensity:lo,Sqz_Val:hi,1,1,0,5.0,123.0,123.0,0,1
LONG,ADX_Rising:==1,AT_Score_LT:hi,1,1,0,5.0,141.5,141.5,0,1
LONG,ADX_Rising:==1,Micro_GarmanKlass:hi,1,1,0,5.0,141.5,141.5,0,1
LONG,ADX_Rising:==1,Micro_Rejection:hi,1,1,0,5.0,141.5,141.5,0,1
LONG,AT_Score_LT:hi,Micro_OrderFlowDelta:hi,1,1,0,5.0,141.5,141.5,0,1
LONG,AT_Score_LT:hi,PrevDay_Close_Side:==-1,1,1,0,5.0,141.5,141.5,0,1
LONG,AT_Score_LT:hi,PrevDay_Low_Side:==-1,1,1,0,5.0,141.5,141.5,0,1
LONG,AT_Score_LT:hi,Sqz_State:==1,1,1,0,5.0,141.5,141.5,0,1
LONG,AT_Score_LT:hi,WeeklyOpen_Side:==-1,1,1,0,5.0,141.5,141.5,0,1
LONG,Micro_GarmanKlass:hi,PrevDay_Close_Side:==-1,1,1,0,5.0,141.5,141.5,0,1
LONG,Micro_OrderFlowDelta:hi,Micro_Rejection:hi,1,1,0,5.0,141.5,141.5,0,1
LONG,Micro_Rejection:hi,PrevDay_Close_Side:==-1,1,1,0,5.0,141.5,141.5,0,1
LONG,Micro_Rejection:hi,PrevDay_Low_Side:==-1,1,1,0,5.0,141.5,141.5,0,1
LONG,Micro_Rejection:hi,Sqz_State:==1,1,1,0,5.0,141.5,141.5,0,1
LONG,Micro_Rejection:hi,WeeklyOpen_Side:==-1,1,1,0,5.0,141.5,141.5,0,1
LONG,ADX_Rising:==0,OR_Low_Side:==1,1,1,0,11.0,565.4,565.4,0,1
LONG,DailyOpen_Dist_ATR:lo,Micro_Lambda:lo,2,1,1,9.5,88.3,176.6,0,2
LONG,DailyOpen_Dist_ATR:lo,OR_Low_Side:==1,2,1,1,9.5,88.3,176.6,0,2
LONG,Efficiency_Ratio:hi,OR_Position:hi,2,1,1,7.5,181.9,363.8,0,2
LONG,Harmonic_OBVf_Concordance:==0,OR_Low_Side:==1,1,1,0,11.0,565.4,565.4,0,1
LONG,Harmonic_OBVf_Concordance:==0,WeeklyOpen_Side:==-1,1,1,0,11.0,565.4,565.4,0,1
LONG,Micro_Lambda:lo,VWAP_Dist_ATR:lo,2,1,1,9.5,88.3,176.6,0,2
LONG,Micro_CSSpread:hi,WeeklyOpen_Side:==-1,2,1,1,14.5,538.05,1076.1,0,2
LONG,RangeOsc_Val:lo,Slope_Accel_LT:hi,1,1,0,11.0,94.5,94.5,0,1
LONG,Micro_FractalDim:hi,PoC_Side:==1,1,1,0,6.0,105.0,105.0,0,1
LONG,Lower_Wick:lo,VWAP_Sigma:lo,1,1,0,7.0,1848.0,1848.0,0,1
LONG,Micro_Hurst:hi,VWAP_Sigma:lo,1,1,0,7.0,1848.0,1848.0,0,1
LONG,Micro_OrderFlowDelta:hi,VWAP_Sigma:lo,1,1,0,7.0,1848.0,1848.0,0,1
LONG,Micro_WickImbalance:hi,ST_Flip_Event:==1,1,1,0,7.0,1848.0,1848.0,0,1
LONG,Momentum_Value:hi,VWAP_Sigma:lo,1,1,0,7.0,1848.0,1848.0,0,1
LONG,ST_Flip_Event:==1,VWAP_Sigma:lo,1,1,0,7.0,1848.0,1848.0,0,1
LONG,Micro_FractalDim:lo,PrevDay_Close_Side:==-1,1,1,0,4.0,87.2,87.2,0,1
LONG,Micro_FractalDim:lo,VWAP_Side:==1,1,1,0,4.0,87.2,87.2,0,1
LONG,PrevDay_Close_Side:==-1,PrevDay_Low_Side:==1,1,1,0,4.0,87.2,87.2,0,1
LONG,PrevDay_High_Dist_ATR:lo,PrevDay_Low_Side:==1,1,1,0,4.0,87.2,87.2,0,1
LONG,PrevDay_Low_Side:==1,WeeklyOpen_Side:==-1,1,1,0,4.0,87.2,87.2,0,1
LONG,Harmonic_LLEMA:hi,Micro_LogReturn:hi,1,1,0,4.0,42.0,42.0,0,1
LONG,Harmonic_LLEMA:hi,Micro_VolOfVol:hi,1,1,0,4.0,42.0,42.0,0,1
LONG,Bar_Range:hi,OR_High_Side:==0,1,1,0,11.0,157.3,157.3,0,1
LONG,D2D_ATR_MA:hi,Micro_LogReturn:lo,1,1,0,11.0,157.3,157.3,0,1
LONG,D2D_ATR_MA:hi,OR_High_Side:==0,1,1,0,11.0,157.3,157.3,0,1
LONG,D2D_Dynamic_Sensitivity:lo,Efficiency_Ratio:hi,2,1,1,8.5,-380.35,-760.7,0,2
LONG,D2D_Dynamic_Sensitivity:lo,Micro_Lambda:lo,1,1,0,11.0,157.3,157.3,0,1
LONG,D2D_Dynamic_Sensitivity:lo,RangeOsc_State:==2,2,1,1,8.5,-380.35,-760.7,0,2
LONG,D2D_Dynamic_Sensitivity:lo,ST_Flip_Event:==-1,1,1,0,11.0,157.3,157.3,0,1
LONG,D2D_Dynamic_Sensitivity:lo,Slope_Accel_ST:lo,1,1,0,11.0,157.3,157.3,0,1
LONG,Efficiency_Ratio:hi,Micro_LogReturn:lo,1,1,0,11.0,157.3,157.3,0,1
LONG,Efficiency_Ratio:hi,OR_High_Side:==0,1,1,0,11.0,157.3,157.3,0,1
LONG,Efficiency_Ratio:hi,ST_Flip_Event:==-1,1,1,0,11.0,157.3,157.3,0,1
LONG,Efficiency_Ratio:hi,Slope_Accel_ST:lo,1,1,0,11.0,157.3,157.3,0,1
LONG,Micro_FractalDim:lo,OR_High_Side:==0,1,1,0,11.0,157.3,157.3,0,1
LONG,Micro_Lambda:lo,Micro_LogReturn:lo,1,1,0,11.0,157.3,157.3,0,1
LONG,Micro_Lambda:lo,OR_High_Side:==0,1,1,0,11.0,157.3,157.3,0,1
LONG,Micro_LogReturn:lo,Micro_VPIN:lo,1,1,0,11.0,157.3,157.3,0,1
LONG,Micro_LogReturn:lo,RangeOsc_State:==2,1,1,0,11.0,157.3,157.3,0,1
LONG,Micro_LogReturn:lo,ST_Flip_Event:==-1,1,1,0,11.0,157.3,157.3,0,1
LONG,Micro_LogReturn:lo,Slope_Accel_ST:lo,1,1,0,11.0,157.3,157.3,0,1
LONG,Micro_VPIN:lo,OR_High_Side:==0,1,1,0,11.0,157.3,157.3,0,1
LONG,MultiDay_Slope:lo,Slope_Accel_ST:lo,1,1,0,11.0,157.3,157.3,0,1
LONG,OR_High_Side:==0,RangeOsc_State:==2,1,1,0,11.0,157.3,157.3,0,1
LONG,OR_High_Side:==0,ST_Flip_Event:==-1,1,1,0,11.0,157.3,157.3,0,1
LONG,OR_High_Side:==0,Slope_Accel_ST:lo,1,1,0,11.0,157.3,157.3,0,1
LONG,RangeOsc_State:==2,Upper_Wick:hi,1,1,0,11.0,157.3,157.3,0,1
LONG,Slope_Accel_ST:lo,Upper_Wick:hi,1,1,0,11.0,157.3,157.3,0,1
LONG,D2D_Persist:hi,Micro_CSSpread:hi,1,1,0,4.0,51.2,51.2,0,1
LONG,Micro_CSSpread:hi,OR_Position:hi,1,1,0,4.0,51.2,51.2,0,1
LONG,OR_Position:hi,Round_500_Dist_ATR:lo,1,1,0,4.0,51.2,51.2,0,1
LONG,OR_Position:hi,VA_Position:hi,1,1,0,4.0,51.2,51.2,0,1
LONG,D2D_Dynamic_Sensitivity:lo,DailyOpen_Dist_ATR:lo,1,1,0,6.0,252.0,252.0,0,1
LONG,D2D_Dynamic_Sensitivity:lo,OBV_Velocity:hi,1,1,0,6.0,252.0,252.0,0,1
LONG,D2D_Dynamic_Sensitivity:lo,Session_High_Dist_ATR:lo,1,1,0,6.0,252.0,252.0,0,1
LONG,D2D_Dynamic_Sensitivity:lo,VWAP_Dist_ATR:lo,1,1,0,6.0,252.0,252.0,0,1
LONG,D2D_Dynamic_Sensitivity:lo,VWAP_Side:==1,1,1,0,6.0,252.0,252.0,0,1
LONG,DailyOpen_Dist_ATR:lo,Micro_MicroGap:lo,1,1,0,6.0,252.0,252.0,0,1
LONG,Micro_MicroGap:lo,OBV_Velocity:hi,1,1,0,6.0,252.0,252.0,0,1
LONG,Micro_MicroGap:lo,Session_High_Dist_ATR:lo,1,1,0,6.0,252.0,252.0,0,1
LONG,Micro_MicroGap:lo,VWAP_Dist_ATR:lo,1,1,0,6.0,252.0,252.0,0,1
LONG,Micro_MicroGap:lo,VWAP_Side:==1,1,1,0,6.0,252.0,252.0,0,1
LONG,D2D_Persist:hi,Lower_Wick:lo,1,1,0,5.0,203.5,203.5,0,1
LONG,ADX_Rising:==1,Micro_Lambda:lo,1,1,0,5.0,114.0,114.0,0,1
LONG,ADX_Rising:==1,OR_Position:hi,1,1,0,5.0,114.0,114.0,0,1
LONG,Micro_Lambda:lo,Micro_OrderFlowDelta:hi,1,1,0,5.0,114.0,114.0,0,1
LONG,Micro_Lambda:lo,Session_High_Dist_ATR:lo,1,1,0,5.0,114.0,114.0,0,1
LONG,ADX_Rising:==1,OBVf_Signal:==-1,1,1,0,8.0,351.2,351.2,0,1
LONG,Micro_PriceAccel:hi,OR_Low_Side:==1,1,1,0,8.0,351.2,351.2,0,1
LONG,EMA_Oscillator:hi,Micro_WickImbalance:hi,2,1,1,6.0,-292.2,-584.4,0,2
LONG,Lower_Wick:lo,ST_Flip_Event:==-1,2,1,1,9.5,-97.75,-195.5,0,2
LONG,Lower_Wick:lo,Slope_Accel_ST:lo,2,1,1,9.5,-97.75,-195.5,0,2
LONG,Micro_CSSpread:lo,Micro_Hurst:hi,1,1,0,3.0,252.0,252.0,0,1
LONG,Micro_MicroGap:lo,Micro_PriceAccel:hi,1,1,0,7.0,2361.1,2361.1,0,1
LONG,AT_Score_LT:lo,Micro_Entropy:lo,1,1,0,6.0,236.4,236.4,0,1
LONG,Lower_Wick:lo,Micro_MicroGap:lo,1,1,0,9.0,118.2,118.2,0,1
LONG,Lower_Wick:lo,Micro_VolOfVol:lo,1,1,0,9.0,118.2,118.2,0,1
LONG,Micro_CSSpread:hi,Micro_PriceAccel:hi,1,1,0,3.0,96.6,96.6,0,1
LONG,ADX_Value:lo,AT_Score_LT:hi,1,1,0,5.0,77.5,77.5,0,1
LONG,ADX_Value:lo,Micro_FailedBreak:hi,1,1,0,5.0,77.5,77.5,0,1
LONG,ADX_Value:lo,Volume_Avg_10:hi,1,1,0,5.0,77.5,77.5,0,1
LONG,AT_Lookback_ST:hi,AT_Score_LT:hi,1,1,0,5.0,77.5,77.5,0,1
LONG,AT_Score_LT:hi,Micro_FailedBreak:hi,1,1,0,5.0,77.5,77.5,0,1
LONG,AT_Score_LT:hi,Slope_EMA_ST:hi,1,1,0,5.0,77.5,77.5,0,1
LONG,Micro_FailedBreak:hi,Slope_EMA_ST:hi,1,1,0,5.0,77.5,77.5,0,1
LONG,Bars_Since_Flip:hi,OBVf_Signal:==-1,1,1,0,7.0,294.0,294.0,0,1
LONG,DailyOpen_Side:==-1,OBVf_Signal:==-1,1,1,0,7.0,294.0,294.0,0,1
LONG,Micro_Entropy:lo,Micro_PriceAccel:hi,1,1,0,7.0,294.0,294.0,0,1
LONG,Micro_PriceAccel:hi,OR_High_Side:==1,1,1,0,7.0,294.0,294.0,0,1
LONG,OBVf_Signal:==-1,OR_High_Side:==1,1,1,0,7.0,294.0,294.0,0,1
LONG,OBVf_Signal:==-1,Round_500_Dist_ATR:lo,1,1,0,7.0,294.0,294.0,0,1
LONG,OBVf_Signal:==-1,VA_Position:hi,1,1,0,7.0,294.0,294.0,0,1
LONG,OR_High_Side:==1,Round_500_Dist_ATR:lo,1,1,0,7.0,294.0,294.0,0,1
LONG,OR_High_Side:==1,VA_Position:hi,1,1,0,7.0,294.0,294.0,0,1
LONG,OR_High_Side:==1,VWAP_Sigma:hi,1,1,0,7.0,294.0,294.0,0,1
LONG,Micro_TickIntensity:lo,Volume_Avg_10:hi,1,1,0,9.0,378.0,378.0,0,1
LONG,OBVf_Signal:==-1,Volume_Avg_10:hi,1,1,0,9.0,378.0,378.0,0,1
LONG,Micro_PriceAccel:lo,Micro_RangeAccel:hi,1,1,0,10.0,330.0,330.0,0,1
LONG,AT_Slope_LT:lo,Micro_HLAsymmetry:lo,2,1,1,6.5,-342.75,-685.5,0,2
LONG,DailyOpen_Side:==-1,Micro_Amihud:hi,1,1,0,45.0,882.0,882.0,0,1
LONG,DailyOpen_Side:==-1,PrevDay_Low_Dist_ATR:lo,1,1,0,45.0,882.0,882.0,0,1
LONG,DailyOpen_Side:==-1,RangeOsc_Val:lo,1,1,0,45.0,882.0,882.0,0,1
LONG,Lower_Wick:lo,Micro_RangeAccel:hi,1,1,0,45.0,882.0,882.0,0,1
LONG,Lower_Wick:lo,Round_100_Dist_ATR:lo,1,1,0,45.0,882.0,882.0,0,1
LONG,Micro_PriceAccel:hi,Round_100_Dist_ATR:lo,1,1,0,45.0,882.0,882.0,0,1
LONG,Micro_RangeAccel:hi,VWAP_Sigma_ATR:lo,1,1,0,45.0,882.0,882.0,0,1
LONG,Round_100_Dist_ATR:lo,VWAP_Sigma_ATR:lo,1,1,0,45.0,882.0,882.0,0,1
LONG,AT_Lookback_ST:hi,Micro_OrderFlowDelta:lo,1,1,0,31.0,798.0,798.0,0,1
LONG,D2D_DirStep:==1,Micro_Lambda:lo,1,1,0,31.0,798.0,798.0,0,1
LONG,D2D_DirStep:==1,Micro_OrderFlowDelta:lo,1,1,0,31.0,798.0,798.0,0,1
LONG,Micro_Lambda:lo,Micro_PriceAccel:lo,1,1,0,31.0,798.0,798.0,0,1
LONG,Micro_Lambda:lo,MultiDay_Position:lo,2,1,1,18.5,254.1,508.2,0,2
LONG,Micro_Lambda:lo,PrevDay_Low_Dist_ATR:lo,1,1,0,31.0,798.0,798.0,0,1
LONG,D2D_Signal:==0,Efficiency_Ratio:hi,1,1,0,26.0,410.3,410.3,0,1
LONG,Efficiency_Ratio:hi,Micro_OrderFlowDelta:hi,1,1,0,26.0,410.3,410.3,0,1
LONG,Efficiency_Ratio:hi,MultiDay_Position:lo,3,1,2,12.67,-265.83,-797.5,0,3
LONG,Efficiency_Ratio:hi,OBVf_Signal:==1,1,1,0,26.0,410.3,410.3,0,1
LONG,Efficiency_Ratio:hi,OR_Position:lo,1,1,0,26.0,410.3,410.3,0,1
LONG,Efficiency_Ratio:hi,PrevDay_Low_Dist_ATR:lo,1,1,0,26.0,410.3,410.3,0,1
LONG,Efficiency_Ratio:hi,RangeOsc_State:==-1,1,1,0,26.0,410.3,410.3,0,1
LONG,Micro_MicroGap:hi,Sqz_Val:hi,1,1,0,31.0,1285.2,1285.2,0,1
LONG,Micro_MicroGap:lo,PrevDay_High_Dist_ATR:hi,1,1,0,9.0,79.2,79.2,0,1
LONG,D2D_ATR:hi,Micro_LogReturn:lo,1,1,0,4.0,96.4,96.4,0,1
LONG,Micro_LogReturn:lo,PrevDay_High_Dist_ATR:hi,1,1,0,4.0,96.4,96.4,0,1
LONG,D2D_DirStep:==1,Micro_WickImbalance:hi,1,1,0,19.0,756.2,756.2,0,1
LONG,AT_Regime_LT:==1,Micro_Amihud:lo,1,1,0,8.0,292.8,292.8,0,1
LONG,AT_Regime_LT:==1,Micro_ThrustEff:lo,1,1,0,8.0,292.8,292.8,0,1
LONG,AT_Regime_LT:==1,Micro_VPIN:hi,1,1,0,8.0,292.8,292.8,0,1
LONG,AT_Slope_ST:lo,Micro_Amihud:lo,1,1,0,8.0,292.8,292.8,0,1
LONG,AT_Slope_ST:lo,Micro_ThrustEff:lo,1,1,0,8.0,292.8,292.8,0,1
LONG,AT_Slope_ST:lo,Micro_VPIN:hi,1,1,0,8.0,292.8,292.8,0,1
LONG,Micro_Amihud:lo,Micro_Entropy:lo,1,1,0,8.0,292.8,292.8,0,1
LONG,Micro_Amihud:lo,Micro_HLAsymmetry:lo,1,1,0,8.0,292.8,292.8,0,1
LONG,Micro_Amihud:lo,Micro_MicroGap:hi,1,1,0,8.0,292.8,292.8,0,1
LONG,Micro_Amihud:lo,Micro_MomoTransfer:hi,1,1,0,8.0,292.8,292.8,0,1
LONG,Micro_Amihud:lo,Micro_ThrustEff:lo,1,1,0,8.0,292.8,292.8,0,1
LONG,Micro_Amihud:lo,OBVf_Signal:==-1,1,1,0,8.0,292.8,292.8,0,1
LONG,Micro_Entropy:lo,Micro_ThrustEff:lo,1,1,0,8.0,292.8,292.8,0,1
LONG,Micro_Entropy:lo,Micro_VPIN:hi,1,1,0,8.0,292.8,292.8,0,1
LONG,Micro_HLAsymmetry:lo,Micro_ThrustEff:lo,1,1,0,8.0,292.8,292.8,0,1
LONG,Micro_HLAsymmetry:lo,Micro_VPIN:hi,1,1,0,8.0,292.8,292.8,0,1
LONG,Micro_HLAsymmetry:lo,OBVf_Signal:==-1,1,1,0,8.0,292.8,292.8,0,1
LONG,Micro_MicroGap:hi,Micro_VPIN:hi,1,1,0,8.0,292.8,292.8,0,1
LONG,Micro_MomoTransfer:hi,Micro_ThrustEff:lo,1,1,0,8.0,292.8,292.8,0,1
LONG,Micro_MomoTransfer:hi,Micro_VPIN:hi,1,1,0,8.0,292.8,292.8,0,1
LONG,Micro_MomoTransfer:hi,OBVf_Signal:==-1,1,1,0,8.0,292.8,292.8,0,1
LONG,Micro_RangeAccel:lo,Micro_ThrustEff:lo,1,1,0,8.0,292.8,292.8,0,1
LONG,Micro_RangeVelocity:lo,Micro_ThrustEff:lo,1,1,0,8.0,292.8,292.8,0,1
LONG,Micro_ThrustEff:lo,Micro_VPIN:hi,1,1,0,8.0,292.8,292.8,0,1
LONG,Micro_ThrustEff:lo,OR_Low_Side:==-1,1,1,0,8.0,292.8,292.8,0,1
LONG,Micro_VPIN:hi,OBVf_Signal:==-1,1,1,0,8.0,292.8,292.8,0,1
LONG,Micro_BarOverlap:lo,Micro_Lambda:lo,1,1,0,11.0,238.7,238.7,0,1
LONG,Micro_BarOverlap:lo,Micro_OrderFlowDelta:lo,1,1,0,11.0,238.7,238.7,0,1
LONG,Efficiency_Ratio:hi,Momentum_Value:lo,1,1,0,5.0,81.0,81.0,0,1
LONG,Efficiency_Ratio:hi,PrevDay_High_Dist_ATR:hi,2,1,1,5.5,-104.4,-208.8,0,2
LONG,Lower_Wick:lo,Momentum_Value:lo,1,1,0,5.0,81.0,81.0,0,1
LONG,Micro_RangeVelocity:lo,Momentum_Value:lo,1,1,0,5.0,81.0,81.0,0,1
LONG,D2D_DirStep:==-1,Momentum_Value:lo,1,1,0,10.0,157.0,157.0,0,1
LONG,Micro_BarOverlap:lo,Momentum_Value:lo,1,1,0,10.0,157.0,157.0,0,1
LONG,Momentum_Value:lo,VWAP_Sigma:hi,1,1,0,10.0,157.0,157.0,0,1
LONG,EMA_Oscillator:hi,Micro_Entropy:lo,1,1,0,5.0,383.0,383.0,0,1
LONG,KAMA_Dist:hi,Micro_Entropy:lo,1,1,0,5.0,383.0,383.0,0,1
LONG,Micro_IBSP:hi,Micro_OrderFlowDelta:hi,1,1,0,6.0,252.0,252.0,0,1
LONG,Micro_IBSP:hi,PrevDay_Low_Side:==-1,1,1,0,6.0,252.0,252.0,0,1
LONG,AT_Lookback_LT:hi,Efficiency_Ratio:hi,1,1,0,4.0,74.8,74.8,0,1
LONG,AT_Lookback_LT:hi,RangeOsc_State:==2,1,1,0,4.0,74.8,74.8,0,1
LONG,Efficiency_Ratio:hi,Micro_Amihud:lo,1,1,0,4.0,74.8,74.8,0,1
LONG,Efficiency_Ratio:hi,Micro_VPIN:hi,1,1,0,4.0,74.8,74.8,0,1
LONG,Efficiency_Ratio:hi,VAH_Dist_ATR:hi,1,1,0,4.0,74.8,74.8,0,1
LONG,Efficiency_Ratio:hi,WeeklyOpen_Dist_ATR:lo,1,1,0,4.0,74.8,74.8,0,1
LONG,Micro_Amihud:lo,RangeOsc_State:==2,1,1,0,4.0,74.8,74.8,0,1
LONG,Micro_VPIN:hi,RangeOsc_State:==2,1,1,0,4.0,74.8,74.8,0,1
LONG,RangeOsc_State:==2,VAH_Dist_ATR:hi,1,1,0,4.0,74.8,74.8,0,1
LONG,RangeOsc_State:==2,WeeklyOpen_Dist_ATR:lo,1,1,0,4.0,74.8,74.8,0,1
LONG,Bars_Since_Flip:hi,VAH_Dist_ATR:hi,1,1,0,7.0,161.7,161.7,0,1
LONG,Bars_Since_Flip:hi,WeeklyOpen_Dist_ATR:lo,1,1,0,7.0,161.7,161.7,0,1
LONG,Round_500_Dist_ATR:lo,VAH_Dist_ATR:hi,1,1,0,7.0,161.7,161.7,0,1
LONG,Round_500_Dist_ATR:lo,WeeklyOpen_Dist_ATR:lo,1,1,0,7.0,161.7,161.7,0,1
LONG,D2D_Persist:hi,Micro_MicroGap:hi,1,1,0,3.0,427.8,427.8,0,1
LONG,D2D_Persist:hi,Micro_ThrustEff:lo,1,1,0,3.0,427.8,427.8,0,1
LONG,D2D_Persist:hi,OBVf_Signal:==-1,1,1,0,3.0,427.8,427.8,0,1
LONG,Micro_Lambda:lo,Micro_ThrustEff:lo,1,1,0,3.0,427.8,427.8,0,1
LONG,Micro_Lambda:lo,OBVf_Signal:==-1,1,1,0,3.0,427.8,427.8,0,1
LONG,Micro_ThrustEff:lo,OR_Low_Side:==1,1,1,0,3.0,427.8,427.8,0,1
LONG,Micro_ThrustEff:lo,OR_Position:hi,1,1,0,3.0,427.8,427.8,0,1
LONG,Micro_ThrustEff:lo,PrevDay_Low_Side:==-1,1,1,0,3.0,427.8,427.8,0,1
LONG,OBVf_Signal:==-1,OR_Position:hi,1,1,0,3.0,427.8,427.8,0,1
LONG,ADX_Rising:==1,Micro_Amihud:lo,1,1,0,5.0,111.5,111.5,0,1
LONG,ADX_Rising:==1,Micro_VPIN:hi,1,1,0,5.0,111.5,111.5,0,1
LONG,Micro_Amihud:lo,PrevDay_High_Dist_ATR:lo,1,1,0,5.0,111.5,111.5,0,1
LONG,Micro_VPIN:hi,PrevDay_High_Dist_ATR:lo,1,1,0,5.0,111.5,111.5,0,1
LONG,AT_Lookback_LT:hi,D2D_Signal:==1,1,1,0,5.0,1997.0,1997.0,0,1
LONG,AT_Lookback_LT:hi,DailyOpen_Dist_ATR:lo,1,1,0,5.0,1997.0,1997.0,0,1
LONG,AT_Lookback_LT:hi,Micro_PriceAccel:hi,1,1,0,5.0,1997.0,1997.0,0,1
LONG,AT_Lookback_LT:hi,OBV_Velocity:hi,1,1,0,5.0,1997.0,1997.0,0,1
LONG,AT_Lookback_LT:hi,PoC_Side:==1,1,1,0,5.0,1997.0,1997.0,0,1
LONG,AT_Lookback_LT:hi,Upper_Wick:hi,1,1,0,5.0,1997.0,1997.0,0,1
LONG,AT_Lookback_LT:hi,VWAP_Sigma:hi,1,1,0,5.0,1997.0,1997.0,0,1
LONG,D2D_Signal:==1,VAH_Dist_ATR:hi,1,1,0,5.0,1997.0,1997.0,0,1
LONG,D2D_Signal:==1,WeeklyOpen_Dist_ATR:lo,1,1,0,5.0,1997.0,1997.0,0,1
LONG,DailyOpen_Dist_ATR:lo,VAH_Dist_ATR:hi,1,1,0,5.0,1997.0,1997.0,0,1
LONG,DailyOpen_Dist_ATR:lo,WeeklyOpen_Dist_ATR:lo,1,1,0,5.0,1997.0,1997.0,0,1
LONG,Micro_PriceAccel:hi,VAH_Dist_ATR:hi,1,1,0,5.0,1997.0,1997.0,0,1
LONG,Micro_PriceAccel:hi,WeeklyOpen_Dist_ATR:lo,1,1,0,5.0,1997.0,1997.0,0,1
LONG,OBV_Velocity:hi,VAH_Dist_ATR:hi,1,1,0,5.0,1997.0,1997.0,0,1
LONG,OBV_Velocity:hi,WeeklyOpen_Dist_ATR:lo,1,1,0,5.0,1997.0,1997.0,0,1
LONG,PoC_Side:==1,VAH_Dist_ATR:hi,1,1,0,5.0,1997.0,1997.0,0,1
LONG,PoC_Side:==1,WeeklyOpen_Dist_ATR:lo,1,1,0,5.0,1997.0,1997.0,0,1
LONG,Upper_Wick:hi,VAH_Dist_ATR:hi,1,1,0,5.0,1997.0,1997.0,0,1
LONG,Upper_Wick:hi,WeeklyOpen_Dist_ATR:lo,1,1,0,5.0,1997.0,1997.0,0,1
LONG,VAH_Dist_ATR:hi,VWAP_Sigma:hi,1,1,0,5.0,1997.0,1997.0,0,1
LONG,VAH_Dist_ATR:hi,Volume:hi,1,1,0,5.0,1997.0,1997.0,0,1
LONG,VWAP_Sigma:hi,WeeklyOpen_Dist_ATR:lo,1,1,0,5.0,1997.0,1997.0,0,1
LONG,Volume:hi,WeeklyOpen_Dist_ATR:lo,1,1,0,5.0,1997.0,1997.0,0,1
LONG,Micro_Amihud:hi,Sqz_State:==-1,1,1,0,6.0,165.0,165.0,0,1
LONG,Micro_VolOfVol:hi,Sqz_State:==-1,1,1,0,6.0,165.0,165.0,0,1
LONG,Micro_CSSpread:hi,RangeOsc_State:==-2,1,1,0,6.0,61.2,61.2,0,1
LONG,Micro_FractalDim:hi,Micro_VPIN:lo,1,1,0,6.0,90.6,90.6,0,1
LONG,Micro_FractalDim:hi,OR_High_Side:==-1,1,1,0,6.0,90.6,90.6,0,1
LONG,Micro_FractalDim:hi,ST_Flip_Event:==-1,1,1,0,6.0,90.6,90.6,0,1
LONG,Micro_FractalDim:hi,Slope_Accel_ST:lo,1,1,0,6.0,90.6,90.6,0,1
LONG,OBV_Velocity:hi,ST_Flip_Event:==-1,1,1,0,6.0,90.6,90.6,0,1
LONG,OBV_Velocity:hi,Slope_Accel_ST:lo,1,1,0,6.0,90.6,90.6,0,1
LONG,EMA_Oscillator:hi,Micro_OrderFlowDelta:lo,1,1,0,6.0,56.4,56.4,0,1
LONG,AT_Lookback_ST:hi,D2D_Dynamic_Sensitivity:lo,1,1,0,32.0,882.0,882.0,0,1
LONG,D2D_Dynamic_Sensitivity:lo,Micro_RangeVelocity:hi,1,1,0,32.0,882.0,882.0,0,1
LONG,D2D_Dynamic_Sensitivity:lo,MultiDay_Position:lo,2,1,1,19.0,-18.0,-36.0,0,2
LONG,D2D_Dynamic_Sensitivity:lo,OBVf_Signal:==1,1,1,0,32.0,882.0,882.0,0,1
LONG,D2D_Dynamic_Sensitivity:lo,OR_Position:lo,1,1,0,32.0,882.0,882.0,0,1
LONG,D2D_Dynamic_Sensitivity:lo,Sqz_State:==1,1,1,0,32.0,882.0,882.0,0,1
LONG,D2D_Dynamic_Sensitivity:lo,VWAP_Sigma_ATR:lo,2,1,1,19.0,-18.0,-36.0,0,2
LONG,Micro_MicroGap:lo,VWAP_Sigma_ATR:lo,2,1,1,19.0,-18.0,-36.0,0,2
LONG,AT_Score_LT:lo,Micro_CSSpread:lo,1,1,0,6.0,81.0,81.0,0,1
LONG,Micro_CSSpread:lo,Micro_FractalDim:hi,1,1,0,6.0,81.0,81.0,0,1
LONG,Micro_CSSpread:lo,Micro_RangeAccel:hi,1,1,0,6.0,81.0,81.0,0,1
LONG,Micro_CSSpread:lo,Micro_VolOfVol:hi,1,1,0,6.0,81.0,81.0,0,1
LONG,Micro_CSSpread:lo,OBV_Velocity:hi,1,1,0,6.0,81.0,81.0,0,1
LONG,Micro_CSSpread:lo,OR_Low_Side:==-1,1,1,0,6.0,81.0,81.0,0,1
LONG,Micro_CSSpread:lo,VWAP_Sigma:hi,1,1,0,6.0,81.0,81.0,0,1
LONG,Micro_FractalDim:hi,Micro_LogReturn:hi,1,1,0,6.0,81.0,81.0,0,1
LONG,Micro_FractalDim:hi,ST_Flip_Event:==1,1,1,0,6.0,81.0,81.0,0,1
LONG,Micro_RangeAccel:hi,ST_Flip_Event:==1,1,1,0,6.0,81.0,81.0,0,1
LONG,OBV_Velocity:hi,ST_Flip_Event:==1,1,1,0,6.0,81.0,81.0,0,1
LONG,OR_Low_Side:==-1,ST_Flip_Event:==1,1,1,0,6.0,81.0,81.0,0,1
LONG,Body_Size:hi,ST_Flip_Event:==1,2,1,1,5.5,-486.6,-973.2,0,2
LONG,Micro_MicroGap:lo,ST_Flip_Event:==1,2,1,1,6.5,-385.0,-770.0,0,2
LONG,OR_High_Side:==-1,ST_Flip_Event:==1,2,1,1,6.5,-427.0,-854.0,0,2
LONG,Body_Size:hi,Micro_OrderFlowDelta:lo,1,1,0,5.0,81.9,81.9,0,1
LONG,DailyOpen_Dist_ATR:lo,Micro_RangeAccel:hi,1,1,0,4.0,242.4,242.4,0,1
LONG,ADX_Rising:==0,Lower_Wick:lo,1,1,0,9.0,178.2,178.2,0,1
LONG,Lower_Wick:lo,Micro_LogReturn:lo,1,1,0,9.0,178.2,178.2,0,1
LONG,Lower_Wick:lo,Micro_OrderFlowDelta:lo,2,1,1,7.0,-165.4,-330.8,0,2
LONG,Harmonic_LLEMA:hi,Micro_Entropy:lo,1,1,0,5.0,102.5,102.5,0,1
LONG,Harmonic_LLEMA:hi,Micro_MomoTransfer:hi,1,1,0,5.0,102.5,102.5,0,1
LONG,AT_Score_LT:lo,Session_High_Dist_ATR:lo,1,1,0,8.0,2972.8,2972.8,0,1
LONG,Micro_VolOfVol:lo,RangeOsc_State:==-2,1,1,0,8.0,2972.8,2972.8,0,1
LONG,Micro_VolOfVol:lo,Session_High_Dist_ATR:lo,1,1,0,8.0,2972.8,2972.8,0,1
LONG,Micro_VolOfVol:lo,Sqz_Val:hi,1,1,0,8.0,2972.8,2972.8,0,1
LONG,Round_500_Dist_ATR:lo,Sqz_Val:hi,1,1,0,8.0,2972.8,2972.8,0,1
LONG,Round_500_Dist_ATR:lo,ST_Flip_Event:==1,1,1,0,6.0,216.8,216.8,0,1
LONG,ST_Flip_Event:==1,VWAP_Side:==-1,1,1,0,6.0,216.8,216.8,0,1
LONG,ST_Flip_Event:==1,WeeklyOpen_Side:==-1,1,1,0,6.0,216.8,216.8,0,1
LONG,ADX_Rising:==0,D2D_Signal:==0,1,1,0,5.0,124.5,124.5,0,1
LONG,D2D_Signal:==0,Session_High_Dist_ATR:lo,1,1,0,5.0,124.5,124.5,0,1
LONG,ADX_Rising:==1,RangeOsc_State:==2,1,1,0,5.0,75.0,75.0,0,1
LONG,D2D_Persist:hi,Micro_RollProxy:hi,1,1,0,4.0,3740.0,3740.0,0,1
LONG,AT_Lookback_LT:hi,Micro_HLAsymmetry:hi,1,1,0,6.0,252.0,252.0,0,1
LONG,AT_Lookback_LT:hi,Micro_LogReturn:hi,1,1,0,6.0,252.0,252.0,0,1
LONG,AT_Lookback_LT:hi,Micro_TickIntensity:lo,1,1,0,6.0,252.0,252.0,0,1
LONG,AT_Lookback_LT:hi,OR_High_Side:==-1,1,1,0,6.0,252.0,252.0,0,1
LONG,AT_Lookback_LT:hi,Round_100_Dist_ATR:lo,1,1,0,6.0,252.0,252.0,0,1
LONG,AT_Lookback_LT:hi,Slope_Accel_LT:lo,1,1,0,6.0,252.0,252.0,0,1
LONG,Micro_HLAsymmetry:hi,Micro_MomoTransfer:lo,1,1,0,6.0,252.0,252.0,0,1
LONG,Micro_LogReturn:hi,Micro_MomoTransfer:lo,1,1,0,6.0,252.0,252.0,0,1
LONG,Micro_MomoTransfer:lo,Micro_TickIntensity:lo,1,1,0,6.0,252.0,252.0,0,1
LONG,Micro_MomoTransfer:lo,Round_100_Dist_ATR:lo,1,1,0,6.0,252.0,252.0,0,1
LONG,Micro_MomoTransfer:lo,Slope_Accel_LT:lo,1,1,0,6.0,252.0,252.0,0,1
LONG,RangeOsc_State:==2,Slope_Accel_LT:lo,1,1,0,6.0,230.4,230.4,0,1
LONG,Micro_FractalDim:lo,OBVf_Signal:==-1,1,1,0,10.0,840.0,840.0,0,1
LONG,Micro_FractalDim:lo,PrevDay_High_Side:==1,1,1,0,10.0,840.0,840.0,0,1
LONG,Efficiency_Ratio:hi,Micro_PriceAccel:hi,1,1,0,7.0,290.5,290.5,0,1
LONG,Efficiency_Ratio:hi,Round_500_Dist_ATR:lo,1,1,0,7.0,290.5,290.5,0,1
LONG,Efficiency_Ratio:hi,VA_Position:hi,1,1,0,7.0,290.5,290.5,0,1
LONG,AT_Slope_LT:lo,MultiDay_Position:hi,1,1,0,4.0,111.2,111.2,0,1
LONG,MultiDay_Position:hi,Slope_Accel_ST:lo,1,1,0,7.0,104.3,104.3,0,1
LONG,Round_1000_Dist_ATR:lo,Slope_Accel_ST:lo,1,1,0,7.0,104.3,104.3,0,1
LONG,AT_Regime_LT:==1,PrevDay_Low_Side:==1,1,1,0,5.0,136.5,136.5,0,1
LONG,DailyOpen_Side:==-1,PrevDay_Low_Side:==1,1,1,0,5.0,136.5,136.5,0,1
LONG,Lower_Wick:lo,PrevDay_Low_Side:==1,1,1,0,5.0,136.5,136.5,0,1
LONG,Micro_OrderFlowDelta:hi,PrevDay_Low_Side:==1,1,1,0,5.0,136.5,136.5,0,1
LONG,MultiDay_Position:hi,PrevDay_Low_Side:==1,1,1,0,5.0,136.5,136.5,0,1
LONG,PrevDay_Low_Side:==1,Round_1000_Dist_ATR:lo,1,1,0,5.0,136.5,136.5,0,1
LONG,ADX_Value:hi,Micro_LogReturn:lo,1,1,0,5.0,660.0,660.0,0,1
LONG,ADX_Value:hi,OR_High_Side:==0,1,1,0,5.0,660.0,660.0,0,1
LONG,AT_Regime_LT:==1,OR_High_Side:==0,1,1,0,5.0,660.0,660.0,0,1
LONG,D2D_Dynamic_Sensitivity:lo,MultiDay_Position:hi,1,1,0,5.0,660.0,660.0,0,1
LONG,Micro_LogReturn:lo,Micro_WickImbalance:lo,1,1,0,5.0,660.0,660.0,0,1
LONG,Micro_LogReturn:lo,MultiDay_Position:hi,1,1,0,5.0,660.0,660.0,0,1
LONG,Micro_LogReturn:lo,Round_1000_Dist_ATR:lo,1,1,0,5.0,660.0,660.0,0,1
LONG,Micro_WickImbalance:lo,OR_High_Side:==0,1,1,0,5.0,660.0,660.0,0,1
LONG,MultiDay_Position:hi,OR_High_Side:==0,1,1,0,5.0,660.0,660.0,0,1
LONG,OR_High_Side:==0,Round_1000_Dist_ATR:lo,1,1,0,5.0,660.0,660.0,0,1
LONG,MultiDay_Position:lo,OR_High_Side:==1,1,1,0,11.0,1572.9,1572.9,0,1
LONG,MultiDay_Position:lo,OR_Position:hi,1,1,0,11.0,1572.9,1572.9,0,1
LONG,MultiDay_Position:lo,Slope_EMA_ST:hi,1,1,0,11.0,1572.9,1572.9,0,1
LONG,OR_High_Side:==1,VWAP_Sigma_ATR:lo,1,1,0,11.0,1572.9,1572.9,0,1
LONG,OR_High_Side:==1,Volume_Avg_10:hi,1,1,0,11.0,1572.9,1572.9,0,1
LONG,OR_Position:hi,VWAP_Sigma_ATR:lo,1,1,0,11.0,1572.9,1572.9,0,1
LONG,Slope_EMA_ST:hi,VWAP_Sigma_ATR:lo,1,1,0,11.0,1572.9,1572.9,0,1
LONG,D2D_Dynamic_Sensitivity:lo,Micro_WickImbalance:hi,1,1,0,4.0,168.0,168.0,0,1
LONG,Lower_Wick:hi,Micro_OrderFlowDelta:lo,1,1,0,4.0,168.0,168.0,0,1
LONG,Micro_OrderFlowDelta:lo,MultiDay_Slope:lo,1,1,0,4.0,168.0,168.0,0,1
LONG,Micro_OrderFlowDelta:lo,Micro_ThrustEff:lo,1,1,0,3.0,113.7,113.7,0,1
LONG,Micro_OrderFlowDelta:lo,OBVf_Signal:==-1,1,1,0,3.0,113.7,113.7,0,1
LONG,Micro_RollProxy:hi,Micro_ThrustEff:lo,1,1,0,3.0,113.7,113.7,0,1
LONG,Micro_ThrustEff:lo,OBV_Macd:lo,1,1,0,3.0,113.7,113.7,0,1
LONG,Micro_WickImbalance:lo,PrevDay_High_Dist_ATR:hi,1,1,0,8.0,170.4,170.4,0,1
LONG,Micro_Amihud:hi,RangeOsc_Val:hi,1,1,0,14.0,588.0,588.0,0,1
LONG,Micro_PriceAccel:hi,RangeOsc_Val:hi,1,1,0,14.0,588.0,588.0,0,1
LONG,ADX_Rising:==1,Micro_IBSP:lo,1,1,0,3.0,158.4,158.4,0,1
LONG,ADX_Rising:==1,Micro_LogReturn:lo,1,1,0,3.0,158.4,158.4,0,1
LONG,ADX_Rising:==1,OR_High_Side:==0,1,1,0,3.0,158.4,158.4,0,1
LONG,ADX_Rising:==1,VWAP_Sigma:lo,1,1,0,3.0,158.4,158.4,0,1
LONG,Micro_IBSP:lo,Micro_LogReturn:lo,1,1,0,3.0,158.4,158.4,0,1
LONG,Micro_IBSP:lo,OR_High_Side:==0,1,1,0,3.0,158.4,158.4,0,1
LONG,Micro_IBSP:lo,PrevDay_High_Dist_ATR:lo,1,1,0,3.0,158.4,158.4,0,1
LONG,Micro_IBSP:lo,PrevDay_Low_Side:==-1,1,1,0,3.0,158.4,158.4,0,1
LONG,Micro_LogReturn:lo,VWAP_Sigma:lo,1,1,0,3.0,158.4,158.4,0,1
LONG,OR_High_Side:==0,PrevDay_High_Dist_ATR:lo,1,1,0,3.0,158.4,158.4,0,1
LONG,OR_High_Side:==0,VWAP_Sigma:lo,1,1,0,3.0,158.4,158.4,0,1
LONG,PrevDay_Low_Side:==-1,VWAP_Sigma:lo,1,1,0,3.0,158.4,158.4,0,1
LONG,AT_Lookback_LT:hi,AT_Regime_ST:==1,1,1,0,6.0,149.4,149.4,0,1
LONG,AT_Lookback_LT:hi,Micro_Amihud:hi,1,1,0,6.0,149.4,149.4,0,1
LONG,AT_Lookback_LT:hi,Micro_OrderFlowDelta:lo,1,1,0,6.0,149.4,149.4,0,1
LONG,AT_Lookback_LT:hi,Micro_VolOfVol:hi,1,1,0,6.0,149.4,149.4,0,1
LONG,AT_Lookback_LT:hi,OBV_Macd:lo,1,1,0,6.0,149.4,149.4,0,1
LONG,AT_Lookback_LT:hi,OR_Low_Side:==-1,1,1,0,6.0,149.4,149.4,0,1
LONG,AT_Regime_ST:==1,Micro_MomoTransfer:lo,1,1,0,6.0,149.4,149.4,0,1
LONG,AT_Regime_ST:==1,VAH_Dist_ATR:hi,1,1,0,6.0,149.4,149.4,0,1
LONG,AT_Regime_ST:==1,WeeklyOpen_Dist_ATR:lo,1,1,0,6.0,149.4,149.4,0,1
LONG,Micro_Amihud:hi,Micro_MomoTransfer:lo,1,1,0,6.0,149.4,149.4,0,1
LONG,Micro_Amihud:hi,PrevDay_High_Side:==1,1,1,0,6.0,149.4,149.4,0,1
LONG,Micro_Amihud:hi,VAH_Dist_ATR:hi,1,1,0,6.0,149.4,149.4,0,1
LONG,Micro_Amihud:hi,WeeklyOpen_Dist_ATR:lo,1,1,0,6.0,149.4,149.4,0,1
LONG,Micro_MomoTransfer:lo,Micro_VolOfVol:hi,1,1,0,6.0,149.4,149.4,0,1
LONG,Micro_MomoTransfer:lo,OR_Low_Side:==-1,1,1,0,6.0,149.4,149.4,0,1
LONG,Micro_MomoTransfer:lo,VAH_Dist_ATR:hi,1,1,0,6.0,149.4,149.4,0,1
LONG,Micro_MomoTransfer:lo,WeeklyOpen_Dist_ATR:lo,1,1,0,6.0,149.4,149.4,0,1
LONG,Micro_OrderFlowDelta:lo,VAH_Dist_ATR:hi,1,1,0,6.0,149.4,149.4,0,1
LONG,Micro_OrderFlowDelta:lo,WeeklyOpen_Dist_ATR:lo,1,1,0,6.0,149.4,149.4,0,1
LONG,Micro_VolOfVol:hi,VAH_Dist_ATR:hi,1,1,0,6.0,149.4,149.4,0,1
LONG,Micro_VolOfVol:hi,WeeklyOpen_Dist_ATR:lo,1,1,0,6.0,149.4,149.4,0,1
LONG,OBV_Macd:lo,VAH_Dist_ATR:hi,1,1,0,6.0,149.4,149.4,0,1
LONG,OBV_Macd:lo,WeeklyOpen_Dist_ATR:lo,1,1,0,6.0,149.4,149.4,0,1
LONG,OR_Low_Side:==-1,VAH_Dist_ATR:hi,1,1,0,6.0,149.4,149.4,0,1
LONG,OR_Low_Side:==-1,WeeklyOpen_Dist_ATR:lo,1,1,0,6.0,149.4,149.4,0,1
LONG,PrevDay_High_Side:==1,VAH_Dist_ATR:hi,1,1,0,6.0,149.4,149.4,0,1
LONG,PrevDay_High_Side:==1,VA_Position:hi,1,1,0,6.0,149.4,149.4,0,1
LONG,PrevDay_High_Side:==1,WeeklyOpen_Dist_ATR:lo,1,1,0,6.0,149.4,149.4,0,1
LONG,ADX_Rising:==0,Micro_PriceAccel:hi,1,1,0,26.0,936.6,936.6,0,1
LONG,AT_Regime_ST:==1,Harmonic_LLEMA:hi,1,1,0,10.0,91.2,91.2,0,1
LONG,AT_Slope_ST:lo,Harmonic_LLEMA:hi,1,1,0,10.0,91.2,91.2,0,1
LONG,Bars_Since_Flip:hi,Harmonic_LLEMA:hi,1,1,0,10.0,91.2,91.2,0,1
LONG,D2D_Signal:==0,Harmonic_LLEMA:hi,1,1,0,10.0,91.2,91.2,0,1
LONG,Harmonic_LLEMA:hi,Micro_CSSpread:hi,1,1,0,10.0,91.2,91.2,0,1
LONG,Harmonic_LLEMA:hi,Micro_HLAsymmetry:hi,1,1,0,10.0,91.2,91.2,0,1
LONG,Harmonic_LLEMA:hi,Slope_EMA_ST:lo,1,1,0,10.0,91.2,91.2,0,1
LONG,Harmonic_LLEMA:hi,VA_Position:hi,1,1,0,10.0,91.2,91.2,0,1
LONG,Harmonic_LLEMA:hi,Micro_WickImbalance:hi,1,1,0,4.0,90.3,90.3,0,1
LONG,ADX_Value:lo,Micro_FractalDim:lo,1,1,0,6.0,210.6,210.6,0,1
LONG,ADX_Value:lo,Momentum_Value:lo,1,1,0,6.0,210.6,210.6,0,1
LONG,AT_Lookback_ST:hi,Momentum_Value:lo,1,1,0,6.0,210.6,210.6,0,1
LONG,Micro_FractalDim:lo,Micro_PriceAccel:hi,1,1,0,6.0,210.6,210.6,0,1
LONG,Micro_LogReturn:lo,Micro_VolOfVol:hi,1,1,0,6.0,210.6,210.6,0,1
LONG,Micro_LogReturn:lo,Momentum_Value:lo,1,1,0,6.0,210.6,210.6,0,1
LONG,Micro_PriceAccel:hi,Momentum_Value:lo,1,1,0,6.0,210.6,210.6,0,1
LONG,Momentum_Value:lo,Slope_EMA_ST:hi,1,1,0,6.0,210.6,210.6,0,1
LONG,Momentum_Value:lo,TChan_A15:hi,1,1,0,6.0,210.6,210.6,0,1
LONG,Momentum_Value:lo,VA_Position:hi,1,1,0,6.0,210.6,210.6,0,1
LONG,ADX_Value:lo,Micro_HLAsymmetry:hi,1,1,0,8.0,388.0,388.0,0,1
LONG,ADX_Value:lo,Micro_Hurst:hi,1,1,0,8.0,388.0,388.0,0,1
LONG,ADX_Value:lo,Micro_WickImbalance:lo,1,1,0,8.0,388.0,388.0,0,1
LONG,ADX_Value:lo,OBVf_Signal:==-1,1,1,0,8.0,388.0,388.0,0,1
LONG,ADX_Value:lo,PrevDay_High_Side:==1,1,1,0,8.0,388.0,388.0,0,1
LONG,ADX_Value:lo,Round_100_Dist_ATR:lo,1,1,0,8.0,388.0,388.0,0,1
LONG,ADX_Value:lo,Session_High_Dist_ATR:lo,1,1,0,8.0,388.0,388.0,0,1
LONG,ADX_Value:lo,Slope_Accel_LT:lo,1,1,0,8.0,388.0,388.0,0,1
LONG,AT_Lookback_ST:hi,OBVf_Signal:==-1,1,1,0,8.0,388.0,388.0,0,1
LONG,AT_Lookback_ST:hi,PrevDay_High_Side:==1,1,1,0,8.0,388.0,388.0,0,1
LONG,Micro_GarmanKlass:hi,Micro_WickImbalance:lo,1,1,0,8.0,388.0,388.0,0,1
LONG,Micro_GarmanKlass:hi,OBVf_Signal:==-1,1,1,0,8.0,388.0,388.0,0,1
LONG,Micro_GarmanKlass:hi,Slope_Accel_LT:lo,1,1,0,8.0,388.0,388.0,0,1
LONG,Micro_WickImbalance:lo,PrevDay_Close_Dist_ATR:hi,1,1,0,8.0,388.0,388.0,0,1
LONG,OBVf_Signal:==-1,PrevDay_Close_Dist_ATR:hi,1,1,0,8.0,388.0,388.0,0,1
LONG,OBVf_Signal:==-1,Slope_EMA_ST:hi,1,1,0,8.0,388.0,388.0,0,1
LONG,PrevDay_Close_Dist_ATR:hi,PrevDay_High_Side:==1,1,1,0,8.0,388.0,388.0,0,1
LONG,PrevDay_Close_Dist_ATR:hi,Session_High_Dist_ATR:lo,1,1,0,8.0,388.0,388.0,0,1
LONG,PrevDay_Close_Dist_ATR:hi,Slope_Accel_LT:lo,1,1,0,8.0,388.0,388.0,0,1
LONG,PrevDay_High_Side:==1,Slope_EMA_ST:hi,1,1,0,8.0,388.0,388.0,0,1
LONG,Round_100_Dist_ATR:lo,Slope_EMA_ST:hi,1,1,0,8.0,388.0,388.0,0,1
LONG,Session_High_Dist_ATR:lo,Slope_EMA_ST:hi,1,1,0,8.0,388.0,388.0,0,1
LONG,Lower_Wick:lo,PrevDay_High_Side:==1,2,1,1,5.5,-215.8,-431.6,0,2
LONG,D2D_Signal:==1,Micro_RollProxy:lo,1,1,0,11.0,924.0,924.0,0,1
LONG,Micro_RangeAccel:hi,VWAP_Side:==1,1,1,0,11.0,924.0,924.0,0,1
LONG,Micro_RollProxy:lo,Micro_WickImbalance:lo,1,1,0,11.0,924.0,924.0,0,1
LONG,Micro_RollProxy:lo,Momentum_Value:hi,1,1,0,11.0,924.0,924.0,0,1
LONG,Micro_RollProxy:lo,PoC_Side:==1,1,1,0,11.0,924.0,924.0,0,1
LONG,Micro_RollProxy:lo,VWAP_Side:==1,1,1,0,11.0,924.0,924.0,0,1
LONG,AT_Score_LT:hi,D2D_ATR_MA:hi,1,1,0,6.0,679.8,679.8,0,1
LONG,AT_Score_LT:hi,Momentum_Value:lo,1,1,0,6.0,679.8,679.8,0,1
LONG,AT_Score_LT:hi,OR_High_Side:==-1,1,1,0,6.0,679.8,679.8,0,1
LONG,AT_Score_LT:hi,OR_Position:lo,1,1,0,6.0,679.8,679.8,0,1
LONG,AT_Score_LT:hi,PrevDay_High_Side:==1,1,1,0,6.0,679.8,679.8,0,1
LONG,AT_Score_LT:hi,RangeOsc_State:==-1,1,1,0,6.0,679.8,679.8,0,1
LONG,AT_Score_LT:hi,VWAP_Dist_ATR:lo,1,1,0,6.0,679.8,679.8,0,1
LONG,D2D_ATR_MA:hi,Micro_Rejection:hi,1,1,0,6.0,679.8,679.8,0,1
LONG,Micro_GarmanKlass:hi,VWAP_Dist_ATR:lo,1,1,0,6.0,679.8,679.8,0,1
LONG,Micro_Rejection:hi,Micro_VolOfVol:hi,1,1,0,6.0,679.8,679.8,0,1
LONG,Micro_Rejection:hi,Momentum_Value:lo,1,1,0,6.0,679.8,679.8,0,1
LONG,Micro_Rejection:hi,OR_High_Side:==-1,1,1,0,6.0,679.8,679.8,0,1
LONG,Micro_Rejection:hi,OR_Position:lo,1,1,0,6.0,679.8,679.8,0,1
LONG,Micro_Rejection:hi,PrevDay_High_Side:==1,1,1,0,6.0,679.8,679.8,0,1
LONG,Micro_Rejection:hi,RangeOsc_State:==-1,1,1,0,6.0,679.8,679.8,0,1
LONG,Micro_Rejection:hi,Upper_Wick:hi,1,1,0,6.0,679.8,679.8,0,1
LONG,Micro_Rejection:hi,VWAP_Dist_ATR:lo,1,1,0,6.0,679.8,679.8,0,1
LONG,Momentum_Value:lo,OR_Position:lo,1,1,0,6.0,679.8,679.8,0,1
LONG,Momentum_Value:lo,PrevDay_High_Side:==1,1,1,0,6.0,679.8,679.8,0,1
LONG,AT_Regime_ST:==1,Micro_IBSP:lo,1,1,0,13.0,185.0,185.0,0,1
LONG,D2D_ATR_MA:hi,Micro_IBSP:lo,1,1,0,13.0,185.0,185.0,0,1
LONG,DailyOpen_Side:==1,EMA_Oscillator:lo,1,1,0,13.0,185.0,185.0,0,1
LONG,DailyOpen_Side:==1,Micro_IBSP:lo,1,1,0,13.0,185.0,185.0,0,1
LONG,DailyOpen_Side:==1,VWAP_Sigma:lo,1,1,0,13.0,185.0,185.0,0,1
LONG,EMA_Oscillator:lo,Micro_IBSP:lo,1,1,0,13.0,185.0,185.0,0,1
LONG,EMA_Oscillator:lo,Micro_OrderFlowDelta:lo,1,1,0,13.0,185.0,185.0,0,1
LONG,KAMA_Dist:lo,Micro_IBSP:lo,1,1,0,13.0,185.0,185.0,0,1
LONG,Micro_IBSP:lo,Micro_VolOfVol:hi,1,1,0,13.0,185.0,185.0,0,1
LONG,Micro_IBSP:lo,OR_Low_Side:==-1,1,1,0,13.0,185.0,185.0,0,1
LONG,Micro_IBSP:lo,OR_Position:lo,1,1,0,13.0,185.0,185.0,0,1
LONG,Micro_IBSP:lo,PrevDay_High_Side:==1,1,1,0,13.0,185.0,185.0,0,1
LONG,Micro_IBSP:lo,RangeOsc_State:==-1,1,1,0,13.0,185.0,185.0,0,1
LONG,Micro_IBSP:lo,Round_500_Dist_ATR:lo,1,1,0,13.0,185.0,185.0,0,1
LONG,Micro_IBSP:lo,VWAP_Dist_ATR:lo,1,1,0,13.0,185.0,185.0,0,1
LONG,Micro_OrderFlowDelta:lo,VWAP_Dist_ATR:lo,2,1,1,10.5,-101.9,-203.8,0,2
LONG,Micro_VolOfVol:hi,VWAP_Sigma:lo,1,1,0,13.0,185.0,185.0,0,1
LONG,OR_Low_Side:==-1,VWAP_Sigma:lo,1,1,0,13.0,185.0,185.0,0,1
LONG,OR_Position:lo,VWAP_Sigma:lo,1,1,0,13.0,185.0,185.0,0,1
LONG,PrevDay_High_Side:==1,VWAP_Sigma:lo,1,1,0,13.0,185.0,185.0,0,1
LONG,Round_500_Dist_ATR:lo,VWAP_Sigma:lo,1,1,0,13.0,185.0,185.0,0,1
LONG,Micro_Entropy:lo,Slope_Accel_ST:lo,1,1,0,7.0,294.0,294.0,0,1
LONG,Micro_HLAsymmetry:lo,Micro_MicroGap:lo,1,1,0,7.0,294.0,294.0,0,1
LONG,Dist_To_PoC_ATR:lo,Slope_Accel_LT:hi,1,1,0,7.0,65.6,65.6,0,1
LONG,Micro_MomoTransfer:hi,OR_Position:hi,1,1,0,7.0,65.6,65.6,0,1
LONG,Micro_MomoTransfer:hi,RangeOsc_Val:hi,1,1,0,7.0,65.6,65.6,0,1
LONG,Micro_RangeVelocity:lo,RangeOsc_Val:hi,1,1,0,7.0,65.6,65.6,0,1
LONG,D2D_Persist:hi,Micro_HLAsymmetry:hi,1,1,0,5.0,85.0,85.0,0,1
LONG,D2D_Persist:hi,Slope_Accel_LT:lo,1,1,0,5.0,85.0,85.0,0,1
LONG,D2D_Persist:hi,Volume:hi,1,1,0,5.0,85.0,85.0,0,1
LONG,D2D_ATR:hi,PrevDay_Close_Side:==-1,1,1,0,9.0,1589.5,1589.5,0,1
LONG,D2D_ATR:hi,RangeOsc_Val:hi,1,1,0,9.0,1589.5,1589.5,0,1
LONG,ADX_Value:hi,Dist_To_PoC_ATR:lo,1,1,0,4.0,135.6,135.6,0,1
LONG,ADX_Value:hi,Micro_VolOfVol:lo,1,1,0,4.0,135.6,135.6,0,1
LONG,ADX_Rising:==0,RangeOsc_Val:hi,1,1,0,10.0,306.0,306.0,0,1
LONG,ADX_Rising:==0,ST_Flip_Event:==-1,2,1,1,8.0,-124.5,-249.0,0,2
LONG,ADX_Rising:==0,Slope_Accel_ST:lo,1,1,0,10.0,306.0,306.0,0,1
LONG,D2D_ATR_MA:hi,OR_Position:hi,1,1,0,10.0,306.0,306.0,0,1
LONG,D2D_ATR_MA:hi,RangeOsc_Val:hi,1,1,0,10.0,306.0,306.0,0,1
LONG,DailyOpen_Side:==-1,ST_Flip_Event:==-1,1,1,0,10.0,306.0,306.0,0,1
LONG,DailyOpen_Side:==-1,Slope_Accel_ST:lo,1,1,0,10.0,306.0,306.0,0,1
LONG,Harmonic_OBVf_Concordance:==0,RangeOsc_Val:hi,1,1,0,10.0,306.0,306.0,0,1
LONG,KAMA_Dist:lo,RangeOsc_Val:hi,1,1,0,10.0,306.0,306.0,0,1
LONG,Lower_Wick:hi,RangeOsc_Val:hi,1,1,0,10.0,306.0,306.0,0,1
LONG,OR_Position:hi,ST_Flip_Event:==-1,1,1,0,10.0,306.0,306.0,0,1
LONG,OR_Position:hi,Slope_Accel_ST:lo,1,1,0,10.0,306.0,306.0,0,1
LONG,PrevDay_Close_Side:==-1,ST_Flip_Event:==-1,1,1,0,10.0,306.0,306.0,0,1
LONG,PrevDay_Close_Side:==-1,Slope_Accel_ST:lo,1,1,0,10.0,306.0,306.0,0,1
LONG,PrevDay_High_Side:==-1,RangeOsc_Val:hi,1,1,0,10.0,306.0,306.0,0,1
LONG,RangeOsc_Val:hi,ST_Flip_Event:==-1,1,1,0,10.0,306.0,306.0,0,1
LONG,RangeOsc_Val:hi,Slope_Accel_ST:lo,1,1,0,10.0,306.0,306.0,0,1
LONG,Session_Low_Dist_ATR:lo,Slope_Accel_ST:lo,1,1,0,10.0,306.0,306.0,0,1
LONG,Micro_Entropy:lo,RangeOsc_State:==-2,1,1,0,9.0,210.0,210.0,0,1
LONG,Micro_Entropy:lo,Sqz_Val:hi,1,1,0,9.0,210.0,210.0,0,1
LONG,Micro_VolOfVol:hi,OR_High_Side:==1,1,1,0,9.0,210.0,210.0,0,1
LONG,Micro_WickImbalance:lo,OR_High_Side:==1,1,1,0,9.0,210.0,210.0,0,1
LONG,OR_High_Side:==1,RangeOsc_State:==-2,1,1,0,9.0,210.0,210.0,0,1
LONG,OR_High_Side:==1,Sqz_State:==1,1,1,0,9.0,210.0,210.0,0,1
LONG,OR_High_Side:==1,Sqz_Val:hi,1,1,0,9.0,210.0,210.0,0,1
LONG,OR_Low_Side:==1,Sqz_Val:hi,1,1,0,9.0,210.0,210.0,0,1
LONG,Sqz_Val:hi,TChan_A15:hi,1,1,0,9.0,210.0,210.0,0,1
LONG,Lower_Wick:hi,PoC_Side:==1,1,1,0,5.0,210.0,210.0,0,1
LONG,MultiDay_Slope:lo,VWAP_Side:==1,1,1,0,5.0,210.0,210.0,0,1
LONG,D2D_DirStep:==1,Micro_Entropy:lo,1,1,0,17.0,452.2,452.2,0,1
LONG,D2D_DirStep:==1,Micro_MomoTransfer:hi,1,1,0,17.0,452.2,452.2,0,1
LONG,Micro_MomoTransfer:hi,Slope_Accel_LT:lo,1,1,0,17.0,452.2,452.2,0,1
LONG,ADX_Value:hi,ST_Flip_Event:==1,1,1,0,8.0,420.0,420.0,0,1
LONG,D2D_Dynamic_Sensitivity:lo,Micro_Rejection:lo,1,1,0,8.0,420.0,420.0,0,1
LONG,D2D_Dynamic_Sensitivity:lo,ST_Flip_Event:==1,1,1,0,8.0,420.0,420.0,0,1
LONG,D2D_Dynamic_Sensitivity:lo,Slope_EMA_ST:hi,1,1,0,8.0,420.0,420.0,0,1
LONG,Micro_FractalDim:lo,ST_Flip_Event:==1,1,1,0,8.0,420.0,420.0,0,1
LONG,Micro_MicroGap:lo,Slope_EMA_ST:hi,1,1,0,8.0,420.0,420.0,0,1
LONG,Micro_OrderFlowDelta:lo,ST_Flip_Event:==1,1,1,0,8.0,420.0,420.0,0,1
LONG,Momentum_Value:hi,Slope_EMA_ST:hi,1,1,0,8.0,420.0,420.0,0,1
LONG,ST_Flip_Event:==1,Slope_EMA_ST:hi,1,1,0,8.0,420.0,420.0,0,1
LONG,ADX_Value:hi,Micro_IBSP:lo,1,1,0,5.0,97.5,97.5,0,1
LONG,ADX_Value:hi,Micro_MomoTransfer:lo,1,1,0,5.0,97.5,97.5,0,1
LONG,Micro_MomoTransfer:lo,Micro_WickImbalance:lo,1,1,0,5.0,97.5,97.5,0,1
LONG,Bars_Since_Flip:hi,VWAP_Sigma:lo,1,1,0,4.0,44.4,44.4,0,1
LONG,Micro_CSSpread:hi,VWAP_Sigma:lo,1,1,0,4.0,44.4,44.4,0,1
LONG,D2D_Persist:hi,MultiDay_Position:lo,2,1,1,5.5,-218.8,-437.6,0,2
LONG,ADX_Rising:==0,Micro_Entropy:lo,1,1,0,15.0,1222.5,1222.5,0,1
LONG,Micro_HLAsymmetry:lo,Sqz_State:==1,1,1,0,15.0,1222.5,1222.5,0,1
LONG,Micro_HLAsymmetry:lo,VA_Position:hi,1,1,0,15.0,1222.5,1222.5,0,1
LONG,PrevDay_High_Dist_ATR:lo,PrevDay_Low_Dist_ATR:lo,1,1,0,15.0,1222.5,1222.5,0,1
LONG,Slope_Accel_LT:hi,VWAP_Dist_ATR:lo,1,1,0,15.0,1222.5,1222.5,0,1
LONG,Slope_Accel_LT:hi,VWAP_Sigma_ATR:lo,2,1,1,10.5,152.25,304.5,0,2
LONG,ADX_Rising:==1,RangeOsc_Val:hi,1,1,0,13.0,385.0,385.0,0,1
LONG,MultiDay_Position:lo,VWAP_Side:==1,1,1,0,13.0,385.0,385.0,0,1
LONG,RangeOsc_Val:hi,Sqz_State:==1,1,1,0,13.0,385.0,385.0,0,1
LONG,VWAP_Side:==1,VWAP_Sigma_ATR:lo,1,1,0,13.0,385.0,385.0,0,1
LONG,D2D_Persist:hi,Volume_Avg_10:hi,1,1,0,6.0,74.4,74.4,0,1
LONG,ADX_Rising:==0,Micro_TickIntensity:hi,1,1,0,7.0,117.6,117.6,0,1
LONG,AT_Score_LT:hi,Harmonic_OBVf_Concordance:==0,1,1,0,7.0,117.6,117.6,0,1
LONG,AT_Score_LT:hi,Micro_VPIN:lo,1,1,0,7.0,117.6,117.6,0,1
LONG,Harmonic_OBVf_Concordance:==0,Micro_CSSpread:hi,1,1,0,7.0,117.6,117.6,0,1
LONG,Harmonic_OBVf_Concordance:==0,Micro_Rejection:hi,1,1,0,7.0,117.6,117.6,0,1
LONG,Micro_GarmanKlass:hi,Micro_LogReturn:hi,1,1,0,7.0,117.6,117.6,0,1
LONG,Micro_GarmanKlass:hi,Micro_TickIntensity:hi,1,1,0,7.0,117.6,117.6,0,1
LONG,Micro_LogReturn:hi,Micro_Rejection:hi,1,1,0,7.0,117.6,117.6,0,1
LONG,Micro_Rejection:hi,Micro_TickIntensity:hi,1,1,0,7.0,117.6,117.6,0,1
LONG,Micro_Rejection:hi,Micro_VPIN:lo,1,1,0,7.0,117.6,117.6,0,1
LONG,AT_Score_LT:hi,Micro_Amihud:lo,1,1,0,5.0,172.5,172.5,0,1
LONG,AT_Score_LT:hi,Micro_VPIN:hi,1,1,0,5.0,172.5,172.5,0,1
LONG,Bars_Since_Flip:hi,Micro_Amihud:lo,1,1,0,5.0,172.5,172.5,0,1
LONG,Bars_Since_Flip:hi,Micro_VPIN:hi,1,1,0,5.0,172.5,172.5,0,1
LONG,D2D_ATR:hi,Micro_Amihud:lo,1,1,0,5.0,172.5,172.5,0,1
LONG,D2D_ATR:hi,Micro_VPIN:hi,1,1,0,5.0,172.5,172.5,0,1
LONG,Micro_Amihud:lo,Micro_CSSpread:hi,1,1,0,5.0,172.5,172.5,0,1
LONG,Micro_Amihud:lo,PrevDay_High_Dist_ATR:hi,1,1,0,5.0,172.5,172.5,0,1
LONG,Micro_Amihud:lo,Volume_Avg_10:hi,1,1,0,5.0,172.5,172.5,0,1
LONG,Micro_CSSpread:hi,Micro_VPIN:hi,1,1,0,5.0,172.5,172.5,0,1
LONG,Micro_VPIN:hi,PrevDay_High_Dist_ATR:hi,1,1,0,5.0,172.5,172.5,0,1
LONG,Micro_VPIN:hi,Volume_Avg_10:hi,1,1,0,5.0,172.5,172.5,0,1
LONG,PrevDay_Close_Dist_ATR:hi,Round_500_Dist_ATR:lo,1,1,0,4.0,90.0,90.0,0,1
LONG,PrevDay_Close_Dist_ATR:hi,VA_Position:hi,1,1,0,4.0,90.0,90.0,0,1
LONG,PrevDay_High_Dist_ATR:hi,VA_Position:hi,1,1,0,4.0,90.0,90.0,0,1
LONG,AT_Score_LT:hi,PrevDay_Close_Dist_ATR:hi,1,1,0,4.0,56.8,56.8,0,1
LONG,Bar_Range:hi,PrevDay_Close_Dist_ATR:hi,1,1,0,4.0,56.8,56.8,0,1
LONG,Micro_CSSpread:hi,PrevDay_Close_Dist_ATR:hi,1,1,0,4.0,56.8,56.8,0,1
LONG,Micro_Lambda:lo,PrevDay_Close_Dist_ATR:hi,1,1,0,4.0,56.8,56.8,0,1
LONG,ADX_Rising:==0,PrevDay_High_Dist_ATR:hi,1,1,0,6.0,66.6,66.6,0,1
LONG,Bar_Range:hi,Micro_Rejection:hi,1,1,0,6.0,66.6,66.6,0,1
LONG,Lower_Wick:hi,PrevDay_High_Dist_ATR:hi,1,1,0,6.0,66.6,66.6,0,1
LONG,Micro_Lambda:lo,Micro_Rejection:hi,1,1,0,6.0,66.6,66.6,0,1
LONG,Micro_Rejection:hi,PrevDay_High_Dist_ATR:hi,1,1,0,6.0,66.6,66.6,0,1
LONG,ADX_Value:lo,D2D_ATR:hi,1,1,0,5.0,258.0,258.0,0,1
LONG,ADX_Value:lo,D2D_Signal:==1,1,1,0,5.0,258.0,258.0,0,1
LONG,ADX_Value:lo,PoC_Side:==1,1,1,0,5.0,258.0,258.0,0,1
LONG,ADX_Value:lo,PrevDay_High_Dist_ATR:hi,1,1,0,5.0,258.0,258.0,0,1
LONG,D2D_ATR:hi,Slope_EMA_ST:hi,1,1,0,5.0,258.0,258.0,0,1
LONG,D2D_Signal:==1,PrevDay_Close_Dist_ATR:hi,1,1,0,5.0,258.0,258.0,0,1
LONG,D2D_Signal:==1,PrevDay_High_Dist_ATR:hi,1,1,0,5.0,258.0,258.0,0,1
LONG,D2D_Signal:==1,Slope_EMA_ST:hi,1,1,0,5.0,258.0,258.0,0,1
LONG,Micro_AutoCorr:hi,Micro_GarmanKlass:hi,1,1,0,5.0,258.0,258.0,0,1
LONG,Micro_AutoCorr:hi,PrevDay_Close_Dist_ATR:hi,1,1,0,5.0,258.0,258.0,0,1
LONG,Micro_GarmanKlass:hi,PoC_Side:==1,1,1,0,5.0,258.0,258.0,0,1
LONG,Micro_GarmanKlass:hi,TChan_A15:hi,1,1,0,5.0,258.0,258.0,0,1
LONG,Micro_GarmanKlass:hi,Volume_Ratio_10:hi,1,1,0,5.0,258.0,258.0,0,1
LONG,PoC_Side:==1,PrevDay_Close_Dist_ATR:hi,1,1,0,5.0,258.0,258.0,0,1
LONG,PoC_Side:==1,PrevDay_High_Dist_ATR:hi,1,1,0,5.0,258.0,258.0,0,1
LONG,PoC_Side:==1,Slope_EMA_ST:hi,1,1,0,5.0,258.0,258.0,0,1
LONG,PrevDay_Close_Dist_ATR:hi,TChan_A15:hi,1,1,0,5.0,258.0,258.0,0,1
LONG,PrevDay_Close_Dist_ATR:hi,Volume_Ratio_10:hi,1,1,0,5.0,258.0,258.0,0,1
LONG,PrevDay_High_Dist_ATR:hi,Slope_EMA_ST:hi,1,1,0,5.0,258.0,258.0,0,1
LONG,Micro_VolOfVol:lo,VA_Position:hi,1,1,0,5.0,45.0,45.0,0,1
LONG,ADX_Rising:==1,AT_Lookback_ST:hi,1,1,0,13.0,330.2,330.2,0,1
LONG,ADX_Rising:==1,D2D_ATR_MA:hi,1,1,0,13.0,330.2,330.2,0,1
LONG,AT_Lookback_ST:hi,OR_Low_Side:==1,1,1,0,13.0,330.2,330.2,0,1
LONG,OBVf_Signal:==1,PoC_Side:==1,1,1,0,13.0,330.2,330.2,0,1
LONG,ADX_Rising:==1,Micro_MicroGap:hi,1,1,0,5.0,74.5,74.5,0,1
LONG,Micro_MicroGap:hi,PrevDay_High_Dist_ATR:lo,1,1,0,5.0,74.5,74.5,0,1
LONG,Micro_PriceAccel:lo,Micro_RollProxy:lo,1,1,0,19.0,240.8,240.8,0,1
LONG,Micro_RangeVelocity:lo,Micro_RollProxy:lo,1,1,0,19.0,240.8,240.8,0,1
LONG,Micro_RollProxy:lo,RangeOsc_Val:lo,1,1,0,19.0,240.8,240.8,0,1
LONG,Micro_RollProxy:lo,Volume_Avg_10:hi,1,1,0,19.0,240.8,240.8,0,1
LONG,Micro_FractalDim:lo,Micro_PriceAccel:lo,1,1,0,19.0,440.8,440.8,0,1
LONG,Micro_PriceAccel:lo,Micro_RangeVelocity:hi,1,1,0,19.0,440.8,440.8,0,1
LONG,Efficiency_Ratio:hi,Micro_LogReturn:hi,1,1,0,9.0,205.2,205.2,0,1
LONG,ADX_Value:hi,Micro_Amihud:lo,1,1,0,4.0,38.8,38.8,0,1
LONG,ADX_Value:hi,Micro_VPIN:hi,1,1,0,4.0,38.8,38.8,0,1
LONG,Micro_Amihud:lo,Micro_OrderFlowDelta:lo,1,1,0,4.0,38.8,38.8,0,1
LONG,Micro_Amihud:lo,Micro_WickImbalance:lo,1,1,0,4.0,38.8,38.8,0,1
LONG,Micro_Amihud:lo,Session_Low_Dist_ATR:lo,1,1,0,4.0,38.8,38.8,0,1
LONG,Micro_Amihud:lo,Slope_EMA_ST:hi,1,1,0,4.0,38.8,38.8,0,1
LONG,Micro_OrderFlowDelta:lo,Micro_VPIN:hi,1,1,0,4.0,38.8,38.8,0,1
LONG,Micro_VPIN:hi,Micro_WickImbalance:lo,1,1,0,4.0,38.8,38.8,0,1
LONG,Micro_VPIN:hi,Session_Low_Dist_ATR:lo,1,1,0,4.0,38.8,38.8,0,1
LONG,Micro_VPIN:hi,Slope_EMA_ST:hi,1,1,0,4.0,38.8,38.8,0,1
LONG,D2D_Signal:==1,Micro_MomoTransfer:lo,1,1,0,5.0,166.5,166.5,0,1
LONG,Micro_MomoTransfer:lo,PoC_Side:==1,1,1,0,5.0,166.5,166.5,0,1
LONG,Micro_MomoTransfer:lo,Session_High_Dist_ATR:lo,1,1,0,5.0,166.5,166.5,0,1
LONG,Micro_MomoTransfer:lo,Upper_Wick:hi,1,1,0,5.0,166.5,166.5,0,1
LONG,Micro_MomoTransfer:lo,VWAP_Dist_ATR:lo,1,1,0,5.0,166.5,166.5,0,1
LONG,Micro_MomoTransfer:lo,VWAP_Side:==1,1,1,0,5.0,166.5,166.5,0,1
LONG,Lower_Wick:hi,Micro_Rejection:lo,1,1,0,4.0,149.6,149.6,0,1
LONG,Lower_Wick:hi,Slope_EMA_ST:hi,1,1,0,4.0,149.6,149.6,0,1
LONG,MultiDay_Slope:lo,Slope_EMA_ST:hi,1,1,0,4.0,149.6,149.6,0,1
LONG,Micro_CSSpread:lo,PrevDay_Close_Side:==-1,1,1,0,5.0,210.0,210.0,0,1
LONG,Micro_CSSpread:lo,RangeOsc_Val:hi,1,1,0,5.0,210.0,210.0,0,1
LONG,Micro_CSSpread:lo,Session_Low_Dist_ATR:lo,1,1,0,5.0,210.0,210.0,0,1
LONG,KAMA_Dist:lo,MultiDay_Position:hi,1,1,0,7.0,294.0,294.0,0,1
LONG,Micro_Amihud:hi,MultiDay_Position:hi,1,1,0,7.0,294.0,294.0,0,1
LONG,Momentum_Value:lo,MultiDay_Position:hi,1,1,0,7.0,294.0,294.0,0,1
LONG,DailyOpen_Side:==1,Sqz_Val:hi,1,1,0,7.0,106.4,106.4,0,1
LONG,Micro_FractalDim:hi,Micro_IBSP:hi,1,1,0,7.0,106.4,106.4,0,1
LONG,Micro_IBSP:hi,Sqz_State:==1,1,1,0,7.0,106.4,106.4,0,1
LONG,Micro_IBSP:hi,Sqz_Val:hi,1,1,0,7.0,106.4,106.4,0,1
LONG,Lower_Wick:lo,Micro_IBSP:hi,1,1,0,3.0,68.7,68.7,0,1
LONG,Micro_IBSP:hi,Micro_WickImbalance:hi,1,1,0,3.0,68.7,68.7,0,1
LONG,Micro_WickImbalance:hi,MultiDay_Position:hi,2,1,1,4.0,-220.15,-440.3,0,2
LONG,AT_Lookback_LT:hi,AT_Score_LT:hi,1,1,0,4.0,60.8,60.8,0,1
LONG,AT_Lookback_LT:hi,Micro_GarmanKlass:hi,1,1,0,4.0,60.8,60.8,0,1
LONG,AT_Lookback_LT:hi,Micro_Rejection:hi,1,1,0,4.0,60.8,60.8,0,1
LONG,AT_Lookback_LT:hi,MultiDay_Slope:lo,1,1,0,4.0,60.8,60.8,0,1
LONG,AT_Score_LT:hi,Micro_MomoTransfer:lo,1,1,0,4.0,60.8,60.8,0,1
LONG,AT_Score_LT:hi,Micro_RangeVelocity:lo,1,1,0,4.0,60.8,60.8,0,1
LONG,Bars_Since_Flip:hi,Micro_MomoTransfer:lo,1,1,0,4.0,60.8,60.8,0,1
LONG,Bars_Since_Flip:hi,Micro_Rejection:hi,1,1,0,4.0,60.8,60.8,0,1
LONG,Micro_GarmanKlass:hi,Micro_MomoTransfer:lo,1,1,0,4.0,60.8,60.8,0,1
LONG,Micro_GarmanKlass:hi,Micro_RangeVelocity:lo,1,1,0,4.0,60.8,60.8,0,1
LONG,Micro_MomoTransfer:lo,Micro_Rejection:hi,1,1,0,4.0,60.8,60.8,0,1
LONG,Micro_MomoTransfer:lo,MultiDay_Slope:lo,1,1,0,4.0,60.8,60.8,0,1
LONG,Micro_MomoTransfer:lo,PrevDay_High_Dist_ATR:lo,1,1,0,4.0,60.8,60.8,0,1
LONG,Micro_MomoTransfer:lo,Round_500_Dist_ATR:lo,1,1,0,4.0,60.8,60.8,0,1
LONG,Micro_RangeVelocity:lo,Micro_Rejection:hi,1,1,0,4.0,60.8,60.8,0,1
LONG,Micro_Rejection:hi,Round_500_Dist_ATR:lo,1,1,0,4.0,60.8,60.8,0,1
LONG,Micro_Rejection:hi,VA_Position:hi,1,1,0,4.0,60.8,60.8,0,1
LONG,AT_Score_LT:hi,TChan_A15:hi,1,1,0,4.0,105.6,105.6,0,1
LONG,AT_Score_LT:hi,Volume_Ratio_10:hi,1,1,0,4.0,105.6,105.6,0,1
LONG,ADX_Rising:==1,ADX_Value:hi,1,1,0,10.0,420.0,420.0,0,1
LONG,ADX_Rising:==1,Micro_OrderFlowDelta:lo,1,1,0,10.0,420.0,420.0,0,1
LONG,ADX_Rising:==1,Slope_EMA_ST:hi,1,1,0,10.0,420.0,420.0,0,1
LONG,D2D_Persist:hi,Slope_EMA_ST:hi,1,1,0,10.0,420.0,420.0,0,1
LONG,Harmonic_LLEMA:hi,Session_Low_Dist_ATR:lo,1,1,0,10.0,420.0,420.0,0,1
LONG,Harmonic_LLEMA:hi,Slope_EMA_ST:hi,1,1,0,10.0,420.0,420.0,0,1
LONG,Harmonic_LLEMA:hi,VWAP_Side:==-1,1,1,0,10.0,420.0,420.0,0,1
LONG,Slope_EMA_ST:hi,VWAP_Side:==-1,1,1,0,10.0,420.0,420.0,0,1
LONG,Efficiency_Ratio:hi,RangeOsc_State:==-2,1,1,0,8.0,134.4,134.4,0,1
LONG,D2D_DirStep:==1,PrevDay_High_Side:==1,1,1,0,7.0,202.3,202.3,0,1
LONG,Micro_BarOverlap:lo,PrevDay_High_Side:==1,1,1,0,7.0,202.3,202.3,0,1
LONG,PrevDay_High_Side:==1,VWAP_Sigma:hi,1,1,0,7.0,202.3,202.3,0,1
LONG,ADX_Rising:==0,D2D_DirStep:==-1,1,1,0,3.0,104.1,104.1,0,1
LONG,D2D_DirStep:==-1,Session_High_Dist_ATR:lo,1,1,0,3.0,104.1,104.1,0,1
LONG,Harmonic_OBVf_Concordance:==0,VWAP_Side:==-1,2,1,1,8.0,-161.85,-323.7,0,2
LONG,ADX_Value:hi,KAMA_Dist:lo,1,1,0,5.0,156.5,156.5,0,1
LONG,ADX_Value:hi,Sqz_State:==-1,1,1,0,5.0,156.5,156.5,0,1
LONG,AT_Regime_ST:==1,Slope_EMA_ST:hi,1,1,0,5.0,156.5,156.5,0,1
LONG,KAMA_Dist:lo,Slope_EMA_ST:hi,1,1,0,5.0,156.5,156.5,0,1
LONG,Micro_Rejection:lo,Sqz_State:==-1,1,1,0,5.0,156.5,156.5,0,1
LONG,RangeOsc_State:==-1,ST_Flip_Event:==-1,1,1,0,5.0,156.5,156.5,0,1
LONG,RangeOsc_State:==-1,Slope_EMA_ST:hi,1,1,0,5.0,156.5,156.5,0,1
LONG,RangeOsc_State:==-1,Sqz_State:==-1,1,1,0,5.0,156.5,156.5,0,1
LONG,ST_Flip_Event:==-1,Slope_EMA_ST:hi,1,1,0,5.0,156.5,156.5,0,1
LONG,Session_Low_Dist_ATR:lo,Sqz_State:==-1,1,1,0,5.0,156.5,156.5,0,1
LONG,Slope_EMA_ST:hi,Sqz_State:==-1,1,1,0,5.0,156.5,156.5,0,1
LONG,Sqz_State:==-1,Upper_Wick:hi,1,1,0,5.0,156.5,156.5,0,1
LONG,EMA_Oscillator:lo,Micro_BarOverlap:lo,1,1,0,3.0,89.7,89.7,0,1
LONG,EMA_Oscillator:lo,VWAP_Sigma:hi,1,1,0,3.0,89.7,89.7,0,1
LONG,Micro_BarOverlap:lo,Micro_HLAsymmetry:lo,1,1,0,3.0,89.7,89.7,0,1
LONG,Micro_HLAsymmetry:lo,VWAP_Sigma:hi,1,1,0,3.0,89.7,89.7,0,1
LONG,Micro_FailedBreak:hi,Micro_Lambda:lo,1,1,0,9.0,84.0,84.0,0,1
LONG,Micro_Lambda:lo,VWAP_Side:==-1,1,1,0,9.0,84.0,84.0,0,1
LONG,AT_Score_LT:hi,Micro_PriceAccel:hi,1,1,0,5.0,429.0,429.0,0,1
LONG,AT_Score_LT:hi,OBV_Velocity:hi,1,1,0,5.0,429.0,429.0,0,1
LONG,D2D_Signal:==1,Micro_Rejection:hi,1,1,0,5.0,429.0,429.0,0,1
LONG,Micro_GarmanKlass:hi,Micro_PriceAccel:hi,1,1,0,5.0,429.0,429.0,0,1
LONG,Micro_GarmanKlass:hi,OBV_Velocity:hi,1,1,0,5.0,429.0,429.0,0,1
LONG,Micro_PriceAccel:hi,Micro_Rejection:hi,1,1,0,5.0,429.0,429.0,0,1
LONG,Micro_PriceAccel:hi,MultiDay_Slope:lo,1,1,0,5.0,429.0,429.0,0,1
LONG,Micro_Rejection:hi,OBV_Velocity:hi,1,1,0,5.0,429.0,429.0,0,1
LONG,Micro_Rejection:hi,VWAP_Sigma:hi,1,1,0,5.0,429.0,429.0,0,1
LONG,AT_Score_LT:hi,EMA_Oscillator:lo,1,1,0,6.0,117.6,117.6,0,1
LONG,AT_Score_LT:hi,Micro_HLAsymmetry:lo,1,1,0,6.0,117.6,117.6,0,1
LONG,AT_Score_LT:hi,RangeOsc_State:==2,1,1,0,6.0,117.6,117.6,0,1
LONG,EMA_Oscillator:lo,MultiDay_Slope:lo,1,1,0,6.0,117.6,117.6,0,1
LONG,EMA_Oscillator:lo,PrevDay_High_Dist_ATR:lo,1,1,0,6.0,117.6,117.6,0,1
LONG,Micro_HLAsymmetry:lo,MultiDay_Slope:lo,1,1,0,6.0,117.6,117.6,0,1
LONG,AT_Score_LT:hi,Micro_HLAsymmetry:hi,1,1,0,10.0,195.0,195.0,0,1
LONG,AT_Score_LT:hi,Micro_RangeAccel:hi,1,1,0,10.0,195.0,195.0,0,1
LONG,AT_Score_LT:hi,Round_100_Dist_ATR:lo,1,1,0,10.0,195.0,195.0,0,1
LONG,Micro_MomoTransfer:hi,Round_100_Dist_ATR:lo,1,1,0,10.0,195.0,195.0,0,1
LONG,MultiDay_Slope:lo,Round_100_Dist_ATR:lo,1,1,0,10.0,195.0,195.0,0,1
LONG,AT_Score_LT:hi,D2D_DirStep:==1,1,1,0,7.0,120.6,120.6,0,1
LONG,AT_Score_LT:hi,Micro_BarOverlap:lo,1,1,0,7.0,120.6,120.6,0,1
LONG,AT_Score_LT:hi,Micro_RangeVelocity:hi,1,1,0,7.0,120.6,120.6,0,1
LONG,Micro_BarOverlap:lo,PrevDay_High_Dist_ATR:lo,1,1,0,7.0,120.6,120.6,0,1
LONG,Harmonic_LLEMA:hi,OR_High_Side:==0,1,1,0,4.0,49.6,49.6,0,1
LONG,Micro_LogReturn:lo,Micro_TickIntensity:hi,1,1,0,4.0,49.6,49.6,0,1
LONG,Micro_LogReturn:lo,Slope_Accel_LT:hi,1,1,0,4.0,49.6,49.6,0,1
LONG,Micro_TickIntensity:hi,OR_High_Side:==0,1,1,0,4.0,49.6,49.6,0,1
LONG,OR_High_Side:==0,Slope_Accel_LT:hi,1,1,0,4.0,49.6,49.6,0,1
LONG,ADX_Rising:==0,OBV_Velocity:hi,1,1,0,20.0,626.0,626.0,0,1
LONG,D2D_DirStep:==1,OBV_Velocity:hi,1,1,0,20.0,626.0,626.0,0,1
LONG,Lower_Wick:hi,Micro_IBSP:hi,1,1,0,20.0,626.0,626.0,0,1
LONG,Micro_AutoCorr:hi,OBV_Velocity:hi,1,1,0,20.0,626.0,626.0,0,1
LONG,Micro_IBSP:hi,Micro_PriceAccel:lo,1,1,0,20.0,626.0,626.0,0,1
LONG,Micro_IBSP:hi,PrevDay_High_Dist_ATR:lo,1,1,0,20.0,626.0,626.0,0,1
LONG,Micro_PriceAccel:lo,OBV_Velocity:hi,2,1,1,13.5,101.95,203.9,0,2
LONG,Micro_PriceAccel:lo,PrevDay_High_Dist_ATR:lo,1,1,0,20.0,626.0,626.0,0,1
LONG,Micro_PriceAccel:lo,Session_High_Dist_ATR:lo,1,1,0,20.0,626.0,626.0,0,1
LONG,Micro_IBSP:hi,Momentum_Value:lo,1,1,0,8.0,125.6,125.6,0,1
LONG,Micro_TickIntensity:hi,Momentum_Value:lo,1,1,0,8.0,125.6,125.6,0,1
LONG,ADX_Rising:==0,Micro_TickIntensity:lo,1,1,0,44.0,14994.0,14994.0,0,1
LONG,AT_Slope_LT:lo,OBVf_Signal:==-1,1,1,0,44.0,14994.0,14994.0,0,1
LONG,AT_Slope_ST:lo,VWAP_Side:==1,1,1,0,44.0,14994.0,14994.0,0,1
LONG,Bar_Range:hi,OBVf_Signal:==-1,1,1,0,44.0,14994.0,14994.0,0,1
LONG,Body_Size:hi,VWAP_Dist_ATR:lo,1,1,0,44.0,14994.0,14994.0,0,1
LONG,Body_Size:hi,VWAP_Side:==1,1,1,0,44.0,14994.0,14994.0,0,1
LONG,D2D_DirStep:==1,OBVf_Signal:==-1,1,1,0,44.0,14994.0,14994.0,0,1
LONG,D2D_DirStep:==1,VWAP_Dist_ATR:lo,1,1,0,44.0,14994.0,14994.0,0,1
LONG,D2D_DirStep:==1,VWAP_Side:==1,1,1,0,44.0,14994.0,14994.0,0,1
LONG,Micro_Amihud:hi,OBVf_Signal:==-1,1,1,0,44.0,14994.0,14994.0,0,1
LONG,Micro_TickIntensity:lo,PrevDay_Close_Side:==-1,1,1,0,44.0,14994.0,14994.0,0,1
LONG,Micro_TickIntensity:lo,PrevDay_High_Dist_ATR:lo,1,1,0,44.0,14994.0,14994.0,0,1
LONG,Micro_TickIntensity:lo,WeeklyOpen_Side:==-1,1,1,0,44.0,14994.0,14994.0,0,1
LONG,OBVf_Signal:==-1,OR_Position:lo,1,1,0,44.0,14994.0,14994.0,0,1
LONG,OBVf_Signal:==-1,PrevDay_Close_Side:==-1,1,1,0,44.0,14994.0,14994.0,0,1
LONG,OBVf_Signal:==-1,RangeOsc_State:==-2,1,1,0,44.0,14994.0,14994.0,0,1
LONG,OBVf_Signal:==-1,Round_1000_Dist_ATR:lo,1,1,0,44.0,14994.0,14994.0,0,1
LONG,OBVf_Signal:==-1,WeeklyOpen_Side:==-1,1,1,0,44.0,14994.0,14994.0,0,1
LONG,Bar_Range:hi,ST_Flip_Event:==1,1,1,0,9.0,504.0,504.0,0,1
LONG,Micro_RangeVelocity:hi,ST_Flip_Event:==1,1,1,0,9.0,504.0,504.0,0,1
LONG,PrevDay_High_Side:==-1,ST_Flip_Event:==1,1,1,0,9.0,504.0,504.0,0,1
LONG,ST_Flip_Event:==1,Slope_EMA_ST:lo,1,1,0,9.0,504.0,504.0,0,1
LONG,Bar_Range:hi,Micro_RollProxy:lo,2,1,1,10.5,141.6,283.2,0,2
LONG,Micro_AutoCorr:hi,Micro_RollProxy:lo,1,1,0,13.0,672.0,672.0,0,1
LONG,Micro_FractalDim:lo,OR_Position:hi,1,1,0,13.0,672.0,672.0,0,1
LONG,Micro_HLAsymmetry:hi,Micro_LogReturn:lo,1,1,0,13.0,672.0,672.0,0,1
LONG,Micro_LogReturn:lo,Micro_RollProxy:lo,1,1,0,13.0,672.0,672.0,0,1
LONG,Micro_LogReturn:lo,OR_Position:hi,1,1,0,13.0,672.0,672.0,0,1
LONG,Micro_LogReturn:lo,Round_100_Dist_ATR:lo,1,1,0,13.0,672.0,672.0,0,1
LONG,Micro_LogReturn:lo,Slope_EMA_ST:lo,1,1,0,13.0,672.0,672.0,0,1
LONG,Micro_RollProxy:lo,TChan_A15:hi,1,1,0,13.0,672.0,672.0,0,1
LONG,Micro_RollProxy:lo,Volume_Ratio_10:hi,1,1,0,13.0,672.0,672.0,0,1
LONG,Micro_MicroGap:hi,MultiDay_Position:hi,1,1,0,5.0,320.4,320.4,0,1
LONG,D2D_Signal:==1,Dist_To_PoC_ATR:lo,1,1,0,4.0,398.4,398.4,0,1
LONG,Dist_To_PoC_ATR:lo,Micro_CSSpread:lo,1,1,0,4.0,398.4,398.4,0,1
LONG,Dist_To_PoC_ATR:lo,Micro_MicroGap:hi,1,1,0,4.0,398.4,398.4,0,1
LONG,Dist_To_PoC_ATR:lo,Momentum_Value:hi,1,1,0,4.0,398.4,398.4,0,1
LONG,Dist_To_PoC_ATR:lo,OBV_Macd:lo,1,1,0,4.0,398.4,398.4,0,1
LONG,Dist_To_PoC_ATR:lo,PoC_Side:==1,1,1,0,4.0,398.4,398.4,0,1
LONG,Dist_To_PoC_ATR:lo,ST_Flip_Event:==1,1,1,0,4.0,398.4,398.4,0,1
LONG,Micro_CSSpread:lo,Micro_MicroGap:hi,1,1,0,4.0,398.4,398.4,0,1
LONG,Micro_CSSpread:lo,Micro_VolOfVol:lo,1,1,0,4.0,398.4,398.4,0,1
LONG,Micro_CSSpread:lo,Round_1000_Dist_ATR:lo,1,1,0,4.0,398.4,398.4,0,1
LONG,Micro_MicroGap:hi,Micro_VolOfVol:lo,1,1,0,4.0,398.4,398.4,0,1
LONG,EMA_Oscillator:lo,Micro_OrderFlowDelta:hi,1,1,0,7.0,137.9,137.9,0,1
LONG,Micro_HLAsymmetry:lo,Micro_OrderFlowDelta:hi,1,1,0,7.0,137.9,137.9,0,1
LONG,Micro_OrderFlowDelta:hi,Momentum_Value:lo,1,1,0,7.0,137.9,137.9,0,1
LONG,Momentum_Value:lo,Session_Low_Dist_ATR:lo,1,1,0,7.0,137.9,137.9,0,1
LONG,EMA_Oscillator:lo,Micro_VPIN:lo,1,1,0,7.0,95.2,95.2,0,1
LONG,EMA_Oscillator:lo,Slope_Accel_LT:lo,1,1,0,7.0,95.2,95.2,0,1
LONG,Micro_TickIntensity:hi,PrevDay_High_Side:==1,1,1,0,7.0,95.2,95.2,0,1
LONG,Micro_TickIntensity:hi,Slope_Accel_LT:lo,1,1,0,7.0,95.2,95.2,0,1
LONG,ADX_Rising:==0,PrevDay_High_Side:==1,1,1,0,6.0,111.6,111.6,0,1
LONG,Lower_Wick:hi,PrevDay_High_Side:==1,1,1,0,6.0,111.6,111.6,0,1
LONG,Lower_Wick:hi,Round_100_Dist_ATR:lo,1,1,0,6.0,111.6,111.6,0,1
LONG,Efficiency_Ratio:hi,Micro_CSSpread:hi,1,1,0,5.0,210.0,210.0,0,1
LONG,Efficiency_Ratio:hi,MultiDay_Position:hi,1,1,0,5.0,210.0,210.0,0,1
LONG,Micro_CSSpread:hi,MultiDay_Position:hi,2,1,1,5.5,-219.6,-439.2,0,2
LONG,Micro_TickIntensity:lo,MultiDay_Position:lo,1,1,0,23.0,1134.0,1134.0,0,1
LONG,Micro_TickIntensity:lo,PrevDay_Low_Dist_ATR:lo,1,1,0,23.0,1134.0,1134.0,0,1
LONG,Micro_TickIntensity:lo,VWAP_Sigma_ATR:lo,1,1,0,23.0,1134.0,1134.0,0,1
LONG,ADX_Value:hi,MultiDay_Position:lo,1,1,0,47.0,644.7,644.7,0,1
LONG,ADX_Value:hi,OBVf_Signal:==1,1,1,0,47.0,644.7,644.7,0,1
LONG,ADX_Value:hi,VWAP_Sigma_ATR:lo,1,1,0,47.0,644.7,644.7,0,1
LONG,Micro_MicroGap:hi,Round_500_Dist_ATR:lo,1,1,0,47.0,644.7,644.7,0,1
LONG,Micro_PriceAccel:lo,Slope_Accel_LT:lo,1,1,0,47.0,644.7,644.7,0,1
LONG,MultiDay_Slope:lo,Slope_Accel_LT:lo,1,1,0,47.0,644.7,644.7,0,1
LONG,DailyOpen_Side:==1,Micro_FractalDim:lo,1,1,0,29.0,355.2,355.2,0,1
LONG,Micro_FractalDim:lo,Micro_IBSP:hi,1,1,0,29.0,355.2,355.2,0,1
LONG,Micro_FractalDim:lo,VWAP_Sigma_ATR:lo,1,1,0,29.0,355.2,355.2,0,1
LONG,Micro_IBSP:hi,PrevDay_High_Side:==-1,1,1,0,29.0,355.2,355.2,0,1
LONG,Micro_IBSP:hi,Volume_Ratio_10:hi,1,1,0,29.0,355.2,355.2,0,1
LONG,PrevDay_Low_Dist_ATR:lo,Session_High_Dist_ATR:lo,1,1,0,12.0,148.0,148.0,0,1
LONG,Bar_Range:hi,PrevDay_Low_Side:==1,1,1,0,4.0,121.2,121.2,0,1
LONG,Harmonic_LLEMA:hi,OR_Position:lo,1,1,0,4.0,121.2,121.2,0,1
LONG,Harmonic_LLEMA:hi,PrevDay_Low_Side:==1,1,1,0,4.0,121.2,121.2,0,1
LONG,Harmonic_LLEMA:hi,RangeOsc_Val:hi,1,1,0,4.0,121.2,121.2,0,1
LONG,Micro_TickIntensity:hi,PrevDay_Low_Side:==1,1,1,0,4.0,121.2,121.2,0,1
LONG,OBV_Macd:lo,PrevDay_Low_Side:==1,1,1,0,4.0,121.2,121.2,0,1
LONG,OBV_Macd:lo,RangeOsc_Val:hi,1,1,0,4.0,121.2,121.2,0,1
LONG,D2D_DirStep:==-1,DailyOpen_Side:==1,1,1,0,7.0,114.0,114.0,0,1
LONG,DailyOpen_Side:==1,Micro_RollProxy:lo,1,1,0,7.0,114.0,114.0,0,1
LONG,Micro_RollProxy:lo,Round_500_Dist_ATR:lo,1,1,0,7.0,114.0,114.0,0,1
LONG,Micro_Entropy:lo,Micro_RangeVelocity:hi,1,1,0,7.0,294.0,294.0,0,1
LONG,Micro_RangeVelocity:hi,OR_High_Side:==1,1,1,0,7.0,294.0,294.0,0,1
LONG,OR_High_Side:==1,Slope_EMA_ST:lo,1,1,0,7.0,294.0,294.0,0,1
LONG,Micro_TickIntensity:hi,VWAP_Side:==1,1,1,0,5.0,293.5,293.5,0,1
LONG,DailyOpen_Dist_ATR:lo,Harmonic_LLEMA:hi,1,1,0,5.0,52.5,52.5,0,1
LONG,DailyOpen_Side:==1,Harmonic_LLEMA:hi,1,1,0,5.0,52.5,52.5,0,1
LONG,DailyOpen_Side:==1,Micro_Amihud:lo,1,1,0,5.0,52.5,52.5,0,1
LONG,DailyOpen_Side:==1,Micro_VPIN:hi,1,1,0,5.0,52.5,52.5,0,1
LONG,Harmonic_LLEMA:hi,Micro_Amihud:lo,1,1,0,5.0,52.5,52.5,0,1
LONG,Harmonic_LLEMA:hi,Micro_VPIN:hi,1,1,0,5.0,52.5,52.5,0,1
LONG,Harmonic_LLEMA:hi,Round_500_Dist_ATR:lo,1,1,0,5.0,52.5,52.5,0,1
LONG,Micro_Amihud:lo,PoC_Side:==1,1,1,0,5.0,52.5,52.5,0,1
LONG,Micro_Amihud:lo,Round_500_Dist_ATR:lo,1,1,0,5.0,52.5,52.5,0,1
LONG,Micro_VPIN:hi,PoC_Side:==1,1,1,0,5.0,52.5,52.5,0,1
LONG,Micro_VPIN:hi,Round_500_Dist_ATR:lo,1,1,0,5.0,52.5,52.5,0,1
LONG,ADX_Value:lo,AT_Regime_LT:==1,1,1,0,12.0,201.6,201.6,0,1
LONG,ADX_Value:lo,AT_Regime_ST:==1,1,1,0,12.0,201.6,201.6,0,1
LONG,ADX_Value:lo,AT_Score_LT:lo,1,1,0,12.0,201.6,201.6,0,1
LONG,ADX_Value:lo,AT_Slope_LT:lo,1,1,0,12.0,201.6,201.6,0,1
LONG,ADX_Value:lo,AT_Slope_ST:lo,1,1,0,12.0,201.6,201.6,0,1
LONG,ADX_Value:lo,Micro_RangeAccel:lo,1,1,0,12.0,201.6,201.6,0,1
LONG,ADX_Value:lo,Micro_VolOfVol:lo,1,1,0,12.0,201.6,201.6,0,1
LONG,ADX_Value:lo,OBV_Macd:lo,1,1,0,12.0,201.6,201.6,0,1
LONG,ADX_Value:lo,PrevDay_Close_Side:==-1,1,1,0,12.0,201.6,201.6,0,1
LONG,ADX_Value:lo,PrevDay_High_Dist_ATR:lo,1,1,0,12.0,201.6,201.6,0,1
LONG,ADX_Value:lo,PrevDay_Low_Side:==-1,1,1,0,12.0,201.6,201.6,0,1
LONG,ADX_Value:lo,RangeOsc_State:==-1,1,1,0,12.0,201.6,201.6,0,1
LONG,ADX_Value:lo,RangeOsc_Val:lo,1,1,0,12.0,201.6,201.6,0,1
LONG,ADX_Value:lo,Sqz_State:==1,1,1,0,12.0,201.6,201.6,0,1
LONG,ADX_Value:lo,VWAP_Side:==-1,1,1,0,12.0,201.6,201.6,0,1
LONG,ADX_Value:lo,WeeklyOpen_Side:==-1,1,1,0,12.0,201.6,201.6,0,1
LONG,AT_Lookback_ST:hi,PrevDay_Close_Side:==-1,1,1,0,12.0,201.6,201.6,0,1
LONG,AT_Score_LT:lo,Micro_LogReturn:lo,1,1,0,12.0,201.6,201.6,0,1
LONG,AT_Slope_ST:lo,Micro_LogReturn:lo,1,1,0,12.0,201.6,201.6,0,1
LONG,Micro_LogReturn:lo,Micro_RangeAccel:lo,1,1,0,12.0,201.6,201.6,0,1
LONG,Micro_LogReturn:lo,Micro_RollProxy:hi,1,1,0,12.0,201.6,201.6,0,1
LONG,Micro_LogReturn:lo,Micro_VolOfVol:lo,1,1,0,12.0,201.6,201.6,0,1
LONG,Micro_LogReturn:lo,RangeOsc_Val:lo,1,1,0,12.0,201.6,201.6,0,1
LONG,Micro_VolOfVol:lo,RangeOsc_Val:lo,1,1,0,12.0,201.6,201.6,0,1
LONG,PrevDay_Close_Side:==-1,RangeOsc_Val:lo,1,1,0,12.0,201.6,201.6,0,1
LONG,ADX_Rising:==1,Momentum_Value:lo,1,1,0,10.0,120.0,120.0,0,1
LONG,AT_Score_LT:lo,Momentum_Value:lo,1,1,0,10.0,120.0,120.0,0,1
LONG,Micro_VPIN:lo,Micro_VolOfVol:lo,1,1,0,10.0,120.0,120.0,0,1
LONG,Micro_VolOfVol:lo,Momentum_Value:lo,1,1,0,10.0,120.0,120.0,0,1
LONG,Micro_VolOfVol:lo,OBVf_Signal:==1,1,1,0,10.0,120.0,120.0,0,1
LONG,Momentum_Value:lo,PrevDay_Close_Side:==-1,1,1,0,10.0,120.0,120.0,0,1
LONG,Momentum_Value:lo,PrevDay_High_Dist_ATR:lo,1,1,0,10.0,120.0,120.0,0,1
LONG,Momentum_Value:lo,Sqz_State:==1,1,1,0,10.0,120.0,120.0,0,1
LONG,Momentum_Value:lo,WeeklyOpen_Side:==-1,1,1,0,10.0,120.0,120.0,0,1
LONG,ADX_Rising:==1,OBV_Velocity:hi,1,1,0,6.0,81.0,81.0,0,1
LONG,ADX_Rising:==1,TChan_A15:hi,1,1,0,5.0,162.5,162.5,0,1
LONG,Micro_VolOfVol:hi,PrevDay_Low_Side:==1,1,1,0,5.0,141.0,141.0,0,1
LONG,Micro_WickImbalance:lo,PrevDay_Low_Side:==1,1,1,0,5.0,141.0,141.0,0,1
LONG,OR_High_Side:==1,PoC_Side:==1,1,1,0,7.0,294.0,294.0,0,1
LONG,OR_High_Side:==1,Upper_Wick:hi,1,1,0,7.0,294.0,294.0,0,1
LONG,Harmonic_OBVf_Concordance:==0,Sqz_State:==-1,2,1,1,9.5,-238.0,-476.0,0,2
LONG,Lower_Wick:hi,Sqz_State:==-1,2,1,1,9.5,-238.0,-476.0,0,2
LONG,Micro_WickImbalance:hi,Sqz_State:==-1,2,1,1,9.5,-238.0,-476.0,0,2
LONG,PrevDay_High_Side:==-1,Sqz_State:==-1,2,1,1,9.5,-238.0,-476.0,0,2
LONG,AT_Score_LT:hi,Micro_Entropy:lo,1,1,0,5.0,404.5,404.5,0,1
LONG,AT_Score_LT:hi,Momentum_Value:hi,1,1,0,5.0,404.5,404.5,0,1
LONG,AT_Score_LT:hi,PoC_Side:==1,1,1,0,5.0,404.5,404.5,0,1
LONG,Micro_Entropy:lo,MultiDay_Slope:lo,1,1,0,5.0,404.5,404.5,0,1
LONG,ADX_Value:lo,Harmonic_OBVf_Concordance:==0,1,1,0,5.0,59.5,59.5,0,1
LONG,ADX_Value:lo,KAMA_Dist:lo,1,1,0,5.0,59.5,59.5,0,1
LONG,ADX_Value:lo,Micro_WickImbalance:hi,1,1,0,5.0,59.5,59.5,0,1
LONG,ADX_Value:lo,OR_High_Side:==-1,1,1,0,5.0,59.5,59.5,0,1
LONG,ADX_Value:lo,PrevDay_High_Side:==-1,1,1,0,5.0,59.5,59.5,0,1
LONG,Harmonic_OBVf_Concordance:==0,Micro_PriceAccel:hi,1,1,0,5.0,59.5,59.5,0,1
LONG,KAMA_Dist:lo,Micro_PriceAccel:hi,1,1,0,5.0,59.5,59.5,0,1
LONG,Lower_Wick:hi,Sqz_Val:hi,1,1,0,24.0,965.2,965.2,0,1
LONG,Micro_CSSpread:hi,Micro_RollProxy:lo,1,1,0,9.0,145.8,145.8,0,1
LONG,Micro_RollProxy:lo,VWAP_Sigma_ATR:lo,1,1,0,9.0,145.8,145.8,0,1
LONG,D2D_Dynamic_Sensitivity:lo,Micro_RangeVelocity:lo,2,1,1,26.5,1872.0,3744.0,0,2
LONG,AT_Slope_LT:lo,ST_Flip_Event:==-1,1,1,0,13.0,79.0,79.0,0,1
LONG,AT_Slope_LT:lo,Sqz_State:==-1,1,1,0,13.0,79.0,79.0,0,1
LONG,Micro_FailedBreak:hi,ST_Flip_Event:==-1,1,1,0,13.0,79.0,79.0,0,1
LONG,Micro_FailedBreak:hi,Sqz_State:==-1,1,1,0,13.0,79.0,79.0,0,1
LONG,Micro_RangeAccel:lo,ST_Flip_Event:==-1,1,1,0,13.0,79.0,79.0,0,1
LONG,Micro_RangeAccel:lo,Sqz_State:==-1,1,1,0,13.0,79.0,79.0,0,1
LONG,MultiDay_Slope:lo,Sqz_State:==-1,1,1,0,13.0,79.0,79.0,0,1
LONG,OBV_Macd:lo,Sqz_State:==-1,1,1,0,13.0,79.0,79.0,0,1
LONG,Micro_FractalDim:hi,PrevDay_High_Dist_ATR:hi,1,1,0,10.0,76.0,76.0,0,1
LONG,Micro_FractalDim:hi,PrevDay_Low_Side:==-1,1,1,0,10.0,76.0,76.0,0,1
LONG,OBV_Velocity:hi,PrevDay_High_Dist_ATR:hi,1,1,0,10.0,76.0,76.0,0,1
LONG,Micro_CSSpread:hi,PrevDay_Low_Side:==1,1,1,0,4.0,86.4,86.4,0,1
LONG,Micro_CSSpread:hi,RangeOsc_Val:hi,1,1,0,4.0,86.4,86.4,0,1
LONG,PrevDay_Low_Side:==1,Upper_Wick:hi,1,1,0,4.0,86.4,86.4,0,1
LONG,ADX_Value:lo,Micro_Entropy:lo,1,1,0,5.0,110.0,110.0,0,1
LONG,ADX_Value:lo,Micro_HLAsymmetry:lo,1,1,0,5.0,110.0,110.0,0,1
LONG,ADX_Value:lo,Micro_VPIN:lo,1,1,0,5.0,110.0,110.0,0,1
LONG,ADX_Value:lo,OR_Low_Side:==-1,1,1,0,5.0,110.0,110.0,0,1
LONG,ADX_Value:lo,OR_Position:lo,1,1,0,5.0,110.0,110.0,0,1
LONG,ADX_Value:lo,PrevDay_Low_Dist_ATR:lo,1,1,0,5.0,110.0,110.0,0,1
LONG,ADX_Value:lo,PrevDay_Low_Side:==1,1,1,0,5.0,110.0,110.0,0,1
LONG,ADX_Value:lo,RangeOsc_Val:hi,1,1,0,5.0,110.0,110.0,0,1
LONG,ADX_Value:lo,Slope_Accel_LT:hi,1,1,0,5.0,110.0,110.0,0,1
LONG,AT_Lookback_ST:hi,Micro_HLAsymmetry:lo,1,1,0,5.0,110.0,110.0,0,1
LONG,AT_Lookback_ST:hi,PrevDay_Low_Side:==1,1,1,0,5.0,110.0,110.0,0,1
LONG,AT_Lookback_ST:hi,RangeOsc_Val:hi,1,1,0,5.0,110.0,110.0,0,1
LONG,Micro_VPIN:lo,PrevDay_Low_Side:==1,1,1,0,5.0,110.0,110.0,0,1
LONG,OR_Position:lo,Slope_EMA_ST:hi,1,1,0,5.0,110.0,110.0,0,1
LONG,PrevDay_Low_Side:==1,Slope_EMA_ST:hi,1,1,0,5.0,110.0,110.0,0,1
LONG,ADX_Rising:==0,PrevDay_Close_Dist_ATR:hi,1,1,0,11.0,730.8,730.8,0,1
LONG,Harmonic_OBVf_Concordance:==0,Micro_PriceAccel:lo,1,1,0,11.0,730.8,730.8,0,1
LONG,Harmonic_OBVf_Concordance:==0,PrevDay_Close_Dist_ATR:hi,1,1,0,11.0,730.8,730.8,0,1
LONG,KAMA_Dist:lo,Micro_PriceAccel:lo,1,1,0,11.0,730.8,730.8,0,1
LONG,KAMA_Dist:lo,PrevDay_Close_Dist_ATR:hi,1,1,0,11.0,730.8,730.8,0,1
LONG,Micro_GarmanKlass:hi,Micro_PriceAccel:lo,1,1,0,11.0,730.8,730.8,0,1
LONG,Micro_GarmanKlass:hi,PrevDay_Low_Dist_ATR:lo,1,1,0,11.0,730.8,730.8,0,1
LONG,Micro_PriceAccel:lo,PrevDay_Close_Dist_ATR:hi,1,1,0,11.0,730.8,730.8,0,1
LONG,Micro_WickImbalance:hi,PrevDay_Close_Dist_ATR:hi,1,1,0,11.0,730.8,730.8,0,1
LONG,PrevDay_Close_Dist_ATR:hi,PrevDay_Low_Dist_ATR:lo,1,1,0,11.0,730.8,730.8,0,1
LONG,Lower_Wick:lo,Sqz_Val:hi,1,1,0,9.0,96.0,96.0,0,1
LONG,Lower_Wick:lo,WeeklyOpen_Side:==-1,1,1,0,9.0,96.0,96.0,0,1
LONG,Micro_FractalDim:hi,Micro_WickImbalance:hi,1,1,0,9.0,96.0,96.0,0,1
LONG,Micro_FractalDim:hi,MultiDay_Position:lo,1,1,0,9.0,96.0,96.0,0,1
LONG,Micro_FractalDim:hi,PrevDay_Low_Dist_ATR:lo,1,1,0,9.0,96.0,96.0,0,1
LONG,Micro_WickImbalance:hi,OBV_Velocity:hi,1,1,0,9.0,96.0,96.0,0,1
LONG,OBV_Velocity:hi,PrevDay_Low_Dist_ATR:lo,1,1,0,9.0,96.0,96.0,0,1
LONG,ADX_Value:hi,VWAP_Dist_ATR:lo,1,1,0,5.0,159.0,159.0,0,1
LONG,Micro_Lambda:lo,Sqz_Val:hi,1,1,0,3.0,87.0,87.0,0,1
LONG,ADX_Value:hi,DailyOpen_Dist_ATR:lo,1,1,0,12.0,781.2,781.2,0,1
LONG,ADX_Value:hi,Session_High_Dist_ATR:lo,1,1,0,12.0,781.2,781.2,0,1
LONG,ADX_Value:hi,Sqz_Val:hi,1,1,0,12.0,781.2,781.2,0,1
LONG,RangeOsc_State:==-2,VA_Position:hi,1,1,0,12.0,781.2,781.2,0,1
LONG,Sqz_Val:hi,VA_Position:hi,1,1,0,12.0,781.2,781.2,0,1
LONG,Sqz_Val:hi,VWAP_Side:==1,1,1,0,12.0,781.2,781.2,0,1
LONG,Micro_CSSpread:lo,Micro_HLAsymmetry:hi,1,1,0,8.0,336.0,336.0,0,1
LONG,Micro_CSSpread:lo,Micro_TickIntensity:lo,1,1,0,8.0,336.0,336.0,0,1
LONG,Micro_CSSpread:lo,OBVf_Signal:==-1,1,1,0,8.0,336.0,336.0,0,1
LONG,Micro_CSSpread:lo,OR_High_Side:==-1,1,1,0,8.0,336.0,336.0,0,1
LONG,Micro_CSSpread:lo,Slope_Accel_LT:lo,1,1,0,8.0,336.0,336.0,0,1
LONG,Micro_HLAsymmetry:hi,ST_Flip_Event:==1,1,1,0,8.0,336.0,336.0,0,1
LONG,Micro_TickIntensity:lo,ST_Flip_Event:==1,1,1,0,8.0,336.0,336.0,0,1
LONG,OBVf_Signal:==-1,ST_Flip_Event:==1,1,1,0,8.0,336.0,336.0,0,1
LONG,ST_Flip_Event:==1,Slope_Accel_LT:lo,1,1,0,8.0,336.0,336.0,0,1
LONG,Micro_HLAsymmetry:lo,Micro_IBSP:hi,1,1,0,6.0,128.4,128.4,0,1
LONG,Micro_IBSP:hi,ST_Flip_Event:==-1,1,1,0,6.0,128.4,128.4,0,1
LONG,Micro_IBSP:hi,Slope_Accel_ST:lo,1,1,0,6.0,128.4,128.4,0,1
LONG,Micro_MicroGap:hi,ST_Flip_Event:==-1,1,1,0,6.0,128.4,128.4,0,1
LONG,Micro_MicroGap:hi,Slope_Accel_ST:lo,1,1,0,6.0,128.4,128.4,0,1
LONG,Harmonic_LLEMA:hi,Micro_MicroGap:hi,1,1,0,3.0,252.0,252.0,0,1
LONG,Harmonic_LLEMA:hi,Micro_RollProxy:hi,1,1,0,3.0,252.0,252.0,0,1
LONG,Momentum_Value:lo,PrevDay_Close_Dist_ATR:hi,1,1,0,5.0,78.0,78.0,0,1
LONG,Micro_OrderFlowDelta:lo,Momentum_Value:lo,1,1,0,10.0,130.2,130.2,0,1
LONG,Micro_RollProxy:lo,Momentum_Value:lo,1,1,0,10.0,130.2,130.2,0,1
LONG,DailyOpen_Dist_ATR:lo,Round_100_Dist_ATR:lo,1,1,0,10.0,840.0,840.0,0,1
LONG,Micro_IBSP:hi,Round_100_Dist_ATR:lo,1,1,0,10.0,840.0,840.0,0,1
LONG,Micro_TickIntensity:lo,MultiDay_Position:hi,1,1,0,10.0,840.0,840.0,0,1
LONG,MultiDay_Position:hi,Slope_Accel_LT:lo,1,1,0,10.0,840.0,840.0,0,1
LONG,PrevDay_High_Side:==1,VWAP_Side:==1,1,1,0,10.0,840.0,840.0,0,1
LONG,AT_Regime_LT:==1,Sqz_State:==-1,1,1,0,6.0,74.1,74.1,0,1
LONG,DailyOpen_Side:==1,Sqz_State:==-1,1,1,0,6.0,74.1,74.1,0,1
LONG,Micro_Entropy:lo,Sqz_State:==-1,1,1,0,6.0,74.1,74.1,0,1
LONG,Micro_HLAsymmetry:lo,Sqz_State:==-1,1,1,0,6.0,74.1,74.1,0,1
LONG,MultiDay_Position:hi,Sqz_State:==-1,1,1,0,6.0,74.1,74.1,0,1
LONG,OR_Position:lo,Sqz_State:==-1,1,1,0,6.0,74.1,74.1,0,1
LONG,PrevDay_High_Side:==1,Sqz_State:==-1,1,1,0,6.0,74.1,74.1,0,1
LONG,Round_1000_Dist_ATR:lo,Sqz_State:==-1,1,1,0,6.0,74.1,74.1,0,1
LONG,Round_500_Dist_ATR:lo,Sqz_State:==-1,1,1,0,6.0,74.1,74.1,0,1
LONG,Micro_Lambda:lo,MultiDay_Position:hi,1,1,0,7.0,170.1,170.1,0,1
LONG,Micro_Lambda:lo,PrevDay_High_Side:==1,1,1,0,7.0,170.1,170.1,0,1
LONG,PrevDay_High_Side:==1,Slope_Accel_LT:hi,1,1,0,7.0,170.1,170.1,0,1
LONG,Body_Size:hi,PrevDay_High_Side:==1,1,1,0,21.0,882.0,882.0,0,1
LONG,Micro_RangeAccel:hi,OBVf_Signal:==-1,1,1,0,21.0,882.0,882.0,0,1
LONG,Micro_RangeVelocity:hi,OBVf_Signal:==-1,1,1,0,21.0,882.0,882.0,0,1
LONG,PoC_Side:==1,PrevDay_High_Side:==1,1,1,0,21.0,882.0,882.0,0,1
LONG,Dist_To_PoC_ATR:lo,Slope_EMA_ST:hi,1,1,0,5.0,614.0,614.0,0,1
LONG,Micro_VolOfVol:lo,Slope_EMA_ST:hi,1,1,0,5.0,614.0,614.0,0,1
LONG,Micro_VPIN:lo,Sqz_Val:hi,1,1,0,21.0,1077.3,1077.3,0,1
LONG,OBV_Velocity:hi,PrevDay_High_Side:==-1,1,1,0,21.0,1077.3,1077.3,0,1
LONG,OBVf_Signal:==1,Round_1000_Dist_ATR:lo,1,1,0,21.0,1077.3,1077.3,0,1
LONG,EMA_Oscillator:hi,Micro_FractalDim:lo,1,1,0,30.0,228.9,228.9,0,1
LONG,EMA_Oscillator:lo,Efficiency_Ratio:hi,1,1,0,5.0,131.0,131.0,0,1
LONG,Efficiency_Ratio:hi,Micro_HLAsymmetry:lo,1,1,0,5.0,131.0,131.0,0,1
LONG,D2D_Persist:hi,Lower_Wick:hi,2,1,1,6.0,-22.8,-45.6,0,2
LONG,D2D_Persist:hi,MultiDay_Slope:lo,2,1,1,6.0,-22.8,-45.6,0,2
LONG,MultiDay_Slope:lo,OR_Position:hi,2,1,1,6.0,-22.8,-45.6,0,2
LONG,Micro_Hurst:hi,RangeOsc_Val:hi,1,1,0,7.0,434.7,434.7,0,1
LONG,Micro_RangeAccel:lo,OR_Position:hi,1,1,0,7.0,434.7,434.7,0,1
LONG,Micro_RangeAccel:lo,RangeOsc_Val:hi,1,1,0,7.0,434.7,434.7,0,1
LONG,OR_Low_Side:==1,ST_Flip_Event:==1,1,1,0,7.0,434.7,434.7,0,1
LONG,OR_Position:hi,ST_Flip_Event:==1,1,1,0,7.0,434.7,434.7,0,1
LONG,PrevDay_Close_Side:==-1,VWAP_Sigma:lo,1,1,0,4.0,434.0,434.0,0,1
LONG,VWAP_Sigma:lo,WeeklyOpen_Side:==-1,1,1,0,4.0,434.0,434.0,0,1
LONG,AT_Slope_ST:lo,RangeOsc_Val:hi,1,1,0,9.0,231.3,231.3,0,1
LONG,D2D_DirStep:==1,OR_Position:hi,1,1,0,9.0,231.3,231.3,0,1
LONG,D2D_DirStep:==1,RangeOsc_Val:hi,1,1,0,9.0,231.3,231.3,0,1
LONG,Micro_BarOverlap:lo,OR_Position:hi,1,1,0,9.0,231.3,231.3,0,1
LONG,Micro_BarOverlap:lo,PrevDay_Close_Side:==-1,1,1,0,9.0,231.3,231.3,0,1
LONG,Micro_BarOverlap:lo,RangeOsc_Val:hi,1,1,0,9.0,231.3,231.3,0,1
LONG,OBVf_Signal:==1,OR_Position:hi,1,1,0,9.0,231.3,231.3,0,1
LONG,OBVf_Signal:==1,RangeOsc_Val:hi,1,1,0,9.0,231.3,231.3,0,1
LONG,Micro_LogReturn:lo,Momentum_Value:hi,1,1,0,6.0,56.1,56.1,0,1
LONG,Momentum_Value:hi,OR_High_Side:==0,1,1,0,6.0,56.1,56.1,0,1
LONG,OR_High_Side:==0,Volume_Avg_10:hi,1,1,0,6.0,56.1,56.1,0,1
LONG,ADX_Rising:==0,Micro_MomoTransfer:hi,1,1,0,12.0,759.6,759.6,0,1
LONG,Micro_CSSpread:hi,Micro_MomoTransfer:hi,1,1,0,12.0,759.6,759.6,0,1
LONG,Micro_CSSpread:hi,VWAP_Dist_ATR:lo,1,1,0,12.0,759.6,759.6,0,1
LONG,Micro_CSSpread:hi,VWAP_Side:==1,1,1,0,12.0,759.6,759.6,0,1
LONG,ADX_Value:hi,Micro_HLAsymmetry:lo,1,1,0,13.0,308.1,308.1,0,1
LONG,DailyOpen_Side:==-1,Micro_MicroGap:hi,1,1,0,13.0,308.1,308.1,0,1
LONG,DailyOpen_Side:==-1,RangeOsc_State:==2,1,1,0,13.0,308.1,308.1,0,1
LONG,Micro_HLAsymmetry:lo,OR_Low_Side:==1,1,1,0,13.0,308.1,308.1,0,1
LONG,Micro_Lambda:lo,Micro_LogReturn:hi,1,1,0,13.0,308.1,308.1,0,1
LONG,Micro_LogReturn:hi,Micro_OrderFlowDelta:lo,1,1,0,13.0,308.1,308.1,0,1
LONG,Micro_LogReturn:hi,Slope_EMA_ST:hi,1,1,0,13.0,308.1,308.1,0,1
LONG,Micro_LogReturn:hi,VWAP_Sigma:lo,1,1,0,13.0,308.1,308.1,0,1
LONG,Micro_MicroGap:hi,VWAP_Sigma:lo,1,1,0,13.0,308.1,308.1,0,1
LONG,Micro_TickIntensity:hi,Slope_EMA_ST:hi,1,1,0,13.0,308.1,308.1,0,1
LONG,Micro_OrderFlowDelta:lo,Slope_Accel_LT:lo,1,1,0,14.0,129.0,129.0,0,1
LONG,Micro_RollProxy:lo,Micro_WickImbalance:hi,1,1,0,14.0,129.0,129.0,0,1
LONG,Micro_RollProxy:lo,Round_1000_Dist_ATR:lo,1,1,0,14.0,129.0,129.0,0,1
LONG,Micro_RollProxy:lo,Slope_Accel_LT:lo,1,1,0,14.0,129.0,129.0,0,1
LONG,Micro_RollProxy:lo,VA_Position:hi,1,1,0,14.0,129.0,129.0,0,1
LONG,Round_100_Dist_ATR:lo,VA_Position:hi,1,1,0,14.0,129.0,129.0,0,1
LONG,AT_Lookback_ST:hi,D2D_DirStep:==-1,1,1,0,23.0,198.5,198.5,0,1
LONG,Bars_Since_Flip:hi,D2D_DirStep:==-1,1,1,0,23.0,198.5,198.5,0,1
LONG,D2D_DirStep:==-1,Lower_Wick:hi,1,1,0,23.0,198.5,198.5,0,1
LONG,D2D_DirStep:==-1,OBV_Macd:lo,1,1,0,23.0,198.5,198.5,0,1
LONG,D2D_DirStep:==-1,Slope_Accel_LT:lo,1,1,0,23.0,198.5,198.5,0,1
LONG,D2D_DirStep:==-1,Sqz_State:==1,1,1,0,23.0,198.5,198.5,0,1
LONG,D2D_DirStep:==-1,TChan_A15:hi,1,1,0,23.0,198.5,198.5,0,1
LONG,D2D_DirStep:==-1,VA_Position:hi,1,1,0,23.0,198.5,198.5,0,1
LONG,D2D_DirStep:==-1,Volume_Ratio_10:hi,1,1,0,23.0,198.5,198.5,0,1
LONG,Micro_RangeAccel:hi,VA_Position:hi,1,1,0,16.0,65.0,65.0,0,1
LONG,OBVf_Signal:==1,VA_Position:hi,1,1,0,16.0,678.5,678.5,0,1
LONG,OR_High_Side:==0,Round_500_Dist_ATR:lo,1,1,0,3.0,82.8,82.8,0,1
LONG,EMA_Oscillator:lo,Session_High_Dist_ATR:lo,1,1,0,8.0,672.0,672.0,0,1
LONG,Micro_FractalDim:lo,VWAP_Dist_ATR:lo,1,1,0,8.0,672.0,672.0,0,1
LONG,Micro_HLAsymmetry:lo,Session_High_Dist_ATR:lo,1,1,0,8.0,672.0,672.0,0,1
LONG,Harmonic_OBVf_Concordance:==0,Micro_FractalDim:lo,1,1,0,11.0,252.6,252.6,0,1
LONG,ST_Flip_Event:==-1,VA_Position:hi,1,1,0,5.0,90.5,90.5,0,1
LONG,Slope_Accel_ST:lo,VA_Position:hi,1,1,0,5.0,90.5,90.5,0,1
LONG,KAMA_Dist:lo,Micro_HLAsymmetry:hi,2,1,1,9.5,-152.4,-304.8,0,2
LONG,KAMA_Dist:lo,Micro_RollProxy:lo,2,1,1,9.5,-152.4,-304.8,0,2
LONG,KAMA_Dist:lo,RangeOsc_State:==-2,1,1,0,5.0,95.5,95.5,0,1
LONG,KAMA_Dist:lo,Sqz_Val:hi,1,1,0,5.0,95.5,95.5,0,1
LONG,Sqz_Val:hi,VWAP_Dist_ATR:lo,1,1,0,5.0,95.5,95.5,0,1
LONG,Micro_GarmanKlass:hi,RangeOsc_Val:lo,1,1,0,16.0,160.0,160.0,0,1
LONG,PrevDay_Close_Dist_ATR:hi,RangeOsc_Val:lo,1,1,0,16.0,160.0,160.0,0,1
LONG,AT_Score_LT:lo,Micro_GarmanKlass:hi,1,1,0,8.0,156.0,156.0,0,1
LONG,AT_Score_LT:lo,PrevDay_Close_Dist_ATR:hi,1,1,0,8.0,156.0,156.0,0,1
LONG,Body_Size:hi,D2D_Persist:hi,1,1,0,8.0,156.0,156.0,0,1
LONG,Body_Size:hi,OR_Low_Side:==1,1,1,0,8.0,156.0,156.0,0,1
LONG,Body_Size:hi,OR_Position:hi,1,1,0,8.0,156.0,156.0,0,1
LONG,D2D_Persist:hi,Micro_GarmanKlass:hi,1,1,0,8.0,156.0,156.0,0,1
LONG,D2D_Persist:hi,Micro_RangeAccel:hi,1,1,0,8.0,156.0,156.0,0,1
LONG,D2D_Persist:hi,Micro_VolOfVol:hi,1,1,0,8.0,156.0,156.0,0,1
LONG,D2D_Persist:hi,PrevDay_Close_Dist_ATR:hi,1,1,0,8.0,156.0,156.0,0,1
LONG,DailyOpen_Side:==-1,MultiDay_Slope:lo,1,1,0,8.0,156.0,156.0,0,1
LONG,Lower_Wick:hi,PrevDay_Close_Dist_ATR:hi,1,1,0,8.0,156.0,156.0,0,1
LONG,Micro_GarmanKlass:hi,OR_Low_Side:==1,1,1,0,8.0,156.0,156.0,0,1
LONG,Micro_GarmanKlass:hi,OR_Position:hi,1,1,0,8.0,156.0,156.0,0,1
LONG,MultiDay_Slope:lo,PrevDay_Close_Dist_ATR:hi,1,1,0,8.0,156.0,156.0,0,1
LONG,OR_Low_Side:==1,PrevDay_Close_Dist_ATR:hi,1,1,0,8.0,156.0,156.0,0,1
LONG,OR_Position:hi,PrevDay_Close_Dist_ATR:hi,1,1,0,8.0,156.0,156.0,0,1
LONG,PrevDay_Close_Dist_ATR:hi,VWAP_Sigma:hi,1,1,0,8.0,156.0,156.0,0,1
LONG,Harmonic_LLEMA:hi,Micro_Lambda:lo,1,1,0,6.0,49.2,49.2,0,1
LONG,Harmonic_LLEMA:hi,OR_Position:hi,1,1,0,6.0,49.2,49.2,0,1
LONG,D2D_ATR:hi,EMA_Oscillator:lo,1,1,0,7.0,105.7,105.7,0,1
LONG,D2D_ATR:hi,Micro_HLAsymmetry:lo,1,1,0,7.0,105.7,105.7,0,1
LONG,EMA_Oscillator:lo,PrevDay_Low_Side:==-1,1,1,0,7.0,105.7,105.7,0,1
LONG,D2D_DirStep:==1,Momentum_Value:lo,1,1,0,6.0,87.0,87.0,0,1
LONG,ADX_Rising:==1,ST_Flip_Event:==-1,1,1,0,14.0,57.5,57.5,0,1
LONG,ADX_Rising:==1,Slope_Accel_ST:lo,1,1,0,14.0,57.5,57.5,0,1
LONG,Micro_Rejection:lo,Slope_Accel_ST:lo,1,1,0,14.0,57.5,57.5,0,1
LONG,Round_500_Dist_ATR:lo,Slope_Accel_ST:lo,1,1,0,14.0,57.5,57.5,0,1
LONG,DailyOpen_Dist_ATR:lo,DailyOpen_Side:==-1,1,1,0,5.0,109.5,109.5,0,1
LONG,OBV_Velocity:hi,OR_Position:hi,1,1,0,5.0,109.5,109.5,0,1
LONG,D2D_DirStep:==-1,KAMA_Dist:lo,1,1,0,11.0,84.0,84.0,0,1
LONG,D2D_DirStep:==-1,OR_Low_Side:==1,1,1,0,11.0,84.0,84.0,0,1
LONG,D2D_DirStep:==-1,VWAP_Dist_ATR:lo,1,1,0,11.0,84.0,84.0,0,1
LONG,KAMA_Dist:lo,Micro_RangeVelocity:hi,1,1,0,11.0,84.0,84.0,0,1
LONG,Micro_RollProxy:lo,RangeOsc_State:==-1,1,1,0,11.0,84.0,84.0,0,1
LONG,OR_Low_Side:==1,OR_Position:lo,1,1,0,11.0,84.0,84.0,0,1
LONG,ADX_Value:hi,D2D_ATR_MA:hi,1,1,0,47.0,4662.0,4662.0,0,1
LONG,ADX_Value:hi,EMA_Oscillator:hi,1,1,0,47.0,4662.0,4662.0,0,1
LONG,ADX_Value:hi,Micro_TickIntensity:lo,1,1,0,47.0,4662.0,4662.0,0,1
LONG,D2D_ATR_MA:hi,Micro_CSSpread:hi,1,1,0,47.0,4662.0,4662.0,0,1
LONG,D2D_DirStep:==1,D2D_Dynamic_Sensitivity:lo,1,1,0,47.0,4662.0,4662.0,0,1
LONG,D2D_Dynamic_Sensitivity:lo,EMA_Oscillator:hi,1,1,0,47.0,4662.0,4662.0,0,1
LONG,D2D_Dynamic_Sensitivity:lo,Micro_CSSpread:hi,1,1,0,47.0,4662.0,4662.0,0,1
LONG,D2D_Dynamic_Sensitivity:lo,Micro_HLAsymmetry:hi,1,1,0,47.0,4662.0,4662.0,0,1
LONG,D2D_Dynamic_Sensitivity:lo,Micro_LogReturn:hi,1,1,0,47.0,4662.0,4662.0,0,1
LONG,D2D_Dynamic_Sensitivity:lo,Micro_RollProxy:hi,1,1,0,47.0,4662.0,4662.0,0,1
LONG,D2D_Dynamic_Sensitivity:lo,Micro_TickIntensity:lo,1,1,0,47.0,4662.0,4662.0,0,1
LONG,D2D_Dynamic_Sensitivity:lo,PrevDay_High_Side:==-1,1,1,0,47.0,4662.0,4662.0,0,1
LONG,D2D_Dynamic_Sensitivity:lo,Slope_Accel_LT:lo,1,1,0,47.0,4662.0,4662.0,0,1
LONG,D2D_Dynamic_Sensitivity:lo,VA_Position:hi,1,1,0,47.0,4662.0,4662.0,0,1
LONG,D2D_Signal:==0,Micro_TickIntensity:lo,1,1,0,47.0,4662.0,4662.0,0,1
LONG,Lower_Wick:hi,Micro_TickIntensity:lo,1,1,0,47.0,4662.0,4662.0,0,1
LONG,Micro_MicroGap:lo,Micro_TickIntensity:lo,1,1,0,47.0,4662.0,4662.0,0,1
LONG,Micro_MicroGap:lo,Slope_Accel_LT:lo,1,1,0,47.0,4662.0,4662.0,0,1
LONG,ADX_Value:hi,Micro_RangeVelocity:hi,1,1,0,26.0,1608.6,1608.6,0,1
LONG,ADX_Value:hi,Round_100_Dist_ATR:lo,1,1,0,26.0,1608.6,1608.6,0,1
LONG,Micro_CSSpread:hi,Round_100_Dist_ATR:lo,1,1,0,26.0,1608.6,1608.6,0,1
LONG,Round_100_Dist_ATR:lo,WeeklyOpen_Side:==-1,1,1,0,26.0,1608.6,1608.6,0,1
LONG,KAMA_Dist:lo,Micro_IBSP:hi,1,1,0,5.0,88.0,88.0,0,1
LONG,AT_Regime_LT:==1,D2D_DirStep:==-1,1,1,0,8.0,156.0,156.0,0,1
LONG,D2D_DirStep:==-1,MultiDay_Position:hi,1,1,0,8.0,156.0,156.0,0,1
LONG,Dist_To_PoC_ATR:lo,Micro_OrderFlowDelta:hi,1,1,0,6.0,90.0,90.0,0,1
LONG,Dist_To_PoC_ATR:lo,Micro_RangeAccel:lo,1,1,0,6.0,90.0,90.0,0,1
LONG,Dist_To_PoC_ATR:lo,Micro_WickImbalance:lo,1,1,0,6.0,90.0,90.0,0,1
LONG,KAMA_Dist:lo,Micro_OrderFlowDelta:hi,1,1,0,6.0,90.0,90.0,0,1
LONG,Micro_OrderFlowDelta:hi,Micro_VolOfVol:lo,1,1,0,6.0,90.0,90.0,0,1
LONG,Micro_VolOfVol:lo,Micro_WickImbalance:lo,1,1,0,6.0,90.0,90.0,0,1
LONG,D2D_Signal:==0,Lower_Wick:lo,1,1,0,8.0,107.2,107.2,0,1
LONG,D2D_DirStep:==1,Sqz_Val:hi,1,1,0,36.0,14588.7,14588.7,0,1
LONG,Micro_PriceAccel:hi,Round_1000_Dist_ATR:lo,1,1,0,36.0,14588.7,14588.7,0,1
LONG,Sqz_Val:hi,VWAP_Sigma_ATR:lo,1,1,0,36.0,14588.7,14588.7,0,1
LONG,ADX_Rising:==1,EMA_Oscillator:hi,1,1,0,11.0,294.0,294.0,0,1
LONG,ADX_Rising:==1,Micro_RangeVelocity:hi,1,1,0,11.0,294.0,294.0,0,1
LONG,AT_Regime_ST:==1,D2D_Persist:hi,1,1,0,11.0,294.0,294.0,0,1
LONG,AT_Slope_LT:lo,D2D_Persist:hi,1,1,0,11.0,294.0,294.0,0,1
LONG,D2D_Persist:hi,EMA_Oscillator:hi,1,1,0,11.0,294.0,294.0,0,1
LONG,D2D_Persist:hi,KAMA_Dist:hi,1,1,0,11.0,294.0,294.0,0,1
LONG,D2D_Persist:hi,Micro_FailedBreak:hi,1,1,0,11.0,294.0,294.0,0,1
LONG,D2D_Persist:hi,Micro_RangeVelocity:hi,1,1,0,11.0,294.0,294.0,0,1
LONG,D2D_Persist:hi,Momentum_Value:hi,1,1,0,11.0,294.0,294.0,0,1
LONG,D2D_Persist:hi,Slope_EMA_ST:lo,1,1,0,11.0,294.0,294.0,0,1
LONG,EMA_Oscillator:hi,OR_Low_Side:==1,1,1,0,11.0,294.0,294.0,0,1
LONG,EMA_Oscillator:hi,PrevDay_Close_Side:==-1,1,1,0,11.0,294.0,294.0,0,1
LONG,ADX_Rising:==1,Micro_Entropy:lo,1,1,0,6.0,504.0,504.0,0,1
LONG,ADX_Rising:==1,OR_High_Side:==1,1,1,0,6.0,504.0,504.0,0,1
LONG,D2D_Signal:==0,Micro_Entropy:lo,1,0,1,11.0,-525.6,-525.6,0,1
LONG,Micro_Entropy:lo,OBVf_Signal:==1,1,0,1,11.0,-525.6,-525.6,0,1
LONG,Micro_CSSpread:hi,PrevDay_Close_Side:==-1,1,0,1,3.0,-532.5,-532.5,0,1
LONG,EMA_Oscillator:hi,Lower_Wick:lo,1,0,1,6.0,-640.8,-640.8,0,1
LONG,D2D_Persist:hi,VWAP_Sigma_ATR:lo,1,0,1,5.0,-512.0,-512.0,0,1
LONG,ADX_Rising:==0,Sqz_State:==-1,1,0,1,6.0,-555.0,-555.0,0,1
LONG,Efficiency_Ratio:hi,VWAP_Sigma_ATR:lo,2,0,2,6.0,-603.9,-1207.8,0,2
LONG,Micro_Lambda:lo,VWAP_Sigma_ATR:lo,1,0,1,6.0,-289.8,-289.8,0,1
LONG,PrevDay_High_Dist_ATR:hi,VWAP_Sigma_ATR:lo,1,0,1,6.0,-289.8,-289.8,0,1
LONG,RangeOsc_State:==2,VWAP_Sigma_ATR:lo,2,0,2,6.0,-603.9,-1207.8,0,2
LONG,Micro_FractalDim:hi,Micro_PriceAccel:lo,1,0,1,7.0,-422.1,-422.1,0,1
LONG,D2D_Dynamic_Sensitivity:lo,Slope_Accel_LT:hi,1,0,1,6.0,-918.0,-918.0,0,1
LONG,D2D_DirStep:==-1,Micro_FractalDim:lo,1,0,1,3.0,-467.4,-467.4,0,1
LONG,AT_Regime_LT:==1,EMA_Oscillator:lo,1,0,1,9.0,-870.3,-870.3,0,1
LONG,AT_Slope_LT:lo,EMA_Oscillator:lo,1,0,1,9.0,-870.3,-870.3,0,1
LONG,EMA_Oscillator:lo,Micro_RangeAccel:lo,1,0,1,9.0,-870.3,-870.3,0,1
LONG,EMA_Oscillator:lo,RangeOsc_Val:lo,1,0,1,9.0,-870.3,-870.3,0,1
LONG,KAMA_Dist:lo,RangeOsc_Val:lo,1,0,1,9.0,-870.3,-870.3,0,1
LONG,Micro_HLAsymmetry:lo,RangeOsc_Val:lo,1,0,1,9.0,-870.3,-870.3,0,1
LONG,D2D_Persist:hi,Micro_VPIN:lo,1,0,1,4.0,-201.6,-201.6,0,1
LONG,MultiDay_Position:hi,VA_Position:hi,1,0,1,6.0,-649.2,-649.2,0,1
LONG,DailyOpen_Dist_ATR:lo,Micro_OrderFlowDelta:lo,1,0,1,8.0,-388.8,-388.8,0,1
LONG,DailyOpen_Dist_ATR:lo,Micro_RollProxy:lo,1,0,1,8.0,-388.8,-388.8,0,1
LONG,Micro_Lambda:lo,Micro_RollProxy:lo,1,0,1,8.0,-388.8,-388.8,0,1
SHORT,Session_High_Dist_ATR:hi,Sqz_Val:hi,70,68,2,4.83,100.16,7010.9,70,0
SHORT,D2D_ATR_MA:hi,Session_High_Dist_ATR:hi,63,62,1,4.92,105.96,6675.3,63,0
SHORT,D2D_ATR_MA:hi,Sqz_Val:hi,63,62,1,4.92,105.96,6675.3,63,0
SHORT,Micro_TickIntensity:hi,Sqz_Val:hi,53,52,1,4.91,93.66,4964.0,53,0
SHORT,Bar_Range:hi,Lower_Wick:lo,52,50,2,5.37,473.76,24635.3,49,3
SHORT,Lower_Wick:lo,Micro_RangeVelocity:lo,52,50,2,5.27,471.88,24538.0,52,0
SHORT,Bar_Range:hi,Micro_RangeVelocity:lo,50,48,2,5.28,485.04,24252.1,49,1
SHORT,AT_Score_LT:hi,D2D_ATR:hi,48,47,1,5.48,153.85,7384.8,45,3
SHORT,AT_Score_LT:hi,RangeOsc_State:==-1,47,46,1,5.49,151.65,7127.7,47,0
SHORT,D2D_ATR:hi,RangeOsc_State:==-1,46,45,1,5.52,171.65,7896.1,45,1
SHORT,Micro_Hurst:hi,Session_High_Dist_ATR:lo,46,44,2,4.72,174.41,8023.0,46,0
SHORT,Bar_Range:hi,PrevDay_High_Side:==1,46,43,3,5.24,136.77,6291.5,34,12
SHORT,Micro_TickIntensity:hi,Session_High_Dist_ATR:hi,44,43,1,5.05,96.97,4266.6,44,0
SHORT,AT_Score_LT:hi,Bar_Range:hi,42,41,1,5.52,150.05,6302.3,38,4
SHORT,Bar_Range:hi,PrevDay_Low_Dist_ATR:hi,43,41,2,4.98,100.59,4325.5,43,0
SHORT,ATR_1M:hi,RangeOsc_State:==2,42,41,1,4.57,185.31,7783.2,42,0
SHORT,Bar_Range:hi,D2D_ATR:hi,41,40,1,5.49,163.18,6690.4,0,41
SHORT,Bar_Range:hi,Micro_Hurst:hi,41,40,1,4.83,125.96,5164.2,28,13
SHORT,D2D_ATR:hi,PrevDay_High_Side:==1,42,40,2,5.38,159.58,6702.2,28,14
SHORT,PrevDay_Close_Dist_ATR:hi,Sqz_Val:hi,41,40,1,5.05,97.23,3986.4,41,0
SHORT,AT_Slope_ST:lo,Bar_Range:hi,40,39,1,5.22,132.15,5286.0,38,2
SHORT,Sqz_Val:hi,Volume_Avg_10:hi,40,39,1,5.03,97.79,3911.5,37,3
SHORT,AT_Score_LT:hi,Volume_Avg_10:hi,39,39,0,5.67,181.35,7072.7,36,3
SHORT,D2D_ATR_MA:hi,Micro_TickIntensity:hi,39,38,1,5.15,97.52,3803.3,0,39
SHORT,D2D_Dynamic_Sensitivity:lo,Volume:hi,38,37,1,6.26,577.59,21948.4,28,10
SHORT,AT_Score_LT:hi,AT_Slope_ST:lo,38,37,1,5.29,135.55,5150.8,38,0
SHORT,Micro_HLAsymmetry:lo,Session_High_Dist_ATR:lo,39,37,2,4.74,161.25,6288.8,36,3
SHORT,AT_Lookback_ST:hi,Micro_TickIntensity:hi,38,37,1,5.0,67.66,2571.1,38,0
SHORT,AT_Lookback_ST:hi,Sqz_Val:hi,38,37,1,5.0,67.66,2571.1,38,0
SHORT,D2D_ATR_MA:hi,Volume_Avg_10:hi,36,36,0,5.69,173.04,6229.3,0,36
SHORT,PrevDay_Close_Dist_ATR:hi,Volume_Avg_10:hi,37,36,1,5.05,100.92,3733.9,37,0
SHORT,Micro_HLAsymmetry:lo,Micro_Hurst:hi,37,35,2,4.73,159.24,5891.8,36,1
SHORT,Micro_Entropy:lo,Micro_WickImbalance:lo,35,35,0,5.4,595.34,20836.9,35,0
SHORT,Bar_Range:hi,Volume_Avg_10:hi,35,35,0,6.0,600.3,21010.6,0,35
SHORT,D2D_Dynamic_Sensitivity:lo,Lower_Wick:lo,36,35,1,5.89,582.76,20979.4,35,1
SHORT,D2D_ATR:hi,Volume_Avg_10:hi,35,35,0,5.51,183.58,6425.3,0,35
SHORT,PrevDay_High_Side:==1,WeeklyOpen_Dist_ATR:hi,35,34,1,4.77,151.41,5299.4,35,0
SHORT,Bar_Range:hi,RangeOsc_State:==-1,35,33,2,5.54,154.51,5408.0,0,35
SHORT,Micro_BarEntropy:lo,Micro_Hurst:hi,34,33,1,4.76,141.64,4815.7,34,0
SHORT,Micro_BarEntropy:lo,Session_High_Dist_ATR:lo,34,33,1,4.76,141.64,4815.7,34,0
SHORT,D2D_Dynamic_Sensitivity:lo,EMA_Oscillator:lo,34,33,1,6.03,600.0,20400.0,31,3
SHORT,PrevDay_Close_Dist_ATR:hi,Session_High_Dist_ATR:hi,34,33,1,5.09,96.47,3280.1,0,34
SHORT,RangeOsc_State:==-1,Volume_Avg_10:hi,33,33,0,5.61,184.65,6093.3,33,0
SHORT,Micro_Hurst:hi,Micro_RangeVelocity:lo,32,32,0,4.97,250.33,8010.4,28,4
SHORT,PrevDay_High_Side:==1,PrevDay_Low_Dist_ATR:hi,34,32,2,5.03,102.72,3492.5,34,0
SHORT,Session_High_Dist_ATR:hi,Volume_Avg_10:hi,33,32,1,5.21,99.34,3278.2,0,33
SHORT,AT_Score_LT:hi,PrevDay_High_Side:==1,33,32,1,5.64,149.85,4945.1,0,33
SHORT,ATR_1M:hi,Micro_CSSpread:hi,31,31,0,4.65,158.24,4905.5,31,0
SHORT,Micro_CSSpread:hi,RangeOsc_State:==2,31,31,0,4.65,158.24,4905.5,31,0
SHORT,EMA_Oscillator:lo,Lower_Wick:lo,32,31,1,6.16,644.77,20632.7,31,1
SHORT,AT_Slope_ST:lo,Volume_Avg_10:hi,30,30,0,5.8,190.01,5700.3,0,30
SHORT,Bars_Since_Flip:hi,PrevDay_Close_Dist_ATR:hi,31,30,1,5.16,100.45,3114.1,31,0
SHORT,Bars_Since_Flip:hi,Sqz_Val:hi,31,30,1,5.16,100.45,3114.1,31,0
SHORT,AT_Score_LT:hi,OR_High_Side:==-1,30,30,0,5.6,166.58,4997.4,30,0
SHORT,OR_High_Side:==-1,Volume_Avg_10:hi,30,30,0,5.6,166.58,4997.4,30,0
SHORT,AT_Slope_ST:lo,D2D_ATR:hi,30,29,1,5.53,143.65,4309.4,0,30
SHORT,Lower_Wick:lo,Micro_WickImbalance:lo,29,29,0,5.66,676.68,19623.6,26,3
SHORT,Micro_OrderFlowDelta:hi,Sqz_Val:hi,31,29,2,5.13,74.96,2323.8,29,2
SHORT,Momentum_Value:hi,Sqz_Val:hi,29,29,0,5.24,126.98,3682.3,0,29
SHORT,AT_Slope_ST:lo,RangeOsc_State:==-1,29,28,1,5.55,139.18,4036.3,0,29
SHORT,Micro_Hurst:hi,Micro_Lambda:hi,28,28,0,4.79,271.09,7590.5,28,0
SHORT,Micro_Lambda:hi,Micro_RangeVelocity:lo,28,28,0,4.79,271.09,7590.5,28,0
SHORT,D2D_Dynamic_Sensitivity:lo,Volume_Avg_10:hi,28,28,0,6.46,742.39,20786.9,26,2
SHORT,Micro_GarmanKlass:hi,PrevDay_High_Side:==1,29,28,1,4.83,128.29,3720.3,29,0
SHORT,Micro_GarmanKlass:hi,WeeklyOpen_Dist_ATR:hi,29,28,1,4.83,128.29,3720.3,29,0
SHORT,Bar_Range:hi,Volume:hi,30,28,2,5.83,612.2,18366.1,0,30
SHORT,Lower_Wick:lo,Volume:hi,30,28,2,6.17,635.84,19075.1,28,2
SHORT,AT_Lookback_ST:hi,Session_High_Dist_ATR:hi,29,28,1,5.24,64.61,1873.7,0,29
SHORT,Momentum_Value:hi,Session_High_Dist_ATR:hi,28,28,0,5.25,129.76,3633.2,28,0
SHORT,Momentum_Value:hi,TChan_A15:hi,28,28,0,5.25,129.76,3633.2,28,0
SHORT,Session_High_Dist_ATR:hi,TChan_A15:hi,28,28,0,5.25,129.76,3633.2,28,0
SHORT,Sqz_Val:hi,TChan_A15:hi,28,28,0,5.25,128.44,3596.4,0,28
SHORT,D2D_ATR_MA:hi,PrevDay_Close_Dist_ATR:hi,28,28,0,5.32,107.28,3003.7,0,28
SHORT,AT_Score_LT:hi,Volume:hi,28,27,1,5.54,150.38,4210.5,28,0
SHORT,AT_Score_LT:hi,Volume_Ratio_10:hi,28,27,1,5.54,150.38,4210.5,28,0
SHORT,Volume:hi,Volume_Ratio_10:hi,28,27,1,5.54,150.38,4210.5,28,0
SHORT,Micro_OrderFlowDelta:lo,PrevDay_High_Dist_ATR:lo,27,27,0,5.74,234.26,6325.1,25,2
SHORT,Lower_Wick:lo,Micro_Entropy:lo,27,27,0,5.67,714.1,19280.6,26,1
SHORT,Micro_Hurst:hi,PrevDay_Low_Dist_ATR:hi,28,27,1,4.75,75.75,2120.9,28,0
SHORT,D2D_ATR:hi,WeeklyOpen_Dist_ATR:hi,28,27,1,4.93,139.88,3916.5,28,0
SHORT,PrevDay_High_Dist_ATR:lo,VAH_Side:==0,27,27,0,5.67,226.87,6125.6,25,2
SHORT,Micro_CSSpread:lo,Sqz_Val:hi,27,27,0,4.78,116.78,3153.0,27,0
SHORT,Micro_OrderFlowDelta:hi,Session_High_Dist_ATR:hi,29,27,2,5.17,75.62,2193.1,29,0
SHORT,Micro_TickIntensity:hi,Volume_Avg_10:hi,27,27,0,5.19,81.01,2187.4,0,27
SHORT,D2D_ATR:hi,OR_High_Side:==-1,27,27,0,5.7,173.81,4692.9,0,27
SHORT,OR_High_Side:==-1,RangeOsc_State:==-1,27,27,0,5.7,173.81,4692.9,0,27
SHORT,D2D_ATR_MA:hi,Micro_OrderFlowDelta:hi,27,26,1,5.3,85.96,2320.8,0,27
SHORT,Bars_Since_Flip:hi,Session_High_Dist_ATR:hi,27,26,1,5.15,103.49,2794.3,0,27
SHORT,Bars_Since_Flip:hi,Volume_Avg_10:hi,27,26,1,5.19,105.99,2861.6,0,27
SHORT,Micro_TickIntensity:hi,PrevDay_Close_Dist_ATR:hi,26,26,0,5.15,80.38,2089.8,0,26
SHORT,ATR_1M:hi,MultiDay_Slope:hi,26,25,1,4.77,230.16,5984.2,26,0
SHORT,MultiDay_Slope:hi,RangeOsc_State:==2,26,25,1,4.77,230.16,5984.2,26,0
SHORT,Micro_OrderFlowDelta:lo,VAH_Side:==0,25,25,0,5.72,233.88,5847.1,25,0
SHORT,D2D_ATR_MA:hi,TChan_A15:hi,25,25,0,5.36,136.51,3412.7,0,25
SHORT,PrevDay_High_Side:==1,Volume_Avg_10:hi,25,25,0,5.6,182.9,4572.4,0,25
SHORT,D2D_Dynamic_Sensitivity:lo,Micro_IBSP:lo,25,24,1,5.76,806.75,20168.8,22,3
SHORT,D2D_Dynamic_Sensitivity:lo,Micro_Entropy:lo,24,24,0,6.29,817.2,19612.8,0,24
SHORT,Micro_Entropy:lo,VAL_Side:==0,24,24,0,5.46,207.24,4973.8,20,4
SHORT,Micro_WickImbalance:lo,VAL_Side:==0,24,24,0,5.46,204.5,4907.9,24,0
SHORT,PrevDay_Close_Dist_ATR:lo,PrevDay_High_Side:==1,24,24,0,5.12,224.55,5389.3,24,0
SHORT,PrevDay_Close_Dist_ATR:lo,VWAP_Side:==1,24,24,0,5.12,224.55,5389.3,24,0
SHORT,PrevDay_High_Side:==1,VWAP_Side:==1,24,24,0,5.12,224.55,5389.3,24,0
SHORT,EMA_Oscillator:lo,Micro_Hurst:hi,24,24,0,5.08,179.57,4309.7,19,5
SHORT,D2D_ATR_MA:hi,Momentum_Value:hi,24,24,0,5.42,140.25,3365.9,0,24
SHORT,PrevDay_High_Side:==1,RangeOsc_State:==-1,26,24,2,5.96,157.1,4084.7,0,26
SHORT,Micro_BarEntropy:lo,Micro_HLAsymmetry:lo,24,23,1,4.79,109.58,2630.0,0,24
SHORT,AT_Regime_ST:==0,Lower_Wick:lo,24,23,1,5.25,752.38,18057.2,24,0
SHORT,AT_Regime_ST:==0,Micro_RangeVelocity:lo,24,23,1,5.25,752.38,18057.2,24,0
SHORT,Bar_Range:hi,D2D_Dynamic_Sensitivity:lo,25,23,2,6.08,697.72,17443.0,0,25
SHORT,EMA_Oscillator:lo,Volume:hi,24,23,1,6.58,762.99,18311.8,0,24
SHORT,AT_Slope_ST:lo,Sqz_Val:hi,23,23,0,5.09,119.96,2759.0,21,2
SHORT,AT_Lookback_ST:hi,D2D_ATR_MA:hi,24,23,1,5.46,58.77,1410.4,0,24
SHORT,Micro_Entropy:lo,PrevDay_High_Dist_ATR:lo,22,22,0,5.86,198.83,4374.2,20,2
SHORT,Micro_Hurst:hi,PrevDay_High_Side:==1,23,22,1,4.78,84.26,1937.9,0,23
SHORT,D2D_Dynamic_Sensitivity:lo,Micro_WickImbalance:hi,22,21,1,5.27,226.88,4991.4,22,0
SHORT,Micro_IBSP:lo,Micro_WickImbalance:hi,22,21,1,5.27,226.88,4991.4,22,0
SHORT,D2D_Signal:==-1,VWAP_Sigma_ATR:lo,21,21,0,5.71,887.0,18627.1,21,0
SHORT,Bar_Range:hi,WeeklyOpen_Dist_ATR:hi,21,21,0,5.1,167.6,3519.7,0,21
SHORT,D2D_ATR:hi,Micro_GarmanKlass:hi,22,21,1,5.05,106.25,2337.4,0,22
SHORT,Volume:hi,Volume_Avg_10:hi,21,21,0,6.76,876.23,18400.8,0,21
SHORT,Micro_MomoTransfer:hi,Micro_RangeAccel:lo,21,21,0,5.86,238.04,4998.8,17,4
SHORT,AT_Slope_ST:lo,Micro_CSSpread:lo,21,21,0,5.0,114.39,2402.2,21,0
SHORT,Slope_Accel_LT:lo,Sqz_Val:hi,21,21,0,4.81,96.78,2032.3,19,2
SHORT,Bars_Since_Flip:hi,D2D_ATR_MA:hi,21,21,0,5.48,119.9,2517.9,0,21
SHORT,RangeOsc_Val:lo,Volume_Avg_10:hi,21,21,0,5.95,223.6,4695.5,20,1
SHORT,Micro_Entropy:lo,VWAP_Z:lo,20,20,0,5.9,198.14,3962.7,20,0
SHORT,PrevDay_High_Dist_ATR:lo,VWAP_Z:lo,20,20,0,5.9,198.14,3962.7,20,0
SHORT,OR_High_Side:==1,RangeOsc_State:==2,20,20,0,4.4,194.36,3887.3,16,4
SHORT,AT_Regime_ST:==0,Bar_Range:hi,21,20,1,5.38,844.22,17728.7,0,21
SHORT,Micro_HLAsymmetry:hi,RangeOsc_State:==2,21,20,1,4.38,203.41,4271.7,17,4
SHORT,PrevDay_Low_Dist_ATR:hi,WeeklyOpen_Dist_ATR:hi,20,20,0,5.1,173.21,3464.1,0,20
SHORT,Bar_Range:hi,EMA_Oscillator:lo,21,20,1,5.86,829.0,17409.1,0,21
SHORT,DailyOpen_Dist_ATR:lo,PrevDay_High_Dist_ATR:lo,20,20,0,5.7,227.64,4552.7,0,20
SHORT,DailyOpen_Dist_ATR:lo,PrevDay_Low_Side:==1,20,20,0,5.65,223.4,4468.0,20,0
SHORT,DailyOpen_Dist_ATR:lo,VAH_Side:==0,20,20,0,5.65,223.4,4468.0,20,0
SHORT,PrevDay_Low_Side:==1,VAH_Side:==0,20,20,0,5.65,223.4,4468.0,20,0
SHORT,D2D_Dynamic_Sensitivity:lo,Micro_RangeVelocity:lo,21,20,1,6.05,842.9,17700.9,0,21
SHORT,Micro_CSSpread:lo,Session_High_Dist_ATR:hi,20,20,0,5.05,125.49,2509.8,0,20
SHORT,D2D_Dynamic_Sensitivity:lo,RangeOsc_Val:lo,20,20,0,6.05,231.0,4619.9,20,0
SHORT,D2D_Dynamic_Sensitivity:lo,PrevDay_High_Dist_ATR:lo,19,19,0,5.95,242.84,4613.9,0,19
SHORT,Micro_BarOverlap:lo,RangeOsc_State:==2,19,19,0,4.37,187.87,3569.6,16,3
SHORT,PrevDay_Close_Side:==-1,RangeOsc_State:==2,19,19,0,4.53,216.93,4121.7,16,3
SHORT,D2D_Signal:==-1,Micro_RangeAccel:lo,19,19,0,5.79,972.37,18475.1,19,0
SHORT,Micro_RangeAccel:lo,VWAP_Sigma_ATR:lo,19,19,0,5.79,972.37,18475.1,19,0
SHORT,ATR_1M:hi,Micro_HLAsymmetry:hi,20,19,1,4.4,204.88,4097.7,0,20
SHORT,Bar_Range:hi,Micro_GarmanKlass:hi,19,19,0,5.16,166.26,3159.0,0,19
SHORT,ADX_Value:lo,EMA_Oscillator:lo,19,19,0,4.32,158.3,3007.7,19,0
SHORT,ADX_Value:lo,Micro_Hurst:hi,19,19,0,4.32,158.3,3007.7,19,0
SHORT,DailyOpen_Dist_ATR:lo,Micro_OrderFlowDelta:lo,19,19,0,5.68,228.39,4339.5,0,19
SHORT,AT_Slope_ST:lo,D2D_ATR_MA:hi,19,19,0,5.32,130.87,2486.6,0,19
SHORT,AT_Slope_ST:lo,Session_High_Dist_ATR:hi,19,19,0,5.32,130.87,2486.6,0,19
SHORT,D2D_ATR_MA:hi,Micro_CSSpread:lo,19,19,0,5.11,128.98,2450.6,0,19
SHORT,Micro_CSSpread:lo,Slope_Accel_LT:lo,19,19,0,4.74,99.88,1897.8,19,0
SHORT,Micro_TickIntensity:hi,Momentum_Value:hi,19,19,0,5.21,133.76,2541.5,0,19
SHORT,AT_Lookback_ST:hi,Volume_Avg_10:hi,19,19,0,5.37,89.74,1705.0,0,19
SHORT,Bar_Range:hi,Micro_HLAsymmetry:lo,20,18,2,5.25,61.12,1222.5,0,20
SHORT,D2D_Dynamic_Sensitivity:lo,Micro_OrderFlowDelta:lo,18,18,0,6.11,245.75,4423.5,0,18
SHORT,Micro_GarmanKlass:hi,PrevDay_Low_Dist_ATR:hi,18,18,0,5.17,172.41,3103.4,0,18
SHORT,PrevDay_High_Dist_ATR:lo,PrevDay_Low_Side:==1,18,18,0,5.83,236.73,4261.2,0,18
SHORT,Micro_RangeVelocity:lo,Volume:hi,20,18,2,6.0,843.49,16869.8,0,20
SHORT,Micro_TickIntensity:hi,TChan_A15:hi,18,18,0,5.22,136.0,2448.0,0,18
SHORT,AT_Lookback_ST:hi,PrevDay_Close_Dist_ATR:hi,18,18,0,5.33,89.3,1607.4,0,18
SHORT,Bars_Since_Flip:hi,Micro_TickIntensity:hi,18,18,0,5.33,78.91,1420.4,0,18
SHORT,AT_Slope_ST:lo,PrevDay_High_Side:==1,19,18,1,5.95,160.84,3056.0,0,19
SHORT,OR_High_Side:==-1,PrevDay_High_Side:==1,18,18,0,5.83,187.67,3378.1,0,18
SHORT,Bar_Range:hi,OR_High_Side:==-1,18,18,0,6.17,195.72,3523.0,0,18
SHORT,Bar_Range:hi,Session_High_Dist_ATR:lo,18,17,1,4.89,109.2,1965.6,0,18
SHORT,D2D_Dn_Count:hi,Micro_VolAccel:lo,17,17,0,6.0,1038.12,17648.0,17,0
SHORT,D2D_Dn_Count:hi,Slope_Accel_ST:lo,17,17,0,6.0,1038.12,17648.0,17,0
SHORT,Micro_VolAccel:lo,Slope_Accel_ST:lo,17,17,0,6.0,1038.12,17648.0,17,0
SHORT,Lower_Wick:lo,VAL_Side:==0,17,17,0,5.82,285.08,4846.3,0,17
SHORT,Micro_Entropy:lo,VAH_Side:==0,17,17,0,6.24,210.91,3585.4,0,17
SHORT,Micro_OrderFlowDelta:lo,PrevDay_Low_Side:==1,17,17,0,5.88,244.16,4150.7,0,17
SHORT,Micro_MomoTransfer:hi,OBVf_Signal:==1,17,17,0,5.47,175.18,2978.1,17,0
SHORT,Micro_RangeAccel:lo,OBVf_Signal:==1,17,17,0,5.47,175.18,2978.1,17,0
SHORT,D2D_ATR:hi,Volume_Ratio_10:hi,18,17,1,5.72,121.91,2194.4,0,18
SHORT,D2D_Dynamic_Sensitivity:lo,VAL_Side:==0,17,17,0,5.82,226.48,3850.2,0,17
SHORT,Bar_Range:hi,Micro_BarEntropy:lo,18,16,2,4.94,78.83,1418.9,0,18
SHORT,Micro_Entropy:lo,Micro_OrderFlowDelta:lo,16,16,0,6.5,230.66,3690.5,0,16
SHORT,Micro_BarOverlap:lo,OR_High_Side:==1,16,16,0,4.44,203.77,3260.4,16,0
SHORT,D2D_Dn_Count:hi,D2D_Signal:==-1,16,16,0,6.0,1082.17,17314.8,0,16
SHORT,Micro_CSSpread:hi,MultiDay_Slope:hi,16,16,0,5.0,197.83,3165.3,0,16
SHORT,Micro_HLAsymmetry:hi,MultiDay_Slope:hi,17,16,1,4.53,223.22,3794.7,17,0
SHORT,D2D_ATR:hi,PrevDay_Low_Dist_ATR:hi,16,16,0,5.75,152.57,2441.1,0,16
SHORT,D2D_Dynamic_Sensitivity:lo,VAH_Side:==0,16,16,0,6.19,257.29,4116.6,0,16
SHORT,D2D_Dynamic_Sensitivity:lo,Efficiency_Ratio:hi,16,16,0,7.25,1101.79,17628.7,16,0
SHORT,EMA_Oscillator:lo,Micro_RangeVelocity:lo,17,16,1,6.18,1014.85,17252.5,0,17
SHORT,Efficiency_Ratio:hi,Volume_Avg_10:hi,16,16,0,7.25,1101.79,17628.7,16,0
SHORT,Micro_MomoTransfer:hi,VAL_Side:==0,16,16,0,5.81,288.87,4621.9,15,1
SHORT,Session_High_Dist_ATR:hi,Slope_Accel_LT:lo,16,16,0,5.06,94.97,1519.5,0,16
SHORT,Micro_OrderFlowDelta:hi,Micro_TickIntensity:hi,17,16,1,5.41,66.92,1137.7,0,17
SHORT,AT_Lookback_ST:hi,Bars_Since_Flip:hi,16,16,0,5.38,82.95,1327.2,0,16
SHORT,TChan_A15:hi,Volume_Avg_10:hi,16,16,0,5.56,107.94,1727.0,0,16
SHORT,Micro_VPIN:lo,RangeOsc_State:==-1,17,16,1,4.82,226.35,3847.9,17,0
SHORT,Micro_VPIN:lo,Slope_EMA_LT:hi,17,16,1,4.82,226.35,3847.9,17,0
SHORT,RangeOsc_State:==-1,Slope_EMA_LT:hi,17,16,1,4.82,226.35,3847.9,17,0
SHORT,RangeOsc_State:==-1,Volume:hi,17,16,1,5.88,130.37,2216.3,0,17
SHORT,PrevDay_Close_Side:==-1,Round_500_Dist_ATR:lo,16,16,0,4.56,171.98,2751.6,16,0
SHORT,RangeOsc_State:==2,Round_500_Dist_ATR:lo,16,16,0,4.56,171.98,2751.6,16,0
SHORT,D2D_Dynamic_Sensitivity:lo,Micro_Hurst:hi,16,16,0,6.12,199.03,3184.4,0,16
SHORT,Micro_HLAsymmetry:lo,PrevDay_High_Side:==1,18,16,2,5.17,78.68,1416.2,13,5
SHORT,AT_Slope_ST:lo,OR_High_Side:==-1,16,16,0,6.06,211.21,3379.4,0,16
SHORT,Micro_RangeVelocity:lo,Session_High_Dist_ATR:lo,16,16,0,5.25,323.93,5182.8,0,16
SHORT,Lower_Wick:lo,Micro_Hurst:hi,16,16,0,6.69,245.17,3922.7,0,16
SHORT,AT_Score_LT:hi,D2D_Dynamic_Sensitivity:lo,16,15,1,6.38,154.39,2470.3,0,16
SHORT,D2D_ATR:hi,Micro_Hurst:hi,15,15,0,5.33,168.01,2520.1,0,15
SHORT,Micro_OrderFlowDelta:lo,VWAP_Sigma:lo,15,15,0,5.53,356.33,5344.9,13,2
SHORT,D2D_Dn_Count:hi,VWAP_Sigma_ATR:lo,15,15,0,6.13,1150.05,17250.8,0,15
SHORT,D2D_Signal:==-1,VWAP_Dist_ATR:lo,15,15,0,6.0,1194.0,17910.0,15,0
SHORT,Micro_RangeAccel:lo,VWAP_Dist_ATR:lo,15,15,0,6.0,1194.0,17910.0,15,0
SHORT,VWAP_Dist_ATR:lo,VWAP_Sigma_ATR:lo,15,15,0,6.0,1194.0,17910.0,0,15
SHORT,MultiDay_Slope:hi,PrevDay_High_Side:==1,16,15,1,4.88,226.46,3623.4,0,16
SHORT,PrevDay_High_Side:==1,RangeOsc_State:==2,16,15,1,4.81,210.39,3366.2,0,16
SHORT,AT_Slope_ST:lo,Slope_Accel_LT:lo,15,15,0,5.2,109.64,1644.6,0,15
SHORT,Lower_Wick:lo,Volume_Avg_10:hi,15,15,0,7.07,1174.46,17616.9,0,15
SHORT,Micro_MomoTransfer:hi,Micro_WickImbalance:lo,15,15,0,5.87,210.53,3157.9,15,0
SHORT,D2D_ATR_MA:hi,Slope_Accel_LT:lo,15,15,0,5.13,97.35,1460.3,0,15
SHORT,Micro_Hurst:hi,RangeOsc_State:==2,15,15,0,4.6,166.99,2504.8,0,15
SHORT,D2D_Dynamic_Sensitivity:lo,Micro_MomoTransfer:hi,15,15,0,6.07,241.23,3618.5,0,15
SHORT,D2D_Dynamic_Sensitivity:lo,Micro_WickImbalance:lo,15,15,0,6.73,1183.01,17745.1,0,15
SHORT,EMA_Oscillator:lo,Micro_WickImbalance:lo,15,15,0,6.73,1183.01,17745.1,0,15
SHORT,D2D_ATR:hi,Volume:hi,16,15,1,6.0,125.94,2015.1,0,16
SHORT,RangeOsc_State:==-1,Volume_Ratio_10:hi,16,15,1,6.0,128.02,2048.3,0,16
SHORT,AT_Slope_ST:lo,Volume:hi,16,15,1,5.62,90.84,1453.5,0,16
SHORT,Bar_Range:hi,Volume_Ratio_10:hi,16,15,1,5.88,97.82,1565.1,0,16
SHORT,AT_Slope_ST:hi,OR_High_Dist_ATR:hi,15,15,0,4.67,153.49,2302.3,15,0
SHORT,AT_Slope_ST:hi,Sqz_State:==-1,15,15,0,4.67,153.49,2302.3,15,0
SHORT,OR_High_Dist_ATR:hi,Sqz_State:==-1,15,15,0,4.67,153.49,2302.3,15,0
SHORT,PrevDay_High_Side:==1,Slope_Accel_LT:lo,16,15,1,4.62,78.06,1249.0,10,6
SHORT,D2D_Dynamic_Sensitivity:lo,Volume_Ratio_10:hi,15,14,1,6.53,159.38,2390.7,0,15
SHORT,AT_Score_LT:hi,Micro_Hurst:hi,14,14,0,5.71,182.94,2561.2,0,14
SHORT,Body_Size:hi,Volume_Avg_10:hi,14,14,0,5.86,348.32,4876.5,13,1
SHORT,D2D_Dynamic_Sensitivity:lo,VWAP_Z:lo,14,14,0,6.21,205.82,2881.5,0,14
SHORT,Micro_MicroGap:lo,VWAP_Sigma:lo,14,14,0,5.79,317.34,4442.7,14,0
SHORT,Micro_OrderFlowDelta:lo,VWAP_Z:lo,14,14,0,6.64,234.21,3279.0,0,14
SHORT,VWAP_Sigma:lo,Volume_Avg_10:hi,14,14,0,6.07,347.46,4864.4,13,1
SHORT,Bar_Range:hi,Micro_Entropy:lo,14,14,0,5.57,1199.14,16787.9,0,14
SHORT,Bar_Range:hi,Micro_WickImbalance:lo,14,14,0,5.57,1199.14,16787.9,0,14
SHORT,Micro_Entropy:lo,Micro_RangeVelocity:lo,14,14,0,5.43,1207.78,16908.9,0,14
SHORT,D2D_Signal:==-1,Micro_VolAccel:lo,14,14,0,6.14,1225.91,17162.8,0,14
SHORT,D2D_Signal:==-1,Slope_Accel_ST:lo,14,14,0,6.14,1225.91,17162.8,0,14
SHORT,Bar_Range:hi,RangeOsc_State:==2,14,14,0,5.21,191.89,2686.5,0,14
SHORT,Micro_Hurst:hi,Volume_Avg_10:hi,14,14,0,6.71,299.86,4198.0,0,14
SHORT,DailyOpen_Dist_ATR:lo,Micro_Entropy:lo,14,14,0,6.21,192.39,2693.5,0,14
SHORT,VAH_Side:==0,VWAP_Z:lo,14,14,0,6.5,219.96,3079.5,0,14
SHORT,D2D_Dynamic_Sensitivity:lo,Micro_RangeAccel:lo,14,14,0,7.0,1275.2,17852.8,0,14
SHORT,Micro_OrderFlowDelta:lo,VAL_Side:==0,14,14,0,6.0,202.31,2832.4,0,14
SHORT,VAH_Side:==0,VAL_Side:==0,14,14,0,6.0,204.91,2868.8,0,14
SHORT,VAL_Side:==0,WeeklyOpen_Side:==-1,14,14,0,5.14,333.56,4669.9,14,0
SHORT,OBVf_Signal:==1,Sqz_Val:hi,14,14,0,5.29,85.91,1202.7,0,14
SHORT,KAMA_Dist:hi,Micro_IBSP:hi,14,14,0,4.64,137.45,1924.3,14,0
SHORT,KAMA_Dist:hi,OBVf_Signal:==1,14,14,0,4.64,137.45,1924.3,14,0
SHORT,Micro_IBSP:hi,OBVf_Signal:==1,14,14,0,4.64,137.45,1924.3,14,0
SHORT,Micro_OrderFlowDelta:hi,TChan_A15:hi,14,14,0,5.57,97.11,1359.5,0,14
SHORT,EMA_Oscillator:lo,Micro_Entropy:lo,14,14,0,7.0,1267.01,17738.1,0,14
SHORT,Micro_TickIntensity:lo,OBV_Velocity:lo,14,14,0,5.14,197.32,2762.5,14,0
SHORT,Micro_TickIntensity:lo,PoC_Side:==0,14,14,0,5.14,197.32,2762.5,14,0
SHORT,OBV_Velocity:lo,PoC_Side:==0,14,14,0,5.14,197.32,2762.5,14,0
SHORT,PrevDay_High_Side:==1,Volume_Ratio_10:hi,15,14,1,5.4,101.64,1524.6,0,15
SHORT,AT_Slope_ST:lo,Volume_Ratio_10:hi,15,14,1,5.6,89.74,1346.1,0,15
SHORT,Micro_HLAsymmetry:lo,Micro_RangeVelocity:lo,15,14,1,5.6,268.66,4029.9,0,15
SHORT,Micro_BarEntropy:lo,Micro_RangeVelocity:lo,15,14,1,5.0,177.91,2668.7,0,15
SHORT,Micro_Lambda:hi,Session_High_Dist_ATR:lo,14,14,0,5.21,359.01,5026.1,0,14
SHORT,Micro_Rejection:hi,PrevDay_High_Side:==1,14,14,0,4.64,69.41,971.8,10,4
SHORT,Body_Size:hi,VWAP_Sigma:lo,13,13,0,5.92,367.85,4782.0,13,0
SHORT,Micro_IBSP:lo,Volume_Avg_10:hi,13,13,0,6.31,1379.59,17934.7,0,13
SHORT,Micro_MicroGap:lo,Micro_OrderFlowDelta:lo,13,13,0,5.62,335.41,4360.3,13,0
SHORT,Micro_Entropy:lo,OBV_Velocity:lo,13,13,0,5.0,201.28,2616.7,0,13
SHORT,Micro_RangeVelocity:lo,Micro_WickImbalance:lo,13,13,0,5.23,1274.84,16572.9,0,13
SHORT,OBV_Velocity:lo,VAL_Side:==0,13,13,0,5.0,213.52,2775.7,4,9
SHORT,OR_High_Side:==1,PrevDay_Close_Side:==-1,13,13,0,4.0,179.64,2335.3,11,2
SHORT,D2D_Dn_Count:hi,Micro_RangeAccel:lo,13,13,0,6.31,1315.29,17098.8,0,13
SHORT,Micro_RangeAccel:lo,Micro_VolAccel:lo,13,13,0,6.31,1315.29,17098.8,0,13
SHORT,Micro_RangeAccel:lo,Slope_Accel_ST:lo,13,13,0,6.31,1315.29,17098.8,0,13
SHORT,Micro_VolAccel:lo,VWAP_Sigma_ATR:lo,13,13,0,6.31,1315.29,17098.8,0,13
SHORT,Slope_Accel_ST:lo,VWAP_Sigma_ATR:lo,13,13,0,6.31,1315.29,17098.8,0,13
SHORT,ATR_1M:hi,PrevDay_High_Side:==1,14,13,1,5.0,229.46,3212.4,0,14
SHORT,Micro_CSSpread:hi,Micro_HLAsymmetry:hi,13,13,0,4.54,137.7,1790.1,0,13
SHORT,Momentum_Value:hi,Volume_Avg_10:hi,13,13,0,5.92,95.92,1246.9,0,13
SHORT,Micro_RangeVelocity:lo,Volume_Avg_10:hi,13,13,0,6.31,1448.59,18831.7,0,13
SHORT,Micro_Entropy:lo,Micro_MomoTransfer:hi,13,13,0,6.0,219.26,2850.4,0,13
SHORT,PrevDay_High_Dist_ATR:lo,VAL_Side:==0,13,13,0,6.15,213.42,2774.4,0,13
SHORT,Lower_Wick:lo,Micro_MomoTransfer:hi,13,13,0,6.31,324.86,4223.2,0,13
SHORT,Micro_OrderFlowDelta:hi,Slope_Accel_LT:lo,13,13,0,5.0,121.25,1576.3,4,9
SHORT,Micro_OrderFlowDelta:hi,Momentum_Value:hi,13,13,0,5.69,101.44,1318.7,0,13
SHORT,Momentum_Value:hi,PrevDay_Close_Dist_ATR:hi,13,13,0,5.54,88.88,1155.4,0,13
SHORT,PrevDay_Close_Dist_ATR:hi,TChan_A15:hi,13,13,0,5.54,88.88,1155.4,0,13
SHORT,Micro_RangeVelocity:lo,OBVf_Signal:==1,14,13,1,4.86,150.65,2109.1,0,14
SHORT,D2D_Dynamic_Sensitivity:lo,Micro_HLAsymmetry:lo,14,13,1,6.71,135.56,1897.9,0,14
SHORT,Micro_BarOverlap:hi,PrevDay_High_Side:==1,14,13,1,5.71,105.98,1483.7,13,1
SHORT,EMA_Oscillator:lo,VAL_Side:==0,13,13,0,6.08,235.45,3060.8,0,13
SHORT,Micro_HLAsymmetry:lo,Volume_Avg_10:hi,13,13,0,6.0,261.65,3401.4,0,13
SHORT,AT_Score_LT:hi,WeeklyOpen_Dist_ATR:hi,13,13,0,5.54,101.08,1314.1,0,13
SHORT,Micro_IBSP:lo,Volume:hi,12,12,0,6.67,1454.83,17457.9,0,12
SHORT,RangeOsc_State:==-2,VWAP_Sigma:hi,12,12,0,4.42,183.98,2207.8,12,0
SHORT,RangeOsc_State:==-2,Volume_Ratio_10:hi,12,12,0,4.42,183.98,2207.8,12,0
SHORT,VWAP_Sigma:hi,Volume_Ratio_10:hi,12,12,0,4.42,183.98,2207.8,12,0
SHORT,D2D_Dynamic_Sensitivity:lo,Upper_Wick:hi,12,12,0,4.92,230.89,2770.7,12,0
SHORT,D2D_Dynamic_Sensitivity:lo,VAH_Side:==-1,12,12,0,4.92,230.89,2770.7,12,0
SHORT,Micro_OrderFlowDelta:lo,Volume_Avg_10:hi,12,12,0,6.33,410.76,4929.1,0,12
SHORT,Upper_Wick:hi,VAH_Side:==-1,12,12,0,4.92,230.89,2770.7,12,0
SHORT,Slope_Accel_ST:hi,Slope_EMA_ST:hi,12,12,0,4.92,287.71,3452.5,12,0
SHORT,Slope_Accel_ST:hi,VA_Position:hi,12,12,0,4.92,287.71,3452.5,12,0
SHORT,Slope_EMA_ST:hi,VA_Position:hi,12,12,0,4.92,287.71,3452.5,12,0
SHORT,Micro_Hurst:hi,WeeklyOpen_Dist_ATR:hi,12,12,0,4.25,97.39,1168.7,0,12
SHORT,Volume_Avg_10:hi,WeeklyOpen_Dist_ATR:hi,12,12,0,5.83,103.88,1246.5,0,12
SHORT,ATR_1M:hi,Micro_BarOverlap:lo,12,12,0,4.58,178.79,2145.5,0,12
SHORT,DailyOpen_Dist_ATR:lo,VWAP_Z:lo,13,12,1,6.23,181.63,2361.2,0,13
SHORT,Micro_RangeAccel:lo,Micro_RangeVelocity:lo,12,12,0,6.83,1566.67,18800.1,0,12
SHORT,D2D_Dynamic_Sensitivity:lo,PoC_Side:==0,12,12,0,4.92,185.59,2227.1,0,12
SHORT,Micro_Entropy:lo,PoC_Side:==0,12,12,0,5.17,175.77,2109.2,0,12
SHORT,PoC_Side:==0,PrevDay_High_Dist_ATR:lo,12,12,0,5.17,179.87,2158.4,0,12
SHORT,Micro_MomoTransfer:hi,Micro_OrderFlowDelta:lo,12,12,0,6.0,191.42,2297.0,3,9
SHORT,OBVf_DirStepCount:hi,VAL_Side:==0,12,12,0,5.08,246.16,2953.9,12,0
SHORT,OBVf_DirStepCount:hi,WeeklyOpen_Side:==-1,12,12,0,5.08,246.16,2953.9,12,0
SHORT,AT_Lookback_ST:hi,Micro_OrderFlowDelta:hi,13,12,1,5.62,53.05,689.6,0,13
SHORT,ATR_1M:hi,Micro_Hurst:hi,12,12,0,4.67,188.48,2261.7,0,12
SHORT,Micro_MicroGap:hi,OBVf_Signal:==1,13,12,1,4.46,146.3,1901.9,10,3
SHORT,OBVf_Signal:==1,Slope_EMA_ST:hi,13,12,1,4.38,122.08,1587.0,10,3
SHORT,D2D_Dynamic_Sensitivity:lo,Session_High_Dist_ATR:lo,12,12,0,6.33,270.81,3249.7,0,12
SHORT,PrevDay_High_Side:==1,Volume:hi,13,12,1,5.92,116.22,1510.9,0,13
SHORT,Micro_BarOverlap:hi,Micro_HLAsymmetry:lo,13,12,1,5.46,103.47,1345.1,13,0
SHORT,Micro_HLAsymmetry:lo,MultiDay_Slope:hi,12,12,0,5.0,176.72,2120.7,10,2
SHORT,PoC_Side:==0,VAH_Side:==0,12,12,0,5.25,189.57,2274.8,0,12
SHORT,Micro_IBSP:lo,Session_High_Dist_ATR:lo,12,12,0,5.33,244.37,2932.4,10,2
SHORT,AT_Score_LT:hi,PrevDay_Low_Dist_ATR:hi,12,12,0,6.42,119.03,1428.4,0,12
SHORT,AT_Score_LT:hi,Micro_HLAsymmetry:lo,12,11,1,6.08,82.95,995.4,0,12
SHORT,Micro_Hurst:hi,RangeOsc_State:==-1,11,11,0,5.36,179.05,1969.5,0,11
SHORT,D2D_ATR_MA:hi,Micro_MicroGap:lo,11,11,0,6.36,369.32,4062.5,9,2
SHORT,Micro_Entropy:lo,Volume_Avg_10:hi,11,11,0,7.82,1526.05,16786.5,0,11
SHORT,Micro_MicroGap:lo,Upper_Wick:hi,11,11,0,5.18,148.17,1629.9,9,2
SHORT,Micro_RollProxy:lo,Volume:hi,12,11,1,4.5,33.73,404.8,12,0
SHORT,Micro_RollProxy:lo,Volume_Ratio_10:lo,12,11,1,4.5,33.73,404.8,12,0
SHORT,Volume:hi,Volume_Ratio_10:lo,12,11,1,4.5,33.73,404.8,12,0
SHORT,Efficiency_Ratio:lo,OR_High_Side:==1,11,11,0,3.91,183.44,2017.8,11,0
SHORT,Efficiency_Ratio:lo,PrevDay_Close_Side:==-1,11,11,0,3.91,183.44,2017.8,11,0
SHORT,Bar_Range:hi,MultiDay_Slope:hi,11,11,0,5.64,247.29,2720.2,0,11
SHORT,Micro_RangeVelocity:lo,RangeOsc_State:==2,11,11,0,5.09,148.64,1635.0,0,11
SHORT,EMA_Oscillator:lo,Volume_Avg_10:hi,11,11,0,7.91,1568.84,17257.2,0,11
SHORT,ATR_1M:hi,OR_High_Side:==1,11,11,0,4.73,203.24,2235.6,0,11
SHORT,Micro_VolAccel:lo,RangeOsc_State:==2,11,11,0,5.36,167.77,1845.5,7,4
SHORT,D2D_Dynamic_Sensitivity:lo,Slope_Accel_LT:lo,12,11,1,5.0,106.71,1280.5,11,1
SHORT,Micro_Entropy:lo,PrevDay_Low_Side:==1,11,11,0,6.64,211.14,2322.5,0,11
SHORT,Lower_Wick:lo,Micro_RangeAccel:lo,11,11,0,7.64,1683.22,18515.4,0,11
SHORT,PoC_Side:==0,VWAP_Z:lo,11,11,0,5.0,170.97,1880.7,0,11
SHORT,Micro_MomoTransfer:hi,PrevDay_High_Dist_ATR:lo,11,11,0,6.27,216.27,2379.0,0,11
SHORT,Micro_Entropy:lo,WeeklyOpen_Side:==-1,11,11,0,5.18,249.25,2741.7,0,11
SHORT,Micro_OrderFlowDelta:hi,Volume_Avg_10:hi,12,11,1,5.58,74.65,895.8,0,12
SHORT,AT_Lookback_ST:hi,Momentum_Value:hi,11,11,0,5.27,68.47,753.2,0,11
SHORT,Micro_BarOverlap:lo,Micro_OrderFlowDelta:hi,11,11,0,4.27,116.11,1277.2,10,1
SHORT,Micro_FailedBreak:lo,Micro_HLAsymmetry:hi,11,11,0,4.73,92.86,1021.5,11,0
SHORT,AT_Slope_LT:hi,OBVf_Signal:==1,11,11,0,4.55,109.85,1208.3,10,1
SHORT,D2D_Dynamic_Sensitivity:lo,MultiDay_Slope:lo,11,11,0,4.55,169.97,1869.7,11,0
SHORT,D2D_Dynamic_Sensitivity:lo,OBV_Macd:lo,11,11,0,4.55,169.97,1869.7,11,0
SHORT,MultiDay_Slope:lo,OBV_Macd:lo,11,11,0,4.55,169.97,1869.7,11,0
SHORT,Efficiency_Ratio:hi,Micro_Entropy:lo,11,11,0,7.64,1510.01,16610.1,0,11
SHORT,AT_Score_LT:hi,PrevDay_Close_Dist_ATR:lo,11,11,0,5.91,328.54,3613.9,0,11
SHORT,AT_Score_LT:hi,VWAP_Side:==1,11,11,0,5.91,328.54,3613.9,0,11
SHORT,D2D_ATR:hi,Micro_VPIN:lo,11,11,0,5.55,369.86,4068.5,0,11
SHORT,D2D_ATR:hi,Slope_EMA_LT:hi,11,11,0,5.55,369.86,4068.5,0,11
SHORT,Micro_LogReturn:hi,MultiDay_Slope:hi,11,11,0,4.64,151.92,1671.1,11,0
SHORT,Lower_Wick:lo,Micro_BarEntropy:lo,12,11,1,6.5,177.71,2132.5,0,12
SHORT,AT_Slope_ST:hi,Sqz_Val:hi,11,11,0,4.55,185.73,2043.0,0,11
SHORT,AT_Slope_ST:lo,PrevDay_Low_Dist_ATR:hi,11,11,0,5.73,107.95,1187.4,0,11
SHORT,Volume_Avg_10:hi,Volume_Ratio_10:hi,11,11,0,6.27,209.99,2309.9,0,11
SHORT,AT_Score_LT:hi,Micro_Rejection:hi,11,11,0,4.82,123.38,1357.2,9,2
SHORT,D2D_ATR:hi,Micro_RangeVelocity:lo,11,10,1,6.36,111.36,1225.0,0,11
SHORT,D2D_Dn_Count:hi,Micro_IBSP:lo,10,10,0,7.0,1641.65,16416.5,5,5
SHORT,Micro_Entropy:lo,VAH_Side:==-1,10,10,0,5.2,269.58,2695.8,0,10
SHORT,DailyOpen_Side:==-1,Efficiency_Ratio:lo,10,10,0,4.0,198.75,1987.5,10,0
SHORT,DailyOpen_Side:==-1,OR_High_Side:==1,10,10,0,4.0,198.75,1987.5,10,0
SHORT,DailyOpen_Side:==-1,PrevDay_Close_Side:==-1,10,10,0,4.0,198.75,1987.5,0,10
SHORT,D2D_Signal:==-1,Micro_MicroGap:hi,10,10,0,5.4,1599.3,15993.0,10,0
SHORT,D2D_Signal:==-1,Micro_ThrustEff:lo,10,10,0,5.4,1599.3,15993.0,10,0
SHORT,Micro_MicroGap:hi,Micro_ThrustEff:lo,10,10,0,5.4,1599.3,15993.0,10,0
SHORT,D2D_Dn_Count:hi,VWAP_Dist_ATR:lo,10,10,0,6.6,1670.17,16701.7,0,10
SHORT,Micro_VolAccel:lo,VWAP_Dist_ATR:lo,10,10,0,6.6,1670.17,16701.7,0,10
SHORT,Slope_Accel_ST:lo,VWAP_Dist_ATR:lo,10,10,0,6.6,1670.17,16701.7,0,10
SHORT,Bar_Range:hi,PrevDay_Close_Dist_ATR:lo,10,10,0,5.6,307.28,3072.8,0,10
SHORT,Bar_Range:hi,VWAP_Side:==1,10,10,0,5.6,307.28,3072.8,0,10
SHORT,Lower_Wick:lo,PrevDay_High_Side:==1,11,10,1,6.36,95.66,1052.3,0,11
SHORT,Micro_RangeVelocity:lo,PrevDay_High_Side:==1,11,10,1,6.45,96.48,1061.3,0,11
SHORT,Lower_Wick:hi,Micro_LogReturn:lo,10,10,0,4.9,148.98,1489.8,10,0
SHORT,Lower_Wick:hi,WeeklyOpen_Dist_ATR:hi,10,10,0,4.9,148.98,1489.8,10,0
SHORT,Micro_LogReturn:lo,WeeklyOpen_Dist_ATR:hi,10,10,0,4.9,148.98,1489.8,10,0
SHORT,PrevDay_Low_Dist_ATR:hi,Volume_Avg_10:hi,10,10,0,6.9,101.7,1017.0,0,10
SHORT,ADX_Value:lo,Micro_ThrustEff:hi,10,10,0,4.3,73.48,734.8,10,0
SHORT,ADX_Value:lo,Slope_EMA_ST:lo,10,10,0,4.3,73.48,734.8,10,0
SHORT,Micro_BarOverlap:lo,Slope_EMA_ST:lo,10,10,0,5.3,120.97,1209.7,8,2
SHORT,Micro_CSSpread:hi,Volume_Avg_10:hi,10,10,0,5.0,116.24,1162.4,7,3
SHORT,Micro_ThrustEff:hi,Slope_EMA_ST:lo,10,10,0,4.3,73.48,734.8,10,0
SHORT,AT_Slope_ST:lo,D2D_Dynamic_Sensitivity:lo,11,10,1,6.27,88.76,976.4,0,11
SHORT,D2D_Dynamic_Sensitivity:lo,DailyOpen_Dist_ATR:lo,10,10,0,6.8,289.62,2896.2,0,10
SHORT,D2D_Dynamic_Sensitivity:lo,MultiDay_Position:hi,11,10,1,5.09,105.06,1155.7,11,0
SHORT,MultiDay_Position:hi,Slope_Accel_LT:lo,11,10,1,5.09,105.06,1155.7,11,0
SHORT,PrevDay_Low_Side:==1,VWAP_Z:lo,10,10,0,6.9,222.81,2228.1,0,10
SHORT,Micro_IBSP:lo,Micro_RangeAccel:lo,10,10,0,6.6,1661.49,16614.9,0,10
SHORT,Micro_PriceAccel:lo,Micro_RangeAccel:lo,10,10,0,6.0,311.12,3111.2,10,0
SHORT,Micro_PriceAccel:lo,VAL_Side:==0,10,10,0,6.0,311.12,3111.2,10,0
SHORT,Micro_RangeAccel:lo,VAL_Side:==0,10,10,0,6.0,311.12,3111.2,10,0
SHORT,Micro_RangeAccel:lo,PrevDay_High_Dist_ATR:lo,10,10,0,6.7,231.54,2315.4,0,10
SHORT,DailyOpen_Dist_ATR:lo,VAL_Side:==0,10,10,0,6.2,317.79,3177.9,0,10
SHORT,Micro_Entropy:lo,OBVf_DirStepCount:hi,10,10,0,5.1,248.97,2489.7,0,10
SHORT,AT_Lookback_ST:hi,TChan_A15:hi,10,10,0,5.3,65.97,659.7,0,10
SHORT,Micro_BarOverlap:lo,Micro_Hurst:hi,10,10,0,4.1,112.61,1126.1,0,10
SHORT,Micro_CSSpread:hi,Micro_Hurst:hi,10,10,0,4.8,132.14,1321.4,0,10
SHORT,RangeOsc_State:==2,Session_High_Dist_ATR:lo,10,10,0,5.2,209.06,2090.6,0,10
SHORT,AT_Slope_LT:hi,Micro_BarOverlap:hi,10,10,0,4.6,104.03,1040.3,10,0
SHORT,Micro_BarOverlap:hi,OBVf_Signal:==1,10,10,0,4.6,104.03,1040.3,10,0
SHORT,D2D_Dynamic_Sensitivity:lo,PrevDay_High_Side:==1,12,10,2,6.08,54.76,657.1,0,12
SHORT,AT_Score_LT:hi,Micro_VPIN:lo,10,10,0,5.7,312.37,3123.7,0,10
SHORT,AT_Score_LT:hi,Slope_EMA_LT:hi,10,10,0,5.7,312.37,3123.7,0,10
SHORT,Micro_HLAsymmetry:lo,Micro_LogReturn:hi,10,10,0,4.6,157.11,1571.1,10,0
SHORT,Bar_Range:hi,OBVf_Signal:==1,11,10,1,5.0,142.66,1569.3,0,11
SHORT,Micro_BarEntropy:lo,Micro_Lambda:hi,10,10,0,4.9,254.15,2541.5,0,10
SHORT,Micro_HLAsymmetry:lo,Micro_Lambda:hi,10,10,0,5.3,395.71,3957.1,0,10
SHORT,OR_High_Dist_ATR:hi,Sqz_Val:hi,10,10,0,4.6,193.98,1939.8,0,10
SHORT,Sqz_State:==-1,Sqz_Val:hi,10,10,0,4.6,193.98,1939.8,0,10
SHORT,Micro_IBSP:lo,Micro_PriceAccel:hi,10,10,0,5.3,259.89,2598.9,10,0
SHORT,Micro_PriceAccel:hi,Session_High_Dist_ATR:lo,10,10,0,5.3,259.89,2598.9,10,0
SHORT,Micro_Rejection:hi,Slope_Accel_LT:lo,10,10,0,4.2,67.33,673.3,10,0
SHORT,Micro_BarOverlap:lo,Micro_PriceAccel:lo,10,10,0,3.9,98.6,986.0,10,0
SHORT,Micro_OrderFlowDelta:hi,Micro_PriceAccel:lo,10,10,0,3.9,98.6,986.0,10,0
SHORT,Session_High_Dist_ATR:lo,Volume_Avg_10:hi,10,10,0,6.5,390.35,3903.5,0,10
SHORT,RangeOsc_State:==-1,WeeklyOpen_Dist_ATR:hi,10,10,0,5.9,176.1,1761.0,0,10
SHORT,D2D_ATR:hi,Micro_Rejection:hi,10,10,0,5.1,124.92,1249.2,0,10
SHORT,Efficiency_Ratio:hi,RangeOsc_Val:lo,10,10,0,6.8,196.57,1965.7,0,10
SHORT,AT_Score_LT:hi,Session_High_Dist_ATR:lo,9,9,0,5.56,155.17,1396.5,0,9
SHORT,AT_Score_LT:hi,Micro_RangeVelocity:lo,10,9,1,6.3,120.25,1202.5,0,10
SHORT,Bar_Range:hi,Micro_Lambda:hi,9,9,0,5.33,303.88,2734.9,0,9
SHORT,Micro_RangeVelocity:lo,RangeOsc_State:==-1,10,9,1,6.2,112.67,1126.7,0,10
SHORT,AT_Slope_ST:hi,D2D_ATR_MA:hi,9,9,0,5.22,262.22,2360.0,0,9
SHORT,AT_Slope_ST:hi,Micro_MicroGap:lo,9,9,0,5.44,162.96,1466.6,9,0
SHORT,AT_Slope_ST:hi,Upper_Wick:hi,9,9,0,5.44,162.96,1466.6,9,0
SHORT,D2D_ATR_MA:hi,VWAP_Sigma:lo,9,9,0,6.44,430.54,3874.9,9,0
SHORT,Micro_IBSP:lo,Slope_Accel_ST:lo,9,9,0,7.22,1820.67,16386.0,0,9
SHORT,PrevDay_High_Dist_ATR:lo,VWAP_Sigma:lo,9,9,0,6.44,293.81,2644.3,0,9
SHORT,PrevDay_High_Dist_ATR:lo,Volume_Avg_10:hi,9,9,0,7.22,304.53,2740.8,0,9
SHORT,PrevDay_Low_Dist_ATR:hi,Session_High_Dist_ATR:lo,10,9,1,4.6,24.34,243.4,0,10
SHORT,Bar_Range:hi,Micro_HLAsymmetry:hi,9,9,0,5.89,187.8,1690.2,0,9
SHORT,D2D_ATR:hi,PrevDay_Close_Dist_ATR:lo,9,9,0,6.22,343.89,3095.0,0,9
SHORT,D2D_ATR:hi,VWAP_Side:==1,9,9,0,6.22,343.89,3095.0,0,9
SHORT,Micro_BarOverlap:lo,Micro_CSSpread:hi,9,9,0,4.67,116.79,1051.1,0,9
SHORT,Micro_BarOverlap:lo,Micro_HLAsymmetry:hi,9,9,0,5.11,201.66,1814.9,0,9
SHORT,Micro_BarOverlap:lo,MultiDay_Slope:hi,9,9,0,4.78,195.23,1757.1,0,9
SHORT,Micro_HLAsymmetry:hi,Volume_Avg_10:hi,9,9,0,6.67,206.01,1854.1,0,9
SHORT,MultiDay_Slope:hi,OR_High_Side:==1,9,9,0,4.89,222.27,2000.4,0,9
SHORT,D2D_Dynamic_Sensitivity:lo,PrevDay_Low_Side:==1,9,9,0,6.78,289.13,2602.2,0,9
SHORT,D2D_Signal:==-1,Micro_IBSP:lo,9,9,0,7.0,1802.38,16221.4,0,9
SHORT,Micro_RangeAccel:lo,Volume_Avg_10:hi,9,9,0,8.0,1879.14,16912.3,0,9
SHORT,Micro_Entropy:lo,Micro_RangeAccel:lo,9,9,0,7.44,1794.23,16148.1,0,9
SHORT,Micro_Hurst:hi,Micro_RangeAccel:lo,9,9,0,7.22,245.87,2212.8,0,9
SHORT,Micro_BarEntropy:hi,PoC_Side:==0,9,9,0,4.44,136.49,1228.4,9,0
SHORT,Micro_BarEntropy:hi,Round_100_Dist_ATR:lo,9,9,0,4.44,136.49,1228.4,9,0
SHORT,PoC_Side:==0,Round_100_Dist_ATR:lo,9,9,0,4.44,136.49,1228.4,9,0
SHORT,Micro_MomoTransfer:hi,VAH_Side:==0,9,9,0,6.67,225.22,2027.0,0,9
SHORT,Micro_OrderFlowDelta:lo,Micro_WickImbalance:lo,9,9,0,6.44,203.67,1833.0,0,9
SHORT,Micro_WickImbalance:lo,VAH_Side:==0,9,9,0,6.44,207.71,1869.4,0,9
SHORT,DailyOpen_Dist_ATR:lo,Micro_MomoTransfer:hi,9,9,0,6.78,360.61,3245.5,0,9
SHORT,Micro_WickImbalance:lo,WeeklyOpen_Side:==-1,9,9,0,5.11,260.37,2343.3,0,9
SHORT,Micro_CSSpread:lo,Micro_OrderFlowDelta:hi,9,9,0,5.44,121.71,1095.4,0,9
SHORT,Micro_OrderFlowDelta:hi,PrevDay_Close_Dist_ATR:hi,10,9,1,5.7,70.38,703.8,0,10
SHORT,Bars_Since_Flip:hi,Momentum_Value:hi,9,9,0,5.78,98.56,887.0,0,9
SHORT,Bars_Since_Flip:hi,TChan_A15:hi,9,9,0,5.78,98.56,887.0,0,9
SHORT,D2D_Dynamic_Sensitivity:lo,RangeOsc_State:==-1,11,9,2,6.45,46.22,508.4,0,11
SHORT,Micro_FailedBreak:lo,Micro_FractalDim:lo,9,9,0,4.67,101.19,910.7,9,0
SHORT,Micro_FractalDim:lo,Micro_HLAsymmetry:hi,9,9,0,4.67,101.19,910.7,9,0
SHORT,Micro_MicroGap:hi,Slope_EMA_ST:hi,10,9,1,4.3,127.89,1278.9,10,0
SHORT,Micro_Hurst:hi,OBVf_Signal:==1,9,9,0,5.0,126.6,1139.4,0,9
SHORT,OBVf_Signal:==1,RangeOsc_State:==2,9,9,0,4.78,217.67,1959.0,0,9
SHORT,Lower_Wick:lo,OBVf_Signal:==1,10,9,1,4.9,144.99,1449.9,0,10
SHORT,Micro_BarOverlap:hi,Micro_RangeVelocity:lo,10,9,1,5.6,74.84,748.4,0,10
SHORT,Micro_WickImbalance:lo,Volume:hi,9,9,0,8.11,1826.03,16434.3,0,9
SHORT,D2D_Dynamic_Sensitivity:lo,Micro_TickIntensity:lo,9,9,0,5.11,202.61,1823.5,0,9
SHORT,D2D_Dynamic_Sensitivity:lo,OBV_Velocity:lo,9,9,0,5.11,202.61,1823.5,0,9
SHORT,AT_Score_LT:hi,Lower_Wick:lo,10,9,1,6.5,107.27,1072.7,0,10
SHORT,Bar_Range:hi,Micro_VPIN:lo,10,9,1,5.4,301.1,3011.0,0,10
SHORT,Bar_Range:hi,Slope_EMA_LT:hi,10,9,1,5.4,301.1,3011.0,0,10
SHORT,Lower_Wick:lo,Micro_HLAsymmetry:lo,10,9,1,7.1,112.83,1128.3,0,10
SHORT,Micro_HLAsymmetry:lo,Volume_Ratio_10:hi,10,9,1,5.7,127.4,1274.0,0,10
SHORT,Micro_Entropy:lo,Micro_TickIntensity:lo,9,9,0,5.33,191.1,1719.9,0,9
SHORT,Micro_TickIntensity:lo,PrevDay_High_Dist_ATR:lo,9,9,0,5.33,196.57,1769.1,0,9
SHORT,Micro_TickIntensity:lo,VAL_Side:==0,9,9,0,5.33,208.77,1878.9,0,9
SHORT,OBV_Velocity:lo,PrevDay_High_Dist_ATR:lo,9,9,0,5.33,196.57,1769.1,0,9
SHORT,PoC_Side:==0,VAL_Side:==0,9,9,0,5.33,208.77,1878.9,0,9
SHORT,EMA_Oscillator:lo,Micro_MomoTransfer:hi,9,9,0,6.78,258.36,2325.2,0,9
SHORT,DailyOpen_Dist_ATR:lo,VWAP_Sigma:lo,9,9,0,6.11,266.34,2397.1,0,9
SHORT,Micro_HLAsymmetry:lo,Micro_IBSP:lo,9,9,0,5.44,183.39,1650.5,0,9
SHORT,Lower_Wick:lo,Session_High_Dist_ATR:lo,9,9,0,7.0,240.22,2162.0,0,9
SHORT,OBVf_Signal:==1,PrevDay_High_Side:==1,9,9,0,5.33,118.64,1067.8,0,9
SHORT,PrevDay_High_Side:==1,Sqz_Val:hi,9,9,0,5.0,107.2,964.8,0,9
SHORT,Micro_GarmanKlass:hi,Micro_Hurst:hi,9,9,0,4.33,85.78,772.0,0,9
SHORT,AT_Score_LT:hi,Micro_GarmanKlass:hi,9,9,0,5.89,76.51,688.6,0,9
SHORT,Micro_Rejection:hi,RangeOsc_State:==-1,9,9,0,5.11,135.13,1216.2,9,0
SHORT,PrevDay_Low_Dist_ATR:hi,RangeOsc_State:==-1,10,9,1,6.2,116.11,1161.1,0,10
SHORT,VAH_Side:==0,Volume_Avg_10:hi,9,9,0,6.78,285.87,2572.8,0,9
SHORT,AT_Score_LT:hi,Micro_IBSP:lo,8,8,0,5.75,238.5,1908.0,0,8
SHORT,Micro_WickImbalance:hi,Volume:hi,8,8,0,5.88,261.25,2090.0,0,8
SHORT,AT_Slope_ST:lo,Micro_Hurst:hi,8,8,0,5.0,114.64,917.1,0,8
SHORT,D2D_ATR:hi,Micro_HLAsymmetry:lo,9,8,1,6.33,65.5,589.5,0,9
SHORT,Micro_HLAsymmetry:lo,RangeOsc_State:==-1,9,8,1,6.33,65.5,589.5,0,9
SHORT,Body_Size:hi,Micro_OrderFlowDelta:lo,8,8,0,6.38,506.21,4049.7,0,8
SHORT,D2D_ATR_MA:hi,Micro_OrderFlowDelta:lo,8,8,0,6.25,474.06,3792.5,0,8
SHORT,D2D_Dynamic_Sensitivity:lo,Slope_Accel_ST:lo,8,8,0,7.38,2067.04,16536.3,0,8
SHORT,Micro_IBSP:lo,Micro_VolAccel:lo,8,8,0,7.5,2033.06,16264.5,0,8
SHORT,Micro_IBSP:lo,PrevDay_High_Dist_ATR:lo,8,8,0,6.12,317.41,2539.3,0,8
SHORT,Micro_MicroGap:lo,Volume_Avg_10:hi,8,8,0,7.12,410.84,3286.7,0,8
SHORT,Micro_WickImbalance:hi,Volume_Avg_10:hi,8,8,0,5.62,314.65,2517.2,0,8
SHORT,Slope_Accel_ST:lo,Volume_Avg_10:hi,8,8,0,6.25,1952.17,15617.4,4,4
SHORT,VAH_Side:==-1,Volume_Avg_10:hi,8,8,0,4.88,191.22,1529.8,0,8
SHORT,Micro_WickImbalance:lo,OBV_Velocity:lo,8,8,0,5.0,218.14,1745.1,0,8
SHORT,ATR_1M:hi,Bar_Range:hi,8,8,0,5.38,231.31,1850.5,0,8
SHORT,Micro_CSSpread:hi,Micro_RangeVelocity:lo,8,8,0,5.0,140.48,1123.8,0,8
SHORT,Micro_CSSpread:hi,PrevDay_High_Side:==1,8,8,0,5.25,246.09,1968.7,0,8
SHORT,AT_Slope_ST:hi,Bar_Range:hi,9,8,1,5.0,31.57,284.1,0,9
SHORT,Micro_CSSpread:hi,OR_High_Side:==1,8,8,0,4.88,142.65,1141.2,0,8
SHORT,Micro_HLAsymmetry:hi,OR_High_Side:==1,8,8,0,4.88,235.08,1880.6,0,8
SHORT,Momentum_Value:hi,RangeOsc_State:==2,8,8,0,5.25,120.05,960.4,7,1
SHORT,AT_Slope_ST:lo,Slope_EMA_ST:lo,8,8,0,5.62,125.95,1007.6,0,8
SHORT,Micro_BarOverlap:lo,OBV_Velocity:hi,8,8,0,5.38,131.73,1053.8,8,0
SHORT,Micro_RollProxy:hi,OBV_Velocity:hi,8,8,0,5.25,175.39,1403.1,8,0
SHORT,Micro_RollProxy:hi,PrevDay_High_Dist_ATR:lo,8,8,0,5.25,175.39,1403.1,8,0
SHORT,OBV_Velocity:hi,PrevDay_High_Dist_ATR:lo,8,8,0,5.25,175.39,1403.1,8,0
SHORT,OBV_Velocity:hi,Slope_EMA_ST:lo,8,8,0,5.38,131.73,1053.8,8,0
SHORT,Bar_Range:hi,Micro_RangeAccel:lo,8,8,0,7.12,2240.49,17923.9,0,8
SHORT,Efficiency_Ratio:hi,Volume:hi,8,8,0,9.0,2015.62,16125.0,0,8
SHORT,Micro_IBSP:lo,VWAP_Sigma_ATR:lo,8,8,0,7.25,2003.86,16030.9,0,8
SHORT,Micro_RangeVelocity:lo,Micro_VolAccel:lo,8,8,0,6.88,2007.86,16062.9,0,8
SHORT,Micro_Lambda:hi,Micro_RangeAccel:lo,8,8,0,6.0,244.66,1957.3,0,8
SHORT,AT_Slope_ST:lo,Micro_TickIntensity:hi,8,8,0,5.38,68.34,546.7,0,8
SHORT,Micro_CSSpread:lo,Micro_TickIntensity:hi,8,8,0,5.38,92.04,736.3,0,8
SHORT,Lower_Wick:lo,Sqz_Val:hi,8,8,0,4.75,80.59,644.7,0,8
SHORT,Micro_OrderFlowDelta:lo,Micro_RangeAccel:lo,8,8,0,6.62,219.75,1758.0,0,8
SHORT,Micro_RangeAccel:lo,VAH_Side:==0,8,8,0,6.62,219.75,1758.0,0,8
SHORT,Micro_WickImbalance:lo,PrevDay_High_Dist_ATR:lo,8,8,0,6.75,221.88,1775.0,0,8
SHORT,Lower_Wick:lo,VAH_Side:==-1,8,8,0,5.38,387.14,3097.1,0,8
SHORT,Lower_Wick:lo,WeeklyOpen_Side:==-1,8,8,0,5.5,421.36,3370.9,0,8
SHORT,Micro_WickImbalance:lo,OBVf_DirStepCount:hi,8,8,0,5.0,261.41,2091.3,0,8
SHORT,Micro_WickImbalance:lo,VAH_Side:==-1,8,8,0,5.25,288.69,2309.5,0,8
SHORT,TChan_A15:hi,VAH_Side:==-1,9,8,1,4.44,239.86,2158.7,8,1
SHORT,VAH_Side:==-1,VAL_Side:==0,8,8,0,5.38,460.39,3683.1,0,8
SHORT,AT_Slope_ST:lo,Micro_OrderFlowDelta:hi,8,8,0,6.12,134.03,1072.2,0,8
SHORT,Micro_IBSP:hi,Sqz_Val:hi,8,8,0,4.88,89.97,719.8,0,8
SHORT,Bars_Since_Flip:hi,Micro_OrderFlowDelta:hi,9,8,1,5.78,68.14,613.3,0,9
SHORT,AT_Slope_ST:lo,WeeklyOpen_Dist_ATR:hi,8,8,0,6.12,108.42,867.4,0,8
SHORT,AT_Score_LT:lo,Micro_Lambda:hi,8,8,0,4.25,120.19,961.5,7,1
SHORT,AT_Score_LT:lo,Volume_Avg_10:hi,8,8,0,4.38,97.17,777.4,7,1
SHORT,Lower_Wick:lo,RangeOsc_State:==-1,9,8,1,6.0,93.14,838.3,0,9
SHORT,ATR_1M:hi,PrevDay_Close_Side:==-1,8,8,0,4.0,200.33,1602.6,0,8
SHORT,ATR_1M:hi,Session_High_Dist_ATR:lo,8,8,0,5.25,237.39,1899.1,0,8
SHORT,Micro_Hurst:hi,OR_High_Side:==1,8,8,0,4.12,97.75,782.0,0,8
SHORT,D2D_Signal:==-1,OBVf_Signal:==1,8,8,0,5.25,216.22,1729.8,0,8
SHORT,Micro_HLAsymmetry:lo,RangeOsc_State:==2,8,8,0,5.75,170.7,1365.6,0,8
SHORT,Micro_Entropy:lo,Volume:hi,8,8,0,8.25,2018.66,16149.3,0,8
SHORT,PrevDay_Close_Dist_ATR:lo,RangeOsc_State:==-1,8,8,0,6.25,374.05,2992.4,0,8
SHORT,PrevDay_Close_Dist_ATR:lo,Volume:hi,8,8,0,6.5,241.04,1928.3,0,8
SHORT,RangeOsc_State:==-1,VWAP_Side:==1,8,8,0,6.25,374.05,2992.4,0,8
SHORT,VWAP_Side:==1,Volume:hi,8,8,0,6.5,241.04,1928.3,0,8
SHORT,D2D_ATR:hi,Lower_Wick:lo,9,8,1,6.44,85.4,768.6,0,9
SHORT,Micro_HLAsymmetry:lo,Volume:hi,9,8,1,8.22,147.3,1325.7,0,9
SHORT,PrevDay_Close_Dist_ATR:lo,Volume_Avg_10:hi,8,8,0,5.12,338.01,2704.1,0,8
SHORT,VWAP_Side:==1,Volume_Avg_10:hi,8,8,0,5.12,338.01,2704.1,0,8
SHORT,Micro_TickIntensity:lo,VAH_Side:==0,8,8,0,5.62,214.49,1715.9,0,8
SHORT,OBV_Velocity:lo,VAH_Side:==0,8,8,0,5.62,214.49,1715.9,0,8
SHORT,AT_Slope_ST:hi,Lower_Wick:lo,9,8,1,4.78,53.0,477.0,0,9
SHORT,Sqz_Val:hi,Volume:hi,8,8,0,4.62,69.38,555.0,0,8
SHORT,Efficiency_Ratio:hi,PoC_Side:==0,8,8,0,5.25,180.78,1446.2,0,8
SHORT,Slope_EMA_ST:hi,Sqz_Val:hi,8,8,0,5.12,268.32,2146.6,0,8
SHORT,VAH_Side:==0,VWAP_Sigma:lo,8,8,0,6.25,288.54,2308.3,0,8
SHORT,Micro_CSSpread:hi,Micro_HLAsymmetry:lo,8,8,0,5.62,170.11,1360.9,0,8
SHORT,AT_Slope_ST:hi,Session_High_Dist_ATR:hi,8,8,0,4.75,229.02,1832.2,0,8
SHORT,OR_High_Dist_ATR:hi,Session_High_Dist_ATR:hi,8,8,0,4.75,229.02,1832.2,0,8
SHORT,Session_High_Dist_ATR:hi,Sqz_State:==-1,8,8,0,4.75,229.02,1832.2,0,8
SHORT,Micro_Hurst:hi,Volume:hi,8,8,0,7.88,254.25,2034.0,0,8
SHORT,PrevDay_High_Side:==1,Session_High_Dist_ATR:lo,9,8,1,5.33,82.5,742.5,0,9
SHORT,Micro_Hurst:hi,MultiDay_Slope:hi,8,8,0,5.12,239.12,1913.0,0,8
SHORT,Session_High_Dist_ATR:lo,Volume_Ratio_10:hi,8,8,0,5.0,225.85,1806.8,0,8
SHORT,Lower_Wick:lo,Micro_Lambda:hi,8,8,0,5.62,336.54,2692.3,0,8
SHORT,VAL_Side:==0,VWAP_Z:lo,8,8,0,6.75,222.68,1781.4,0,8
SHORT,OR_High_Side:==-1,WeeklyOpen_Dist_ATR:hi,8,8,0,6.38,92.07,736.6,0,8
SHORT,Body_Size:hi,DailyOpen_Dist_ATR:lo,8,8,0,6.5,253.53,2028.2,0,8
SHORT,DailyOpen_Dist_ATR:lo,Volume_Avg_10:hi,8,8,0,7.12,294.53,2356.2,0,8
SHORT,Efficiency_Ratio:hi,VWAP_Z:lo,8,8,0,7.0,207.03,1656.2,0,8
SHORT,AT_Lookback_LT:hi,Body_Size:hi,7,7,0,4.43,202.1,1414.7,7,0
SHORT,AT_Lookback_LT:hi,Micro_Amihud:lo,7,7,0,4.43,202.1,1414.7,7,0
SHORT,Body_Size:hi,Micro_Amihud:lo,7,7,0,4.43,202.1,1414.7,7,0
SHORT,Micro_IBSP:lo,Volume_Ratio_10:hi,7,7,0,6.0,265.49,1858.4,0,7
SHORT,AT_Slope_ST:lo,Micro_HLAsymmetry:lo,8,7,1,6.12,17.61,140.9,0,8
SHORT,Body_Size:hi,Micro_MicroGap:lo,7,7,0,6.43,470.5,3293.5,0,7
SHORT,Body_Size:hi,PrevDay_High_Dist_ATR:lo,7,7,0,7.0,289.06,2023.4,0,7
SHORT,D2D_Dn_Count:hi,D2D_Dynamic_Sensitivity:lo,7,7,0,7.71,2344.97,16414.8,0,7
SHORT,D2D_Dynamic_Sensitivity:lo,Micro_VolAccel:lo,7,7,0,7.71,2344.97,16414.8,0,7
SHORT,D2D_Dynamic_Sensitivity:lo,VWAP_Sigma:lo,7,7,0,7.29,323.24,2262.7,0,7
SHORT,Micro_IBSP:lo,Micro_OrderFlowDelta:lo,7,7,0,5.71,313.13,2191.9,0,7
SHORT,Micro_MicroGap:lo,PrevDay_High_Dist_ATR:lo,7,7,0,6.86,237.1,1659.7,0,7
SHORT,Upper_Wick:hi,Volume_Avg_10:hi,7,7,0,5.57,218.83,1531.8,0,7
SHORT,VWAP_Z:lo,Volume_Avg_10:hi,7,7,0,7.71,247.46,1732.2,0,7
SHORT,Body_Size:hi,Efficiency_Ratio:hi,7,7,0,6.14,141.36,989.5,6,1
SHORT,Efficiency_Ratio:hi,Micro_BarEntropy:hi,7,7,0,4.57,123.36,863.5,6,1
SHORT,DailyOpen_Side:==-1,Micro_BarEntropy:lo,8,7,1,4.88,332.19,2657.5,7,1
SHORT,Micro_BarEntropy:lo,RangeOsc_State:==2,7,7,0,4.29,295.77,2070.4,0,7
SHORT,Bar_Range:hi,D2D_Signal:==-1,7,7,0,7.0,2342.46,16397.2,0,7
SHORT,Bar_Range:hi,Micro_VolAccel:lo,7,7,0,6.57,2241.41,15689.9,0,7
SHORT,D2D_Signal:==-1,Micro_Hurst:hi,7,7,0,5.57,223.77,1566.4,0,7
SHORT,Micro_HLAsymmetry:lo,Micro_ThrustEff:lo,7,7,0,4.0,153.27,1072.9,0,7
SHORT,Micro_HLAsymmetry:lo,PrevDay_Low_Dist_ATR:hi,8,7,1,4.25,5.66,45.3,0,8
SHORT,ATR_1M:hi,Micro_RangeVelocity:lo,7,7,0,5.0,127.8,894.6,0,7
SHORT,Bar_Range:hi,Micro_CSSpread:hi,7,7,0,5.14,130.06,910.4,0,7
SHORT,Lower_Wick:lo,RangeOsc_State:==2,7,7,0,5.14,192.69,1348.8,0,7
SHORT,Micro_HLAsymmetry:hi,PrevDay_High_Side:==1,8,7,1,5.38,161.95,1295.6,0,8
SHORT,AT_Slope_ST:hi,PrevDay_High_Side:==1,7,7,0,5.14,86.47,605.3,0,7
SHORT,MultiDay_Slope:hi,PrevDay_Low_Dist_ATR:hi,7,7,0,5.14,238.54,1669.8,0,7
SHORT,PrevDay_Low_Dist_ATR:hi,RangeOsc_State:==2,7,7,0,5.14,236.76,1657.3,0,7
SHORT,ADX_Value:lo,Volume_Avg_10:hi,7,7,0,6.86,238.77,1671.4,0,7
SHORT,ADX_Value:lo,RangeOsc_State:==2,7,7,0,4.29,168.17,1177.2,0,7
SHORT,Micro_HLAsymmetry:hi,Slope_EMA_ST:lo,7,7,0,5.14,113.81,796.7,0,7
SHORT,Micro_VolAccel:lo,Momentum_Value:hi,7,7,0,4.86,117.31,821.2,7,0
SHORT,AT_Slope_ST:lo,Micro_BarOverlap:lo,7,7,0,5.29,130.23,911.6,7,0
SHORT,AT_Slope_ST:lo,OBV_Velocity:hi,7,7,0,5.29,130.23,911.6,7,0
SHORT,Bar_Range:hi,Micro_IBSP:lo,8,7,1,7.0,1910.78,15286.2,0,8
SHORT,D2D_Signal:==-1,Micro_RangeVelocity:lo,7,7,0,7.57,2384.1,16688.7,0,7
SHORT,Efficiency_Ratio:hi,Micro_IBSP:lo,7,7,0,7.29,2262.99,15840.9,0,7
SHORT,Lower_Wick:lo,Micro_IBSP:lo,7,7,0,6.57,2266.16,15863.1,0,7
SHORT,Micro_IBSP:lo,Micro_RangeVelocity:lo,7,7,0,7.57,2296.19,16073.3,0,7
SHORT,Micro_RangeVelocity:lo,Slope_Accel_ST:lo,7,7,0,7.14,2284.31,15990.2,0,7
SHORT,Micro_RangeVelocity:lo,VWAP_Sigma_ATR:lo,7,7,0,7.57,2384.1,16688.7,0,7
SHORT,Micro_Hurst:hi,Micro_PriceAccel:lo,7,7,0,5.57,130.0,910.0,0,7
SHORT,Micro_RangeAccel:lo,Micro_WickImbalance:lo,7,7,0,7.57,2220.09,15540.6,0,7
SHORT,Micro_TickIntensity:hi,Slope_Accel_LT:lo,7,7,0,5.43,98.86,692.0,0,7
SHORT,AT_Slope_ST:lo,Lower_Wick:lo,8,7,1,5.75,9.8,78.4,0,8
SHORT,Bar_Range:hi,Sqz_Val:hi,7,7,0,5.29,88.23,617.6,0,7
SHORT,D2D_ATR_MA:hi,Lower_Wick:lo,7,7,0,5.86,122.06,854.4,0,7
SHORT,OBVf_Signal:==1,PrevDay_High_Dist_ATR:lo,7,7,0,5.0,180.2,1261.4,0,7
SHORT,DailyOpen_Dist_ATR:lo,Micro_WickImbalance:lo,7,7,0,6.86,199.7,1397.9,0,7
SHORT,DailyOpen_Dist_ATR:lo,TChan_A15:hi,8,7,1,4.62,257.27,2058.2,8,0
SHORT,DailyOpen_Dist_ATR:lo,VAH_Side:==-1,8,7,1,4.62,257.27,2058.2,8,0
SHORT,Micro_MomoTransfer:hi,VAH_Side:==-1,7,7,0,5.0,412.44,2887.1,0,7
SHORT,AT_Lookback_ST:hi,AT_Slope_ST:lo,7,7,0,5.57,68.5,479.5,0,7
SHORT,D2D_ATR_MA:hi,OBVf_Signal:==1,7,7,0,5.71,78.11,546.8,0,7
SHORT,Micro_OrderFlowDelta:hi,OBVf_Signal:==1,7,7,0,5.29,82.81,579.7,0,7
SHORT,OBVf_Signal:==1,Session_High_Dist_ATR:hi,7,7,0,5.71,78.11,546.8,0,7
SHORT,AT_Slope_ST:lo,Momentum_Value:hi,7,7,0,5.57,119.51,836.6,0,7
SHORT,AT_Slope_ST:lo,TChan_A15:hi,7,7,0,5.57,120.6,844.2,0,7
SHORT,KAMA_Dist:hi,Sqz_Val:hi,7,7,0,4.86,75.11,525.8,0,7
SHORT,OBV_Velocity:lo,OBVf_DirStepCount:hi,7,7,0,4.86,239.14,1674.0,0,7
SHORT,OBV_Velocity:lo,WeeklyOpen_Side:==-1,7,7,0,4.86,239.14,1674.0,0,7
SHORT,AT_Slope_ST:lo,Bars_Since_Flip:hi,7,7,0,6.29,211.4,1479.8,0,7
SHORT,AT_Slope_ST:lo,PrevDay_Close_Dist_ATR:hi,7,7,0,6.29,211.4,1479.8,0,7
SHORT,AT_Score_LT:lo,TChan_A15:hi,7,7,0,4.14,119.07,833.5,7,0
SHORT,Micro_Lambda:hi,TChan_A15:hi,7,7,0,4.14,119.07,833.5,7,0
SHORT,DailyOpen_Dist_ATR:hi,Micro_HLAsymmetry:hi,7,7,0,5.57,230.14,1611.0,7,0
SHORT,DailyOpen_Dist_ATR:hi,Micro_Hurst:lo,7,7,0,5.57,230.14,1611.0,7,0
SHORT,Micro_HLAsymmetry:hi,Micro_Hurst:lo,7,7,0,5.57,230.14,1611.0,7,0
SHORT,Micro_VPIN:lo,Volume:hi,7,7,0,6.0,202.43,1417.0,0,7
SHORT,Slope_EMA_LT:hi,Volume:hi,7,7,0,6.0,202.43,1417.0,0,7
SHORT,Micro_BarOverlap:lo,Session_High_Dist_ATR:lo,7,7,0,4.43,115.03,805.2,0,7
SHORT,Micro_CSSpread:hi,PrevDay_Close_Side:==-1,7,7,0,4.0,136.66,956.6,0,7
SHORT,Micro_CSSpread:hi,Session_High_Dist_ATR:lo,7,7,0,5.57,179.19,1254.3,0,7
SHORT,AT_Slope_ST:hi,Slope_EMA_ST:hi,8,7,1,5.25,213.09,1704.7,0,8
SHORT,D2D_Signal:==-1,RangeOsc_State:==2,7,7,0,5.43,201.5,1410.5,0,7
SHORT,Micro_HLAsymmetry:lo,OBVf_Signal:==1,7,7,0,4.57,116.89,818.2,0,7
SHORT,D2D_Dynamic_Sensitivity:lo,OBVf_Signal:==1,7,7,0,5.43,246.76,1727.3,0,7
SHORT,AT_Slope_LT:hi,Micro_RangeVelocity:lo,7,7,0,5.86,2183.83,15286.8,0,7
SHORT,Micro_WickImbalance:lo,Volume_Avg_10:hi,7,7,0,8.43,2252.44,15767.1,0,7
SHORT,D2D_ATR:hi,D2D_Dynamic_Sensitivity:lo,8,7,1,7.38,102.45,819.6,0,8
SHORT,D2D_Dynamic_Sensitivity:lo,PrevDay_Close_Dist_ATR:lo,7,7,0,6.86,251.47,1760.3,0,7
SHORT,D2D_Dynamic_Sensitivity:lo,VWAP_Side:==1,7,7,0,6.86,251.47,1760.3,0,7
SHORT,PrevDay_Close_Dist_ATR:lo,Volume_Ratio_10:hi,7,7,0,6.57,239.47,1676.3,0,7
SHORT,VWAP_Side:==1,Volume_Ratio_10:hi,7,7,0,6.57,239.47,1676.3,0,7
SHORT,AT_Slope_ST:lo,Micro_VPIN:lo,7,7,0,6.0,367.4,2571.8,0,7
SHORT,AT_Slope_ST:lo,Slope_EMA_LT:hi,7,7,0,6.0,367.4,2571.8,0,7
SHORT,Bar_Range:hi,Micro_BarOverlap:hi,8,7,1,6.25,79.2,633.6,0,8
SHORT,Micro_HLAsymmetry:lo,PrevDay_Close_Dist_ATR:lo,7,7,0,5.86,208.61,1460.3,0,7
SHORT,Micro_HLAsymmetry:lo,VWAP_Side:==1,7,7,0,5.86,208.61,1460.3,0,7
SHORT,Micro_LogReturn:hi,PrevDay_High_Side:==1,7,7,0,4.86,177.01,1239.1,0,7
SHORT,Micro_ThrustEff:lo,MultiDay_Slope:hi,7,7,0,4.0,150.14,1051.0,6,1
SHORT,Micro_OrderFlowDelta:lo,Micro_TickIntensity:lo,7,7,0,5.71,215.13,1505.9,0,7
SHORT,Micro_OrderFlowDelta:lo,OBV_Velocity:lo,7,7,0,5.71,215.13,1505.9,0,7
SHORT,Micro_OrderFlowDelta:lo,PoC_Side:==0,7,7,0,5.71,215.13,1505.9,0,7
SHORT,D2D_ATR_MA:hi,Volume:hi,7,7,0,6.43,102.09,714.6,0,7
SHORT,Micro_RollProxy:lo,Sqz_Val:hi,7,7,0,4.86,72.47,507.3,0,7
SHORT,Sqz_Val:hi,Volume_Ratio_10:lo,7,7,0,4.86,72.47,507.3,0,7
SHORT,Efficiency_Ratio:hi,VAH_Side:==0,7,7,0,7.43,227.41,1591.9,0,7
SHORT,AT_Score_LT:lo,Micro_CSSpread:hi,7,7,0,4.43,100.26,701.8,7,0
SHORT,PrevDay_Low_Side:==1,VWAP_Sigma:lo,7,7,0,6.29,293.76,2056.3,0,7
SHORT,Lower_Wick:lo,Upper_Wick:hi,7,7,0,5.14,248.71,1741.0,0,7
SHORT,Micro_BarEntropy:lo,PrevDay_Low_Dist_ATR:hi,8,7,1,4.62,-2.85,-22.8,0,8
SHORT,D2D_ATR_MA:hi,OR_High_Dist_ATR:hi,7,7,0,4.86,253.29,1773.0,0,7
SHORT,D2D_ATR_MA:hi,Sqz_State:==-1,7,7,0,4.86,253.29,1773.0,0,7
SHORT,D2D_Signal:==-1,Micro_MomoTransfer:hi,7,7,0,5.29,225.76,1580.3,0,7
SHORT,Micro_MomoTransfer:hi,VWAP_Sigma_ATR:lo,7,7,0,5.29,225.76,1580.3,0,7
SHORT,OBVf_Signal:==1,VWAP_Sigma_ATR:lo,7,7,0,5.29,225.76,1580.3,0,7
SHORT,Session_High_Dist_ATR:lo,Volume:hi,7,7,0,7.86,268.2,1877.4,0,7
SHORT,Slope_Accel_LT:lo,Volume:hi,7,7,0,5.29,173.56,1214.9,0,7
SHORT,AT_Score_LT:hi,RangeOsc_State:==2,7,7,0,4.57,148.91,1042.4,0,7
SHORT,RangeOsc_State:==2,Volume:hi,7,7,0,4.71,232.86,1630.0,0,7
SHORT,Micro_Hurst:hi,Volume_Ratio_10:hi,7,7,0,5.43,220.49,1543.4,0,7
SHORT,EMA_Oscillator:lo,Micro_OrderFlowDelta:lo,7,7,0,7.14,220.04,1540.3,0,7
SHORT,Micro_VolAccel:lo,OBVf_Signal:==1,7,7,0,5.43,211.07,1477.5,0,7
SHORT,Micro_Lambda:hi,OBVf_Signal:==1,7,7,0,5.0,135.91,951.4,0,7
SHORT,Micro_HLAsymmetry:lo,Micro_PriceAccel:hi,7,7,0,5.43,188.14,1317.0,0,7
SHORT,DailyOpen_Dist_ATR:lo,PoC_Side:==0,7,7,0,5.14,155.03,1085.2,0,7
SHORT,Micro_TickIntensity:lo,VWAP_Z:lo,7,7,0,5.29,195.23,1366.6,0,7
SHORT,OBV_Velocity:lo,VWAP_Z:lo,7,7,0,5.29,195.23,1366.6,0,7
SHORT,PrevDay_Low_Side:==1,VAL_Side:==0,7,7,0,6.43,191.49,1340.4,0,7
SHORT,D2D_Dynamic_Sensitivity:lo,Micro_Lambda:hi,7,7,0,6.14,246.83,1727.8,0,7
SHORT,Micro_GarmanKlass:hi,RangeOsc_State:==-1,7,7,0,6.43,204.43,1431.0,0,7
SHORT,Micro_Rejection:hi,WeeklyOpen_Dist_ATR:hi,7,7,0,5.14,70.1,490.7,0,7
SHORT,Micro_GarmanKlass:hi,Volume_Avg_10:hi,7,7,0,6.43,105.51,738.6,0,7
SHORT,OR_High_Side:==-1,PrevDay_Low_Dist_ATR:hi,7,7,0,7.14,96.9,678.3,0,7
SHORT,Micro_Rejection:hi,Volume:hi,7,7,0,4.29,153.7,1075.9,0,7
SHORT,Micro_Rejection:hi,Volume_Ratio_10:hi,7,7,0,4.29,153.7,1075.9,0,7
SHORT,Efficiency_Ratio:hi,PrevDay_High_Dist_ATR:lo,7,7,0,7.43,218.77,1531.4,0,7
SHORT,D2D_Dynamic_Sensitivity:lo,Micro_PriceAccel:lo,7,7,0,6.14,192.01,1344.1,0,7
SHORT,AT_Slope_ST:lo,Micro_RangeVelocity:lo,7,6,1,5.86,-12.26,-85.8,0,7
SHORT,Body_Size:hi,D2D_ATR_MA:hi,6,6,0,6.83,510.85,3065.1,0,6
SHORT,Micro_OrderFlowDelta:lo,Micro_WickImbalance:hi,6,6,0,5.83,353.57,2121.4,0,6
SHORT,Micro_WickImbalance:hi,PrevDay_High_Dist_ATR:lo,6,6,0,5.83,353.57,2121.4,0,6
SHORT,Body_Size:hi,Micro_BarEntropy:hi,6,6,0,4.5,115.92,695.5,6,0
SHORT,AT_Slope_ST:hi,DailyOpen_Side:==-1,7,6,1,5.0,369.47,2586.3,7,0
SHORT,AT_Slope_ST:hi,Micro_BarEntropy:lo,7,6,1,5.0,369.47,2586.3,7,0
SHORT,AT_Slope_ST:hi,RangeOsc_State:==2,6,6,0,5.33,276.8,1660.8,0,6
SHORT,Micro_BarEntropy:lo,Micro_BarOverlap:lo,6,6,0,4.17,237.38,1424.3,0,6
SHORT,Bar_Range:hi,D2D_Dn_Count:hi,6,6,0,7.0,2601.38,15608.3,0,6
SHORT,Bar_Range:hi,Slope_Accel_ST:lo,6,6,0,6.83,2602.87,15617.2,0,6
SHORT,D2D_Signal:==-1,Session_High_Dist_ATR:lo,6,6,0,5.5,146.4,878.4,0,6
SHORT,D2D_Dn_Count:hi,Micro_VolOfVol:lo,6,6,0,6.83,2539.33,15236.0,5,1
SHORT,D2D_Signal:==-1,Micro_VolOfVol:lo,6,6,0,6.83,2539.33,15236.0,6,0
SHORT,Efficiency_Ratio:hi,Micro_RangeAccel:lo,6,6,0,9.17,2637.33,15824.0,0,6
SHORT,Micro_VolOfVol:lo,VWAP_Sigma_ATR:lo,6,6,0,6.83,2539.33,15236.0,6,0
SHORT,ATR_1M:hi,PrevDay_Close_Dist_ATR:lo,6,6,0,5.5,162.52,975.1,0,6
SHORT,ATR_1M:hi,VWAP_Side:==1,6,6,0,5.5,162.52,975.1,0,6
SHORT,AT_Regime_ST:==0,Micro_Entropy:lo,6,6,0,6.0,2635.18,15811.1,0,6
SHORT,AT_Regime_ST:==0,Micro_WickImbalance:lo,6,6,0,6.0,2635.18,15811.1,0,6
SHORT,Micro_RangeVelocity:lo,MultiDay_Slope:hi,6,6,0,6.5,244.1,1464.6,0,6
SHORT,MultiDay_Slope:hi,PrevDay_Close_Dist_ATR:lo,6,6,0,6.0,162.87,977.2,0,6
SHORT,MultiDay_Slope:hi,VWAP_Side:==1,6,6,0,6.0,162.87,977.2,0,6
SHORT,PrevDay_Close_Dist_ATR:lo,RangeOsc_State:==2,6,6,0,5.5,162.52,975.1,0,6
SHORT,RangeOsc_State:==2,VWAP_Side:==1,6,6,0,5.5,162.52,975.1,0,6
SHORT,ATR_1M:hi,PrevDay_Low_Dist_ATR:hi,6,6,0,5.17,269.22,1615.3,0,6
SHORT,AT_Slope_ST:hi,D2D_ATR:hi,6,6,0,5.0,72.78,436.7,0,6
SHORT,AT_Slope_ST:hi,WeeklyOpen_Dist_ATR:hi,6,6,0,5.0,72.78,436.7,0,6
SHORT,D2D_ATR:hi,MultiDay_Slope:hi,7,6,1,5.43,219.5,1536.5,0,7
SHORT,ADX_Value:lo,Bar_Range:hi,6,6,0,5.33,210.85,1265.1,0,6
SHORT,EMA_Oscillator:lo,VWAP_Sigma:lo,6,6,0,6.83,178.08,1068.5,0,6
SHORT,ADX_Value:lo,Micro_HLAsymmetry:hi,6,6,0,5.33,204.65,1227.9,0,6
SHORT,RangeOsc_State:==2,Slope_EMA_ST:lo,6,6,0,4.67,91.03,546.2,0,6
SHORT,Micro_IBSP:lo,VAH_Side:==0,6,6,0,5.33,309.32,1855.9,0,6
SHORT,Bar_Range:hi,Efficiency_Ratio:hi,6,6,0,8.17,2589.85,15539.1,0,6
SHORT,Bar_Range:hi,VWAP_Sigma_ATR:lo,6,6,0,7.5,2722.2,16333.2,0,6
SHORT,D2D_Dn_Count:hi,Micro_RangeVelocity:lo,6,6,0,7.67,2649.97,15899.8,0,6
SHORT,D2D_Dynamic_Sensitivity:lo,D2D_Signal:==-1,6,6,0,7.67,2679.8,16078.8,0,6
SHORT,D2D_Dynamic_Sensitivity:lo,VWAP_Sigma_ATR:lo,6,6,0,7.67,2679.8,16078.8,0,6
SHORT,D2D_Signal:==-1,Lower_Wick:lo,6,6,0,7.5,2716.2,16297.2,0,6
SHORT,D2D_Signal:==-1,Volume:hi,6,6,0,7.33,2657.32,15943.9,0,6
SHORT,D2D_Signal:==-1,Volume_Avg_10:hi,6,6,0,7.0,2686.85,16121.1,0,6
SHORT,EMA_Oscillator:lo,Efficiency_Ratio:hi,6,6,0,10.0,2639.52,15837.1,0,6
SHORT,EMA_Oscillator:lo,Micro_IBSP:lo,6,6,0,7.0,2636.78,15820.7,0,6
SHORT,EMA_Oscillator:lo,Micro_RangeAccel:lo,6,6,0,9.67,2759.4,16556.4,0,6
SHORT,Lower_Wick:lo,Micro_VolAccel:lo,6,6,0,7.0,2604.32,15625.9,0,6
SHORT,Lower_Wick:lo,VWAP_Sigma_ATR:lo,6,6,0,7.5,2716.2,16297.2,0,6
SHORT,Micro_RangeAccel:lo,Volume:hi,6,6,0,9.5,2701.3,16207.8,0,6
SHORT,Micro_Entropy:lo,Micro_PriceAccel:lo,6,6,0,6.83,183.12,1098.7,0,6
SHORT,Micro_Lambda:hi,Micro_MomoTransfer:hi,6,6,0,5.33,145.57,873.4,0,6
SHORT,Micro_MomoTransfer:hi,Micro_RangeVelocity:lo,6,6,0,6.0,432.28,2593.7,0,6
SHORT,Micro_RangeVelocity:lo,Sqz_Val:hi,6,6,0,5.33,93.85,563.1,0,6
SHORT,Micro_OrderFlowDelta:lo,Micro_PriceAccel:lo,6,6,0,6.83,209.0,1254.0,0,6
SHORT,Micro_PriceAccel:lo,PrevDay_High_Dist_ATR:lo,6,6,0,6.83,209.0,1254.0,0,6
SHORT,Micro_PriceAccel:lo,VAH_Side:==0,6,6,0,6.83,209.0,1254.0,0,6
SHORT,Lower_Wick:lo,OBVf_DirStepCount:hi,6,6,0,5.5,275.82,1654.9,0,6
SHORT,Micro_MomoTransfer:hi,TChan_A15:hi,6,6,0,5.33,362.7,2176.2,0,6
SHORT,AT_Lookback_ST:hi,Micro_CSSpread:lo,6,6,0,5.83,68.98,413.9,0,6
SHORT,Micro_CSSpread:lo,OBVf_Signal:==1,6,6,0,5.33,107.82,646.9,0,6
SHORT,Micro_CSSpread:lo,Momentum_Value:hi,6,6,0,5.17,90.9,545.4,0,6
SHORT,Micro_CSSpread:lo,TChan_A15:hi,6,6,0,5.17,92.17,553.0,0,6
SHORT,Micro_IBSP:hi,Micro_OrderFlowDelta:hi,6,6,0,5.0,100.28,601.7,0,6
SHORT,Micro_AutoCorr:lo,VAL_Side:==0,6,6,0,5.0,352.47,2114.8,6,0
SHORT,Micro_AutoCorr:lo,WeeklyOpen_Side:==-1,6,6,0,5.0,352.47,2114.8,6,0
SHORT,Micro_MicroGap:hi,Micro_RangeAccel:lo,6,6,0,6.0,2805.73,16834.4,0,6
SHORT,Bar_Range:hi,Micro_FailedBreak:lo,6,6,0,5.5,105.57,633.4,0,6
SHORT,Micro_FailedBreak:lo,Micro_RangeVelocity:lo,6,6,0,4.33,105.55,633.3,0,6
SHORT,Bars_Since_Flip:hi,Micro_CSSpread:lo,6,6,0,6.0,198.1,1188.6,0,6
SHORT,Micro_CSSpread:lo,PrevDay_Close_Dist_ATR:hi,6,6,0,6.0,198.1,1188.6,0,6
SHORT,Micro_CSSpread:lo,Volume_Avg_10:hi,6,6,0,6.0,198.1,1188.6,0,6
SHORT,Micro_MomoTransfer:hi,Volume_Avg_10:hi,6,6,0,7.67,210.45,1262.7,0,6
SHORT,Micro_Lambda:hi,Volume_Avg_10:hi,6,6,0,5.5,546.92,3281.5,0,6
SHORT,RangeOsc_Val:lo,VAH_Side:==-1,6,6,0,4.83,187.77,1126.6,0,6
SHORT,AT_Slope_ST:lo,Micro_HLAsymmetry:hi,6,6,0,5.83,239.97,1439.8,0,6
SHORT,ATR_1M:hi,Round_500_Dist_ATR:lo,6,6,0,3.83,200.55,1203.3,0,6
SHORT,Micro_Hurst:hi,PrevDay_Close_Side:==-1,6,6,0,4.0,109.03,654.2,0,6
SHORT,Micro_HLAsymmetry:hi,PrevDay_Close_Side:==-1,6,6,0,4.0,249.83,1499.0,0,6
SHORT,Micro_RangeVelocity:lo,VWAP_Dist_ATR:lo,6,6,0,7.5,2745.18,16471.1,0,6
SHORT,Bar_Range:hi,Micro_BarOverlap:lo,6,6,0,4.5,221.23,1327.4,0,6
SHORT,Bar_Range:hi,OR_High_Side:==1,6,6,0,4.5,212.77,1276.6,0,6
SHORT,AT_Regime_ST:==0,OBVf_Signal:==1,7,6,1,5.0,104.29,730.0,0,7
SHORT,Lower_Wick:lo,Micro_BarOverlap:hi,7,6,1,6.0,45.51,318.6,0,7
SHORT,Micro_BarOverlap:hi,Volume:hi,7,6,1,6.57,56.4,394.8,0,7
SHORT,Micro_RangeAccel:lo,Micro_WickImbalance:hi,6,6,0,5.17,213.67,1282.0,0,6
SHORT,Micro_VolAccel:lo,PrevDay_High_Side:==1,6,6,0,4.83,128.1,768.6,0,6
SHORT,AT_Score_LT:hi,EMA_Oscillator:lo,7,6,1,6.71,99.74,698.2,0,7
SHORT,AT_Score_LT:hi,Micro_BarOverlap:hi,7,6,1,6.71,49.19,344.3,0,7
SHORT,EMA_Oscillator:lo,PrevDay_High_Side:==1,7,6,1,5.43,-15.81,-110.7,0,7
SHORT,Micro_VPIN:lo,Volume_Ratio_10:hi,6,6,0,6.33,208.17,1249.0,0,6
SHORT,Slope_EMA_LT:hi,Volume_Ratio_10:hi,6,6,0,6.33,208.17,1249.0,0,6
SHORT,Micro_LogReturn:hi,Micro_ThrustEff:lo,6,6,0,4.0,159.9,959.4,6,0
SHORT,Micro_VPIN:lo,Volume_Avg_10:hi,6,6,0,5.67,439.77,2638.6,0,6
SHORT,Slope_EMA_LT:hi,Volume_Avg_10:hi,6,6,0,5.67,439.77,2638.6,0,6
SHORT,AT_Regime_ST:==0,AT_Slope_ST:hi,7,6,1,5.14,48.59,340.1,0,7
SHORT,AT_Slope_ST:hi,Micro_RangeVelocity:lo,7,6,1,5.14,48.59,340.1,0,7
SHORT,Micro_Lambda:hi,RangeOsc_State:==2,6,6,0,4.67,127.17,763.0,0,6
SHORT,Micro_OrderFlowDelta:hi,Volume:hi,6,6,0,4.83,92.77,556.6,0,6
SHORT,Session_High_Dist_ATR:hi,Volume:hi,6,6,0,4.83,70.1,420.6,0,6
SHORT,Body_Size:hi,VAH_Side:==0,6,6,0,6.83,291.32,1747.9,0,6
SHORT,Micro_FailedBreak:lo,Micro_VolAccel:hi,6,6,0,5.5,104.02,624.1,6,0
SHORT,Micro_HLAsymmetry:hi,Micro_VolAccel:hi,6,6,0,5.5,104.02,624.1,6,0
SHORT,D2D_ATR_MA:hi,Slope_EMA_ST:hi,6,6,0,5.5,312.37,1874.2,0,6
SHORT,Session_High_Dist_ATR:hi,Slope_EMA_ST:hi,6,6,0,5.5,312.37,1874.2,0,6
SHORT,Slope_Accel_ST:hi,Sqz_Val:hi,6,6,0,5.5,317.77,1906.6,0,6
SHORT,Sqz_Val:hi,VA_Position:hi,6,6,0,5.5,317.77,1906.6,0,6
SHORT,DailyOpen_Dist_ATR:lo,Micro_MicroGap:lo,6,6,0,6.33,186.42,1118.5,0,6
SHORT,Micro_MicroGap:lo,VAH_Side:==0,6,6,0,6.67,220.62,1323.7,0,6
SHORT,Lower_Wick:lo,Micro_MicroGap:lo,6,6,0,6.5,174.57,1047.4,0,6
SHORT,Lower_Wick:lo,Micro_OrderFlowDelta:lo,6,6,0,7.17,225.0,1350.0,0,6
SHORT,Micro_Hurst:hi,Micro_IBSP:lo,6,6,0,5.67,199.83,1199.0,0,6
SHORT,ATR_1M:hi,OBVf_Signal:==1,6,6,0,4.5,210.67,1264.0,0,6
SHORT,MultiDay_Position:hi,PrevDay_High_Side:==1,7,6,1,5.0,74.07,518.5,0,7
SHORT,Lower_Wick:hi,PrevDay_High_Side:==1,6,6,0,4.83,200.98,1205.9,0,6
SHORT,Micro_LogReturn:lo,PrevDay_High_Side:==1,6,6,0,4.83,200.98,1205.9,0,6
SHORT,Micro_HLAsymmetry:lo,Slope_Accel_LT:lo,6,6,0,5.5,196.42,1178.5,0,6
SHORT,Micro_Hurst:hi,Slope_Accel_LT:lo,6,6,0,5.0,137.37,824.2,0,6
SHORT,D2D_Dynamic_Sensitivity:lo,WeeklyOpen_Side:==-1,6,6,0,5.67,313.87,1883.2,0,6
SHORT,EMA_Oscillator:lo,VAH_Side:==0,6,6,0,7.67,245.23,1471.4,0,6
SHORT,Lower_Wick:lo,PrevDay_High_Dist_ATR:lo,6,6,0,7.17,215.58,1293.5,0,6
SHORT,VAL_Side:==0,Volume:hi,6,6,0,7.83,254.8,1528.8,0,6
SHORT,ATR_1M:hi,Micro_HLAsymmetry:lo,6,6,0,6.0,195.68,1174.1,0,6
SHORT,Micro_Hurst:hi,Micro_OrderFlowDelta:hi,6,6,0,3.83,92.27,553.6,0,6
SHORT,D2D_Dn_Count:hi,OBVf_Signal:==1,6,6,0,5.33,218.15,1308.9,0,6
SHORT,OBVf_Signal:==1,Slope_Accel_ST:lo,6,6,0,5.33,218.15,1308.9,0,6
SHORT,Micro_MomoTransfer:hi,VWAP_Z:lo,6,6,0,7.33,234.67,1408.0,0,6
SHORT,EMA_Oscillator:lo,Micro_Lambda:hi,6,6,0,6.0,328.68,1972.1,0,6
SHORT,Micro_CSSpread:hi,Micro_Lambda:hi,6,6,0,4.83,151.77,910.6,0,6
SHORT,Micro_Hurst:hi,OR_High_Side:==-1,6,6,0,5.67,87.9,527.4,0,6
SHORT,AT_Score_LT:hi,Slope_Accel_LT:lo,6,6,0,4.83,155.85,935.1,0,6
SHORT,Bar_Range:hi,Micro_Rejection:hi,6,6,0,4.83,110.45,662.7,0,6
SHORT,Slope_Accel_LT:lo,Volume_Ratio_10:hi,6,6,0,4.83,152.45,914.7,0,6
SHORT,EMA_Oscillator:lo,VAH_Side:==-1,6,6,0,5.17,240.62,1443.7,0,6
SHORT,PrevDay_Low_Side:==1,Volume_Avg_10:hi,6,6,0,7.67,335.9,2015.4,0,6
SHORT,RangeOsc_Val:lo,Volume:hi,6,6,0,8.33,236.48,1418.9,0,6
SHORT,Micro_IBSP:lo,RangeOsc_Val:lo,6,6,0,5.33,336.2,2017.2,0,6
SHORT,Micro_WickImbalance:hi,RangeOsc_Val:lo,6,6,0,5.33,336.2,2017.2,0,6
SHORT,PoC_Side:==0,Volume_Avg_10:hi,6,6,0,5.17,190.7,1144.2,0,6
SHORT,PrevDay_High_Dist_ATR:lo,RangeOsc_Val:lo,6,6,0,8.0,365.8,2194.8,0,6
SHORT,RangeOsc_Val:lo,VAH_Side:==0,6,6,0,8.0,365.8,2194.8,0,6
SHORT,RangeOsc_Val:lo,VWAP_Z:lo,6,6,0,7.67,232.7,1396.2,0,6
SHORT,Micro_OrderFlowDelta:lo,RangeOsc_Val:lo,6,6,0,7.83,349.47,2096.8,0,6
SHORT,AT_Score_LT:hi,Micro_WickImbalance:hi,5,5,0,6.0,275.2,1376.0,0,5
SHORT,Body_Size:hi,D2D_Dynamic_Sensitivity:lo,5,5,0,8.2,469.08,2345.4,0,5
SHORT,Micro_WickImbalance:hi,Volume_Ratio_10:hi,5,5,0,6.0,275.2,1376.0,0,5
SHORT,AT_Score_LT:hi,Micro_BarEntropy:lo,5,5,0,5.4,120.7,603.5,0,5
SHORT,D2D_ATR:hi,Session_High_Dist_ATR:lo,5,5,0,5.8,160.02,800.1,0,5
SHORT,RangeOsc_State:==-1,Session_High_Dist_ATR:lo,5,5,0,5.8,160.02,800.1,0,5
SHORT,Body_Size:hi,Micro_Entropy:lo,5,5,0,7.6,195.84,979.2,0,5
SHORT,D2D_Dynamic_Sensitivity:lo,Micro_MicroGap:lo,5,5,0,7.6,209.06,1045.3,0,5
SHORT,Micro_Entropy:lo,Upper_Wick:hi,5,5,0,5.6,296.32,1481.6,0,5
SHORT,Micro_OrderFlowDelta:lo,VAH_Side:==-1,5,5,0,4.8,137.62,688.1,0,5
SHORT,Micro_VolAccel:lo,Volume_Avg_10:hi,5,5,0,8.0,3075.08,15375.4,0,5
SHORT,Upper_Wick:hi,VWAP_Sigma:lo,5,5,0,5.6,208.86,1044.3,0,5
SHORT,VAH_Side:==-1,VWAP_Sigma:lo,5,5,0,5.4,168.02,840.1,0,5
SHORT,Micro_AutoCorr:hi,VA_Position:hi,5,5,0,3.2,72.72,363.6,5,0
SHORT,Micro_AutoCorr:hi,VWAP_Side:==-1,5,5,0,3.2,72.72,363.6,5,0
SHORT,VA_Position:hi,VWAP_Side:==-1,5,5,0,3.2,72.72,363.6,5,0
SHORT,AT_Slope_ST:hi,PrevDay_Close_Side:==-1,5,5,0,5.0,319.92,1599.6,0,5
SHORT,DailyOpen_Side:==-1,RangeOsc_State:==2,5,5,0,4.2,319.54,1597.7,0,5
SHORT,Efficiency_Ratio:lo,RangeOsc_State:==2,5,5,0,4.2,319.54,1597.7,0,5
SHORT,Micro_BarEntropy:lo,OR_High_Side:==1,5,5,0,4.4,292.4,1462.0,0,5
SHORT,D2D_Dn_Count:hi,Micro_HLAsymmetry:lo,5,5,0,5.2,128.42,642.1,0,5
SHORT,D2D_Signal:==-1,Micro_HLAsymmetry:lo,5,5,0,5.6,137.58,687.9,0,5
SHORT,Micro_HLAsymmetry:lo,Micro_VolAccel:lo,5,5,0,5.4,145.84,729.2,0,5
SHORT,Micro_HLAsymmetry:lo,Slope_Accel_ST:lo,5,5,0,5.0,123.88,619.4,0,5
SHORT,Micro_Hurst:hi,Micro_MicroGap:hi,5,5,0,4.2,111.58,557.9,0,5
SHORT,Micro_ThrustEff:lo,Slope_Accel_ST:lo,5,5,0,6.0,3024.44,15122.2,0,5
SHORT,AT_Regime_ST:==0,PrevDay_High_Side:==1,5,5,0,6.2,141.78,708.9,0,5
SHORT,Lower_Wick:lo,Micro_CSSpread:hi,5,5,0,4.8,180.88,904.4,0,5
SHORT,Lower_Wick:lo,Micro_HLAsymmetry:hi,5,5,0,6.0,178.76,893.8,0,5
SHORT,Lower_Wick:lo,MultiDay_Slope:hi,5,5,0,6.0,289.12,1445.6,0,5
SHORT,Lower_Wick:lo,PrevDay_Close_Dist_ATR:lo,5,5,0,6.2,204.08,1020.4,0,5
SHORT,Lower_Wick:lo,VWAP_Side:==1,5,5,0,6.2,204.08,1020.4,0,5
SHORT,Micro_Entropy:lo,PrevDay_High_Side:==1,5,5,0,4.6,112.24,561.2,0,5
SHORT,Micro_HLAsymmetry:hi,Micro_RangeVelocity:lo,5,5,0,4.8,102.88,514.4,0,5
SHORT,Micro_RangeVelocity:lo,PrevDay_Close_Dist_ATR:lo,5,5,0,6.4,205.88,1029.4,0,5
SHORT,Micro_RangeVelocity:lo,VWAP_Side:==1,5,5,0,6.4,205.88,1029.4,0,5
SHORT,ATR_1M:hi,WeeklyOpen_Dist_ATR:hi,6,5,1,4.67,328.62,1971.7,0,6
SHORT,AT_Slope_ST:hi,Micro_GarmanKlass:hi,5,5,0,5.2,75.18,375.9,0,5
SHORT,Micro_MicroGap:lo,RangeOsc_State:==2,5,5,0,5.6,144.16,720.8,0,5
SHORT,MultiDay_Slope:hi,WeeklyOpen_Dist_ATR:hi,6,5,1,4.67,328.62,1971.7,0,6
SHORT,RangeOsc_State:==2,WeeklyOpen_Dist_ATR:hi,6,5,1,4.67,328.62,1971.7,0,6
SHORT,ADX_Value:lo,PrevDay_Low_Dist_ATR:hi,5,5,0,5.0,95.24,476.2,0,5
SHORT,Bar_Range:hi,Micro_LogReturn:lo,5,5,0,5.0,259.14,1295.7,0,5
SHORT,Body_Size:hi,Micro_Hurst:hi,5,5,0,6.6,491.24,2456.2,0,5
SHORT,EMA_Oscillator:lo,PrevDay_Low_Dist_ATR:hi,5,5,0,5.0,95.24,476.2,0,5
SHORT,Lower_Wick:hi,Micro_Hurst:hi,5,5,0,3.8,53.14,265.7,0,5
SHORT,Micro_Hurst:hi,Micro_LogReturn:lo,5,5,0,3.8,53.14,265.7,0,5
SHORT,ADX_Value:lo,ATR_1M:hi,5,5,0,4.6,208.8,1044.0,0,5
SHORT,ATR_1M:hi,Micro_VolAccel:lo,5,5,0,6.0,160.06,800.3,0,5
SHORT,Micro_ThrustEff:hi,RangeOsc_State:==2,5,5,0,4.4,80.8,404.0,0,5
SHORT,MultiDay_Slope:hi,Volume_Avg_10:hi,5,5,0,5.0,85.44,427.2,0,5
SHORT,D2D_Dynamic_Sensitivity:lo,Micro_BarOverlap:lo,5,5,0,4.8,134.74,673.7,0,5
SHORT,Micro_WickImbalance:hi,VAH_Side:==0,5,5,0,5.4,357.08,1785.4,0,5
SHORT,Slope_Accel_LT:lo,VWAP_Z:lo,5,5,0,4.8,156.32,781.6,0,5
SHORT,Efficiency_Ratio:hi,Lower_Wick:lo,5,5,0,10.4,3100.22,15501.1,0,5
SHORT,Lower_Wick:lo,Slope_Accel_ST:lo,5,5,0,7.4,3110.64,15553.2,0,5
SHORT,Micro_IBSP:lo,Micro_VolOfVol:lo,5,5,0,7.2,3027.5,15137.5,5,0
SHORT,Micro_Entropy:lo,Micro_Hurst:hi,5,5,0,8.6,199.54,997.7,0,5
SHORT,Micro_Hurst:hi,Micro_MomoTransfer:hi,5,5,0,8.0,188.28,941.4,0,5
SHORT,Micro_MomoTransfer:hi,Micro_PriceAccel:lo,5,5,0,7.0,442.24,2211.2,0,5
SHORT,Micro_PriceAccel:lo,Micro_RangeVelocity:lo,5,5,0,4.2,377.84,1889.2,0,5
SHORT,Micro_PriceAccel:lo,Micro_WickImbalance:lo,5,5,0,7.0,165.44,827.2,0,5
SHORT,Bar_Range:hi,Slope_Accel_LT:lo,6,5,1,4.17,-18.73,-112.4,0,6
SHORT,D2D_ATR_MA:hi,Micro_RangeVelocity:lo,5,5,0,4.8,452.76,2263.8,0,5
SHORT,Lower_Wick:lo,Session_High_Dist_ATR:hi,5,5,0,4.0,61.88,309.4,0,5
SHORT,Micro_BarEntropy:hi,Micro_Entropy:lo,5,5,0,4.6,125.6,628.0,0,5
SHORT,DailyOpen_Dist_ATR:lo,Lower_Wick:lo,5,5,0,7.4,445.18,2225.9,0,5
SHORT,VAH_Side:==-1,WeeklyOpen_Side:==-1,5,5,0,5.2,615.82,3079.1,0,5
SHORT,AT_Lookback_ST:hi,OBVf_Signal:==1,5,5,0,5.4,67.54,337.7,0,5
SHORT,AT_Lookback_ST:hi,Slope_Accel_LT:lo,5,5,0,6.0,73.92,369.6,0,5
SHORT,Micro_MomoTransfer:hi,Sqz_Val:hi,5,5,0,6.4,95.54,477.7,0,5
SHORT,Micro_RangeAccel:lo,Sqz_Val:hi,5,5,0,6.4,95.54,477.7,0,5
SHORT,Micro_TickIntensity:hi,OBVf_Signal:==1,5,5,0,5.4,67.54,337.7,0,5
SHORT,OBVf_Signal:==1,Slope_Accel_LT:lo,5,5,0,5.6,107.82,539.1,0,5
SHORT,Micro_IBSP:hi,Slope_Accel_LT:lo,5,5,0,5.2,120.9,604.5,0,5
SHORT,Momentum_Value:hi,Slope_Accel_LT:lo,5,5,0,5.6,96.82,484.1,0,5
SHORT,Slope_Accel_LT:lo,TChan_A15:hi,5,5,0,5.6,89.7,448.5,0,5
SHORT,Micro_MicroGap:hi,Micro_RangeVelocity:lo,6,5,1,5.83,2767.28,16603.7,0,6
SHORT,Micro_Entropy:lo,Micro_FailedBreak:lo,5,5,0,5.8,241.4,1207.0,0,5
SHORT,Micro_FailedBreak:lo,Micro_PriceAccel:hi,5,5,0,4.6,220.58,1102.9,5,0
SHORT,Micro_FailedBreak:lo,Micro_WickImbalance:lo,5,5,0,5.8,241.4,1207.0,0,5
SHORT,Micro_FailedBreak:lo,VAH_Side:==-1,5,5,0,4.6,220.58,1102.9,5,0
SHORT,Micro_PriceAccel:hi,VAH_Side:==-1,5,5,0,4.6,220.58,1102.9,5,0
SHORT,Lower_Wick:lo,Micro_FailedBreak:lo,5,5,0,5.8,116.76,583.8,0,5
SHORT,Micro_AutoCorr:lo,Micro_Entropy:lo,5,5,0,5.0,130.16,650.8,0,5
SHORT,Micro_AutoCorr:lo,Micro_WickImbalance:lo,5,5,0,5.0,130.16,650.8,0,5
SHORT,Micro_PriceAccel:hi,Micro_RangeVelocity:lo,5,5,0,6.0,207.98,1039.9,0,5
SHORT,Micro_VolAccel:hi,Session_High_Dist_ATR:hi,5,5,0,5.0,102.68,513.4,0,5
SHORT,OBVf_Signal:==1,Volume_Avg_10:hi,5,5,0,5.6,159.76,798.8,0,5
SHORT,Dist_To_PoC_ATR:lo,RangeOsc_Val:lo,5,5,0,5.0,300.84,1504.2,5,0
SHORT,Dist_To_PoC_ATR:lo,Slope_Accel_LT:hi,5,5,0,5.0,300.84,1504.2,5,0
SHORT,RangeOsc_Val:lo,Slope_Accel_LT:hi,5,5,0,5.0,300.84,1504.2,5,0
SHORT,RangeOsc_Val:lo,TChan_A15:hi,5,5,0,5.4,147.88,739.4,0,5
SHORT,AT_Slope_ST:lo,RangeOsc_Val:lo,5,5,0,6.4,151.3,756.5,0,5
SHORT,AT_Slope_ST:lo,DailyOpen_Dist_ATR:hi,5,5,0,6.2,278.04,1390.2,0,5
SHORT,AT_Slope_ST:lo,Micro_Hurst:lo,5,5,0,6.2,278.04,1390.2,0,5
SHORT,DailyOpen_Dist_ATR:hi,Volume_Avg_10:hi,5,5,0,6.2,275.32,1376.6,0,5
SHORT,Micro_BarOverlap:lo,Sqz_Val:hi,5,5,0,5.0,106.78,533.9,0,5
SHORT,Micro_HLAsymmetry:hi,PrevDay_Close_Dist_ATR:hi,5,5,0,5.8,257.44,1287.2,0,5
SHORT,Micro_HLAsymmetry:hi,Sqz_Val:hi,5,5,0,5.8,257.44,1287.2,0,5
SHORT,Micro_Hurst:lo,Volume_Avg_10:hi,5,5,0,6.2,275.32,1376.6,0,5
SHORT,EMA_Oscillator:lo,RangeOsc_State:==-1,6,5,1,5.83,77.03,462.2,0,6
SHORT,Lower_Wick:lo,Micro_WickImbalance:hi,5,5,0,5.0,195.52,977.6,0,5
SHORT,ATR_1M:hi,Micro_BarEntropy:lo,5,5,0,4.2,211.52,1057.6,0,5
SHORT,Micro_CSSpread:hi,Round_500_Dist_ATR:lo,5,5,0,3.8,111.46,557.3,0,5
SHORT,OR_High_Side:==1,Session_High_Dist_ATR:lo,5,5,0,4.6,126.58,632.9,0,5
SHORT,Micro_HLAsymmetry:hi,Round_500_Dist_ATR:lo,5,5,0,3.8,233.38,1166.9,0,5
SHORT,OBVf_Signal:==1,PrevDay_Close_Side:==-1,5,5,0,5.0,306.2,1531.0,0,5
SHORT,Micro_ThrustEff:lo,OBVf_Signal:==1,5,5,0,5.0,174.5,872.5,0,5
SHORT,OBVf_Signal:==1,Session_High_Dist_ATR:lo,5,5,0,5.2,126.82,634.1,0,5
SHORT,Micro_MicroGap:hi,VWAP_Sigma_ATR:lo,5,5,0,6.2,3074.08,15370.4,0,5
SHORT,Micro_RangeAccel:lo,Micro_ThrustEff:lo,5,5,0,6.2,3074.08,15370.4,0,5
SHORT,Micro_ThrustEff:lo,VWAP_Sigma_ATR:lo,5,5,0,6.2,3074.08,15370.4,0,5
SHORT,Bar_Range:hi,PrevDay_Close_Side:==-1,5,5,0,5.0,159.12,795.6,0,5
SHORT,Lower_Wick:lo,VWAP_Dist_ATR:lo,5,5,0,7.4,3215.92,16079.6,0,5
SHORT,Micro_RangeAccel:lo,RangeOsc_State:==2,5,5,0,5.8,233.88,1169.4,0,5
SHORT,Micro_RangeVelocity:lo,PrevDay_Close_Side:==-1,5,5,0,5.0,176.24,881.2,0,5
SHORT,Micro_RangeVelocity:lo,Round_500_Dist_ATR:lo,5,5,0,5.0,176.24,881.2,0,5
SHORT,RangeOsc_State:==2,VWAP_Dist_ATR:lo,5,5,0,5.8,233.88,1169.4,0,5
SHORT,RangeOsc_State:==2,VWAP_Sigma_ATR:lo,5,5,0,5.8,233.88,1169.4,0,5
SHORT,Micro_MomoTransfer:hi,RangeOsc_Val:lo,5,5,0,7.8,230.0,1150.0,0,5
SHORT,RangeOsc_Val:lo,Upper_Wick:hi,5,5,0,4.6,211.32,1056.6,0,5
SHORT,AT_Slope_LT:hi,Lower_Wick:lo,5,5,0,6.8,3023.6,15118.0,0,5
SHORT,Micro_RangeVelocity:lo,Slope_EMA_ST:hi,6,5,1,4.33,260.48,1562.9,0,6
SHORT,OBVf_Signal:==1,Volume:hi,6,5,1,4.67,71.8,430.8,0,6
SHORT,D2D_Dynamic_Sensitivity:lo,VWAP_Dist_ATR:lo,5,5,0,7.6,3172.24,15861.2,0,5
SHORT,Efficiency_Ratio:hi,Micro_WickImbalance:lo,5,5,0,9.6,3074.54,15372.7,0,5
SHORT,Micro_ThrustEff:lo,Volume_Avg_10:hi,5,5,0,6.2,3029.0,15145.0,0,5
SHORT,AT_Score_LT:hi,D2D_Signal:==-1,5,5,0,5.6,298.4,1492.0,0,5
SHORT,Bar_Range:hi,Micro_LogReturn:hi,5,5,0,5.8,206.82,1034.1,0,5
SHORT,D2D_Dynamic_Sensitivity:lo,Micro_BarOverlap:hi,6,5,1,7.0,59.95,359.7,0,6
SHORT,EMA_Oscillator:lo,Micro_HLAsymmetry:lo,6,5,1,8.33,60.82,364.9,0,6
SHORT,Micro_BarOverlap:hi,Volume_Ratio_10:hi,6,5,1,6.83,46.35,278.1,0,6
SHORT,Micro_RangeVelocity:lo,Volume_Ratio_10:hi,6,5,1,6.5,113.75,682.5,0,6
SHORT,OR_High_Side:==-1,PrevDay_Close_Dist_ATR:lo,5,5,0,5.2,428.68,2143.4,0,5
SHORT,OR_High_Side:==-1,VWAP_Side:==1,5,5,0,5.2,428.68,2143.4,0,5
SHORT,AT_Regime_ST:==0,Micro_BarEntropy:lo,6,5,1,5.83,44.3,265.8,0,6
SHORT,D2D_ATR_MA:hi,Micro_RollProxy:lo,5,5,0,5.2,74.58,372.9,0,5
SHORT,D2D_ATR_MA:hi,Volume_Ratio_10:lo,5,5,0,5.2,74.58,372.9,0,5
SHORT,Micro_RollProxy:lo,Session_High_Dist_ATR:hi,5,5,0,5.2,74.58,372.9,0,5
SHORT,Session_High_Dist_ATR:hi,Volume_Ratio_10:lo,5,5,0,5.2,74.58,372.9,0,5
SHORT,Efficiency_Ratio:hi,Micro_TickIntensity:lo,5,5,0,5.6,208.58,1042.9,0,5
SHORT,Efficiency_Ratio:hi,OBV_Velocity:lo,5,5,0,5.6,208.58,1042.9,0,5
SHORT,Micro_BarEntropy:hi,VAH_Side:==0,5,5,0,4.6,153.78,768.9,5,0
SHORT,Micro_BarEntropy:hi,WeeklyOpen_Dist_ATR:lo,5,5,0,4.6,153.78,768.9,5,0
SHORT,PoC_Side:==0,WeeklyOpen_Dist_ATR:lo,5,5,0,4.6,153.78,768.9,0,5
SHORT,Round_100_Dist_ATR:lo,VAH_Side:==0,5,5,0,4.6,153.78,768.9,0,5
SHORT,Round_100_Dist_ATR:lo,WeeklyOpen_Dist_ATR:lo,5,5,0,4.6,153.78,768.9,0,5
SHORT,VAH_Side:==0,WeeklyOpen_Dist_ATR:lo,5,5,0,4.6,153.78,768.9,5,0
SHORT,Micro_VolAccel:hi,Volume_Avg_10:hi,5,5,0,6.2,144.9,724.5,0,5
SHORT,AT_Score_LT:lo,Sqz_Val:hi,5,5,0,5.0,88.46,442.3,0,5
SHORT,D2D_ATR_MA:hi,Slope_Accel_ST:hi,5,5,0,5.8,360.44,1802.2,0,5
SHORT,D2D_ATR_MA:hi,VA_Position:hi,5,5,0,5.8,360.44,1802.2,0,5
SHORT,Session_High_Dist_ATR:hi,Slope_Accel_ST:hi,5,5,0,5.8,360.44,1802.2,0,5
SHORT,Session_High_Dist_ATR:hi,VA_Position:hi,5,5,0,5.8,360.44,1802.2,0,5
SHORT,Micro_MicroGap:lo,PrevDay_Low_Side:==1,5,5,0,6.8,214.34,1071.7,0,5
SHORT,Lower_Wick:lo,VWAP_Sigma:lo,5,5,0,7.6,229.8,1149.0,0,5
SHORT,Micro_Hurst:hi,VWAP_Sigma_ATR:lo,5,5,0,6.0,270.58,1352.9,0,5
SHORT,AT_Slope_ST:hi,Slope_Accel_ST:hi,5,5,0,5.6,357.54,1787.7,0,5
SHORT,AT_Slope_ST:hi,VA_Position:hi,5,5,0,5.6,357.54,1787.7,0,5
SHORT,OR_High_Dist_ATR:hi,Slope_EMA_ST:hi,5,5,0,5.2,338.22,1691.1,0,5
SHORT,RangeOsc_State:==2,Sqz_Val:hi,5,5,0,5.0,84.7,423.5,0,5
SHORT,Slope_EMA_ST:hi,Sqz_State:==-1,5,5,0,5.2,338.22,1691.1,0,5
SHORT,D2D_Dynamic_Sensitivity:lo,Micro_PriceAccel:hi,5,5,0,5.6,365.34,1826.7,0,5
SHORT,Micro_RangeAccel:lo,Session_High_Dist_ATR:lo,5,5,0,8.6,198.7,993.5,0,5
SHORT,Micro_WickImbalance:hi,Session_High_Dist_ATR:lo,5,5,0,5.4,357.36,1786.8,0,5
SHORT,Micro_BarOverlap:lo,PrevDay_High_Side:==1,5,5,0,4.0,261.72,1308.6,0,5
SHORT,Micro_HLAsymmetry:hi,PrevDay_Low_Dist_ATR:hi,5,5,0,6.6,272.2,1361.0,0,5
SHORT,D2D_Dynamic_Sensitivity:lo,Micro_BarEntropy:lo,5,5,0,8.2,235.2,1176.0,0,5
SHORT,EMA_Oscillator:lo,Session_High_Dist_ATR:lo,5,5,0,7.4,335.84,1679.2,0,5
SHORT,Micro_HLAsymmetry:lo,MultiDay_Position:hi,5,5,0,5.8,202.1,1010.5,0,5
SHORT,Micro_Hurst:hi,PrevDay_Close_Dist_ATR:lo,5,5,0,4.8,149.56,747.8,0,5
SHORT,Micro_Hurst:hi,VWAP_Side:==1,5,5,0,4.8,149.56,747.8,0,5
SHORT,MultiDay_Position:hi,Session_High_Dist_ATR:lo,5,5,0,5.8,202.1,1010.5,0,5
SHORT,PrevDay_Close_Dist_ATR:lo,Session_High_Dist_ATR:lo,5,5,0,5.4,199.66,998.3,0,5
SHORT,PrevDay_Close_Dist_ATR:lo,Slope_Accel_LT:lo,5,5,0,5.6,226.9,1134.5,0,5
SHORT,Session_High_Dist_ATR:lo,Slope_Accel_LT:lo,5,5,0,5.8,202.1,1010.5,0,5
SHORT,Session_High_Dist_ATR:lo,VWAP_Side:==1,5,5,0,5.4,199.66,998.3,0,5
SHORT,Slope_Accel_LT:lo,VWAP_Side:==1,5,5,0,5.6,226.9,1134.5,0,5
SHORT,ATR_1M:hi,Micro_Lambda:hi,5,5,0,4.8,136.28,681.4,0,5
SHORT,Micro_HLAsymmetry:hi,Micro_Hurst:hi,5,5,0,5.0,238.38,1191.9,0,5
SHORT,MultiDay_Slope:hi,Session_High_Dist_ATR:lo,5,5,0,5.2,297.2,1486.0,0,5
SHORT,ATR_1M:hi,AT_Score_LT:hi,5,5,0,5.0,182.28,911.4,0,5
SHORT,ATR_1M:hi,Volume:hi,5,5,0,4.6,214.06,1070.3,0,5
SHORT,Micro_BarOverlap:lo,Volume:hi,5,5,0,3.8,98.04,490.2,0,5
SHORT,Micro_BarOverlap:lo,Volume_Ratio_10:hi,5,5,0,4.0,88.5,442.5,0,5
SHORT,Micro_Hurst:hi,RangeOsc_State:==-2,5,5,0,5.0,206.08,1030.4,0,5
SHORT,Micro_Hurst:hi,VWAP_Sigma:hi,5,5,0,5.0,206.08,1030.4,0,5
SHORT,RangeOsc_State:==-2,Session_High_Dist_ATR:lo,5,5,0,4.0,200.38,1001.9,0,5
SHORT,Session_High_Dist_ATR:lo,VWAP_Sigma:hi,5,5,0,4.0,200.38,1001.9,0,5
SHORT,AT_Slope_ST:lo,Micro_GarmanKlass:hi,5,5,0,6.2,77.84,389.2,0,5
SHORT,Micro_Hurst:hi,Micro_PriceAccel:hi,5,5,0,5.2,193.2,966.0,0,5
SHORT,Micro_PriceAccel:hi,Volume_Avg_10:hi,5,5,0,5.2,309.16,1545.8,0,5
SHORT,Micro_CSSpread:hi,OBVf_Signal:==1,5,5,0,4.6,123.6,618.0,0,5
SHORT,Micro_MomoTransfer:hi,VWAP_Dist_ATR:lo,5,5,0,5.6,262.46,1312.3,0,5
SHORT,OBVf_Signal:==1,VWAP_Dist_ATR:lo,5,5,0,5.6,262.46,1312.3,0,5
SHORT,D2D_Dynamic_Sensitivity:lo,Micro_CSSpread:hi,5,5,0,4.6,193.5,967.5,0,5
SHORT,D2D_Dynamic_Sensitivity:lo,OBVf_DirStepCount:hi,5,5,0,5.6,326.24,1631.2,0,5
SHORT,EMA_Oscillator:lo,PrevDay_High_Dist_ATR:lo,5,5,0,8.4,275.4,1377.0,0,5
SHORT,EMA_Oscillator:lo,WeeklyOpen_Side:==-1,5,5,0,5.6,332.36,1661.8,0,5
SHORT,Lower_Wick:lo,VAH_Side:==0,5,5,0,7.6,227.08,1135.4,0,5
SHORT,Micro_MomoTransfer:hi,Volume:hi,5,5,0,8.4,301.42,1507.1,0,5
SHORT,Micro_OrderFlowDelta:lo,WeeklyOpen_Side:==-1,5,5,0,5.8,227.28,1136.4,0,5
SHORT,PrevDay_High_Dist_ATR:lo,WeeklyOpen_Side:==-1,5,5,0,5.8,227.28,1136.4,0,5
SHORT,VAH_Side:==0,WeeklyOpen_Side:==-1,5,5,0,5.8,227.28,1136.4,0,5
SHORT,D2D_Dynamic_Sensitivity:lo,RangeOsc_State:==2,5,5,0,5.4,250.76,1253.8,0,5
SHORT,Micro_BarOverlap:hi,Session_High_Dist_ATR:lo,5,5,0,6.2,170.22,851.1,0,5
SHORT,Micro_MomoTransfer:hi,PrevDay_Low_Side:==1,5,5,0,8.0,253.2,1266.0,0,5
SHORT,Micro_WickImbalance:lo,PrevDay_Low_Side:==1,5,5,0,7.2,204.88,1024.4,0,5
SHORT,PoC_Side:==0,PrevDay_Low_Side:==1,5,5,0,5.4,178.98,894.9,0,5
SHORT,EMA_Oscillator:lo,MultiDay_Slope:lo,5,5,0,4.6,178.44,892.2,0,5
SHORT,EMA_Oscillator:lo,OBV_Macd:lo,5,5,0,4.6,178.44,892.2,0,5
SHORT,Micro_Hurst:hi,MultiDay_Slope:lo,5,5,0,4.2,152.6,763.0,0,5
SHORT,Micro_Hurst:hi,OBV_Macd:lo,5,5,0,4.2,152.6,763.0,0,5
SHORT,Micro_Lambda:hi,Volume:hi,5,5,0,6.2,253.8,1269.0,0,5
SHORT,Micro_BarEntropy:lo,Volume_Avg_10:hi,5,5,0,7.6,132.62,663.1,0,5
SHORT,OR_High_Side:==-1,Session_High_Dist_ATR:lo,5,5,0,5.2,96.24,481.2,0,5
SHORT,OR_High_Side:==-1,Volume:hi,5,5,0,6.4,226.14,1130.7,0,5
SHORT,OR_High_Side:==-1,Volume_Ratio_10:hi,5,5,0,6.4,226.14,1130.7,0,5
SHORT,Micro_RangeVelocity:lo,PrevDay_High_Dist_ATR:lo,5,5,0,6.0,211.74,1058.7,0,5
SHORT,Micro_GarmanKlass:hi,Micro_Rejection:hi,5,5,0,5.4,76.88,384.4,0,5
SHORT,Lower_Wick:hi,Micro_GarmanKlass:hi,5,5,0,5.0,62.62,313.1,0,5
SHORT,Micro_GarmanKlass:hi,Micro_LogReturn:lo,5,5,0,5.0,62.62,313.1,0,5
SHORT,Micro_GarmanKlass:hi,OR_High_Side:==-1,5,5,0,7.4,81.32,406.6,0,5
SHORT,Micro_Rejection:hi,Volume_Avg_10:hi,5,5,0,5.8,138.22,691.1,0,5
SHORT,Micro_Hurst:hi,Micro_OrderFlowDelta:lo,5,5,0,7.4,528.62,2643.1,0,5
SHORT,Micro_PriceAccel:lo,Volume:hi,5,5,0,6.8,173.44,867.2,0,5
SHORT,D2D_Dn_Count:hi,Micro_MomoTransfer:hi,5,5,0,5.6,241.86,1209.3,0,5
SHORT,Micro_MomoTransfer:hi,Micro_VolAccel:lo,5,5,0,5.6,241.86,1209.3,0,5
SHORT,Micro_MomoTransfer:hi,Slope_Accel_ST:lo,5,5,0,5.6,241.86,1209.3,0,5
SHORT,AT_Regime_ST:==0,Sqz_Val:hi,5,5,0,5.6,97.66,488.3,0,5
SHORT,AT_Slope_ST:lo,Micro_Rejection:hi,5,5,0,4.2,118.38,591.9,0,5
SHORT,EMA_Oscillator:lo,Upper_Wick:hi,5,5,0,5.4,280.58,1402.9,0,5
SHORT,Body_Size:hi,PrevDay_Low_Side:==1,5,5,0,7.2,307.58,1537.9,0,5
SHORT,Bar_Range:hi,RangeOsc_Val:lo,5,5,0,6.4,377.38,1886.9,0,5
SHORT,DailyOpen_Dist_ATR:lo,Efficiency_Ratio:hi,5,5,0,8.2,228.4,1142.0,0,5
SHORT,PoC_Side:==0,RangeOsc_Val:lo,5,5,0,5.4,195.24,976.2,0,5
SHORT,DailyOpen_Dist_ATR:lo,EMA_Oscillator:lo,5,5,0,7.8,211.84,1059.2,0,5
SHORT,Micro_Entropy:lo,RangeOsc_Val:lo,5,5,0,8.4,254.28,1271.4,0,5
SHORT,DailyOpen_Dist_ATR:lo,RangeOsc_Val:lo,5,5,0,8.8,419.88,2099.4,0,5
SHORT,Efficiency_Ratio:hi,Micro_OrderFlowDelta:lo,5,5,0,8.2,234.68,1173.4,0,5
SHORT,Micro_WickImbalance:lo,Upper_Wick:hi,5,5,0,5.4,277.36,1386.8,0,5
SHORT,D2D_ATR:hi,OR_High_Dist_ATR:hi,5,5,0,4.8,66.82,334.1,0,5
SHORT,D2D_ATR:hi,Sqz_State:==-1,5,5,0,4.8,66.82,334.1,0,5
SHORT,OR_High_Dist_ATR:hi,PrevDay_High_Side:==1,5,5,0,4.8,66.82,334.1,0,5
SHORT,OR_High_Dist_ATR:hi,WeeklyOpen_Dist_ATR:hi,5,5,0,4.8,66.82,334.1,0,5
SHORT,PrevDay_High_Side:==1,Sqz_State:==-1,5,5,0,4.8,66.82,334.1,0,5
SHORT,Sqz_State:==-1,WeeklyOpen_Dist_ATR:hi,5,5,0,4.8,66.82,334.1,0,5
SHORT,AT_Score_LT:hi,RangeOsc_State:==-2,4,4,0,6.0,267.88,1071.5,0,4
SHORT,AT_Score_LT:hi,VWAP_Sigma:hi,4,4,0,6.0,267.88,1071.5,0,4
SHORT,Body_Size:hi,Volume:hi,4,4,0,7.75,286.8,1147.2,0,4
SHORT,RangeOsc_State:==-2,Volume:hi,4,4,0,6.0,267.88,1071.5,0,4
SHORT,VWAP_Sigma:hi,Volume:hi,4,4,0,6.0,267.88,1071.5,0,4
SHORT,D2D_ATR:hi,Micro_BarEntropy:lo,4,4,0,5.5,134.78,539.1,0,4
SHORT,Micro_BarEntropy:lo,RangeOsc_State:==-1,4,4,0,5.5,134.78,539.1,0,4
SHORT,AT_Score_LT:hi,Micro_Lambda:hi,4,4,0,5.75,336.12,1344.5,0,4
SHORT,D2D_ATR:hi,Micro_Lambda:hi,4,4,0,5.75,336.12,1344.5,0,4
SHORT,Micro_Lambda:hi,RangeOsc_State:==-1,4,4,0,5.75,336.12,1344.5,0,4
SHORT,Body_Size:hi,Micro_VolAccel:lo,4,4,0,6.0,191.8,767.2,0,4
SHORT,Body_Size:hi,VAH_Side:==-1,4,4,0,6.0,206.57,826.3,0,4
SHORT,Body_Size:hi,VWAP_Z:lo,4,4,0,8.5,222.5,890.0,0,4
SHORT,D2D_ATR_MA:hi,D2D_Dynamic_Sensitivity:lo,4,4,0,8.25,186.23,744.9,0,4
SHORT,D2D_ATR_MA:hi,PrevDay_High_Dist_ATR:lo,4,4,0,8.25,313.8,1255.2,0,4
SHORT,D2D_ATR_MA:hi,Upper_Wick:hi,4,4,0,6.25,193.65,774.6,0,4
SHORT,D2D_Dn_Count:hi,PrevDay_High_Dist_ATR:lo,4,4,0,6.75,240.97,963.9,0,4
SHORT,D2D_Dn_Count:hi,Volume_Avg_10:hi,4,4,0,8.25,3817.78,15271.1,0,4
SHORT,Micro_Entropy:lo,Micro_IBSP:lo,4,4,0,8.5,3887.47,15549.9,0,4
SHORT,Micro_Entropy:lo,Micro_MicroGap:lo,4,4,0,8.5,242.8,971.2,0,4
SHORT,Micro_MicroGap:lo,VAH_Side:==-1,4,4,0,5.0,136.53,546.1,0,4
SHORT,Micro_OrderFlowDelta:lo,Upper_Wick:hi,4,4,0,5.25,187.57,750.3,0,4
SHORT,Micro_WickImbalance:hi,Slope_Accel_ST:lo,4,4,0,6.5,250.88,1003.5,0,4
SHORT,PrevDay_High_Dist_ATR:lo,VAH_Side:==-1,4,4,0,5.25,184.57,738.3,0,4
SHORT,VAH_Side:==-1,VWAP_Z:lo,5,4,1,4.8,115.98,579.9,0,5
SHORT,Bar_Range:hi,Micro_TickIntensity:hi,4,4,0,4.75,80.72,322.9,0,4
SHORT,Lower_Wick:lo,Micro_TickIntensity:hi,4,4,0,4.75,80.72,322.9,0,4
SHORT,Lower_Wick:lo,OBV_Velocity:lo,4,4,0,5.0,183.6,734.4,0,4
SHORT,Micro_Entropy:lo,Micro_TickIntensity:hi,4,4,0,4.25,224.2,896.8,0,4
SHORT,Micro_RangeVelocity:lo,Micro_TickIntensity:hi,4,4,0,4.75,80.72,322.9,0,4
SHORT,Micro_RangeVelocity:lo,VAL_Side:==0,4,4,0,4.75,452.3,1809.2,0,4
SHORT,Micro_TickIntensity:hi,Micro_WickImbalance:lo,4,4,0,4.25,224.2,896.8,0,4
SHORT,Micro_TickIntensity:hi,OBV_Velocity:lo,4,4,0,4.25,224.2,896.8,4,0
SHORT,Micro_TickIntensity:hi,VAL_Side:==0,4,4,0,4.25,224.2,896.8,4,0
SHORT,AT_Slope_LT:hi,Micro_MicroGap:hi,4,4,0,6.0,3748.92,14995.7,3,1
SHORT,Micro_BarEntropy:lo,PrevDay_Close_Side:==-1,4,4,0,4.25,355.0,1420.0,0,4
SHORT,Bar_Range:hi,Micro_MicroGap:hi,5,4,1,6.2,3278.26,16391.3,0,5
SHORT,Bar_Range:hi,Micro_ThrustEff:lo,4,4,0,6.5,3827.17,15308.7,0,4
SHORT,D2D_Dn_Count:hi,Micro_Hurst:hi,4,4,0,5.5,145.62,582.5,0,4
SHORT,D2D_Dn_Count:hi,Micro_MicroGap:hi,4,4,0,6.5,3765.85,15063.4,0,4
SHORT,D2D_Dn_Count:hi,Micro_ThrustEff:lo,4,4,0,6.5,3765.85,15063.4,0,4
SHORT,D2D_Dn_Count:hi,Session_High_Dist_ATR:lo,4,4,0,5.5,135.62,542.5,0,4
SHORT,Micro_HLAsymmetry:lo,Micro_MicroGap:hi,4,4,0,4.25,112.38,449.5,0,4
SHORT,Micro_MicroGap:hi,Micro_VolAccel:lo,4,4,0,6.5,3765.85,15063.4,0,4
SHORT,Micro_MicroGap:hi,Session_High_Dist_ATR:lo,4,4,0,4.5,118.0,472.0,0,4
SHORT,Micro_MicroGap:hi,Slope_Accel_ST:lo,4,4,0,6.5,3765.85,15063.4,0,4
SHORT,Micro_ThrustEff:lo,Micro_VolAccel:lo,4,4,0,6.5,3765.85,15063.4,0,4
SHORT,Micro_ThrustEff:lo,Session_High_Dist_ATR:lo,4,4,0,4.5,141.9,567.6,0,4
SHORT,Efficiency_Ratio:hi,Slope_Accel_ST:lo,4,4,0,7.75,3776.38,15105.5,0,4
SHORT,Micro_RangeAccel:lo,Micro_VolOfVol:lo,4,4,0,7.75,3771.0,15084.0,0,4
SHORT,Micro_VolAccel:lo,Micro_VolOfVol:lo,4,4,0,7.75,3771.0,15084.0,0,4
SHORT,Micro_VolOfVol:lo,Slope_Accel_ST:lo,4,4,0,7.75,3771.0,15084.0,0,4
SHORT,AT_Regime_ST:==0,RangeOsc_State:==2,4,4,0,5.0,94.07,376.3,0,4
SHORT,Micro_CSSpread:hi,PrevDay_Close_Dist_ATR:lo,4,4,0,5.75,176.93,707.7,0,4
SHORT,Micro_CSSpread:hi,VWAP_Side:==1,4,4,0,5.75,176.93,707.7,0,4
SHORT,Micro_WickImbalance:lo,PrevDay_High_Side:==1,4,4,0,5.0,132.5,530.0,0,4
SHORT,ATR_1M:hi,D2D_ATR:hi,5,4,1,4.6,226.74,1133.7,0,5
SHORT,AT_Slope_ST:hi,PrevDay_Low_Dist_ATR:hi,4,4,0,5.25,72.72,290.9,0,4
SHORT,D2D_ATR:hi,RangeOsc_State:==2,5,4,1,4.6,226.74,1133.7,0,5
SHORT,RangeOsc_State:==2,Upper_Wick:hi,4,4,0,6.0,159.7,638.8,0,4
SHORT,Bar_Range:hi,Lower_Wick:hi,4,4,0,5.0,59.92,239.7,0,4
SHORT,Body_Size:hi,EMA_Oscillator:lo,4,4,0,7.75,179.5,718.0,0,4
SHORT,Lower_Wick:hi,PrevDay_Low_Dist_ATR:hi,4,4,0,5.0,59.92,239.7,0,4
SHORT,Micro_Hurst:hi,VWAP_Sigma:lo,4,4,0,7.25,562.38,2249.5,0,4
SHORT,Micro_LogReturn:lo,PrevDay_Low_Dist_ATR:hi,4,4,0,5.0,59.92,239.7,0,4
SHORT,Micro_LogReturn:lo,Volume_Avg_10:hi,4,4,0,5.75,79.28,317.1,0,4
SHORT,ADX_Value:lo,OR_High_Side:==1,4,4,0,4.25,63.35,253.4,0,4
SHORT,ATR_1M:hi,Slope_EMA_ST:lo,4,4,0,5.25,103.25,413.0,0,4
SHORT,Micro_CSSpread:hi,Micro_VolAccel:lo,4,4,0,6.5,179.97,719.9,0,4
SHORT,Micro_HLAsymmetry:hi,Micro_ThrustEff:hi,4,4,0,4.5,75.72,302.9,0,4
SHORT,OR_High_Side:==1,Slope_EMA_ST:lo,4,4,0,4.75,82.1,328.4,0,4
SHORT,RangeOsc_State:==2,Volume_Avg_10:hi,4,4,0,6.75,149.95,599.8,0,4
SHORT,Slope_EMA_ST:lo,Volume_Avg_10:hi,4,4,0,6.75,139.28,557.1,0,4
SHORT,DailyOpen_Dist_ATR:lo,Micro_IBSP:lo,4,4,0,5.75,369.48,1477.9,0,4
SHORT,DailyOpen_Dist_ATR:lo,Slope_Accel_LT:lo,4,4,0,5.0,146.2,584.8,0,4
SHORT,Micro_IBSP:lo,PrevDay_Low_Side:==1,4,4,0,5.75,369.48,1477.9,0,4
SHORT,PrevDay_High_Dist_ATR:lo,Slope_Accel_LT:lo,4,4,0,4.75,141.8,567.2,0,4
SHORT,Slope_Accel_LT:lo,VAH_Side:==0,4,4,0,5.25,188.5,754.0,0,4
SHORT,D2D_Dn_Count:hi,Lower_Wick:lo,4,4,0,8.25,3865.7,15462.8,0,4
SHORT,D2D_Dn_Count:hi,Volume:hi,4,4,0,8.75,3915.45,15661.8,0,4
SHORT,Efficiency_Ratio:hi,Micro_RangeVelocity:lo,4,4,0,8.5,3831.03,15324.1,0,4
SHORT,Micro_VolAccel:lo,Volume:hi,4,4,0,8.75,3915.45,15661.8,0,4
SHORT,Slope_Accel_ST:lo,Volume:hi,4,4,0,8.75,3915.45,15661.8,0,4
SHORT,VWAP_Sigma_ATR:lo,Volume:hi,4,4,0,8.75,3915.45,15661.8,0,4
SHORT,VWAP_Sigma_ATR:lo,Volume_Avg_10:hi,4,4,0,8.0,3950.9,15803.6,0,4
SHORT,Micro_Hurst:hi,Micro_WickImbalance:lo,4,4,0,8.75,165.43,661.7,0,4
SHORT,Bar_Range:hi,D2D_ATR_MA:hi,4,4,0,5.5,77.55,310.2,0,4
SHORT,Micro_BarEntropy:hi,PrevDay_High_Dist_ATR:lo,4,4,0,4.75,134.7,538.8,0,4
SHORT,Micro_BarEntropy:hi,VAH_Side:==-1,4,4,0,4.25,114.88,459.5,0,4
SHORT,Micro_BarEntropy:hi,VWAP_Z:lo,4,4,0,4.75,134.7,538.8,0,4
SHORT,Micro_Entropy:lo,Round_100_Dist_ATR:lo,4,4,0,4.75,134.7,538.8,0,4
SHORT,PoC_Side:==0,VAH_Side:==-1,4,4,0,4.25,114.88,459.5,0,4
SHORT,PrevDay_High_Dist_ATR:lo,Round_100_Dist_ATR:lo,4,4,0,4.75,134.7,538.8,0,4
SHORT,Round_100_Dist_ATR:lo,VAH_Side:==-1,4,4,0,4.25,114.88,459.5,0,4
SHORT,Round_100_Dist_ATR:lo,VWAP_Z:lo,4,4,0,4.75,134.7,538.8,0,4
SHORT,Lower_Wick:lo,TChan_A15:hi,4,4,0,5.5,478.88,1915.5,0,4
SHORT,Micro_MomoTransfer:hi,WeeklyOpen_Side:==-1,4,4,0,5.5,620.02,2480.1,0,4
SHORT,OBVf_DirStepCount:hi,VAH_Side:==-1,4,4,0,5.25,403.77,1615.1,0,4
SHORT,AT_Slope_ST:lo,OBVf_Signal:==1,4,4,0,6.0,93.62,374.5,0,4
SHORT,D2D_ATR_MA:hi,Micro_MomoTransfer:hi,4,4,0,8.75,137.28,549.1,0,4
SHORT,D2D_ATR_MA:hi,Micro_RangeAccel:lo,4,4,0,8.75,137.28,549.1,0,4
SHORT,D2D_ATR_MA:hi,Micro_IBSP:hi,4,4,0,5.5,103.42,413.7,0,4
SHORT,KAMA_Dist:hi,Micro_OrderFlowDelta:hi,4,4,0,5.25,70.73,282.9,0,4
SHORT,Micro_CSSpread:lo,Micro_IBSP:hi,4,4,0,4.75,118.7,474.8,0,4
SHORT,Micro_IBSP:hi,Session_High_Dist_ATR:hi,4,4,0,5.5,103.42,413.7,0,4
SHORT,Momentum_Value:hi,OBVf_Signal:==1,4,4,0,6.5,115.65,462.6,0,4
SHORT,OBVf_Signal:==1,TChan_A15:hi,4,4,0,6.0,94.5,378.0,0,4
SHORT,Bar_Range:hi,Micro_MomoTransfer:hi,4,4,0,6.0,538.62,2154.5,0,4
SHORT,DailyOpen_Dist_ATR:lo,Micro_RangeAccel:lo,4,4,0,8.25,560.5,2242.0,0,4
SHORT,Lower_Wick:lo,Micro_PriceAccel:lo,4,4,0,7.75,531.3,2125.2,0,4
SHORT,Micro_MicroGap:hi,Micro_MomoTransfer:hi,4,4,0,5.0,521.75,2087.0,1,3
SHORT,Micro_RangeVelocity:lo,VAH_Side:==-1,4,4,0,4.5,455.12,1820.5,0,4
SHORT,Micro_AutoCorr:lo,OBVf_DirStepCount:hi,4,4,0,4.75,99.7,398.8,0,4
SHORT,D2D_ATR_MA:hi,Micro_VolAccel:hi,4,4,0,5.25,98.15,392.6,0,4
SHORT,Micro_VolAccel:hi,Sqz_Val:hi,4,4,0,5.25,98.15,392.6,0,4
SHORT,Slope_EMA_ST:lo,Sqz_Val:hi,4,4,0,6.0,124.8,499.2,0,4
SHORT,Sqz_Val:hi,WeeklyOpen_Dist_ATR:hi,4,4,0,4.75,126.38,505.5,0,4
SHORT,Slope_Accel_ST:lo,VAL_Side:==-1,4,4,0,4.25,86.57,346.3,4,0
SHORT,VAL_Side:==-1,Volume_Avg_10:hi,4,4,0,4.25,86.57,346.3,4,0
SHORT,Bars_Since_Flip:hi,Micro_HLAsymmetry:hi,4,4,0,5.75,297.65,1190.6,0,4
SHORT,D2D_ATR_MA:hi,Micro_HLAsymmetry:hi,4,4,0,6.25,310.1,1240.4,0,4
SHORT,Micro_HLAsymmetry:hi,Session_High_Dist_ATR:hi,4,4,0,6.25,310.1,1240.4,0,4
SHORT,OBV_Velocity:hi,Sqz_Val:hi,4,4,0,5.0,126.9,507.6,0,4
SHORT,EMA_Oscillator:lo,Micro_WickImbalance:hi,4,4,0,5.25,233.8,935.2,0,4
SHORT,Micro_IBSP:lo,RangeOsc_State:==-1,5,4,1,5.8,64.64,323.2,0,5
SHORT,Micro_WickImbalance:hi,RangeOsc_State:==-1,5,4,1,5.8,64.64,323.2,0,5
SHORT,Micro_BarEntropy:lo,Micro_CSSpread:hi,4,4,0,4.5,103.2,412.8,0,4
SHORT,OR_High_Side:==1,Round_500_Dist_ATR:lo,4,4,0,4.25,136.28,545.1,0,4
SHORT,AT_Slope_ST:hi,OBVf_Signal:==1,5,4,1,5.0,34.02,170.1,0,5
SHORT,KAMA_Dist:hi,Slope_EMA_ST:hi,4,4,0,4.25,126.1,504.4,0,4
SHORT,Micro_BarEntropy:lo,OBVf_Signal:==1,5,4,1,5.6,27.22,136.1,0,5
SHORT,Micro_IBSP:hi,Slope_EMA_ST:hi,4,4,0,4.25,126.1,504.4,0,4
SHORT,OBVf_Signal:==1,OR_High_Side:==1,4,4,0,4.5,116.47,465.9,0,4
SHORT,PrevDay_Close_Side:==-1,Slope_EMA_ST:hi,4,4,0,5.5,137.47,549.9,0,4
SHORT,Micro_BarOverlap:lo,Micro_HLAsymmetry:lo,4,4,0,4.5,129.32,517.3,0,4
SHORT,Micro_HLAsymmetry:lo,Slope_EMA_ST:hi,4,4,0,4.75,138.53,554.1,0,4
SHORT,Micro_Hurst:hi,Slope_EMA_ST:hi,4,4,0,4.25,123.47,493.9,0,4
SHORT,Micro_ThrustEff:lo,RangeOsc_State:==2,4,4,0,4.75,136.03,544.1,0,4
SHORT,RangeOsc_State:==2,Slope_EMA_ST:hi,4,4,0,5.75,127.12,508.5,0,4
SHORT,PrevDay_Close_Side:==-1,Sqz_Val:hi,4,4,0,5.25,81.78,327.1,0,4
SHORT,Bar_Range:hi,Round_500_Dist_ATR:lo,4,4,0,5.25,181.1,724.4,0,4
SHORT,Bar_Range:hi,VWAP_Dist_ATR:lo,4,4,0,8.0,4008.52,16034.1,0,4
SHORT,D2D_Dn_Count:hi,RangeOsc_State:==2,4,4,0,6.25,256.07,1024.3,0,4
SHORT,Lower_Wick:lo,PrevDay_Close_Side:==-1,4,4,0,5.25,178.3,713.2,0,4
SHORT,Lower_Wick:lo,Round_500_Dist_ATR:lo,4,4,0,5.25,178.3,713.2,0,4
SHORT,Micro_VolAccel:lo,PrevDay_Close_Side:==-1,4,4,0,5.25,224.8,899.2,0,4
SHORT,Micro_VolAccel:lo,Round_500_Dist_ATR:lo,4,4,0,5.25,224.8,899.2,0,4
SHORT,RangeOsc_State:==2,Slope_Accel_ST:lo,4,4,0,6.25,256.07,1024.3,0,4
SHORT,Micro_MomoTransfer:hi,Upper_Wick:hi,4,4,0,5.25,300.4,1201.6,0,4
SHORT,Micro_RangeAccel:lo,RangeOsc_Val:lo,4,4,0,8.25,249.0,996.0,0,4
SHORT,Micro_BarOverlap:lo,Micro_RangeVelocity:lo,4,4,0,4.0,97.9,391.6,0,4
SHORT,AT_Regime_ST:==0,AT_Slope_LT:hi,4,4,0,7.5,3737.5,14950.0,0,4
SHORT,Lower_Wick:lo,Slope_EMA_ST:hi,5,4,1,4.4,275.14,1375.7,0,5
SHORT,OBVf_Signal:==1,Slope_Accel_ST:hi,4,4,0,4.5,115.62,462.5,0,4
SHORT,OBVf_Signal:==1,VA_Position:hi,4,4,0,4.5,115.62,462.5,0,4
SHORT,AT_Slope_LT:hi,Bar_Range:hi,4,4,0,7.5,3770.72,15082.9,0,4
SHORT,D2D_Dynamic_Sensitivity:lo,Micro_ThrustEff:lo,4,4,0,6.75,3796.07,15184.3,0,4
SHORT,Micro_IBSP:lo,VWAP_Dist_ATR:lo,4,4,0,8.75,3890.32,15561.3,0,4
SHORT,Micro_MicroGap:hi,Volume:hi,5,4,1,6.2,2931.4,14657.0,0,5
SHORT,Micro_MicroGap:hi,Volume_Avg_10:hi,4,4,0,6.75,3781.25,15125.0,0,4
SHORT,Efficiency_Ratio:hi,VAL_Side:==0,4,4,0,7.75,203.65,814.6,0,4
SHORT,Micro_PriceAccel:lo,OBV_Velocity:lo,4,4,0,5.0,164.88,659.5,0,4
SHORT,Micro_RangeAccel:lo,OBV_Velocity:lo,4,4,0,5.0,164.88,659.5,0,4
SHORT,Micro_Hurst:hi,VAH_Side:==-1,5,4,1,3.6,49.32,246.6,0,5
SHORT,Micro_IBSP:lo,PrevDay_High_Side:==1,5,4,1,5.2,37.34,186.7,0,5
SHORT,AT_Score_LT:hi,MultiDay_Slope:hi,4,4,0,6.0,197.47,789.9,0,4
SHORT,AT_Slope_ST:lo,PrevDay_Close_Dist_ATR:lo,4,4,0,6.75,586.1,2344.4,0,4
SHORT,AT_Slope_ST:lo,VWAP_Side:==1,4,4,0,6.75,586.1,2344.4,0,4
SHORT,D2D_ATR:hi,EMA_Oscillator:lo,5,4,1,6.4,59.24,296.2,0,5
SHORT,D2D_ATR:hi,Micro_BarOverlap:hi,5,4,1,7.2,0.56,2.8,0,5
SHORT,D2D_Dynamic_Sensitivity:lo,MultiDay_Slope:hi,4,4,0,5.5,238.4,953.6,0,4
SHORT,EMA_Oscillator:lo,Volume_Ratio_10:hi,5,4,1,7.2,-30.54,-152.7,0,5
SHORT,Lower_Wick:lo,Volume_Ratio_10:hi,5,4,1,7.2,-30.54,-152.7,0,5
SHORT,Micro_BarOverlap:hi,Micro_LogReturn:hi,4,4,0,5.0,229.15,916.6,0,4
SHORT,Micro_BarOverlap:hi,MultiDay_Slope:hi,4,4,0,5.0,229.15,916.6,0,4
SHORT,Micro_BarOverlap:hi,PrevDay_Close_Dist_ATR:lo,4,4,0,7.0,239.22,956.9,0,4
SHORT,Micro_BarOverlap:hi,RangeOsc_State:==-1,5,4,1,7.2,0.56,2.8,0,5
SHORT,Micro_BarOverlap:hi,VWAP_Side:==1,4,4,0,7.0,239.22,956.9,0,4
SHORT,Micro_VPIN:lo,PrevDay_High_Side:==1,5,4,1,6.2,522.02,2610.1,0,5
SHORT,MultiDay_Slope:hi,Volume:hi,4,4,0,5.5,226.1,904.4,0,4
SHORT,PrevDay_High_Side:==1,Slope_EMA_LT:hi,5,4,1,6.2,522.02,2610.1,0,5
SHORT,Micro_ThrustEff:lo,PrevDay_High_Side:==1,4,4,0,4.25,190.8,763.2,0,4
SHORT,Micro_VPIN:lo,OR_High_Side:==-1,4,4,0,5.75,585.98,2343.9,0,4
SHORT,OR_High_Side:==-1,Slope_EMA_LT:hi,4,4,0,5.75,585.98,2343.9,0,4
SHORT,Micro_MomoTransfer:hi,Micro_TickIntensity:lo,4,4,0,5.75,212.07,848.3,0,4
SHORT,Micro_MomoTransfer:hi,OBV_Velocity:lo,4,4,0,5.75,212.07,848.3,0,4
SHORT,Micro_MomoTransfer:hi,PoC_Side:==0,4,4,0,5.75,212.07,848.3,0,4
SHORT,Micro_TickIntensity:lo,Micro_WickImbalance:lo,4,4,0,5.75,212.07,848.3,0,4
SHORT,Micro_WickImbalance:lo,PoC_Side:==0,4,4,0,5.75,212.07,848.3,0,4
SHORT,Bar_Range:hi,DailyOpen_Side:==-1,5,4,1,4.6,-12.04,-60.2,0,5
SHORT,Micro_BarEntropy:lo,Volume:hi,5,4,1,8.2,153.8,769.0,0,5
SHORT,ADX_Value:lo,Micro_Lambda:hi,4,4,0,5.5,324.43,1297.7,0,4
SHORT,RangeOsc_State:==2,VA_Position:hi,4,4,0,5.5,110.15,440.6,0,4
SHORT,TChan_A15:hi,VA_Position:hi,4,4,0,6.0,435.52,1742.1,0,4
SHORT,Efficiency_Ratio:hi,Round_100_Dist_ATR:lo,4,4,0,5.0,159.5,638.0,0,4
SHORT,Micro_OrderFlowDelta:hi,PoC_Side:==0,4,4,0,4.25,122.0,488.0,4,0
SHORT,PoC_Side:==0,Slope_Accel_LT:lo,4,4,0,4.25,122.0,488.0,4,0
SHORT,Micro_FailedBreak:lo,Volume_Avg_10:hi,4,4,0,6.5,115.9,463.6,0,4
SHORT,Micro_FractalDim:lo,Micro_VolAccel:hi,4,4,0,5.75,128.32,513.3,0,4
SHORT,Micro_OrderFlowDelta:lo,Micro_RangeVelocity:lo,4,4,0,5.5,623.7,2494.8,0,4
SHORT,Micro_BarEntropy:lo,Micro_IBSP:lo,4,4,0,5.5,186.05,744.2,0,4
SHORT,MultiDay_Slope:hi,OBVf_Signal:==1,4,4,0,4.5,242.12,968.5,0,4
SHORT,Micro_LogReturn:hi,Volume_Avg_10:hi,4,4,0,4.5,80.72,322.9,0,4
SHORT,OR_High_Dist_ATR:hi,Slope_Accel_ST:hi,4,4,0,5.5,404.78,1619.1,0,4
SHORT,OR_High_Dist_ATR:hi,VA_Position:hi,4,4,0,5.5,404.78,1619.1,0,4
SHORT,Slope_Accel_ST:hi,Sqz_State:==-1,4,4,0,5.5,404.78,1619.1,0,4
SHORT,Sqz_State:==-1,VA_Position:hi,4,4,0,5.5,404.78,1619.1,0,4
SHORT,AT_Slope_ST:hi,Micro_TickIntensity:hi,4,4,0,5.75,400.52,1602.1,0,4
SHORT,AT_Slope_ST:hi,Momentum_Value:hi,4,4,0,6.0,468.92,1875.7,0,4
SHORT,Micro_TickIntensity:hi,OR_High_Dist_ATR:hi,4,4,0,5.75,400.52,1602.1,0,4
SHORT,Micro_TickIntensity:hi,Sqz_State:==-1,4,4,0,5.75,400.52,1602.1,0,4
SHORT,Momentum_Value:hi,Slope_Accel_ST:hi,4,4,0,6.5,457.27,1829.1,0,4
SHORT,Momentum_Value:hi,Slope_EMA_ST:hi,4,4,0,6.5,457.27,1829.1,0,4
SHORT,Momentum_Value:hi,VA_Position:hi,4,4,0,6.5,457.27,1829.1,0,4
SHORT,Micro_IBSP:lo,OBVf_Signal:==1,4,4,0,4.75,157.5,630.0,0,4
SHORT,Micro_OrderFlowDelta:lo,Session_High_Dist_ATR:lo,4,4,0,7.75,792.6,3170.4,0,4
SHORT,Micro_PriceAccel:hi,Micro_WickImbalance:hi,4,4,0,5.25,383.7,1534.8,0,4
SHORT,PrevDay_High_Dist_ATR:lo,Session_High_Dist_ATR:lo,4,4,0,8.75,433.2,1732.8,0,4
SHORT,D2D_ATR:hi,Lower_Wick:hi,4,4,0,5.25,273.75,1095.0,0,4
SHORT,D2D_ATR:hi,Micro_LogReturn:lo,4,4,0,5.25,273.75,1095.0,0,4
SHORT,Micro_BarOverlap:lo,PrevDay_Low_Dist_ATR:hi,4,4,0,4.75,285.65,1142.6,0,4
SHORT,OR_High_Side:==1,PrevDay_Low_Dist_ATR:hi,4,4,0,4.75,288.35,1153.4,0,4
SHORT,EMA_Oscillator:lo,Micro_BarEntropy:lo,4,4,0,8.5,397.0,1588.0,0,4
SHORT,Micro_BarEntropy:lo,PrevDay_High_Side:==1,5,4,1,5.2,6.0,30.0,0,5
SHORT,Micro_Hurst:hi,MultiDay_Position:hi,4,4,0,5.5,179.65,718.6,0,4
SHORT,MultiDay_Position:hi,PrevDay_Close_Dist_ATR:lo,4,4,0,6.0,241.62,966.5,0,4
SHORT,MultiDay_Position:hi,VWAP_Side:==1,4,4,0,6.0,241.62,966.5,0,4
SHORT,MultiDay_Position:hi,Volume:hi,4,4,0,6.0,241.62,966.5,0,4
SHORT,Lower_Wick:lo,OR_High_Dist_ATR:hi,4,4,0,4.75,76.95,307.8,0,4
SHORT,Lower_Wick:lo,Sqz_State:==-1,4,4,0,4.75,76.95,307.8,0,4
SHORT,ATR_1M:hi,D2D_Signal:==-1,4,4,0,5.25,170.93,683.7,0,4
SHORT,AT_Score_LT:hi,Micro_BarOverlap:lo,4,4,0,3.75,93.75,375.0,0,4
SHORT,RangeOsc_State:==2,Volume_Ratio_10:hi,4,4,0,4.5,157.22,628.9,0,4
SHORT,Micro_BarEntropy:lo,Volume_Ratio_10:hi,4,4,0,4.5,256.85,1027.4,0,4
SHORT,Micro_HLAsymmetry:lo,RangeOsc_State:==-2,4,4,0,3.25,207.57,830.3,0,4
SHORT,Micro_HLAsymmetry:lo,VWAP_Sigma:hi,4,4,0,3.25,207.57,830.3,0,4
SHORT,AT_Slope_ST:lo,RangeOsc_State:==2,4,4,0,4.5,122.47,489.9,0,4
SHORT,Micro_FailedBreak:lo,Micro_Hurst:hi,4,4,0,5.0,129.9,519.6,0,4
SHORT,Lower_Wick:lo,MultiDay_Slope:lo,4,4,0,5.0,210.0,840.0,0,4
SHORT,Lower_Wick:lo,OBV_Macd:lo,4,4,0,5.0,210.0,840.0,0,4
SHORT,Micro_CSSpread:hi,Volume:hi,4,4,0,4.75,255.78,1023.1,0,4
SHORT,Micro_RangeVelocity:lo,MultiDay_Slope:lo,4,4,0,4.5,177.7,710.8,0,4
SHORT,Micro_RangeVelocity:lo,OBV_Macd:lo,4,4,0,4.5,177.7,710.8,0,4
SHORT,MultiDay_Slope:lo,Volume:hi,4,4,0,5.0,210.0,840.0,0,4
SHORT,OBV_Macd:lo,Volume:hi,4,4,0,5.0,210.0,840.0,0,4
SHORT,EMA_Oscillator:lo,OBVf_DirStepCount:hi,4,4,0,5.5,352.45,1409.8,0,4
SHORT,EMA_Oscillator:lo,PoC_Side:==0,4,4,0,5.0,174.7,698.8,0,4
SHORT,Micro_OrderFlowDelta:lo,OBVf_DirStepCount:hi,4,4,0,5.75,221.1,884.4,0,4
SHORT,Micro_OrderFlowDelta:lo,Volume:hi,4,4,0,8.0,212.55,850.2,0,4
SHORT,Micro_TickIntensity:lo,OBVf_DirStepCount:hi,4,4,0,5.25,213.4,853.6,0,4
SHORT,Micro_TickIntensity:lo,WeeklyOpen_Side:==-1,4,4,0,5.25,213.4,853.6,0,4
SHORT,OBVf_DirStepCount:hi,PoC_Side:==0,4,4,0,5.25,213.4,853.6,0,4
SHORT,OBVf_DirStepCount:hi,PrevDay_High_Dist_ATR:lo,4,4,0,5.75,221.1,884.4,0,4
SHORT,OBVf_DirStepCount:hi,VAH_Side:==0,4,4,0,5.75,221.1,884.4,0,4
SHORT,PoC_Side:==0,WeeklyOpen_Side:==-1,4,4,0,5.25,213.4,853.6,0,4
SHORT,PrevDay_High_Dist_ATR:lo,Volume:hi,4,4,0,8.0,212.55,850.2,0,4
SHORT,VAH_Side:==0,Volume:hi,4,4,0,8.0,212.55,850.2,0,4
SHORT,Micro_Hurst:hi,VWAP_Dist_ATR:lo,4,4,0,6.25,317.85,1271.4,0,4
SHORT,ATR_1M:hi,Micro_BarOverlap:hi,4,4,0,5.0,151.72,606.9,0,4
SHORT,AT_Slope_LT:hi,PrevDay_High_Side:==1,4,4,0,5.75,129.2,516.8,0,4
SHORT,Micro_BarOverlap:hi,Micro_CSSpread:hi,4,4,0,5.0,151.72,606.9,0,4
SHORT,Micro_BarOverlap:hi,RangeOsc_State:==2,4,4,0,5.0,151.72,606.9,0,4
SHORT,Momentum_Value:hi,PrevDay_High_Side:==1,4,4,0,5.25,103.57,414.3,0,4
SHORT,Micro_RollProxy:hi,OBVf_Signal:==1,4,4,0,4.5,141.72,566.9,0,4
SHORT,OBV_Velocity:hi,OBVf_Signal:==1,4,4,0,4.5,141.72,566.9,0,4
SHORT,Micro_BarOverlap:hi,Micro_Hurst:hi,4,4,0,5.75,142.1,568.4,0,4
SHORT,Micro_BarOverlap:hi,Micro_Lambda:hi,4,4,0,5.75,142.1,568.4,0,4
SHORT,Micro_Rejection:hi,Sqz_Val:hi,4,4,0,4.75,67.92,271.7,0,4
SHORT,RangeOsc_State:==2,Slope_Accel_LT:lo,4,4,0,4.75,121.92,487.7,0,4
SHORT,Micro_BarEntropy:lo,Micro_PriceAccel:lo,4,4,0,7.0,134.38,537.5,0,4
SHORT,Micro_PriceAccel:lo,Session_High_Dist_ATR:lo,4,4,0,7.0,134.38,537.5,0,4
SHORT,DailyOpen_Dist_ATR:lo,Micro_TickIntensity:lo,4,4,0,5.75,205.38,821.5,0,4
SHORT,DailyOpen_Dist_ATR:lo,OBV_Velocity:lo,4,4,0,5.75,205.38,821.5,0,4
SHORT,Micro_WickImbalance:lo,VWAP_Z:lo,4,4,0,8.0,232.5,930.0,0,4
SHORT,RangeOsc_State:==-2,Volume_Avg_10:hi,4,4,0,6.0,180.47,721.9,0,4
SHORT,VWAP_Sigma:hi,Volume_Avg_10:hi,4,4,0,6.0,180.47,721.9,0,4
SHORT,Micro_HLAsymmetry:lo,OR_High_Side:==-1,4,4,0,5.0,83.12,332.5,0,4
SHORT,Micro_BarOverlap:hi,Volume_Avg_10:hi,4,4,0,5.75,172.9,691.6,0,4
SHORT,AT_Regime_ST:==0,Micro_Hurst:hi,4,4,0,6.75,97.8,391.2,0,4
SHORT,Micro_Hurst:hi,PrevDay_High_Dist_ATR:lo,4,4,0,9.25,275.05,1100.2,0,4
SHORT,Micro_Lambda:hi,PrevDay_High_Dist_ATR:lo,4,4,0,6.25,237.05,948.2,0,4
SHORT,Bar_Range:hi,KAMA_Dist:hi,4,4,0,4.75,101.75,407.0,0,4
SHORT,Bar_Range:hi,Micro_IBSP:hi,4,4,0,4.75,101.75,407.0,0,4
SHORT,Micro_OrderFlowDelta:hi,RangeOsc_State:==2,4,4,0,4.0,93.1,372.4,0,4
SHORT,Micro_PriceAccel:lo,RangeOsc_State:==2,4,4,0,4.0,93.1,372.4,0,4
SHORT,PrevDay_Close_Dist_ATR:hi,PrevDay_High_Side:==1,4,4,0,5.5,131.28,525.1,0,4
SHORT,AT_Score_LT:hi,MultiDay_Position:hi,4,4,0,5.5,198.52,794.1,0,4
SHORT,Slope_Accel_LT:lo,WeeklyOpen_Dist_ATR:hi,4,4,0,4.25,72.25,289.0,0,4
SHORT,Micro_Rejection:hi,OR_High_Side:==-1,4,4,0,6.25,155.27,621.1,0,4
SHORT,Body_Size:hi,PrevDay_High_Side:==1,4,4,0,4.0,145.2,580.8,0,4
SHORT,Micro_Lambda:hi,Micro_OrderFlowDelta:lo,4,4,0,5.25,596.45,2385.8,0,4
SHORT,AT_Slope_ST:hi,Slope_Accel_LT:lo,4,4,0,4.25,77.05,308.2,0,4
SHORT,Micro_OrderFlowDelta:hi,Volume_Ratio_10:hi,4,4,0,4.25,83.17,332.7,0,4
SHORT,EMA_Oscillator:lo,Micro_ThrustEff:hi,4,4,0,3.0,41.4,165.6,0,4
SHORT,EMA_Oscillator:lo,Slope_EMA_ST:lo,4,4,0,3.0,41.4,165.6,0,4
SHORT,Micro_Hurst:hi,Micro_ThrustEff:hi,4,4,0,3.0,41.4,165.6,0,4
SHORT,Micro_Hurst:hi,Slope_EMA_ST:lo,4,4,0,3.0,41.4,165.6,0,4
SHORT,Lower_Wick:lo,PrevDay_Low_Dist_ATR:hi,4,4,0,8.25,155.2,620.8,0,4
SHORT,ADX_Value:lo,PrevDay_High_Side:==1,4,4,0,3.75,61.4,245.6,0,4
SHORT,Volume_Ratio_10:hi,WeeklyOpen_Dist_ATR:hi,4,4,0,3.5,69.73,278.9,0,4
SHORT,AT_Score_LT:hi,Micro_HLAsymmetry:hi,4,4,0,7.0,128.05,512.2,0,4
SHORT,D2D_ATR:hi,Micro_HLAsymmetry:hi,5,4,1,5.4,22.24,111.2,0,5
SHORT,Micro_HLAsymmetry:hi,RangeOsc_State:==-1,4,4,0,5.5,86.6,346.4,0,4
SHORT,AT_Lookback_ST:hi,Micro_RollProxy:lo,4,4,0,5.0,72.38,289.5,0,4
SHORT,AT_Lookback_ST:hi,Volume:hi,4,4,0,5.0,72.38,289.5,0,4
SHORT,AT_Lookback_ST:hi,Volume_Ratio_10:lo,4,4,0,5.0,72.38,289.5,0,4
SHORT,Micro_RollProxy:lo,Micro_TickIntensity:hi,4,4,0,5.0,72.38,289.5,0,4
SHORT,Micro_RollProxy:lo,Volume_Avg_10:hi,4,4,0,4.75,71.3,285.2,0,4
SHORT,Micro_TickIntensity:hi,Volume:hi,4,4,0,5.0,72.38,289.5,0,4
SHORT,Micro_TickIntensity:hi,Volume_Ratio_10:lo,4,4,0,5.0,72.38,289.5,0,4
SHORT,Volume_Avg_10:hi,Volume_Ratio_10:lo,4,4,0,4.75,71.3,285.2,0,4
SHORT,ADX_Value:lo,D2D_Dynamic_Sensitivity:lo,4,4,0,6.25,193.8,775.2,0,4
SHORT,EMA_Oscillator:lo,Micro_MicroGap:lo,4,4,0,7.5,177.32,709.3,0,4
SHORT,DailyOpen_Dist_ATR:lo,Micro_BarEntropy:hi,4,4,0,4.5,103.3,413.2,0,4
SHORT,DailyOpen_Dist_ATR:lo,Round_100_Dist_ATR:lo,4,4,0,4.5,103.3,413.2,0,4
SHORT,Efficiency_Ratio:hi,PrevDay_Low_Side:==1,4,4,0,9.0,248.12,992.5,0,4
SHORT,DailyOpen_Dist_ATR:lo,Micro_Hurst:hi,5,4,1,7.0,127.04,635.2,0,5
SHORT,D2D_Dynamic_Sensitivity:lo,Micro_OrderFlowDelta:hi,4,4,0,4.25,105.52,422.1,0,4
SHORT,EMA_Oscillator:lo,Micro_PriceAccel:lo,4,4,0,7.25,194.03,776.1,0,4
SHORT,Efficiency_Ratio:hi,Micro_WickImbalance:hi,4,4,0,5.75,165.88,663.5,0,4
SHORT,Micro_IBSP:lo,VAL_Side:==0,4,4,0,4.5,197.3,789.2,0,4
SHORT,Micro_WickImbalance:hi,VAL_Side:==0,4,4,0,4.5,197.3,789.2,0,4
SHORT,RangeOsc_Val:lo,VAL_Side:==0,4,4,0,8.5,254.85,1019.4,0,4
SHORT,VAL_Side:==0,Volume_Avg_10:hi,4,4,0,8.5,254.85,1019.4,0,4
SHORT,D2D_ATR_MA:hi,DailyOpen_Dist_ATR:lo,4,4,0,7.25,241.5,966.0,0,4
SHORT,Micro_RangeAccel:lo,VWAP_Z:lo,4,4,0,8.75,273.0,1092.0,0,4
SHORT,AT_Score_LT:hi,Efficiency_Ratio:hi,4,4,0,7.5,210.72,842.9,0,4
SHORT,Efficiency_Ratio:hi,Volume_Ratio_10:hi,4,4,0,7.5,210.72,842.9,0,4
SHORT,Slope_Accel_LT:lo,Volume_Avg_10:hi,4,4,0,5.75,138.6,554.4,0,4
SHORT,EMA_Oscillator:lo,RangeOsc_Val:lo,4,4,0,9.0,283.5,1134.0,0,4
SHORT,PrevDay_Low_Side:==1,RangeOsc_Val:lo,4,4,0,9.25,451.35,1805.4,0,4
SHORT,Bar_Range:hi,Micro_WickImbalance:hi,5,4,1,6.0,63.84,319.2,0,5
SHORT,Bar_Range:hi,OR_High_Dist_ATR:hi,4,4,0,5.0,65.83,263.3,0,4
SHORT,Bar_Range:hi,Sqz_State:==-1,4,4,0,5.0,65.83,263.3,0,4
SHORT,Lower_Wick:lo,RangeOsc_Val:lo,4,4,0,8.25,463.5,1854.0,0,4
SHORT,Micro_WickImbalance:lo,VWAP_Sigma:lo,4,4,0,8.25,224.5,898.0,0,4
SHORT,Upper_Wick:hi,VAL_Side:==0,4,4,0,5.75,324.4,1297.6,0,4
SHORT,VAL_Side:==0,VWAP_Sigma:lo,4,4,0,8.25,224.5,898.0,0,4
SHORT,Micro_MicroGap:lo,Micro_WickImbalance:lo,4,4,0,7.5,173.3,693.2,0,4
SHORT,Micro_RangeVelocity:lo,Micro_WickImbalance:hi,4,4,0,5.75,210.1,840.4,0,4
SHORT,D2D_ATR:hi,Slope_Accel_LT:lo,4,4,0,5.0,117.6,470.4,0,4
SHORT,AT_Lookback_ST:hi,Micro_BarOverlap:lo,4,4,0,4.25,60.67,242.7,0,4
SHORT,Micro_BarOverlap:lo,Micro_TickIntensity:hi,4,4,0,4.25,60.67,242.7,0,4
SHORT,Micro_GarmanKlass:hi,OR_High_Dist_ATR:hi,4,4,0,5.0,68.33,273.3,0,4
SHORT,Micro_GarmanKlass:hi,Sqz_State:==-1,4,4,0,5.0,68.33,273.3,0,4
SHORT,Body_Size:hi,Micro_IBSP:lo,3,3,0,6.0,585.8,1757.4,0,3
SHORT,Body_Size:hi,Micro_WickImbalance:hi,3,3,0,6.0,585.8,1757.4,0,3
SHORT,D2D_Dynamic_Sensitivity:lo,RangeOsc_State:==-2,3,3,0,6.33,293.67,881.0,0,3
SHORT,D2D_Dynamic_Sensitivity:lo,VWAP_Sigma:hi,3,3,0,6.33,293.67,881.0,0,3
SHORT,Micro_IBSP:lo,RangeOsc_State:==-2,3,3,0,4.67,284.17,852.5,0,3
SHORT,Micro_IBSP:lo,VWAP_Sigma:hi,3,3,0,4.67,284.17,852.5,0,3
SHORT,AT_Slope_ST:lo,Micro_BarEntropy:lo,3,3,0,5.0,96.77,290.3,0,3
SHORT,AT_Slope_ST:lo,Session_High_Dist_ATR:lo,3,3,0,5.0,96.77,290.3,0,3
SHORT,AT_Slope_ST:hi,Micro_VolAccel:lo,3,3,0,6.0,244.33,733.0,0,3
SHORT,AT_Slope_ST:hi,Volume_Avg_10:hi,3,3,0,6.67,174.0,522.0,0,3
SHORT,Body_Size:hi,Upper_Wick:hi,3,3,0,6.33,286.13,858.4,0,3
SHORT,D2D_ATR_MA:hi,Micro_Entropy:lo,3,3,0,9.0,221.3,663.9,0,3
SHORT,D2D_ATR_MA:hi,VWAP_Z:lo,3,3,0,9.67,274.67,824.0,0,3
SHORT,D2D_Dn_Count:hi,Micro_WickImbalance:hi,3,3,0,7.0,294.0,882.0,0,3
SHORT,Micro_Entropy:lo,Micro_WickImbalance:hi,3,3,0,7.0,294.0,882.0,0,3
SHORT,Micro_Entropy:lo,Slope_Accel_ST:lo,3,3,0,8.33,5031.43,15094.3,0,3
SHORT,Micro_Entropy:lo,VWAP_Sigma:lo,3,3,0,10.0,294.0,882.0,0,3
SHORT,Micro_IBSP:lo,Upper_Wick:hi,3,3,0,5.33,280.6,841.8,0,3
SHORT,Micro_IBSP:lo,VAH_Side:==-1,3,3,0,5.33,280.6,841.8,0,3
SHORT,Micro_IBSP:lo,VWAP_Sigma:lo,3,3,0,6.33,443.3,1329.9,0,3
SHORT,Micro_IBSP:lo,VWAP_Z:lo,3,3,0,7.0,294.0,882.0,0,3
SHORT,Micro_MicroGap:lo,Micro_VolAccel:lo,3,3,0,6.0,244.33,733.0,0,3
SHORT,Micro_VolAccel:lo,Micro_WickImbalance:hi,3,3,0,7.0,294.0,882.0,0,3
SHORT,Micro_VolAccel:lo,PrevDay_High_Dist_ATR:lo,3,3,0,7.33,297.8,893.4,0,3
SHORT,Micro_VolAccel:lo,Upper_Wick:hi,3,3,0,6.0,244.33,733.0,0,3
SHORT,Micro_WickImbalance:hi,Upper_Wick:hi,3,3,0,5.33,280.6,841.8,0,3
SHORT,Micro_WickImbalance:hi,VAH_Side:==-1,3,3,0,5.33,280.6,841.8,0,3
SHORT,Micro_WickImbalance:hi,VWAP_Z:lo,3,3,0,7.0,294.0,882.0,0,3
SHORT,PrevDay_High_Dist_ATR:lo,Slope_Accel_ST:lo,3,3,0,7.33,297.8,893.4,0,3
SHORT,Slope_Accel_ST:lo,VAH_Side:==-1,3,3,0,5.67,182.63,547.9,0,3
SHORT,Bar_Range:hi,VAL_Side:==0,3,3,0,5.0,568.67,1706.0,0,3
SHORT,AT_Slope_LT:hi,PrevDay_Low_Side:==-1,3,3,0,6.67,4957.9,14873.7,3,0
SHORT,AT_Slope_LT:hi,VA_Position:hi,3,3,0,4.33,80.5,241.5,0,3
SHORT,Micro_MicroGap:hi,PrevDay_Low_Side:==-1,3,3,0,6.67,4957.9,14873.7,3,0
SHORT,Micro_RollProxy:lo,Slope_EMA_ST:hi,4,3,1,4.0,-53.83,-215.3,0,4
SHORT,Slope_EMA_ST:hi,Volume:hi,4,3,1,4.0,-53.83,-215.3,0,4
SHORT,Slope_EMA_ST:hi,Volume_Ratio_10:lo,4,3,1,4.0,-53.83,-215.3,0,4
SHORT,Efficiency_Ratio:lo,Micro_BarEntropy:lo,3,3,0,4.33,417.33,1252.0,0,3
SHORT,Micro_BarOverlap:lo,PrevDay_Close_Side:==-1,3,3,0,4.33,429.43,1288.3,0,3
SHORT,Micro_Hurst:hi,Micro_ThrustEff:lo,3,3,0,4.33,125.7,377.1,0,3
SHORT,Micro_Hurst:hi,Micro_VolAccel:lo,3,3,0,5.67,167.0,501.0,0,3
SHORT,Micro_Hurst:hi,Slope_Accel_ST:lo,3,3,0,5.67,167.0,501.0,0,3
SHORT,Micro_VolAccel:lo,Session_High_Dist_ATR:lo,3,3,0,5.67,153.67,461.0,0,3
SHORT,Session_High_Dist_ATR:lo,Slope_Accel_ST:lo,3,3,0,5.67,153.67,461.0,0,3
SHORT,Body_Size:hi,Micro_RangeAccel:lo,3,3,0,8.33,173.9,521.7,0,3
SHORT,D2D_Dn_Count:hi,Efficiency_Ratio:hi,3,3,0,8.67,4994.67,14984.0,0,3
SHORT,D2D_Signal:==-1,Efficiency_Ratio:hi,3,3,0,8.67,4994.67,14984.0,0,3
SHORT,Efficiency_Ratio:hi,Micro_VolAccel:lo,3,3,0,8.67,4994.67,14984.0,0,3
SHORT,Efficiency_Ratio:hi,Micro_VolOfVol:lo,3,3,0,8.67,4994.67,14984.0,0,3
SHORT,Efficiency_Ratio:hi,VWAP_Sigma_ATR:lo,3,3,0,8.67,4994.67,14984.0,0,3
SHORT,ATR_1M:hi,Lower_Wick:lo,3,3,0,5.0,202.8,608.4,0,3
SHORT,AT_Regime_ST:==0,PrevDay_Close_Dist_ATR:lo,3,3,0,5.0,158.13,474.4,0,3
SHORT,AT_Regime_ST:==0,VWAP_Side:==1,3,3,0,5.0,158.13,474.4,0,3
SHORT,Micro_Entropy:lo,Micro_HLAsymmetry:hi,3,3,0,7.33,148.47,445.4,0,3
SHORT,Micro_Entropy:lo,PrevDay_Close_Dist_ATR:lo,3,3,0,5.0,158.13,474.4,0,3
SHORT,Micro_Entropy:lo,VWAP_Side:==1,3,3,0,5.0,158.13,474.4,0,3
SHORT,Micro_HLAsymmetry:hi,Micro_WickImbalance:lo,3,3,0,7.33,148.47,445.4,0,3
SHORT,Micro_WickImbalance:lo,PrevDay_Close_Dist_ATR:lo,3,3,0,5.0,158.13,474.4,0,3
SHORT,Micro_WickImbalance:lo,VWAP_Side:==1,3,3,0,5.0,158.13,474.4,0,3
SHORT,ATR_1M:hi,Micro_GarmanKlass:hi,4,3,1,4.75,195.85,783.4,0,4
SHORT,ATR_1M:hi,Micro_MicroGap:lo,3,3,0,5.33,117.73,353.2,0,3
SHORT,Bar_Range:hi,Micro_MicroGap:lo,3,3,0,6.0,96.07,288.2,0,3
SHORT,Micro_GarmanKlass:hi,MultiDay_Slope:hi,4,3,1,4.75,195.85,783.4,0,4
SHORT,Micro_GarmanKlass:hi,RangeOsc_State:==2,4,3,1,4.75,195.85,783.4,0,4
SHORT,Micro_MicroGap:lo,PrevDay_High_Side:==1,3,3,0,6.67,117.87,353.6,0,3
SHORT,PrevDay_Close_Dist_ATR:lo,PrevDay_Low_Dist_ATR:hi,3,3,0,4.67,84.67,254.0,0,3
SHORT,PrevDay_Low_Dist_ATR:hi,VWAP_Side:==1,3,3,0,4.67,84.67,254.0,0,3
SHORT,ADX_Value:lo,Body_Size:hi,3,3,0,5.0,78.1,234.3,0,3
SHORT,ADX_Value:lo,VWAP_Sigma:lo,3,3,0,5.0,91.6,274.8,0,3
SHORT,Bar_Range:hi,Body_Size:hi,3,3,0,4.0,125.73,377.2,0,3
SHORT,Body_Size:hi,PrevDay_Low_Dist_ATR:hi,3,3,0,4.0,125.73,377.2,0,3
SHORT,Lower_Wick:hi,Volume_Avg_10:hi,3,3,0,6.33,80.5,241.5,0,3
SHORT,ADX_Value:lo,Micro_BarOverlap:lo,3,3,0,4.33,90.27,270.8,0,3
SHORT,ADX_Value:lo,Micro_CSSpread:hi,3,3,0,5.0,71.47,214.4,0,3
SHORT,ADX_Value:lo,MultiDay_Slope:hi,3,3,0,5.0,311.3,933.9,0,3
SHORT,ATR_1M:hi,Micro_ThrustEff:hi,3,3,0,5.0,90.27,270.8,0,3
SHORT,ATR_1M:hi,Momentum_Value:hi,3,3,0,5.67,117.77,353.3,0,3
SHORT,ATR_1M:hi,Volume_Avg_10:hi,3,3,0,6.33,153.53,460.6,0,3
SHORT,Body_Size:hi,RangeOsc_State:==2,3,3,0,5.67,158.3,474.9,0,3
SHORT,Micro_BarOverlap:lo,Momentum_Value:hi,3,3,0,6.33,155.03,465.1,0,3
SHORT,Micro_BarOverlap:lo,Volume_Avg_10:hi,3,3,0,6.33,153.7,461.1,0,3
SHORT,Micro_CSSpread:hi,Slope_EMA_ST:lo,3,3,0,5.67,96.47,289.4,0,3
SHORT,Micro_ThrustEff:hi,OR_High_Side:==1,3,3,0,4.33,62.07,186.2,0,3
SHORT,Micro_VolAccel:lo,MultiDay_Slope:hi,3,3,0,6.67,177.37,532.1,0,3
SHORT,Momentum_Value:hi,Slope_EMA_ST:lo,3,3,0,6.33,172.1,516.3,0,3
SHORT,MultiDay_Slope:hi,Slope_EMA_ST:lo,3,3,0,5.67,123.37,370.1,0,3
SHORT,AT_Slope_ST:lo,Micro_IBSP:lo,3,3,0,7.0,222.67,668.0,0,3
SHORT,AT_Slope_ST:lo,Micro_WickImbalance:hi,3,3,0,7.0,222.67,668.0,0,3
SHORT,D2D_Dynamic_Sensitivity:lo,OBV_Velocity:hi,3,3,0,5.33,170.8,512.4,0,3
SHORT,DailyOpen_Dist_ATR:lo,Micro_WickImbalance:hi,3,3,0,6.0,469.13,1407.4,0,3
SHORT,Micro_BarOverlap:lo,Slope_Accel_LT:lo,3,3,0,5.33,151.8,455.4,0,3
SHORT,Micro_Entropy:lo,MultiDay_Position:hi,3,3,0,5.0,154.27,462.8,0,3
SHORT,Micro_Entropy:lo,Slope_Accel_LT:lo,3,3,0,5.0,154.27,462.8,0,3
SHORT,Micro_WickImbalance:hi,PrevDay_Low_Side:==1,3,3,0,6.0,469.13,1407.4,0,3
SHORT,MultiDay_Position:hi,PrevDay_High_Dist_ATR:lo,3,3,0,5.0,154.27,462.8,0,3
SHORT,MultiDay_Position:hi,VWAP_Z:lo,3,3,0,5.0,154.27,462.8,0,3
SHORT,PrevDay_Low_Side:==1,Slope_Accel_LT:lo,3,3,0,5.33,181.33,544.0,0,3
SHORT,Bar_Range:hi,Micro_VolOfVol:lo,3,3,0,8.67,4989.0,14967.0,0,3
SHORT,D2D_Signal:==-1,EMA_Oscillator:lo,3,3,0,9.33,5224.8,15674.4,0,3
SHORT,EMA_Oscillator:lo,VWAP_Sigma_ATR:lo,3,3,0,9.33,5224.8,15674.4,0,3
SHORT,Micro_Entropy:lo,Micro_Lambda:hi,3,3,0,5.33,193.73,581.2,0,3
SHORT,Micro_Lambda:hi,Micro_PriceAccel:lo,3,3,0,4.0,103.33,310.0,0,3
SHORT,Bar_Range:hi,Session_High_Dist_ATR:hi,3,3,0,4.67,75.93,227.8,0,3
SHORT,Lower_Wick:lo,Slope_Accel_LT:lo,3,3,0,4.67,143.33,430.0,0,3
SHORT,Micro_RangeVelocity:lo,Session_High_Dist_ATR:hi,3,3,0,4.67,75.93,227.8,0,3
SHORT,Micro_RangeVelocity:lo,Slope_Accel_LT:lo,3,3,0,5.0,146.33,439.0,0,3
SHORT,D2D_Dynamic_Sensitivity:lo,Micro_BarEntropy:hi,3,3,0,4.33,145.73,437.2,0,3
SHORT,D2D_Dynamic_Sensitivity:lo,Round_100_Dist_ATR:lo,3,3,0,4.33,145.73,437.2,0,3
SHORT,Micro_MomoTransfer:hi,Micro_Rejection:hi,3,3,0,4.33,134.17,402.5,3,0
SHORT,Micro_OrderFlowDelta:lo,Micro_Rejection:hi,3,3,0,4.33,134.17,402.5,3,0
SHORT,Micro_OrderFlowDelta:lo,OBVf_Signal:==1,3,3,0,5.67,231.5,694.5,0,3
SHORT,Micro_PriceAccel:lo,OBVf_Signal:==1,3,3,0,4.33,136.03,408.1,0,3
SHORT,Micro_Rejection:hi,PrevDay_High_Dist_ATR:lo,3,3,0,4.0,121.23,363.7,0,3
SHORT,Micro_WickImbalance:lo,OBVf_Signal:==1,3,3,0,4.33,286.43,859.3,0,3
SHORT,OBVf_Signal:==1,VAH_Side:==0,3,3,0,5.67,231.5,694.5,0,3
SHORT,DailyOpen_Dist_ATR:lo,WeeklyOpen_Side:==-1,3,3,0,5.0,570.5,1711.5,0,3
SHORT,Micro_Entropy:lo,TChan_A15:hi,3,3,0,4.67,123.67,371.0,0,3
SHORT,Micro_MomoTransfer:hi,OBVf_DirStepCount:hi,3,3,0,5.67,338.7,1016.1,0,3
SHORT,TChan_A15:hi,VAL_Side:==0,3,3,0,5.67,612.5,1837.5,0,3
SHORT,AT_Slope_ST:lo,Micro_MomoTransfer:hi,3,3,0,6.0,94.03,282.1,0,3
SHORT,AT_Slope_ST:lo,Micro_RangeAccel:lo,3,3,0,6.0,94.03,282.1,0,3
SHORT,Micro_CSSpread:lo,Micro_MomoTransfer:hi,3,3,0,6.0,94.03,282.1,0,3
SHORT,Micro_CSSpread:lo,Micro_RangeAccel:lo,3,3,0,6.0,94.03,282.1,0,3
SHORT,Micro_MomoTransfer:hi,Session_High_Dist_ATR:hi,3,3,0,6.33,85.03,255.1,0,3
SHORT,Micro_RangeAccel:lo,Micro_TickIntensity:hi,3,3,0,5.67,74.13,222.4,0,3
SHORT,Micro_RangeAccel:lo,Session_High_Dist_ATR:hi,3,3,0,6.33,85.03,255.1,0,3
SHORT,AT_Slope_ST:lo,Micro_IBSP:hi,3,3,0,5.0,123.47,370.4,0,3
SHORT,D2D_ATR_MA:hi,KAMA_Dist:hi,3,3,0,5.67,73.23,219.7,0,3
SHORT,KAMA_Dist:hi,Micro_CSSpread:lo,3,3,0,4.67,93.6,280.8,0,3
SHORT,KAMA_Dist:hi,Session_High_Dist_ATR:hi,3,3,0,5.67,73.23,219.7,0,3
SHORT,KAMA_Dist:hi,Slope_Accel_LT:lo,3,3,0,5.67,95.23,285.7,0,3
SHORT,KAMA_Dist:hi,TChan_A15:hi,3,3,0,5.67,88.43,265.3,0,3
SHORT,Micro_IBSP:hi,TChan_A15:hi,4,3,1,5.0,26.73,106.9,0,4
SHORT,Bar_Range:hi,VAH_Side:==-1,3,3,0,5.0,573.33,1720.0,0,3
SHORT,DailyOpen_Dist_ATR:lo,Micro_PriceAccel:lo,3,3,0,8.33,635.33,1906.0,0,3
SHORT,DailyOpen_Dist_ATR:lo,Micro_RangeVelocity:lo,3,3,0,5.67,640.93,1922.8,0,3
SHORT,Lower_Wick:lo,Micro_AutoCorr:lo,3,3,0,5.67,627.2,1881.6,0,3
SHORT,Lower_Wick:lo,Micro_MicroGap:hi,4,3,1,6.75,4081.82,16327.3,0,4
SHORT,Micro_PriceAccel:lo,WeeklyOpen_Side:==-1,3,3,0,5.33,598.67,1796.0,0,3
SHORT,Micro_RangeAccel:lo,TChan_A15:hi,3,3,0,5.33,553.57,1660.7,0,3
SHORT,Micro_RangeAccel:lo,WeeklyOpen_Side:==-1,3,3,0,5.33,598.67,1796.0,0,3
SHORT,Micro_RangeVelocity:lo,TChan_A15:hi,3,3,0,4.33,547.5,1642.5,0,3
SHORT,Micro_Entropy:lo,Micro_PriceAccel:hi,3,3,0,4.67,310.8,932.4,0,3
SHORT,Micro_FailedBreak:lo,Micro_TickIntensity:hi,3,3,0,5.33,276.87,830.6,0,3
SHORT,Micro_PriceAccel:hi,Micro_WickImbalance:lo,3,3,0,4.67,310.8,932.4,0,3
SHORT,Micro_TickIntensity:hi,OBVf_DirStepCount:hi,3,3,0,4.33,273.47,820.4,0,3
SHORT,Micro_TickIntensity:hi,WeeklyOpen_Side:==-1,3,3,0,4.33,273.47,820.4,0,3
SHORT,OBV_Velocity:lo,VAH_Side:==-1,3,3,0,4.33,328.1,984.3,0,3
SHORT,Bar_Range:hi,Micro_PriceAccel:hi,3,3,0,6.0,197.33,592.0,0,3
SHORT,Lower_Wick:lo,Micro_PriceAccel:hi,3,3,0,6.0,197.33,592.0,0,3
SHORT,Micro_VolAccel:hi,Slope_Accel_LT:lo,3,3,0,4.33,121.07,363.2,0,3
SHORT,ADX_Value:lo,Micro_OrderFlowDelta:hi,3,3,0,5.0,83.9,251.7,0,3
SHORT,AT_Lookback_ST:hi,Slope_EMA_ST:lo,3,3,0,5.33,69.33,208.0,0,3
SHORT,Micro_TickIntensity:hi,Slope_EMA_ST:lo,3,3,0,5.33,69.33,208.0,0,3
SHORT,Session_High_Dist_ATR:hi,Slope_EMA_ST:lo,3,3,0,6.67,169.33,508.0,0,3
SHORT,AT_Slope_ST:lo,Lower_Wick:hi,3,3,0,7.0,82.1,246.3,0,3
SHORT,AT_Slope_ST:lo,Micro_LogReturn:lo,3,3,0,7.0,82.1,246.3,0,3
SHORT,OBVf_Signal:==1,PrevDay_Close_Dist_ATR:hi,3,3,0,7.0,101.93,305.8,0,3
SHORT,PrevDay_Close_Dist_ATR:hi,WeeklyOpen_Dist_ATR:hi,3,3,0,5.0,148.23,444.7,0,3
SHORT,AT_Score_LT:lo,RangeOsc_Val:lo,3,3,0,4.67,109.13,327.4,0,3
SHORT,Dist_To_PoC_ATR:lo,Micro_LogReturn:lo,3,3,0,5.0,400.53,1201.6,0,3
SHORT,Dist_To_PoC_ATR:lo,TChan_A15:hi,3,3,0,4.67,126.07,378.2,0,3
SHORT,Micro_Lambda:hi,RangeOsc_Val:lo,3,3,0,6.0,197.8,593.4,0,3
SHORT,Micro_Lambda:hi,Slope_Accel_ST:lo,3,3,0,5.67,170.87,512.6,0,3
SHORT,Micro_LogReturn:lo,RangeOsc_Val:lo,3,3,0,5.0,400.53,1201.6,3,0
SHORT,Micro_LogReturn:lo,Slope_Accel_LT:hi,3,3,0,5.0,400.53,1201.6,3,0
SHORT,Slope_Accel_LT:hi,TChan_A15:hi,3,3,0,4.67,126.07,378.2,0,3
SHORT,Micro_FailedBreak:lo,Slope_EMA_ST:lo,3,3,0,4.33,48.33,145.0,0,3
SHORT,RangeOsc_Val:lo,Slope_EMA_ST:lo,3,3,0,4.67,85.47,256.4,0,3
SHORT,Bars_Since_Flip:hi,DailyOpen_Dist_ATR:hi,3,3,0,5.67,377.67,1133.0,0,3
SHORT,Bars_Since_Flip:hi,Micro_Hurst:lo,3,3,0,5.67,377.67,1133.0,0,3
SHORT,DailyOpen_Dist_ATR:hi,PrevDay_Close_Dist_ATR:hi,3,3,0,5.67,377.67,1133.0,0,3
SHORT,DailyOpen_Dist_ATR:hi,Sqz_Val:hi,3,3,0,5.67,377.67,1133.0,0,3
SHORT,Micro_HLAsymmetry:hi,OBV_Velocity:hi,3,3,0,6.0,164.6,493.8,0,3
SHORT,Micro_Hurst:lo,PrevDay_Close_Dist_ATR:hi,3,3,0,5.67,377.67,1133.0,0,3
SHORT,Micro_Hurst:lo,Sqz_Val:hi,3,3,0,5.67,377.67,1133.0,0,3
SHORT,Slope_EMA_ST:lo,TChan_A15:hi,3,3,0,5.33,164.53,493.6,0,3
SHORT,ADX_Value:lo,Micro_VolAccel:hi,3,3,0,6.0,127.57,382.7,0,3
SHORT,ADX_Value:lo,TChan_A15:hi,3,3,0,4.0,81.07,243.2,0,3
SHORT,Body_Size:lo,Micro_VolAccel:hi,3,3,0,4.33,130.57,391.7,3,0
SHORT,Body_Size:lo,OR_Low_Side:==-1,3,3,0,4.33,130.57,391.7,3,0
SHORT,Micro_VolAccel:hi,OR_Low_Side:==-1,3,3,0,4.33,130.57,391.7,3,0
SHORT,Momentum_Value:hi,RangeOsc_Val:lo,3,3,0,5.33,123.27,369.8,0,3
SHORT,RangeOsc_Val:lo,Session_High_Dist_ATR:hi,3,3,0,5.33,123.27,369.8,0,3
SHORT,D2D_Dynamic_Sensitivity:lo,Micro_VPIN:lo,4,3,1,6.25,37.58,150.3,0,4
SHORT,D2D_Dynamic_Sensitivity:lo,Slope_EMA_LT:hi,4,3,1,6.25,37.58,150.3,0,4
SHORT,EMA_Oscillator:lo,Micro_VPIN:lo,3,3,0,5.67,171.2,513.6,0,3
SHORT,EMA_Oscillator:lo,Slope_EMA_LT:hi,3,3,0,5.67,171.2,513.6,0,3
SHORT,Lower_Wick:lo,Micro_VPIN:lo,3,3,0,6.0,171.73,515.2,0,3
SHORT,Lower_Wick:lo,Slope_EMA_LT:hi,3,3,0,6.0,171.73,515.2,0,3
SHORT,Micro_Hurst:hi,Round_500_Dist_ATR:lo,3,3,0,4.33,161.83,485.5,0,3
SHORT,PrevDay_Close_Side:==-1,Session_High_Dist_ATR:lo,3,3,0,4.33,129.57,388.7,0,3
SHORT,ATR_1M:hi,Micro_FailedBreak:lo,3,3,0,3.67,101.0,303.0,0,3
SHORT,ATR_1M:hi,Micro_FractalDim:lo,3,3,0,3.67,101.0,303.0,0,3
SHORT,Micro_CSSpread:hi,Micro_FailedBreak:lo,3,3,0,3.67,101.0,303.0,0,3
SHORT,Micro_CSSpread:hi,Micro_FractalDim:lo,3,3,0,3.67,101.0,303.0,0,3
SHORT,Micro_FailedBreak:lo,RangeOsc_State:==2,3,3,0,3.67,101.0,303.0,0,3
SHORT,Micro_FractalDim:lo,RangeOsc_State:==2,3,3,0,3.67,101.0,303.0,0,3
SHORT,DailyOpen_Side:==-1,OBVf_Signal:==1,4,3,1,4.75,-6.83,-27.3,0,4
SHORT,KAMA_Dist:hi,Micro_BarEntropy:lo,3,3,0,4.67,120.83,362.5,0,3
SHORT,KAMA_Dist:hi,Micro_MicroGap:hi,3,3,0,4.33,133.33,400.0,0,3
SHORT,Micro_BarEntropy:lo,Micro_IBSP:hi,3,3,0,4.67,120.83,362.5,0,3
SHORT,Micro_BarEntropy:lo,Slope_EMA_ST:hi,4,3,1,5.0,313.12,1252.5,0,4
SHORT,Micro_IBSP:hi,Micro_MicroGap:hi,3,3,0,4.33,133.33,400.0,0,3
SHORT,Micro_MicroGap:hi,OR_High_Side:==1,3,3,0,4.67,150.37,451.1,0,3
SHORT,D2D_Signal:==-1,PrevDay_Close_Side:==-1,3,3,0,5.67,242.27,726.8,0,3
SHORT,D2D_Signal:==-1,Round_500_Dist_ATR:lo,3,3,0,5.67,242.27,726.8,0,3
SHORT,Micro_BarOverlap:lo,Micro_MicroGap:hi,3,3,0,4.33,131.83,395.5,0,3
SHORT,Micro_BarOverlap:lo,OBVf_Signal:==1,3,3,0,4.33,122.37,367.1,0,3
SHORT,Micro_HLAsymmetry:lo,OR_High_Side:==1,3,3,0,5.0,131.23,393.7,0,3
SHORT,Micro_MicroGap:hi,RangeOsc_State:==2,3,3,0,4.67,148.03,444.1,0,3
SHORT,OBVf_Signal:==1,Round_500_Dist_ATR:lo,3,3,0,5.33,425.93,1277.8,0,3
SHORT,Round_500_Dist_ATR:lo,Slope_EMA_ST:hi,3,3,0,5.67,113.3,339.9,0,3
SHORT,Micro_TickIntensity:hi,PrevDay_Close_Side:==-1,3,3,0,5.67,91.97,275.9,0,3
SHORT,MultiDay_Slope:lo,Upper_Wick:hi,3,3,0,4.67,171.1,513.3,0,3
SHORT,MultiDay_Slope:lo,VAH_Side:==-1,3,3,0,4.67,171.1,513.3,0,3
SHORT,MultiDay_Slope:lo,Volume_Avg_10:hi,3,3,0,5.0,192.0,576.0,0,3
SHORT,OBV_Macd:lo,Upper_Wick:hi,3,3,0,4.67,171.1,513.3,0,3
SHORT,OBV_Macd:lo,VAH_Side:==-1,3,3,0,4.67,171.1,513.3,0,3
SHORT,OBV_Macd:lo,Volume_Avg_10:hi,3,3,0,5.0,192.0,576.0,0,3
SHORT,AT_Regime_ST:==0,Micro_VolAccel:lo,3,3,0,7.33,4943.67,14831.0,0,3
SHORT,AT_Regime_ST:==0,Momentum_Value:hi,3,3,0,4.67,80.37,241.1,0,3
SHORT,Bar_Range:hi,Momentum_Value:hi,3,3,0,4.67,80.37,241.1,0,3
SHORT,Lower_Wick:lo,Momentum_Value:hi,3,3,0,4.67,80.37,241.1,0,3
SHORT,Micro_RangeVelocity:lo,Momentum_Value:hi,3,3,0,4.67,80.37,241.1,0,3
SHORT,AT_Regime_ST:==0,Micro_BarOverlap:hi,3,3,0,5.67,94.03,282.1,0,3
SHORT,AT_Regime_ST:==0,Slope_EMA_ST:hi,4,3,1,4.5,321.62,1286.5,0,4
SHORT,AT_Regime_ST:==0,Volume:hi,4,3,1,6.5,3612.1,14448.4,0,4
SHORT,AT_Slope_LT:hi,Slope_EMA_ST:hi,3,3,0,4.67,108.57,325.7,0,3
SHORT,AT_Slope_LT:hi,Volume:hi,3,3,0,7.0,4957.0,14871.0,0,3
SHORT,Lower_Wick:lo,Slope_Accel_ST:hi,3,3,0,4.33,393.43,1180.3,0,3
SHORT,Lower_Wick:lo,VA_Position:hi,3,3,0,4.33,393.43,1180.3,0,3
SHORT,Micro_BarOverlap:hi,Slope_EMA_ST:hi,3,3,0,4.67,108.57,325.7,0,3
SHORT,Micro_RangeVelocity:lo,Slope_Accel_ST:hi,3,3,0,4.33,415.17,1245.5,0,3
SHORT,Micro_RangeVelocity:lo,VA_Position:hi,3,3,0,4.33,415.17,1245.5,0,3
SHORT,Micro_RollProxy:lo,OBVf_Signal:==1,4,3,1,4.25,-54.88,-219.5,0,4
SHORT,OBVf_Signal:==1,Volume_Ratio_10:lo,4,3,1,4.25,-54.88,-219.5,0,4
SHORT,AT_Regime_ST:==0,D2D_Dynamic_Sensitivity:lo,3,3,0,7.0,4940.23,14820.7,0,3
SHORT,AT_Slope_LT:hi,Micro_RangeAccel:lo,3,3,0,8.67,4991.5,14974.5,0,3
SHORT,AT_Slope_LT:hi,Micro_VolAccel:lo,3,3,0,7.67,4978.7,14936.1,0,3
SHORT,Micro_IBSP:lo,Micro_MicroGap:hi,3,3,0,8.0,5036.8,15110.4,0,3
SHORT,Micro_IBSP:lo,Micro_ThrustEff:lo,3,3,0,8.0,5036.8,15110.4,0,3
SHORT,Micro_MicroGap:hi,VWAP_Dist_ATR:lo,3,3,0,8.0,5040.97,15122.9,0,3
SHORT,Micro_ThrustEff:lo,VWAP_Dist_ATR:lo,3,3,0,8.0,5040.97,15122.9,0,3
SHORT,Micro_ThrustEff:lo,Volume:hi,3,3,0,7.33,4983.33,14950.0,0,3
SHORT,VWAP_Dist_ATR:lo,Volume:hi,3,3,0,9.0,5148.07,15444.2,0,3
SHORT,VWAP_Dist_ATR:lo,Volume_Avg_10:hi,3,3,0,8.0,5195.33,15586.0,0,3
SHORT,Body_Size:hi,Micro_WickImbalance:lo,3,3,0,9.0,225.73,677.2,0,3
SHORT,Body_Size:hi,VAL_Side:==0,3,3,0,9.0,225.73,677.2,0,3
SHORT,Micro_PriceAccel:lo,Micro_TickIntensity:hi,3,3,0,4.67,70.23,210.7,0,3
SHORT,Micro_BarEntropy:hi,Micro_TickIntensity:lo,3,3,0,4.67,172.63,517.9,0,3
SHORT,Micro_BarEntropy:hi,OBV_Velocity:lo,3,3,0,4.67,172.63,517.9,0,3
SHORT,Micro_HLAsymmetry:lo,Upper_Wick:hi,3,3,0,4.67,142.6,427.8,0,3
SHORT,Micro_TickIntensity:lo,Round_100_Dist_ATR:lo,3,3,0,4.67,172.63,517.9,0,3
SHORT,OBV_Velocity:lo,Round_100_Dist_ATR:lo,3,3,0,4.67,172.63,517.9,0,3
SHORT,D2D_ATR:hi,D2D_Signal:==-1,3,3,0,6.33,403.3,1209.9,0,3
SHORT,D2D_ATR:hi,Micro_IBSP:lo,3,3,0,7.0,238.0,714.0,0,3
SHORT,D2D_ATR:hi,Micro_WickImbalance:hi,3,3,0,7.0,238.0,714.0,0,3
SHORT,D2D_Dn_Count:hi,PrevDay_High_Side:==1,3,3,0,5.0,147.73,443.2,0,3
SHORT,D2D_Signal:==-1,PrevDay_Close_Dist_ATR:lo,3,3,0,5.33,183.4,550.2,0,3
SHORT,D2D_Signal:==-1,PrevDay_High_Side:==1,3,3,0,5.33,183.4,550.2,0,3
SHORT,D2D_Signal:==-1,RangeOsc_State:==-1,3,3,0,6.33,403.3,1209.9,0,3
SHORT,D2D_Signal:==-1,VWAP_Side:==1,3,3,0,5.33,183.4,550.2,0,3
SHORT,D2D_Signal:==-1,Volume_Ratio_10:hi,3,3,0,5.33,192.03,576.1,0,3
SHORT,Micro_IBSP:lo,PrevDay_Close_Dist_ATR:lo,3,3,0,6.0,231.97,695.9,0,3
SHORT,Micro_IBSP:lo,VWAP_Side:==1,3,3,0,6.0,231.97,695.9,0,3
SHORT,Micro_RangeAccel:lo,PrevDay_High_Side:==1,3,3,0,6.67,187.27,561.8,0,3
SHORT,PrevDay_High_Side:==1,Slope_Accel_ST:lo,3,3,0,5.0,147.73,443.2,0,3
SHORT,AT_Slope_ST:lo,EMA_Oscillator:lo,4,3,1,6.5,-92.92,-371.7,0,4
SHORT,AT_Slope_ST:lo,Micro_BarOverlap:hi,4,3,1,7.25,-64.55,-258.2,0,4
SHORT,AT_Slope_ST:lo,MultiDay_Slope:hi,3,3,0,6.67,232.77,698.3,0,3
SHORT,D2D_Dynamic_Sensitivity:lo,Micro_LogReturn:hi,3,3,0,6.0,186.13,558.4,0,3
SHORT,Lower_Wick:lo,Micro_LogReturn:hi,3,3,0,6.33,293.2,879.6,0,3
SHORT,Micro_LogReturn:hi,Micro_RangeVelocity:lo,3,3,0,6.33,293.2,879.6,0,3
SHORT,Micro_LogReturn:hi,Volume_Ratio_10:hi,3,3,0,6.0,149.3,447.9,0,3
SHORT,MultiDay_Slope:hi,Volume_Ratio_10:hi,3,3,0,5.67,157.33,472.0,0,3
SHORT,AT_Score_LT:hi,Micro_MicroGap:hi,3,3,0,4.67,136.37,409.1,0,3
SHORT,AT_Score_LT:hi,Micro_ThrustEff:lo,3,3,0,4.67,136.37,409.1,0,3
SHORT,Micro_MicroGap:hi,PrevDay_Close_Dist_ATR:lo,3,3,0,4.33,144.87,434.6,0,3
SHORT,Micro_MicroGap:hi,PrevDay_High_Side:==1,3,3,0,4.33,144.87,434.6,0,3
SHORT,Micro_MicroGap:hi,VWAP_Side:==1,3,3,0,4.33,144.87,434.6,0,3
SHORT,Micro_PriceAccel:lo,Micro_TickIntensity:lo,3,3,0,5.0,193.17,579.5,0,3
SHORT,Micro_PriceAccel:lo,PoC_Side:==0,3,3,0,5.0,193.17,579.5,0,3
SHORT,Micro_RangeAccel:lo,Micro_TickIntensity:lo,3,3,0,5.0,193.17,579.5,0,3
SHORT,Micro_RangeAccel:lo,PoC_Side:==0,3,3,0,5.0,193.17,579.5,0,3
SHORT,AT_Regime_ST:==0,DailyOpen_Side:==-1,4,3,1,5.0,16.5,66.0,0,4
SHORT,DailyOpen_Side:==-1,Lower_Wick:lo,4,3,1,5.0,16.5,66.0,0,4
SHORT,DailyOpen_Side:==-1,Micro_RangeVelocity:lo,4,3,1,5.0,16.5,66.0,0,4
SHORT,ADX_Value:lo,PrevDay_Close_Side:==-1,3,3,0,3.67,59.7,179.1,0,3
SHORT,Micro_Lambda:hi,VA_Position:hi,3,3,0,4.67,139.27,417.8,0,3
SHORT,PrevDay_Close_Side:==-1,VA_Position:hi,3,3,0,5.33,90.67,272.0,0,3
SHORT,Round_500_Dist_ATR:lo,VA_Position:hi,3,3,0,5.33,90.67,272.0,0,3
SHORT,Micro_OrderFlowDelta:hi,Micro_RollProxy:lo,3,3,0,5.67,78.47,235.4,0,3
SHORT,Micro_OrderFlowDelta:hi,Volume_Ratio_10:lo,3,3,0,5.67,78.47,235.4,0,3
SHORT,Body_Size:hi,PoC_Side:==0,3,3,0,5.0,156.67,470.0,0,3
SHORT,Body_Size:hi,Round_100_Dist_ATR:lo,3,3,0,5.0,156.67,470.0,0,3
SHORT,Efficiency_Ratio:hi,Slope_Accel_LT:lo,3,3,0,5.33,208.9,626.7,0,3
SHORT,Efficiency_Ratio:hi,WeeklyOpen_Dist_ATR:lo,3,3,0,5.0,162.83,488.5,0,3
SHORT,Micro_BarEntropy:hi,Micro_OrderFlowDelta:hi,3,3,0,4.33,121.07,363.2,0,3
SHORT,Micro_BarEntropy:hi,Slope_Accel_LT:lo,3,3,0,4.33,121.07,363.2,0,3
SHORT,Micro_OrderFlowDelta:hi,Round_100_Dist_ATR:lo,3,3,0,4.33,121.07,363.2,0,3
SHORT,Round_100_Dist_ATR:lo,Slope_Accel_LT:lo,3,3,0,4.33,121.07,363.2,0,3
SHORT,AT_Lookback_ST:hi,AT_Score_LT:lo,3,3,0,5.0,58.83,176.5,0,3
SHORT,AT_Score_LT:lo,D2D_ATR_MA:hi,3,3,0,5.33,96.93,290.8,0,3
SHORT,AT_Score_LT:lo,Micro_TickIntensity:hi,3,3,0,5.0,58.83,176.5,0,3
SHORT,AT_Score_LT:lo,Session_High_Dist_ATR:hi,3,3,0,5.33,96.93,290.8,0,3
SHORT,Micro_OrderFlowDelta:hi,Slope_Accel_ST:hi,3,3,0,5.0,142.23,426.7,0,3
SHORT,Micro_OrderFlowDelta:hi,Slope_EMA_ST:hi,3,3,0,5.0,142.23,426.7,0,3
SHORT,Micro_OrderFlowDelta:hi,VA_Position:hi,3,3,0,5.0,142.23,426.7,0,3
SHORT,Micro_TickIntensity:hi,Slope_Accel_ST:hi,3,3,0,6.33,523.07,1569.2,0,3
SHORT,Micro_TickIntensity:hi,Slope_EMA_ST:hi,3,3,0,6.33,523.07,1569.2,0,3
SHORT,Micro_TickIntensity:hi,VA_Position:hi,3,3,0,6.33,523.07,1569.2,0,3
SHORT,Slope_EMA_ST:hi,Volume_Avg_10:hi,3,3,0,5.67,123.1,369.3,0,3
SHORT,D2D_Signal:==-1,PrevDay_High_Dist_ATR:lo,3,3,0,6.33,209.3,627.9,0,3
SHORT,PrevDay_High_Dist_ATR:lo,VWAP_Sigma_ATR:lo,3,3,0,6.33,209.3,627.9,0,3
SHORT,AT_Regime_ST:==0,D2D_ATR_MA:hi,3,3,0,5.0,134.67,404.0,0,3
SHORT,D2D_ATR_MA:hi,Micro_BarEntropy:lo,3,3,0,9.0,628.17,1884.5,0,3
SHORT,Micro_MicroGap:lo,Micro_RangeVelocity:lo,3,3,0,4.67,713.07,2139.2,0,3
SHORT,Micro_HLAsymmetry:lo,VWAP_Sigma_ATR:lo,3,3,0,6.33,158.13,474.4,0,3
SHORT,Session_High_Dist_ATR:lo,VWAP_Sigma_ATR:lo,3,3,0,6.33,158.13,474.4,0,3
SHORT,KAMA_Dist:hi,MultiDay_Slope:hi,3,3,0,4.67,266.83,800.5,0,3
SHORT,KAMA_Dist:hi,RangeOsc_State:==2,3,3,0,4.33,269.73,809.2,0,3
SHORT,Micro_IBSP:hi,MultiDay_Slope:hi,3,3,0,4.67,266.83,800.5,0,3
SHORT,Micro_IBSP:hi,RangeOsc_State:==2,3,3,0,4.33,269.73,809.2,0,3
SHORT,MultiDay_Slope:hi,PrevDay_Close_Side:==-1,3,3,0,4.33,354.97,1064.9,0,3
SHORT,Micro_CSSpread:hi,Micro_ThrustEff:lo,3,3,0,4.67,120.6,361.8,0,3
SHORT,Micro_CSSpread:hi,Slope_Accel_ST:lo,3,3,0,5.67,168.6,505.8,0,3
SHORT,AT_Slope_ST:hi,Round_500_Dist_ATR:lo,3,3,0,5.33,139.6,418.8,0,3
SHORT,RangeOsc_State:==2,Slope_Accel_ST:hi,3,3,0,6.0,119.67,359.0,0,3
SHORT,Round_500_Dist_ATR:lo,Sqz_Val:hi,3,3,0,5.67,94.63,283.9,0,3
SHORT,Micro_MicroGap:lo,Momentum_Value:hi,3,3,0,6.0,178.73,536.2,0,3
SHORT,Micro_MicroGap:lo,OR_High_Dist_ATR:hi,3,3,0,5.33,92.27,276.8,0,3
SHORT,Micro_MicroGap:lo,Slope_Accel_ST:hi,3,3,0,6.0,132.33,397.0,0,3
SHORT,Micro_MicroGap:lo,Slope_EMA_ST:hi,3,3,0,6.0,132.33,397.0,0,3
SHORT,Micro_MicroGap:lo,Sqz_State:==-1,3,3,0,5.33,92.27,276.8,0,3
SHORT,Micro_MicroGap:lo,Sqz_Val:hi,3,3,0,5.33,96.93,290.8,0,3
SHORT,Micro_MicroGap:lo,VA_Position:hi,3,3,0,6.0,132.33,397.0,0,3
SHORT,Micro_TickIntensity:hi,RangeOsc_State:==2,3,3,0,5.67,98.63,295.9,0,3
SHORT,Momentum_Value:hi,PrevDay_Close_Side:==-1,3,3,0,5.67,153.7,461.1,0,3
SHORT,Momentum_Value:hi,Round_500_Dist_ATR:lo,3,3,0,5.67,153.7,461.1,0,3
SHORT,Momentum_Value:hi,Upper_Wick:hi,3,3,0,6.0,178.73,536.2,0,3
SHORT,OR_High_Dist_ATR:hi,Upper_Wick:hi,3,3,0,5.33,92.27,276.8,0,3
SHORT,Slope_Accel_ST:hi,TChan_A15:hi,3,3,0,6.67,553.5,1660.5,0,3
SHORT,Slope_Accel_ST:hi,Upper_Wick:hi,3,3,0,6.0,132.33,397.0,0,3
SHORT,Slope_EMA_ST:hi,TChan_A15:hi,3,3,0,6.67,553.5,1660.5,0,3
SHORT,Slope_EMA_ST:hi,Upper_Wick:hi,3,3,0,6.0,132.33,397.0,0,3
SHORT,Sqz_State:==-1,Upper_Wick:hi,3,3,0,5.33,92.27,276.8,0,3
SHORT,Sqz_Val:hi,Upper_Wick:hi,3,3,0,5.33,96.93,290.8,0,3
SHORT,Upper_Wick:hi,VA_Position:hi,3,3,0,6.0,132.33,397.0,0,3
SHORT,Micro_IBSP:lo,Micro_MomoTransfer:hi,3,3,0,5.0,173.33,520.0,0,3
SHORT,Micro_MomoTransfer:hi,Session_High_Dist_ATR:lo,3,3,0,9.67,200.2,600.6,0,3
SHORT,Micro_PriceAccel:hi,PrevDay_High_Dist_ATR:lo,3,3,0,6.33,479.6,1438.8,0,3
SHORT,Session_High_Dist_ATR:lo,VAH_Side:==0,3,3,0,8.67,461.8,1385.4,0,3
SHORT,Micro_MomoTransfer:hi,Micro_ThrustEff:lo,3,3,0,5.0,207.67,623.0,0,3
SHORT,D2D_Dynamic_Sensitivity:lo,Micro_Rejection:hi,3,3,0,3.67,60.27,180.8,0,3
SHORT,Micro_GarmanKlass:hi,Micro_HLAsymmetry:hi,4,3,1,5.5,194.6,778.4,0,4
SHORT,Micro_HLAsymmetry:hi,WeeklyOpen_Dist_ATR:hi,4,3,1,5.5,194.6,778.4,0,4
SHORT,OR_High_Side:==1,PrevDay_High_Side:==1,3,3,0,4.0,360.07,1080.2,0,3
SHORT,EMA_Oscillator:lo,Slope_Accel_LT:lo,3,3,0,4.67,119.2,357.6,0,3
SHORT,Micro_CSSpread:lo,PrevDay_High_Side:==1,3,3,0,4.0,101.73,305.2,0,3
SHORT,Micro_LogReturn:hi,OBVf_Signal:==1,3,3,0,4.67,107.5,322.5,0,3
SHORT,Micro_LogReturn:hi,Sqz_Val:hi,3,3,0,4.67,96.67,290.0,0,3
SHORT,OBVf_Signal:==1,PrevDay_Close_Dist_ATR:lo,3,3,0,4.0,139.2,417.6,0,3
SHORT,OBVf_Signal:==1,VWAP_Side:==1,3,3,0,4.0,139.2,417.6,0,3
SHORT,PrevDay_High_Side:==1,Slope_EMA_ST:hi,3,3,0,4.67,158.73,476.2,0,3
SHORT,D2D_Dynamic_Sensitivity:lo,Sqz_Val:hi,3,3,0,4.33,60.17,180.5,0,3
SHORT,ATR_1M:hi,Micro_ThrustEff:lo,3,3,0,4.67,131.53,394.6,0,3
SHORT,ATR_1M:hi,Volume_Ratio_10:hi,3,3,0,5.0,183.83,551.5,0,3
SHORT,AT_Score_LT:hi,OR_High_Side:==1,3,3,0,3.67,74.2,222.6,0,3
SHORT,Micro_BarEntropy:lo,RangeOsc_State:==-2,3,3,0,4.0,258.47,775.4,0,3
SHORT,Micro_BarEntropy:lo,VWAP_Sigma:hi,3,3,0,4.0,258.47,775.4,0,3
SHORT,AT_Score_LT:lo,Micro_Hurst:hi,3,3,0,4.33,98.67,296.0,0,3
SHORT,AT_Score_LT:lo,Micro_RangeVelocity:lo,3,3,0,4.0,132.17,396.5,0,3
SHORT,Micro_Lambda:hi,Micro_PriceAccel:hi,3,3,0,6.67,261.3,783.9,0,3
SHORT,Micro_PriceAccel:hi,Slope_Accel_ST:lo,3,3,0,5.67,162.47,487.4,0,3
SHORT,ATR_1M:hi,Micro_RangeAccel:lo,3,3,0,5.67,197.37,592.1,0,3
SHORT,ATR_1M:hi,VWAP_Dist_ATR:lo,3,3,0,5.67,197.37,592.1,0,3
SHORT,ATR_1M:hi,VWAP_Sigma_ATR:lo,3,3,0,5.67,197.37,592.1,0,3
SHORT,D2D_Signal:==-1,Micro_CSSpread:hi,3,3,0,5.67,197.37,592.1,0,3
SHORT,Micro_CSSpread:hi,Micro_RangeAccel:lo,3,3,0,5.67,197.37,592.1,0,3
SHORT,Micro_CSSpread:hi,VWAP_Dist_ATR:lo,3,3,0,5.67,197.37,592.1,0,3
SHORT,Micro_CSSpread:hi,VWAP_Sigma_ATR:lo,3,3,0,5.67,197.37,592.1,0,3
SHORT,Bar_Range:hi,MultiDay_Slope:lo,3,3,0,4.67,196.0,588.0,0,3
SHORT,Bar_Range:hi,OBV_Macd:lo,3,3,0,4.67,196.0,588.0,0,3
SHORT,EMA_Oscillator:lo,Micro_TickIntensity:lo,3,3,0,5.33,219.33,658.0,0,3
SHORT,EMA_Oscillator:lo,OBV_Velocity:lo,3,3,0,5.33,219.33,658.0,0,3
SHORT,Lower_Wick:lo,Micro_TickIntensity:lo,3,3,0,5.33,219.33,658.0,0,3
SHORT,Lower_Wick:lo,PoC_Side:==0,3,3,0,5.33,219.33,658.0,0,3
SHORT,Micro_BarEntropy:lo,Micro_RangeAccel:lo,3,3,0,10.0,159.37,478.1,0,3
SHORT,Micro_HLAsymmetry:lo,Micro_RangeAccel:lo,3,3,0,10.0,228.97,686.9,0,3
SHORT,ATR_1M:hi,AT_Slope_LT:hi,3,3,0,4.33,105.0,315.0,0,3
SHORT,AT_Slope_LT:hi,Micro_CSSpread:hi,3,3,0,4.33,105.0,315.0,0,3
SHORT,AT_Slope_LT:hi,Micro_HLAsymmetry:lo,3,3,0,4.67,126.07,378.2,0,3
SHORT,AT_Slope_LT:hi,RangeOsc_State:==2,3,3,0,4.33,105.0,315.0,0,3
SHORT,Micro_BarOverlap:hi,Micro_VolAccel:lo,3,3,0,4.67,105.93,317.8,0,3
SHORT,Micro_HLAsymmetry:lo,Micro_MicroGap:lo,3,3,0,9.0,749.2,2247.6,0,3
SHORT,Micro_Lambda:hi,Micro_OrderFlowDelta:hi,3,3,0,4.67,129.53,388.6,0,3
SHORT,Micro_Lambda:hi,Slope_EMA_ST:hi,3,3,0,4.67,152.73,458.2,0,3
SHORT,Micro_OrderFlowDelta:hi,Micro_RangeVelocity:lo,3,3,0,4.0,107.33,322.0,0,3
SHORT,KAMA_Dist:hi,Micro_RollProxy:hi,3,3,0,4.33,118.97,356.9,0,3
SHORT,KAMA_Dist:hi,OBV_Velocity:hi,3,3,0,4.33,118.97,356.9,0,3
SHORT,KAMA_Dist:hi,PrevDay_High_Dist_ATR:lo,3,3,0,4.33,118.97,356.9,0,3
SHORT,Micro_IBSP:hi,Micro_RollProxy:hi,3,3,0,4.33,118.97,356.9,0,3
SHORT,Micro_IBSP:hi,OBV_Velocity:hi,3,3,0,4.33,118.97,356.9,0,3
SHORT,Micro_IBSP:hi,PrevDay_High_Dist_ATR:lo,3,3,0,4.33,118.97,356.9,0,3
SHORT,AT_Slope_LT:hi,Micro_Hurst:hi,3,3,0,5.33,102.47,307.4,0,3
SHORT,AT_Slope_LT:hi,Micro_Lambda:hi,3,3,0,5.33,102.47,307.4,0,3
SHORT,KAMA_Dist:hi,Micro_Hurst:hi,3,3,0,4.33,81.5,244.5,0,3
SHORT,KAMA_Dist:hi,Micro_RangeVelocity:lo,3,3,0,4.33,124.83,374.5,0,3
SHORT,Micro_Hurst:hi,Micro_IBSP:hi,4,3,1,4.0,21.52,86.1,0,4
SHORT,Micro_IBSP:hi,Micro_RangeVelocity:lo,3,3,0,4.33,124.83,374.5,0,3
SHORT,AT_Lookback_ST:hi,PrevDay_High_Side:==1,3,3,0,5.0,106.03,318.1,0,3
SHORT,D2D_ATR_MA:hi,Micro_Rejection:hi,3,3,0,6.33,72.3,216.9,0,3
SHORT,D2D_ATR_MA:hi,PrevDay_High_Side:==1,3,3,0,6.33,72.3,216.9,0,3
SHORT,Micro_TickIntensity:hi,PrevDay_High_Side:==1,3,3,0,5.0,106.03,318.1,0,3
SHORT,Bar_Range:hi,DailyOpen_Dist_ATR:hi,3,3,0,6.0,101.33,304.0,0,3
SHORT,Bar_Range:hi,Micro_Hurst:lo,3,3,0,6.0,101.33,304.0,0,3
SHORT,Bar_Range:hi,OBV_Velocity:hi,3,3,0,4.33,104.3,312.9,0,3
SHORT,DailyOpen_Dist_ATR:hi,PrevDay_High_Side:==1,3,3,0,6.0,101.33,304.0,0,3
SHORT,DailyOpen_Dist_ATR:hi,PrevDay_Low_Dist_ATR:hi,3,3,0,6.0,101.33,304.0,0,3
SHORT,Micro_Hurst:lo,PrevDay_High_Side:==1,3,3,0,6.0,101.33,304.0,0,3
SHORT,Micro_Hurst:lo,PrevDay_Low_Dist_ATR:hi,3,3,0,6.0,101.33,304.0,0,3
SHORT,KAMA_Dist:hi,PrevDay_High_Side:==1,3,3,0,5.67,81.13,243.4,0,3
SHORT,Micro_IBSP:hi,PrevDay_High_Side:==1,3,3,0,5.67,81.13,243.4,0,3
SHORT,DailyOpen_Side:==-1,Micro_Hurst:hi,3,3,0,4.33,77.97,233.9,0,3
SHORT,Efficiency_Ratio:lo,Micro_Hurst:hi,3,3,0,3.67,56.23,168.7,0,3
SHORT,Micro_CSSpread:hi,PrevDay_Low_Dist_ATR:hi,3,3,0,5.0,126.4,379.2,0,3
SHORT,Micro_BarOverlap:hi,Micro_IBSP:lo,3,3,0,5.0,150.5,451.5,0,3
SHORT,Micro_BarOverlap:hi,Micro_PriceAccel:hi,3,3,0,5.0,150.5,451.5,0,3
SHORT,Micro_PriceAccel:hi,PrevDay_High_Side:==1,3,3,0,5.0,150.5,451.5,0,3
SHORT,Micro_BarEntropy:lo,Micro_OrderFlowDelta:hi,3,3,0,4.0,81.17,243.5,0,3
SHORT,Micro_OrderFlowDelta:hi,Session_High_Dist_ATR:lo,3,3,0,4.0,81.17,243.5,0,3
SHORT,Micro_TickIntensity:lo,PrevDay_Low_Side:==1,3,3,0,6.0,224.0,672.0,0,3
SHORT,OBV_Velocity:lo,PrevDay_Low_Side:==1,3,3,0,6.0,224.0,672.0,0,3
SHORT,ADX_Value:lo,Micro_RangeVelocity:lo,3,3,0,6.0,405.37,1216.1,0,3
SHORT,Micro_Lambda:hi,MultiDay_Slope:lo,3,3,0,4.67,180.93,542.8,0,3
SHORT,Micro_Lambda:hi,OBV_Macd:lo,3,3,0,4.67,180.93,542.8,0,3
SHORT,AT_Score_LT:hi,Micro_PriceAccel:hi,3,3,0,5.33,177.33,532.0,0,3
SHORT,Micro_IBSP:lo,OR_High_Side:==-1,3,3,0,5.67,136.03,408.1,0,3
SHORT,Micro_PriceAccel:hi,Volume:hi,3,3,0,6.67,272.8,818.4,0,3
SHORT,Micro_BarEntropy:lo,OR_High_Side:==-1,3,3,0,5.67,80.37,241.1,0,3
SHORT,AT_Regime_ST:==0,Session_High_Dist_ATR:lo,3,3,0,6.67,98.43,295.3,0,3
SHORT,AT_Score_LT:hi,Micro_CSSpread:hi,3,3,0,5.33,174.77,524.3,0,3
SHORT,ATR_1M:hi,Micro_IBSP:lo,3,3,0,6.67,227.23,681.7,0,3
SHORT,D2D_Signal:==-1,Micro_Lambda:hi,3,3,0,6.67,408.63,1225.9,0,3
SHORT,Micro_CSSpread:hi,Micro_IBSP:lo,3,3,0,6.67,227.23,681.7,0,3
SHORT,Micro_IBSP:lo,Micro_Lambda:hi,3,3,0,7.67,311.8,935.4,0,3
SHORT,Micro_IBSP:lo,RangeOsc_State:==2,3,3,0,6.67,227.23,681.7,0,3
SHORT,Micro_Lambda:hi,VWAP_Dist_ATR:lo,3,3,0,6.67,408.63,1225.9,0,3
SHORT,Micro_Lambda:hi,VWAP_Sigma_ATR:lo,3,3,0,6.67,408.63,1225.9,0,3
SHORT,Micro_RangeVelocity:lo,Micro_RollProxy:hi,3,3,0,6.0,199.97,599.9,0,3
SHORT,Micro_RangeVelocity:lo,OBV_Velocity:hi,3,3,0,6.0,199.97,599.9,0,3
SHORT,ATR_1M:hi,D2D_Dynamic_Sensitivity:lo,3,3,0,5.0,243.17,729.5,0,3
SHORT,Micro_HLAsymmetry:hi,Volume:hi,3,3,0,6.0,245.93,737.8,0,3
SHORT,Micro_Hurst:hi,Micro_LogReturn:hi,3,3,0,4.67,95.2,285.6,0,3
SHORT,EMA_Oscillator:lo,Micro_HLAsymmetry:hi,3,3,0,5.67,319.03,957.1,0,3
SHORT,EMA_Oscillator:lo,RangeOsc_State:==2,3,3,0,3.67,274.93,824.8,0,3
SHORT,OBVf_Signal:==1,PrevDay_Low_Dist_ATR:hi,3,3,0,6.33,97.7,293.1,0,3
SHORT,ATR_1M:hi,Micro_OrderFlowDelta:hi,3,3,0,4.0,103.07,309.2,0,3
SHORT,ATR_1M:hi,Micro_PriceAccel:lo,3,3,0,4.0,103.07,309.2,0,3
SHORT,Micro_CSSpread:hi,Micro_OrderFlowDelta:hi,3,3,0,4.0,103.07,309.2,0,3
SHORT,Micro_CSSpread:hi,Micro_PriceAccel:lo,3,3,0,4.0,103.07,309.2,0,3
SHORT,Micro_Hurst:hi,Sqz_Val:hi,3,3,0,6.33,86.87,260.6,0,3
SHORT,Micro_GarmanKlass:hi,Slope_Accel_LT:lo,3,3,0,4.33,76.07,228.2,0,3
SHORT,Micro_Rejection:hi,PrevDay_Low_Dist_ATR:hi,3,3,0,5.33,81.33,244.0,0,3
SHORT,PrevDay_High_Side:==1,VWAP_Sigma:lo,3,3,0,5.33,117.07,351.2,0,3
SHORT,AT_Lookback_LT:hi,PrevDay_High_Side:==1,3,3,0,4.0,150.53,451.6,0,3
SHORT,Micro_Amihud:lo,PrevDay_High_Side:==1,3,3,0,4.0,150.53,451.6,0,3
SHORT,Body_Size:hi,Session_High_Dist_ATR:lo,3,3,0,9.0,1000.8,3002.4,0,3
SHORT,Micro_Hurst:hi,Micro_MicroGap:lo,3,3,0,8.33,728.1,2184.3,0,3
SHORT,Session_High_Dist_ATR:lo,VWAP_Sigma:lo,3,3,0,9.0,1000.8,3002.4,0,3
SHORT,AT_Slope_ST:hi,Micro_CSSpread:lo,3,3,0,4.0,74.4,223.2,0,3
SHORT,OR_High_Dist_ATR:hi,Slope_Accel_LT:lo,3,3,0,4.33,68.33,205.0,0,3
SHORT,RangeOsc_State:==-2,Sqz_Val:hi,3,3,0,4.33,91.7,275.1,0,3
SHORT,Slope_Accel_LT:lo,Sqz_State:==-1,3,3,0,4.33,68.33,205.0,0,3
SHORT,Sqz_Val:hi,VWAP_Sigma:hi,3,3,0,4.33,91.7,275.1,0,3
SHORT,Sqz_Val:hi,Volume_Ratio_10:hi,3,3,0,4.33,91.7,275.1,0,3
SHORT,ADX_Value:lo,Micro_FailedBreak:lo,3,3,0,5.67,98.0,294.0,0,3
SHORT,ADX_Value:lo,Micro_FractalDim:lo,3,3,0,5.67,98.0,294.0,0,3
SHORT,Micro_FractalDim:lo,Micro_Hurst:hi,3,3,0,5.67,139.7,419.1,0,3
SHORT,Micro_PriceAccel:lo,Volume_Ratio_10:hi,3,3,0,4.33,91.17,273.5,0,3
SHORT,MultiDay_Position:hi,Volume_Ratio_10:hi,3,3,0,6.0,238.17,714.5,0,3
SHORT,Micro_BarEntropy:lo,Sqz_Val:hi,3,3,0,6.67,515.2,1545.6,0,3
SHORT,Micro_Lambda:hi,Sqz_Val:hi,3,3,0,6.33,134.8,404.4,0,3
SHORT,Micro_RangeVelocity:lo,PrevDay_Low_Dist_ATR:hi,3,3,0,7.67,133.93,401.8,0,3
SHORT,RangeOsc_State:==-2,WeeklyOpen_Dist_ATR:hi,3,3,0,3.33,71.77,215.3,0,3
SHORT,VWAP_Sigma:hi,WeeklyOpen_Dist_ATR:hi,3,3,0,3.33,71.77,215.3,0,3
SHORT,Bars_Since_Flip:hi,Micro_RollProxy:lo,3,3,0,5.0,74.67,224.0,0,3
SHORT,Bars_Since_Flip:hi,Volume:hi,3,3,0,5.0,74.67,224.0,0,3
SHORT,Bars_Since_Flip:hi,Volume_Ratio_10:lo,3,3,0,5.0,74.67,224.0,0,3
SHORT,Micro_RollProxy:lo,PrevDay_Close_Dist_ATR:hi,3,3,0,5.0,74.67,224.0,0,3
SHORT,PrevDay_Close_Dist_ATR:hi,Volume:hi,3,3,0,5.0,74.67,224.0,0,3
SHORT,PrevDay_Close_Dist_ATR:hi,Volume_Ratio_10:lo,3,3,0,5.0,74.67,224.0,0,3
SHORT,PrevDay_High_Side:==1,RangeOsc_State:==-2,3,3,0,3.33,88.57,265.7,0,3
SHORT,PrevDay_High_Side:==1,VWAP_Sigma:hi,3,3,0,3.33,88.57,265.7,0,3
SHORT,Micro_OrderFlowDelta:lo,MultiDay_Slope:lo,3,3,0,5.0,160.03,480.1,0,3
SHORT,Micro_OrderFlowDelta:lo,OBV_Macd:lo,3,3,0,5.0,160.03,480.1,0,3
SHORT,Micro_Entropy:lo,MultiDay_Slope:lo,3,3,0,5.33,205.9,617.7,0,3
SHORT,Micro_Entropy:lo,OBV_Macd:lo,3,3,0,5.33,205.9,617.7,0,3
SHORT,MultiDay_Slope:lo,PrevDay_High_Dist_ATR:lo,3,3,0,4.67,162.83,488.5,0,3
SHORT,OBV_Macd:lo,PrevDay_High_Dist_ATR:lo,3,3,0,4.67,162.83,488.5,0,3
SHORT,DailyOpen_Dist_ATR:lo,Volume:hi,3,3,0,9.0,216.4,649.2,0,3
SHORT,VWAP_Sigma:lo,Volume:hi,3,3,0,9.0,216.4,649.2,0,3
SHORT,ADX_Value:lo,AT_Score_LT:hi,3,3,0,7.0,356.63,1069.9,0,3
SHORT,ADX_Value:lo,D2D_ATR:hi,3,3,0,5.0,301.5,904.5,0,3
SHORT,ADX_Value:lo,RangeOsc_State:==-1,3,3,0,4.67,300.83,902.5,0,3
SHORT,AT_Score_LT:hi,RangeOsc_Val:lo,3,3,0,7.33,206.97,620.9,0,3
SHORT,D2D_ATR:hi,RangeOsc_Val:lo,3,3,0,7.33,206.97,620.9,0,3
SHORT,Micro_HLAsymmetry:lo,RangeOsc_Val:lo,3,3,0,9.0,213.97,641.9,0,3
SHORT,RangeOsc_State:==-1,RangeOsc_Val:lo,3,3,0,7.33,206.97,620.9,0,3
SHORT,RangeOsc_Val:lo,Volume_Ratio_10:hi,3,3,0,7.33,206.97,620.9,0,3
SHORT,Bar_Range:hi,Micro_FractalDim:lo,3,3,0,6.33,108.07,324.2,0,3
SHORT,EMA_Oscillator:lo,OR_High_Side:==1,3,3,0,3.33,49.7,149.1,0,3
SHORT,Body_Size:hi,TChan_A15:hi,3,3,0,5.33,163.43,490.3,0,3
SHORT,Micro_BarEntropy:hi,TChan_A15:hi,3,3,0,4.33,119.43,358.3,0,3
SHORT,PoC_Side:==0,TChan_A15:hi,3,3,0,4.33,119.43,358.3,0,3
SHORT,Round_100_Dist_ATR:lo,TChan_A15:hi,3,3,0,4.33,119.43,358.3,0,3
SHORT,DailyOpen_Dist_ATR:lo,Micro_Lambda:hi,3,3,0,5.33,200.27,600.8,0,3
SHORT,Micro_Hurst:hi,PrevDay_Low_Side:==1,3,3,0,9.33,250.93,752.8,0,3
SHORT,Micro_Hurst:hi,VAH_Side:==0,3,3,0,9.33,250.93,752.8,0,3
SHORT,Micro_Lambda:hi,VAH_Side:==0,3,3,0,5.33,208.93,626.8,0,3
SHORT,EMA_Oscillator:lo,Micro_BarOverlap:lo,3,3,0,3.33,93.9,281.7,0,3
SHORT,EMA_Oscillator:lo,Micro_OrderFlowDelta:hi,3,3,0,3.67,90.3,270.9,0,3
SHORT,Micro_IBSP:lo,Micro_PriceAccel:lo,3,3,0,4.67,189.33,568.0,0,3
SHORT,Micro_IBSP:lo,Micro_TickIntensity:lo,3,3,0,4.67,213.73,641.2,0,3
SHORT,Micro_IBSP:lo,OBV_Velocity:lo,3,3,0,4.67,213.73,641.2,0,3
SHORT,Micro_IBSP:lo,PoC_Side:==0,3,3,0,4.67,213.73,641.2,0,3
SHORT,Micro_PriceAccel:lo,Micro_WickImbalance:hi,3,3,0,4.67,189.33,568.0,0,3
SHORT,Micro_TickIntensity:lo,Micro_WickImbalance:hi,3,3,0,4.67,213.73,641.2,0,3
SHORT,Micro_TickIntensity:lo,RangeOsc_Val:lo,3,3,0,6.0,227.8,683.4,0,3
SHORT,Micro_TickIntensity:lo,Volume_Avg_10:hi,3,3,0,6.0,227.8,683.4,0,3
SHORT,Micro_WickImbalance:hi,OBV_Velocity:lo,3,3,0,4.67,213.73,641.2,0,3
SHORT,Micro_WickImbalance:hi,PoC_Side:==0,3,3,0,4.67,213.73,641.2,0,3
SHORT,OBV_Velocity:lo,RangeOsc_Val:lo,3,3,0,6.0,227.8,683.4,0,3
SHORT,OBV_Velocity:lo,Volume_Avg_10:hi,3,3,0,6.0,227.8,683.4,0,3
SHORT,EMA_Oscillator:lo,PrevDay_Low_Side:==1,3,3,0,9.33,241.47,724.4,0,3
SHORT,EMA_Oscillator:lo,VWAP_Z:lo,3,3,0,10.0,294.0,882.0,0,3
SHORT,Micro_PriceAccel:lo,VWAP_Z:lo,3,3,0,9.0,252.0,756.0,0,3
SHORT,OBVf_DirStepCount:hi,VWAP_Z:lo,3,3,0,5.67,213.8,641.4,0,3
SHORT,VWAP_Z:lo,WeeklyOpen_Side:==-1,3,3,0,5.67,213.8,641.4,0,3
SHORT,Efficiency_Ratio:hi,Micro_Hurst:hi,3,3,0,11.33,283.0,849.0,0,3
SHORT,Micro_OrderFlowDelta:hi,RangeOsc_Val:lo,3,3,0,5.33,124.6,373.8,0,3
SHORT,Efficiency_Ratio:hi,Micro_MomoTransfer:hi,3,3,0,9.33,233.33,700.0,0,3
SHORT,Micro_Entropy:lo,OBVf_Signal:==1,3,3,0,5.33,334.93,1004.8,0,3
SHORT,Micro_RangeAccel:lo,PrevDay_Low_Side:==1,3,3,0,9.33,259.33,778.0,0,3
SHORT,Micro_RangeVelocity:lo,RangeOsc_Val:lo,3,3,0,6.0,534.0,1602.0,0,3
SHORT,AT_Score_LT:lo,Micro_MomoTransfer:hi,3,3,0,4.0,98.67,296.0,0,3
SHORT,Body_Size:hi,RangeOsc_Val:lo,3,3,0,9.67,503.8,1511.4,0,3
SHORT,RangeOsc_Val:lo,VWAP_Sigma:lo,3,3,0,9.67,503.8,1511.4,0,3
SHORT,Micro_GarmanKlass:hi,Volume_Ratio_10:hi,3,3,0,3.67,80.97,242.9,0,3
SHORT,D2D_ATR:hi,Sqz_Val:hi,3,3,0,4.0,130.93,392.8,0,3
SHORT,AT_Regime_ST:==0,Micro_TickIntensity:hi,3,3,0,5.0,82.17,246.5,0,3
SHORT,D2D_ATR_MA:hi,PrevDay_Low_Side:==1,3,3,0,8.33,306.4,919.2,0,3
SHORT,D2D_ATR_MA:hi,VAH_Side:==0,3,3,0,8.33,306.4,919.2,0,3
SHORT,Micro_MomoTransfer:hi,VWAP_Sigma:lo,3,3,0,9.0,215.33,646.0,0,3
SHORT,TChan_A15:hi,Volume:hi,3,3,0,6.0,155.63,466.9,0,3
SHORT,D2D_ATR_MA:hi,RangeOsc_Val:lo,3,3,0,9.33,181.0,543.0,0,3
SHORT,Micro_MicroGap:lo,VAL_Side:==0,3,3,0,8.67,201.33,604.0,0,3
SHORT,Micro_HLAsymmetry:lo,Micro_WickImbalance:hi,3,3,0,5.67,231.8,695.4,0,3
SHORT,Micro_Hurst:hi,Micro_WickImbalance:hi,3,3,0,5.67,231.8,695.4,0,3
SHORT,Micro_Lambda:hi,Volume_Ratio_10:hi,3,3,0,5.67,387.27,1161.8,0,3
SHORT,RangeOsc_Val:lo,Sqz_Val:hi,3,3,0,5.33,104.87,314.6,0,3
SHORT,OR_High_Dist_ATR:hi,PrevDay_Low_Dist_ATR:hi,3,3,0,5.0,62.77,188.3,0,3
SHORT,PrevDay_Low_Dist_ATR:hi,Sqz_State:==-1,3,3,0,5.0,62.77,188.3,0,3
SHORT,AT_Lookback_LT:hi,AT_Score_LT:hi,2,2,0,4.5,296.25,592.5,0,2
SHORT,AT_Score_LT:hi,Body_Size:hi,2,2,0,4.5,296.25,592.5,0,2
SHORT,AT_Score_LT:hi,Micro_Amihud:lo,2,2,0,4.5,296.25,592.5,0,2
SHORT,Micro_WickImbalance:hi,RangeOsc_State:==-2,2,2,0,4.5,331.0,662.0,0,2
SHORT,Micro_WickImbalance:hi,VWAP_Sigma:hi,2,2,0,4.5,331.0,662.0,0,2
SHORT,AT_Slope_ST:lo,Micro_Lambda:hi,2,2,0,3.5,63.3,126.6,0,2
SHORT,AT_Slope_ST:hi,Body_Size:hi,2,2,0,6.0,282.2,564.4,0,2
SHORT,AT_Slope_ST:hi,D2D_Dynamic_Sensitivity:lo,2,2,0,5.5,191.85,383.7,0,2
SHORT,AT_Slope_ST:hi,Micro_Entropy:lo,2,2,0,6.0,212.6,425.2,0,2
SHORT,AT_Slope_ST:hi,Micro_OrderFlowDelta:lo,2,2,0,6.5,293.5,587.0,0,2
SHORT,AT_Slope_ST:hi,PrevDay_High_Dist_ATR:lo,2,2,0,6.5,210.25,420.5,0,2
SHORT,AT_Slope_ST:hi,VWAP_Sigma:lo,2,2,0,6.5,293.5,587.0,0,2
SHORT,Body_Size:hi,D2D_Dn_Count:hi,2,2,0,6.5,217.25,434.5,0,2
SHORT,Body_Size:hi,Slope_Accel_ST:lo,2,2,0,6.5,217.25,434.5,0,2
SHORT,D2D_ATR_MA:hi,VAH_Side:==-1,2,2,0,6.0,191.4,382.8,0,2
SHORT,D2D_Dn_Count:hi,Micro_Entropy:lo,2,2,0,10.5,7501.95,15003.9,0,2
SHORT,D2D_Dn_Count:hi,Micro_MicroGap:lo,2,2,0,6.5,203.25,406.5,0,2
SHORT,D2D_Dn_Count:hi,Micro_OrderFlowDelta:lo,2,2,0,6.5,203.25,406.5,0,2
SHORT,D2D_Dn_Count:hi,VWAP_Sigma:lo,2,2,0,6.5,203.25,406.5,0,2
SHORT,Micro_Entropy:lo,Micro_VolAccel:lo,2,2,0,10.5,7501.95,15003.9,0,2
SHORT,Micro_IBSP:lo,Micro_MicroGap:lo,2,2,0,6.5,203.25,406.5,0,2
SHORT,Micro_MicroGap:lo,VWAP_Z:lo,2,2,0,12.0,315.0,630.0,0,2
SHORT,Micro_VolAccel:lo,VWAP_Sigma:lo,2,2,0,7.5,220.15,440.3,0,2
SHORT,Micro_WickImbalance:hi,VWAP_Sigma:lo,2,2,0,7.0,629.7,1259.4,0,2
SHORT,PrevDay_High_Dist_ATR:lo,Upper_Wick:hi,2,2,0,6.0,223.4,446.8,0,2
SHORT,Slope_Accel_ST:lo,Upper_Wick:hi,2,2,0,6.5,228.75,457.5,0,2
SHORT,Upper_Wick:hi,VWAP_Z:lo,2,2,0,6.0,223.4,446.8,0,2
SHORT,VWAP_Sigma:lo,VWAP_Z:lo,2,2,0,12.0,315.0,630.0,0,2
SHORT,AT_Slope_LT:hi,Efficiency_Ratio:hi,2,2,0,8.0,7352.85,14705.7,0,2
SHORT,Body_Size:hi,Micro_MicroGap:hi,2,2,0,3.5,88.7,177.4,0,2
SHORT,Efficiency_Ratio:hi,Micro_MicroGap:hi,2,2,0,8.0,7352.85,14705.7,0,2
SHORT,Efficiency_Ratio:hi,PrevDay_Low_Side:==-1,2,2,0,8.0,7352.85,14705.7,0,2
SHORT,Micro_MicroGap:hi,VA_Position:hi,2,2,0,3.5,96.1,192.2,0,2
SHORT,Micro_RollProxy:lo,Slope_Accel_ST:hi,2,2,0,3.5,38.85,77.7,0,2
SHORT,Micro_RollProxy:lo,VA_Position:hi,2,2,0,3.5,38.85,77.7,0,2
SHORT,Slope_Accel_ST:hi,Volume:hi,2,2,0,3.5,38.85,77.7,0,2
SHORT,Slope_Accel_ST:hi,Volume_Ratio_10:lo,2,2,0,3.5,38.85,77.7,0,2
SHORT,VA_Position:hi,Volume:hi,2,2,0,3.5,38.85,77.7,0,2
SHORT,VA_Position:hi,Volume_Ratio_10:lo,2,2,0,3.5,38.85,77.7,0,2
SHORT,AT_Slope_ST:hi,Efficiency_Ratio:lo,2,2,0,4.5,590.4,1180.8,0,2
SHORT,AT_Slope_ST:hi,OR_High_Side:==1,2,2,0,4.5,590.4,1180.8,0,2
SHORT,D2D_Dn_Count:hi,PrevDay_Low_Dist_ATR:hi,2,2,0,4.5,72.75,145.5,0,2
SHORT,D2D_Signal:==-1,PrevDay_Low_Dist_ATR:hi,2,2,0,4.5,72.75,145.5,0,2
SHORT,Micro_ThrustEff:lo,PrevDay_Low_Dist_ATR:hi,2,2,0,4.5,82.0,164.0,0,2
SHORT,Body_Size:hi,D2D_Signal:==-1,2,2,0,4.5,113.85,227.7,0,2
SHORT,Body_Size:hi,VWAP_Dist_ATR:lo,2,2,0,4.5,113.85,227.7,0,2
SHORT,Body_Size:hi,VWAP_Sigma_ATR:lo,2,2,0,4.5,113.85,227.7,0,2
SHORT,Efficiency_Ratio:hi,VWAP_Dist_ATR:lo,2,2,0,9.0,7383.2,14766.4,0,2
SHORT,Micro_VolOfVol:lo,VWAP_Dist_ATR:lo,2,2,0,9.0,7383.2,14766.4,0,2
SHORT,ATR_1M:hi,AT_Regime_ST:==0,2,2,0,5.5,106.6,213.2,0,2
SHORT,AT_Regime_ST:==0,Micro_CSSpread:hi,2,2,0,5.5,106.6,213.2,0,2
SHORT,AT_Regime_ST:==0,Micro_HLAsymmetry:hi,2,2,0,5.5,112.0,224.0,0,2
SHORT,Micro_HLAsymmetry:hi,PrevDay_Close_Dist_ATR:lo,2,2,0,5.5,167.8,335.6,0,2
SHORT,Micro_HLAsymmetry:hi,VWAP_Side:==1,2,2,0,5.5,167.8,335.6,0,2
SHORT,ATR_1M:hi,AT_Slope_ST:hi,2,2,0,6.0,135.6,271.2,0,2
SHORT,ATR_1M:hi,Upper_Wick:hi,2,2,0,6.0,135.6,271.2,0,2
SHORT,Bar_Range:hi,Upper_Wick:hi,2,2,0,5.0,102.9,205.8,0,2
SHORT,D2D_ATR:hi,Micro_MicroGap:lo,2,2,0,7.0,92.5,185.0,0,2
SHORT,Micro_GarmanKlass:hi,Micro_MicroGap:lo,2,2,0,7.0,92.5,185.0,0,2
SHORT,Micro_MicroGap:lo,PrevDay_Low_Dist_ATR:hi,2,2,0,7.0,92.5,185.0,0,2
SHORT,Micro_MicroGap:lo,WeeklyOpen_Dist_ATR:hi,2,2,0,7.0,92.5,185.0,0,2
SHORT,MultiDay_Slope:hi,Upper_Wick:hi,2,2,0,5.0,101.7,203.4,0,2
SHORT,PrevDay_High_Side:==1,Upper_Wick:hi,2,2,0,6.0,135.6,271.2,0,2
SHORT,ADX_Value:lo,Lower_Wick:hi,2,2,0,4.0,59.4,118.8,0,2
SHORT,ADX_Value:lo,Micro_LogReturn:lo,2,2,0,4.0,59.4,118.8,0,2
SHORT,ADX_Value:lo,WeeklyOpen_Dist_ATR:hi,2,2,0,4.0,59.4,118.8,0,2
SHORT,Bar_Range:hi,VWAP_Sigma:lo,2,2,0,6.0,73.8,147.6,0,2
SHORT,Body_Size:hi,WeeklyOpen_Dist_ATR:hi,2,2,0,4.0,156.2,312.4,0,2
SHORT,EMA_Oscillator:lo,Lower_Wick:hi,2,2,0,4.0,59.4,118.8,0,2
SHORT,EMA_Oscillator:lo,Micro_LogReturn:lo,2,2,0,4.0,59.4,118.8,0,2
SHORT,EMA_Oscillator:lo,WeeklyOpen_Dist_ATR:hi,2,2,0,4.0,59.4,118.8,0,2
SHORT,PrevDay_Low_Dist_ATR:hi,VWAP_Sigma:lo,2,2,0,6.0,73.8,147.6,0,2
SHORT,VWAP_Sigma:lo,WeeklyOpen_Dist_ATR:hi,2,2,0,6.0,73.8,147.6,0,2
SHORT,ADX_Value:lo,Momentum_Value:hi,2,2,0,5.5,112.55,225.1,0,2
SHORT,ATR_1M:hi,Body_Size:hi,2,2,0,6.5,123.25,246.5,0,2
SHORT,ATR_1M:hi,VWAP_Sigma:lo,2,2,0,5.5,93.15,186.3,0,2
SHORT,Body_Size:hi,Micro_BarOverlap:lo,2,2,0,6.5,123.25,246.5,0,2
SHORT,Body_Size:hi,Micro_CSSpread:hi,2,2,0,6.5,123.25,246.5,0,2
SHORT,Body_Size:hi,Micro_HLAsymmetry:hi,2,2,0,6.5,123.25,246.5,0,2
SHORT,Body_Size:hi,Momentum_Value:hi,2,2,0,5.5,166.35,332.7,0,2
SHORT,Body_Size:hi,MultiDay_Slope:hi,2,2,0,6.5,123.25,246.5,0,2
SHORT,Body_Size:hi,OR_High_Side:==1,2,2,0,6.5,123.25,246.5,0,2
SHORT,Body_Size:hi,Slope_EMA_ST:lo,2,2,0,6.5,123.25,246.5,0,2
SHORT,Micro_BarOverlap:lo,Micro_ThrustEff:hi,2,2,0,5.0,77.95,155.9,0,2
SHORT,Micro_BarOverlap:lo,Micro_VolAccel:lo,2,2,0,5.5,86.95,173.9,0,2
SHORT,Micro_CSSpread:hi,Micro_ThrustEff:hi,2,2,0,5.5,73.6,147.2,0,2
SHORT,Micro_CSSpread:hi,Momentum_Value:hi,2,2,0,6.5,136.45,272.9,0,2
SHORT,Micro_CSSpread:hi,VWAP_Sigma:lo,2,2,0,5.5,93.15,186.3,0,2
SHORT,Micro_HLAsymmetry:hi,Momentum_Value:hi,2,2,0,7.5,197.75,395.5,0,2
SHORT,Micro_ThrustEff:hi,Momentum_Value:hi,2,2,0,5.5,112.55,225.1,0,2
SHORT,Micro_ThrustEff:hi,MultiDay_Slope:hi,2,2,0,5.5,113.95,227.9,0,2
SHORT,Micro_ThrustEff:hi,Volume_Avg_10:hi,2,2,0,7.5,100.15,200.3,0,2
SHORT,Micro_VolAccel:lo,OR_High_Side:==1,2,2,0,5.5,86.95,173.9,0,2
SHORT,Momentum_Value:hi,MultiDay_Slope:hi,2,2,0,5.5,92.35,184.7,0,2
SHORT,Momentum_Value:hi,OR_High_Side:==1,2,2,0,5.5,86.95,173.9,0,2
SHORT,RangeOsc_State:==2,VWAP_Sigma:lo,2,2,0,5.5,93.15,186.3,0,2
SHORT,AT_Slope_ST:lo,Micro_Entropy:lo,2,2,0,6.0,217.6,435.2,0,2
SHORT,AT_Slope_ST:lo,Micro_RollProxy:hi,2,2,0,5.5,189.0,378.0,0,2
SHORT,AT_Slope_ST:lo,MultiDay_Position:hi,2,2,0,6.0,248.8,497.6,0,2
SHORT,AT_Slope_ST:lo,PrevDay_High_Dist_ATR:lo,2,2,0,5.5,189.0,378.0,0,2
SHORT,AT_Slope_ST:lo,VWAP_Z:lo,2,2,0,6.5,265.0,530.0,0,2
SHORT,D2D_Dynamic_Sensitivity:lo,Micro_RollProxy:hi,2,2,0,6.0,223.4,446.8,0,2
SHORT,D2D_Dynamic_Sensitivity:lo,Slope_EMA_ST:lo,2,2,0,6.0,200.8,401.6,0,2
SHORT,DailyOpen_Dist_ATR:lo,MultiDay_Position:hi,2,2,0,6.0,215.8,431.6,0,2
SHORT,Micro_BarOverlap:lo,Micro_RollProxy:hi,2,2,0,5.5,189.0,378.0,0,2
SHORT,Micro_BarOverlap:lo,MultiDay_Position:hi,2,2,0,6.5,189.0,378.0,0,2
SHORT,Micro_BarOverlap:lo,PrevDay_High_Dist_ATR:lo,2,2,0,5.5,189.0,378.0,0,2
SHORT,Micro_Entropy:lo,Micro_RollProxy:hi,2,2,0,6.0,223.4,446.8,0,2
SHORT,Micro_Entropy:lo,OBV_Velocity:hi,2,2,0,6.0,223.4,446.8,0,2
SHORT,Micro_IBSP:lo,Micro_RollProxy:hi,2,2,0,8.5,341.7,683.4,0,2
SHORT,Micro_IBSP:lo,MultiDay_Position:hi,3,2,1,6.33,23.03,69.1,0,3
SHORT,Micro_IBSP:lo,OBV_Velocity:hi,2,2,0,8.5,341.7,683.4,0,2
SHORT,Micro_IBSP:lo,Slope_Accel_LT:lo,3,2,1,6.33,23.03,69.1,0,3
SHORT,Micro_OrderFlowDelta:lo,MultiDay_Position:hi,2,2,0,6.0,215.8,431.6,0,2
SHORT,Micro_OrderFlowDelta:lo,Slope_Accel_LT:lo,2,2,0,6.0,215.8,431.6,0,2
SHORT,Micro_RollProxy:hi,Slope_Accel_LT:lo,2,2,0,6.0,220.2,440.4,0,2
SHORT,Micro_RollProxy:hi,Slope_EMA_ST:lo,2,2,0,5.5,189.0,378.0,0,2
SHORT,Micro_RollProxy:hi,VWAP_Z:lo,2,2,0,6.0,223.4,446.8,0,2
SHORT,MultiDay_Position:hi,PrevDay_Low_Side:==1,2,2,0,6.0,215.8,431.6,0,2
SHORT,MultiDay_Position:hi,VAH_Side:==0,2,2,0,6.0,215.8,431.6,0,2
SHORT,OBV_Velocity:hi,Slope_Accel_LT:lo,2,2,0,6.0,220.2,440.4,0,2
SHORT,OBV_Velocity:hi,VWAP_Z:lo,2,2,0,6.0,223.4,446.8,0,2
SHORT,PrevDay_High_Dist_ATR:lo,Slope_EMA_ST:lo,2,2,0,5.5,189.0,378.0,0,2
SHORT,D2D_Dn_Count:hi,EMA_Oscillator:lo,2,2,0,10.5,7442.75,14885.5,0,2
SHORT,D2D_Dynamic_Sensitivity:lo,Micro_VolOfVol:lo,2,2,0,10.5,7442.75,14885.5,0,2
SHORT,EMA_Oscillator:lo,Micro_VolAccel:lo,2,2,0,10.5,7442.75,14885.5,0,2
SHORT,EMA_Oscillator:lo,Micro_VolOfVol:lo,2,2,0,10.5,7442.75,14885.5,0,2
SHORT,EMA_Oscillator:lo,Slope_Accel_ST:lo,2,2,0,10.5,7442.75,14885.5,0,2
SHORT,Lower_Wick:lo,Micro_VolOfVol:lo,2,2,0,10.5,7442.75,14885.5,0,2
SHORT,Micro_RangeVelocity:lo,Micro_VolOfVol:lo,2,2,0,10.5,7442.75,14885.5,0,2
SHORT,Micro_VolOfVol:lo,Volume:hi,2,2,0,10.5,7442.75,14885.5,0,2
SHORT,Micro_VolOfVol:lo,Volume_Avg_10:hi,2,2,0,10.5,7442.75,14885.5,0,2
SHORT,Micro_Hurst:hi,VAL_Side:==0,2,2,0,10.0,198.6,397.2,0,2
SHORT,Bar_Range:hi,Micro_CSSpread:lo,2,2,0,4.0,89.0,178.0,0,2
SHORT,Lower_Wick:lo,Micro_CSSpread:lo,2,2,0,4.0,89.0,178.0,0,2
SHORT,Micro_CSSpread:lo,Micro_RangeVelocity:lo,2,2,0,4.0,89.0,178.0,0,2
SHORT,Micro_BarEntropy:hi,Upper_Wick:hi,2,2,0,4.0,134.6,269.2,0,2
SHORT,OBV_Velocity:hi,VAH_Side:==-1,2,2,0,5.0,90.4,180.8,0,2
SHORT,PoC_Side:==0,Upper_Wick:hi,2,2,0,4.0,134.6,269.2,0,2
SHORT,Round_100_Dist_ATR:lo,Upper_Wick:hi,2,2,0,4.0,134.6,269.2,0,2
SHORT,Micro_Rejection:hi,OBVf_Signal:==1,2,2,0,6.0,139.7,279.4,0,2
SHORT,DailyOpen_Dist_ATR:lo,OBVf_DirStepCount:hi,2,2,0,5.0,123.75,247.5,0,2
SHORT,Micro_WickImbalance:lo,TChan_A15:hi,2,2,0,6.0,186.75,373.5,0,2
SHORT,TChan_A15:hi,WeeklyOpen_Side:==-1,2,2,0,5.0,771.75,1543.5,0,2
SHORT,AT_Lookback_ST:hi,Micro_MomoTransfer:hi,2,2,0,6.0,71.2,142.4,0,2
SHORT,AT_Lookback_ST:hi,Micro_RangeAccel:lo,2,2,0,6.0,71.2,142.4,0,2
SHORT,Micro_MomoTransfer:hi,Micro_OrderFlowDelta:hi,2,2,0,6.0,71.2,142.4,0,2
SHORT,Micro_MomoTransfer:hi,Micro_TickIntensity:hi,2,2,0,6.0,71.2,142.4,0,2
SHORT,Micro_OrderFlowDelta:hi,Micro_RangeAccel:lo,2,2,0,6.0,71.2,142.4,0,2
SHORT,AT_Slope_ST:lo,KAMA_Dist:hi,2,2,0,5.0,88.2,176.4,0,2
SHORT,KAMA_Dist:hi,Momentum_Value:hi,2,2,0,6.5,90.65,181.3,0,2
SHORT,Micro_IBSP:hi,Momentum_Value:hi,2,2,0,6.5,90.65,181.3,0,2
SHORT,Bar_Range:hi,Micro_AutoCorr:lo,2,2,0,5.5,814.8,1629.6,0,2
SHORT,Bar_Range:hi,Micro_PriceAccel:lo,2,2,0,4.5,789.6,1579.2,0,2
SHORT,Bar_Range:hi,TChan_A15:hi,2,2,0,5.0,771.0,1542.0,0,2
SHORT,Bar_Range:hi,WeeklyOpen_Side:==-1,2,2,0,5.5,814.8,1629.6,0,2
SHORT,Micro_AutoCorr:lo,Micro_PriceAccel:lo,2,2,0,5.0,772.0,1544.0,0,2
SHORT,Micro_AutoCorr:lo,Micro_RangeAccel:lo,2,2,0,5.0,772.0,1544.0,0,2
SHORT,Micro_AutoCorr:lo,Micro_RangeVelocity:lo,2,2,0,5.5,814.8,1629.6,0,2
SHORT,Micro_AutoCorr:lo,VAH_Side:==-1,2,2,0,5.5,814.8,1629.6,0,2
SHORT,Micro_MicroGap:hi,Micro_PriceAccel:lo,2,2,0,4.5,809.2,1618.4,0,2
SHORT,Micro_RangeAccel:lo,VAH_Side:==-1,2,2,0,4.5,810.0,1620.0,0,2
SHORT,Micro_RangeVelocity:lo,WeeklyOpen_Side:==-1,2,2,0,5.5,814.8,1629.6,0,2
SHORT,Micro_FailedBreak:lo,OBVf_DirStepCount:hi,2,2,0,5.0,421.0,842.0,0,2
SHORT,Micro_FailedBreak:lo,VAL_Side:==0,2,2,0,5.0,421.0,842.0,0,2
SHORT,Micro_FailedBreak:lo,WeeklyOpen_Side:==-1,2,2,0,5.0,421.0,842.0,0,2
SHORT,Micro_PriceAccel:hi,OBVf_DirStepCount:hi,2,2,0,5.0,421.0,842.0,0,2
SHORT,Micro_PriceAccel:hi,VAL_Side:==0,2,2,0,5.0,421.0,842.0,0,2
SHORT,Micro_PriceAccel:hi,WeeklyOpen_Side:==-1,2,2,0,5.0,421.0,842.0,0,2
SHORT,AT_Slope_ST:lo,Micro_VolAccel:hi,2,2,0,4.5,119.2,238.4,0,2
SHORT,Micro_CSSpread:lo,Micro_VolAccel:hi,2,2,0,4.5,119.2,238.4,0,2
SHORT,Micro_IBSP:hi,Micro_VolAccel:hi,3,2,1,4.0,53.47,160.4,3,0
SHORT,Micro_IBSP:hi,VWAP_Z:lo,3,2,1,4.0,53.47,160.4,3,0
SHORT,Micro_OrderFlowDelta:hi,Micro_VolAccel:hi,2,2,0,4.5,159.4,318.8,0,2
SHORT,Micro_OrderFlowDelta:hi,VWAP_Z:lo,2,2,0,4.5,159.4,318.8,0,2
SHORT,Micro_VolAccel:hi,VWAP_Z:lo,3,2,1,4.0,53.47,160.4,3,0
SHORT,ADX_Value:lo,Session_High_Dist_ATR:hi,2,2,0,6.0,108.4,216.8,0,2
SHORT,Bars_Since_Flip:hi,Slope_EMA_ST:lo,2,2,0,8.0,193.6,387.2,0,2
SHORT,D2D_ATR_MA:hi,Slope_EMA_ST:lo,2,2,0,8.0,193.6,387.2,0,2
SHORT,Micro_CSSpread:lo,Slope_EMA_ST:lo,2,2,0,6.0,71.2,142.4,0,2
SHORT,Micro_OrderFlowDelta:hi,Slope_EMA_ST:lo,2,2,0,8.0,193.6,387.2,0,2
SHORT,Micro_ThrustEff:hi,Session_High_Dist_ATR:hi,2,2,0,6.0,108.4,216.8,0,2
SHORT,PrevDay_Close_Dist_ATR:hi,Slope_EMA_ST:lo,2,2,0,8.0,193.6,387.2,0,2
SHORT,Bars_Since_Flip:hi,Micro_MomoTransfer:hi,2,2,0,8.0,125.65,251.3,0,2
SHORT,Bars_Since_Flip:hi,Micro_RangeAccel:lo,2,2,0,8.0,125.65,251.3,0,2
SHORT,Bars_Since_Flip:hi,OBVf_Signal:==1,2,2,0,8.0,125.65,251.3,0,2
SHORT,D2D_ATR_MA:hi,WeeklyOpen_Dist_ATR:hi,2,2,0,7.5,97.55,195.1,0,2
SHORT,Micro_CSSpread:lo,WeeklyOpen_Dist_ATR:hi,2,2,0,5.5,86.75,173.5,0,2
SHORT,Micro_LogReturn:lo,TChan_A15:hi,2,2,0,5.5,94.15,188.3,0,2
SHORT,Micro_MomoTransfer:hi,PrevDay_Close_Dist_ATR:hi,2,2,0,8.0,125.65,251.3,0,2
SHORT,Micro_RangeAccel:lo,PrevDay_Close_Dist_ATR:hi,2,2,0,8.0,125.65,251.3,0,2
SHORT,Momentum_Value:hi,WeeklyOpen_Dist_ATR:hi,2,2,0,5.5,96.55,193.1,0,2
SHORT,AT_Score_LT:lo,Dist_To_PoC_ATR:lo,2,2,0,5.0,128.7,257.4,0,2
SHORT,AT_Score_LT:lo,Slope_Accel_LT:hi,2,2,0,5.0,128.7,257.4,0,2
SHORT,AT_Score_LT:lo,Slope_Accel_ST:lo,2,2,0,4.0,67.2,134.4,0,2
SHORT,AT_Score_LT:lo,VAL_Side:==-1,2,2,0,4.0,67.2,134.4,0,2
SHORT,Dist_To_PoC_ATR:lo,Micro_Lambda:hi,2,2,0,5.0,128.7,257.4,0,2
SHORT,Micro_Lambda:hi,Slope_Accel_LT:hi,2,2,0,5.0,128.7,257.4,0,2
SHORT,RangeOsc_Val:lo,Slope_Accel_ST:lo,2,2,0,4.5,98.55,197.1,0,2
SHORT,RangeOsc_Val:lo,VAL_Side:==-1,2,2,0,4.5,98.55,197.1,0,2
SHORT,AT_Slope_ST:lo,Micro_FailedBreak:lo,2,2,0,5.0,59.8,119.6,0,2
SHORT,Dist_To_PoC_ATR:lo,Slope_EMA_ST:lo,2,2,0,5.0,95.4,190.8,0,2
SHORT,Micro_BarOverlap:lo,RangeOsc_Val:lo,2,2,0,5.0,67.8,135.6,0,2
SHORT,Micro_BarOverlap:lo,WeeklyOpen_Dist_ATR:hi,2,2,0,5.5,454.0,908.0,0,2
SHORT,Micro_FailedBreak:lo,WeeklyOpen_Dist_ATR:hi,2,2,0,5.5,62.8,125.6,0,2
SHORT,Micro_PriceAccel:hi,OBV_Velocity:hi,2,2,0,7.5,208.7,417.4,0,2
SHORT,Micro_PriceAccel:hi,RangeOsc_Val:lo,2,2,0,6.0,496.7,993.4,0,2
SHORT,OBV_Velocity:hi,RangeOsc_Val:lo,2,2,0,5.0,67.8,135.6,0,2
SHORT,Slope_Accel_LT:hi,Slope_EMA_ST:lo,2,2,0,5.0,95.4,190.8,0,2
SHORT,D2D_ATR_MA:hi,DailyOpen_Dist_ATR:hi,2,2,0,6.5,543.1,1086.2,0,2
SHORT,D2D_ATR_MA:hi,Micro_Hurst:lo,2,2,0,6.5,543.1,1086.2,0,2
SHORT,DailyOpen_Dist_ATR:hi,Micro_BarOverlap:lo,2,2,0,6.0,175.8,351.6,0,2
SHORT,DailyOpen_Dist_ATR:hi,OBV_Velocity:hi,2,2,0,6.0,175.8,351.6,0,2
SHORT,DailyOpen_Dist_ATR:hi,Session_High_Dist_ATR:hi,2,2,0,6.5,543.1,1086.2,0,2
SHORT,DailyOpen_Dist_ATR:hi,Slope_EMA_ST:lo,2,2,0,6.0,175.8,351.6,0,2
SHORT,Micro_BarOverlap:lo,Micro_Hurst:lo,2,2,0,6.0,175.8,351.6,0,2
SHORT,Micro_HLAsymmetry:hi,Micro_OrderFlowDelta:hi,2,2,0,6.0,190.0,380.0,0,2
SHORT,Micro_Hurst:lo,OBV_Velocity:hi,2,2,0,6.0,175.8,351.6,0,2
SHORT,Micro_Hurst:lo,Session_High_Dist_ATR:hi,2,2,0,6.5,543.1,1086.2,0,2
SHORT,Micro_Hurst:lo,Slope_EMA_ST:lo,2,2,0,6.0,175.8,351.6,0,2
SHORT,OBV_Velocity:hi,Volume_Avg_10:hi,2,2,0,6.0,178.4,356.8,0,2
SHORT,ADX_Value:lo,RangeOsc_Val:lo,2,2,0,6.0,228.4,456.8,0,2
SHORT,Body_Size:lo,Session_High_Dist_ATR:hi,2,2,0,4.0,82.6,165.2,0,2
SHORT,Dist_To_PoC_ATR:lo,Momentum_Value:hi,2,2,0,5.0,151.3,302.6,0,2
SHORT,Dist_To_PoC_ATR:lo,Session_High_Dist_ATR:hi,2,2,0,5.0,151.3,302.6,0,2
SHORT,Micro_ThrustEff:hi,Micro_VolAccel:hi,2,2,0,4.0,81.85,163.7,0,2
SHORT,Micro_ThrustEff:hi,TChan_A15:hi,2,2,0,4.0,101.2,202.4,0,2
SHORT,Micro_VolAccel:hi,RangeOsc_Val:lo,2,2,0,4.0,122.8,245.6,0,2
SHORT,Micro_VolAccel:hi,Slope_EMA_ST:lo,2,2,0,4.0,81.85,163.7,0,2
SHORT,Momentum_Value:hi,Slope_Accel_LT:hi,2,2,0,5.0,151.3,302.6,0,2
SHORT,OR_Low_Side:==-1,Session_High_Dist_ATR:hi,2,2,0,4.0,82.6,165.2,0,2
SHORT,Session_High_Dist_ATR:hi,Slope_Accel_LT:hi,2,2,0,5.0,151.3,302.6,0,2
SHORT,Micro_BarOverlap:lo,Round_500_Dist_ATR:lo,2,2,0,4.5,158.75,317.5,0,2
SHORT,Round_500_Dist_ATR:lo,Session_High_Dist_ATR:lo,2,2,0,4.5,158.75,317.5,0,2
SHORT,Micro_FailedBreak:lo,PrevDay_Close_Side:==-1,2,2,0,3.5,130.05,260.1,0,2
SHORT,Micro_FailedBreak:lo,Round_500_Dist_ATR:lo,2,2,0,3.5,130.05,260.1,0,2
SHORT,Micro_FractalDim:lo,PrevDay_Close_Side:==-1,2,2,0,3.5,130.05,260.1,0,2
SHORT,Micro_FractalDim:lo,Round_500_Dist_ATR:lo,2,2,0,3.5,130.05,260.1,0,2
SHORT,AT_Slope_ST:hi,KAMA_Dist:hi,2,2,0,5.0,147.25,294.5,0,2
SHORT,AT_Slope_ST:hi,Micro_IBSP:hi,2,2,0,5.0,147.25,294.5,0,2
SHORT,AT_Slope_ST:hi,Micro_MicroGap:hi,3,2,1,4.67,-27.67,-83.0,0,3
SHORT,DailyOpen_Side:==-1,KAMA_Dist:hi,2,2,0,5.0,147.25,294.5,0,2
SHORT,DailyOpen_Side:==-1,Micro_IBSP:hi,2,2,0,5.0,147.25,294.5,0,2
SHORT,DailyOpen_Side:==-1,Slope_EMA_ST:hi,3,2,1,5.33,394.83,1184.5,0,3
SHORT,Efficiency_Ratio:lo,OBVf_Signal:==1,2,2,0,4.5,126.6,253.2,0,2
SHORT,KAMA_Dist:hi,OR_High_Side:==1,2,2,0,4.5,136.6,273.2,0,2
SHORT,KAMA_Dist:hi,PrevDay_Close_Side:==-1,2,2,0,4.5,428.0,856.0,0,2
SHORT,Micro_BarEntropy:lo,Micro_MicroGap:hi,3,2,1,4.67,-29.0,-87.0,0,3
SHORT,Micro_IBSP:hi,OR_High_Side:==1,2,2,0,4.5,136.6,273.2,0,2
SHORT,Micro_IBSP:hi,PrevDay_Close_Side:==-1,2,2,0,4.5,428.0,856.0,0,2
SHORT,Micro_MicroGap:hi,PrevDay_Close_Side:==-1,2,2,0,5.0,179.75,359.5,0,2
SHORT,OR_High_Side:==1,Slope_EMA_ST:hi,2,2,0,5.0,179.75,359.5,0,2
SHORT,D2D_Signal:==-1,Micro_BarOverlap:lo,2,2,0,4.5,120.55,241.1,0,2
SHORT,D2D_Signal:==-1,OR_High_Side:==1,2,2,0,4.5,120.55,241.1,0,2
SHORT,Micro_BarOverlap:lo,Micro_ThrustEff:lo,2,2,0,4.5,120.55,241.1,0,2
SHORT,Micro_BarOverlap:lo,Slope_EMA_ST:hi,2,2,0,4.5,151.95,303.9,0,2
SHORT,Micro_ThrustEff:lo,OR_High_Side:==1,2,2,0,4.5,120.55,241.1,0,2
SHORT,Session_High_Dist_ATR:lo,Slope_EMA_ST:hi,2,2,0,4.5,108.75,217.5,0,2
SHORT,AT_Lookback_ST:hi,OR_High_Side:==1,2,2,0,4.0,53.2,106.4,0,2
SHORT,AT_Lookback_ST:hi,PrevDay_Close_Side:==-1,2,2,0,4.5,68.35,136.7,0,2
SHORT,AT_Slope_LT:hi,Sqz_Val:hi,2,2,0,6.5,90.9,181.8,0,2
SHORT,DailyOpen_Side:==-1,Micro_TickIntensity:hi,2,2,0,5.0,691.35,1382.7,0,2
SHORT,DailyOpen_Side:==-1,Sqz_Val:hi,2,2,0,5.0,691.35,1382.7,0,2
SHORT,Micro_BarOverlap:hi,Sqz_Val:hi,2,2,0,6.5,90.9,181.8,0,2
SHORT,Micro_TickIntensity:hi,OR_High_Side:==1,2,2,0,4.0,53.2,106.4,0,2
SHORT,OR_High_Side:==1,Sqz_Val:hi,2,2,0,4.0,53.2,106.4,0,2
SHORT,D2D_Dn_Count:hi,PrevDay_Close_Side:==-1,2,2,0,6.0,288.65,577.3,0,2
SHORT,D2D_Dn_Count:hi,Round_500_Dist_ATR:lo,2,2,0,6.0,288.65,577.3,0,2
SHORT,Micro_RangeAccel:lo,PrevDay_Close_Side:==-1,2,2,0,6.0,288.65,577.3,0,2
SHORT,Micro_RangeAccel:lo,Round_500_Dist_ATR:lo,2,2,0,6.0,288.65,577.3,0,2
SHORT,PrevDay_Close_Side:==-1,Slope_Accel_ST:lo,2,2,0,6.0,288.65,577.3,0,2
SHORT,PrevDay_Close_Side:==-1,VWAP_Dist_ATR:lo,2,2,0,6.0,288.65,577.3,0,2
SHORT,PrevDay_Close_Side:==-1,VWAP_Sigma_ATR:lo,2,2,0,6.0,288.65,577.3,0,2
SHORT,Round_500_Dist_ATR:lo,Slope_Accel_ST:lo,2,2,0,6.0,288.65,577.3,0,2
SHORT,Round_500_Dist_ATR:lo,VWAP_Dist_ATR:lo,2,2,0,6.0,288.65,577.3,0,2
SHORT,Round_500_Dist_ATR:lo,VWAP_Sigma_ATR:lo,2,2,0,6.0,288.65,577.3,0,2
SHORT,Micro_MomoTransfer:hi,MultiDay_Slope:lo,2,2,0,4.5,160.5,321.0,0,2
SHORT,Micro_MomoTransfer:hi,OBV_Macd:lo,2,2,0,4.5,160.5,321.0,0,2
SHORT,Micro_RangeAccel:lo,MultiDay_Slope:lo,2,2,0,4.5,160.5,321.0,0,2
SHORT,Micro_RangeAccel:lo,OBV_Macd:lo,2,2,0,4.5,160.5,321.0,0,2
SHORT,MultiDay_Slope:lo,OBVf_Signal:==1,2,2,0,4.5,160.5,321.0,0,2
SHORT,MultiDay_Slope:lo,RangeOsc_Val:lo,2,2,0,5.5,204.0,408.0,0,2
SHORT,OBV_Macd:lo,OBVf_Signal:==1,2,2,0,4.5,160.5,321.0,0,2
SHORT,OBV_Macd:lo,RangeOsc_Val:lo,2,2,0,5.5,204.0,408.0,0,2
SHORT,OBVf_Signal:==1,RangeOsc_Val:lo,2,2,0,6.0,246.0,492.0,0,2
SHORT,OBVf_Signal:==1,Upper_Wick:hi,2,2,0,5.0,162.3,324.6,0,2
SHORT,Lower_Wick:lo,Micro_BarOverlap:lo,2,2,0,4.0,92.4,184.8,0,2
SHORT,AT_Regime_ST:==0,Slope_Accel_ST:hi,2,2,0,4.5,545.55,1091.1,0,2
SHORT,AT_Regime_ST:==0,VA_Position:hi,2,2,0,4.5,545.55,1091.1,0,2
SHORT,AT_Slope_LT:hi,Slope_Accel_ST:hi,2,2,0,5.0,101.85,203.7,0,2
SHORT,Micro_BarOverlap:hi,Slope_Accel_ST:hi,2,2,0,5.0,101.85,203.7,0,2
SHORT,Micro_BarOverlap:hi,VA_Position:hi,2,2,0,5.0,101.85,203.7,0,2
SHORT,AT_Regime_ST:==0,EMA_Oscillator:lo,2,2,0,8.5,7389.15,14778.3,0,2
SHORT,AT_Regime_ST:==0,Micro_IBSP:lo,2,2,0,8.5,7355.15,14710.3,0,2
SHORT,AT_Regime_ST:==0,Micro_MicroGap:hi,3,2,1,7.33,4954.43,14863.3,0,3
SHORT,AT_Regime_ST:==0,Micro_RangeAccel:lo,2,2,0,11.0,7403.25,14806.5,0,2
SHORT,AT_Regime_ST:==0,Volume_Avg_10:hi,2,2,0,9.5,7364.55,14729.1,0,2
SHORT,AT_Slope_LT:hi,D2D_Dn_Count:hi,2,2,0,8.5,7383.75,14767.5,0,2
SHORT,AT_Slope_LT:hi,D2D_Dynamic_Sensitivity:lo,2,2,0,8.5,7417.95,14835.9,0,2
SHORT,AT_Slope_LT:hi,D2D_Signal:==-1,2,2,0,8.5,7417.95,14835.9,0,2
SHORT,AT_Slope_LT:hi,EMA_Oscillator:lo,2,2,0,8.5,7417.95,14835.9,0,2
SHORT,AT_Slope_LT:hi,Micro_Entropy:lo,2,2,0,8.5,7388.15,14776.3,0,2
SHORT,AT_Slope_LT:hi,Micro_IBSP:lo,2,2,0,8.5,7388.95,14777.9,0,2
SHORT,AT_Slope_LT:hi,Micro_ThrustEff:lo,2,2,0,8.5,7417.95,14835.9,0,2
SHORT,AT_Slope_LT:hi,Micro_WickImbalance:lo,2,2,0,8.5,7388.15,14776.3,0,2
SHORT,AT_Slope_LT:hi,Slope_Accel_ST:lo,2,2,0,8.5,7383.75,14767.5,0,2
SHORT,AT_Slope_LT:hi,VWAP_Sigma_ATR:lo,2,2,0,8.5,7417.95,14835.9,0,2
SHORT,D2D_Dynamic_Sensitivity:lo,Micro_MicroGap:hi,2,2,0,9.5,7459.95,14919.9,0,2
SHORT,D2D_Signal:==-1,Micro_Entropy:lo,2,2,0,9.0,7356.7,14713.4,0,2
SHORT,D2D_Signal:==-1,Micro_WickImbalance:lo,2,2,0,9.0,7356.7,14713.4,0,2
SHORT,D2D_Signal:==-1,PrevDay_Low_Side:==-1,2,2,0,8.5,7417.95,14835.9,0,2
SHORT,EMA_Oscillator:lo,VWAP_Dist_ATR:lo,2,2,0,10.0,7728.4,15456.8,0,2
SHORT,Lower_Wick:lo,Micro_ThrustEff:lo,2,2,0,8.5,7572.35,15144.7,0,2
SHORT,Micro_Entropy:lo,Micro_MicroGap:hi,2,2,0,8.5,7614.15,15228.3,0,2
SHORT,Micro_Entropy:lo,VWAP_Dist_ATR:lo,2,2,0,9.0,7356.7,14713.4,0,2
SHORT,Micro_Entropy:lo,VWAP_Sigma_ATR:lo,2,2,0,9.0,7356.7,14713.4,0,2
SHORT,Micro_MicroGap:hi,Micro_WickImbalance:lo,2,2,0,8.5,7614.15,15228.3,0,2
SHORT,Micro_RangeAccel:lo,PrevDay_Low_Side:==-1,2,2,0,8.5,7417.95,14835.9,0,2
SHORT,Micro_RangeVelocity:lo,Micro_ThrustEff:lo,2,2,0,8.5,7572.35,15144.7,0,2
SHORT,Micro_ThrustEff:lo,PrevDay_Low_Side:==-1,2,2,0,8.5,7417.95,14835.9,0,2
SHORT,Micro_WickImbalance:lo,Slope_Accel_ST:lo,2,2,0,8.5,7379.15,14758.3,0,2
SHORT,Micro_WickImbalance:lo,VWAP_Dist_ATR:lo,2,2,0,9.0,7356.7,14713.4,0,2
SHORT,Micro_WickImbalance:lo,VWAP_Sigma_ATR:lo,2,2,0,9.0,7356.7,14713.4,0,2
SHORT,PrevDay_Low_Side:==-1,VWAP_Sigma_ATR:lo,2,2,0,8.5,7417.95,14835.9,0,2
SHORT,Efficiency_Ratio:hi,OBVf_DirStepCount:hi,2,2,0,5.0,155.3,310.6,0,2
SHORT,Efficiency_Ratio:hi,WeeklyOpen_Side:==-1,2,2,0,5.0,155.3,310.6,0,2
SHORT,Micro_AutoCorr:lo,Micro_TickIntensity:hi,2,2,0,4.5,72.0,144.0,0,2
SHORT,Micro_AutoCorr:lo,OBV_Velocity:lo,2,2,0,4.5,72.0,144.0,0,2
SHORT,Micro_PriceAccel:lo,OBVf_DirStepCount:hi,2,2,0,5.5,166.0,332.0,0,2
SHORT,Micro_RangeAccel:lo,OBVf_DirStepCount:hi,2,2,0,5.5,166.0,332.0,0,2
SHORT,Micro_BarEntropy:hi,Micro_Hurst:hi,2,2,0,4.0,99.6,199.2,0,2
SHORT,Micro_HLAsymmetry:lo,VAH_Side:==-1,3,2,1,3.67,33.6,100.8,0,3
SHORT,Micro_Hurst:hi,PoC_Side:==0,2,2,0,4.0,99.6,199.2,0,2
SHORT,Micro_Hurst:hi,Round_100_Dist_ATR:lo,2,2,0,4.0,99.6,199.2,0,2
SHORT,Micro_Hurst:hi,Upper_Wick:hi,2,2,0,4.0,131.85,263.7,0,2
SHORT,Micro_TickIntensity:lo,VAH_Side:==-1,2,2,0,4.5,153.95,307.9,0,2
SHORT,AT_Score_LT:hi,D2D_Dn_Count:hi,2,2,0,5.5,171.8,343.6,0,2
SHORT,AT_Score_LT:hi,Micro_RangeAccel:lo,2,2,0,7.0,541.45,1082.9,0,2
SHORT,AT_Score_LT:hi,Micro_VolAccel:lo,2,2,0,5.5,171.8,343.6,0,2
SHORT,AT_Score_LT:hi,Slope_Accel_ST:lo,2,2,0,5.5,171.8,343.6,0,2
SHORT,AT_Score_LT:hi,VWAP_Dist_ATR:lo,2,2,0,7.0,541.45,1082.9,0,2
SHORT,AT_Score_LT:hi,VWAP_Sigma_ATR:lo,2,2,0,7.0,541.45,1082.9,0,2
SHORT,D2D_ATR:hi,Micro_RangeAccel:lo,2,2,0,7.0,541.45,1082.9,0,2
SHORT,D2D_ATR:hi,Micro_VolAccel:lo,2,2,0,5.5,187.2,374.4,0,2
SHORT,D2D_ATR:hi,VWAP_Dist_ATR:lo,2,2,0,7.0,541.45,1082.9,0,2
SHORT,D2D_ATR:hi,VWAP_Sigma_ATR:lo,2,2,0,7.0,541.45,1082.9,0,2
SHORT,D2D_Signal:==-1,Micro_WickImbalance:hi,2,2,0,6.5,273.0,546.0,0,2
SHORT,Micro_RangeAccel:lo,PrevDay_Close_Dist_ATR:lo,2,2,0,5.5,211.6,423.2,0,2
SHORT,Micro_RangeAccel:lo,RangeOsc_State:==-1,2,2,0,7.0,541.45,1082.9,0,2
SHORT,Micro_RangeAccel:lo,VWAP_Side:==1,2,2,0,5.5,211.6,423.2,0,2
SHORT,Micro_WickImbalance:hi,VWAP_Dist_ATR:lo,2,2,0,6.5,273.0,546.0,0,2
SHORT,Micro_WickImbalance:hi,VWAP_Sigma_ATR:lo,2,2,0,6.5,273.0,546.0,0,2
SHORT,PrevDay_Close_Dist_ATR:lo,VWAP_Dist_ATR:lo,2,2,0,5.5,211.6,423.2,0,2
SHORT,PrevDay_Close_Dist_ATR:lo,VWAP_Sigma_ATR:lo,2,2,0,5.5,211.6,423.2,0,2
SHORT,PrevDay_High_Side:==1,VWAP_Dist_ATR:lo,2,2,0,5.5,211.6,423.2,0,2
SHORT,PrevDay_High_Side:==1,VWAP_Sigma_ATR:lo,2,2,0,5.5,211.6,423.2,0,2
SHORT,RangeOsc_State:==-1,VWAP_Dist_ATR:lo,2,2,0,7.0,541.45,1082.9,0,2
SHORT,RangeOsc_State:==-1,VWAP_Sigma_ATR:lo,2,2,0,7.0,541.45,1082.9,0,2
SHORT,VWAP_Dist_ATR:lo,VWAP_Side:==1,2,2,0,5.5,211.6,423.2,0,2
SHORT,VWAP_Side:==1,VWAP_Sigma_ATR:lo,2,2,0,5.5,211.6,423.2,0,2
SHORT,AT_Score_LT:hi,Micro_LogReturn:hi,2,2,0,7.5,201.4,402.8,0,2
SHORT,AT_Slope_ST:lo,Micro_LogReturn:hi,2,2,0,7.5,201.4,402.8,0,2
SHORT,D2D_ATR:hi,Micro_LogReturn:hi,2,2,0,7.5,201.4,402.8,0,2
SHORT,EMA_Oscillator:lo,Micro_BarOverlap:hi,3,2,1,7.0,-146.77,-440.3,0,3
SHORT,EMA_Oscillator:lo,MultiDay_Slope:hi,2,2,0,7.0,500.0,1000.0,0,2
SHORT,EMA_Oscillator:lo,PrevDay_Close_Dist_ATR:lo,2,2,0,8.0,273.0,546.0,0,2
SHORT,EMA_Oscillator:lo,VWAP_Side:==1,2,2,0,8.0,273.0,546.0,0,2
SHORT,Micro_BarOverlap:hi,Micro_VPIN:lo,2,2,0,8.5,270.55,541.1,0,2
SHORT,Micro_BarOverlap:hi,Slope_EMA_LT:hi,2,2,0,8.5,270.55,541.1,0,2
SHORT,Micro_HLAsymmetry:lo,Micro_VPIN:lo,2,2,0,8.5,270.55,541.1,0,2
SHORT,Micro_HLAsymmetry:lo,Slope_EMA_LT:hi,2,2,0,8.5,270.55,541.1,0,2
SHORT,Micro_LogReturn:hi,PrevDay_Close_Dist_ATR:lo,2,2,0,7.0,231.0,462.0,0,2
SHORT,Micro_LogReturn:hi,RangeOsc_State:==-1,2,2,0,7.5,201.4,402.8,0,2
SHORT,Micro_LogReturn:hi,VWAP_Side:==1,2,2,0,7.0,231.0,462.0,0,2
SHORT,Micro_RangeVelocity:lo,Micro_VPIN:lo,2,2,0,7.0,173.6,347.2,0,2
SHORT,Micro_RangeVelocity:lo,Slope_EMA_LT:hi,2,2,0,7.0,173.6,347.2,0,2
SHORT,Micro_VPIN:lo,PrevDay_Close_Dist_ATR:lo,2,2,0,8.0,988.5,1977.0,0,2
SHORT,Micro_VPIN:lo,VWAP_Side:==1,2,2,0,8.0,988.5,1977.0,0,2
SHORT,MultiDay_Slope:hi,RangeOsc_State:==-1,2,2,0,7.5,201.4,402.8,0,2
SHORT,PrevDay_Close_Dist_ATR:lo,Slope_EMA_LT:hi,2,2,0,8.0,988.5,1977.0,0,2
SHORT,Slope_EMA_LT:hi,VWAP_Side:==1,2,2,0,8.0,988.5,1977.0,0,2
SHORT,ATR_1M:hi,OBV_Velocity:hi,2,2,0,7.5,244.8,489.6,0,2
SHORT,AT_Lookback_LT:hi,RangeOsc_State:==2,2,2,0,5.0,185.3,370.6,0,2
SHORT,Micro_Amihud:lo,RangeOsc_State:==2,2,2,0,5.0,185.3,370.6,0,2
SHORT,Micro_CSSpread:hi,OBV_Velocity:hi,2,2,0,7.5,244.8,489.6,0,2
SHORT,MultiDay_Slope:hi,OBV_Velocity:hi,2,2,0,7.5,244.8,489.6,0,2
SHORT,OBV_Velocity:hi,RangeOsc_State:==2,2,2,0,7.5,244.8,489.6,0,2
SHORT,D2D_Signal:==-1,OR_High_Side:==-1,2,2,0,5.0,158.75,317.5,0,2
SHORT,Micro_MicroGap:hi,OR_High_Side:==-1,2,2,0,5.0,158.75,317.5,0,2
SHORT,Micro_ThrustEff:lo,OR_High_Side:==-1,2,2,0,5.0,158.75,317.5,0,2
SHORT,Micro_BarOverlap:hi,Micro_ThrustEff:lo,2,2,0,3.5,268.1,536.2,0,2
SHORT,AT_Slope_ST:hi,Volume:hi,3,2,1,4.0,-81.77,-245.3,0,3
SHORT,Bar_Range:hi,Slope_EMA_ST:hi,3,2,1,4.67,417.13,1251.4,0,3
SHORT,AT_Score_LT:lo,VA_Position:hi,2,2,0,5.0,131.7,263.4,0,2
SHORT,Micro_Lambda:hi,PrevDay_Close_Side:==-1,2,2,0,4.0,124.8,249.6,0,2
SHORT,Micro_Lambda:hi,Round_500_Dist_ATR:lo,2,2,0,4.0,124.8,249.6,0,2
SHORT,Micro_ThrustEff:hi,PrevDay_Close_Side:==-1,2,2,0,3.5,55.95,111.9,0,2
SHORT,PrevDay_Close_Side:==-1,Slope_EMA_ST:lo,2,2,0,3.5,55.95,111.9,0,2
SHORT,PrevDay_Close_Side:==-1,TChan_A15:hi,2,2,0,6.0,110.4,220.8,0,2
SHORT,RangeOsc_State:==2,TChan_A15:hi,2,2,0,6.0,110.4,220.8,0,2
SHORT,Round_500_Dist_ATR:lo,TChan_A15:hi,2,2,0,6.0,110.4,220.8,0,2
SHORT,Body_Size:hi,Micro_TickIntensity:lo,2,2,0,5.0,179.75,359.5,0,2
SHORT,Body_Size:hi,OBV_Velocity:lo,2,2,0,5.0,179.75,359.5,0,2
SHORT,Body_Size:hi,WeeklyOpen_Dist_ATR:lo,2,2,0,5.0,160.25,320.5,0,2
SHORT,Efficiency_Ratio:hi,Micro_OrderFlowDelta:hi,2,2,0,4.5,167.4,334.8,0,2
SHORT,Micro_OrderFlowDelta:hi,VAH_Side:==0,2,2,0,4.5,161.2,322.4,0,2
SHORT,Micro_OrderFlowDelta:hi,WeeklyOpen_Dist_ATR:lo,2,2,0,4.5,161.2,322.4,0,2
SHORT,Slope_Accel_LT:lo,WeeklyOpen_Dist_ATR:lo,2,2,0,4.5,161.2,322.4,0,2
SHORT,AT_Lookback_ST:hi,Micro_FailedBreak:lo,2,2,0,6.0,77.1,154.2,0,2
SHORT,AT_Lookback_ST:hi,Micro_HLAsymmetry:hi,2,2,0,6.0,77.1,154.2,0,2
SHORT,AT_Lookback_ST:hi,Micro_VolAccel:hi,2,2,0,6.0,77.1,154.2,0,2
SHORT,D2D_ATR_MA:hi,Micro_FailedBreak:lo,2,2,0,6.0,77.1,154.2,0,2
SHORT,Micro_FailedBreak:lo,PrevDay_Close_Dist_ATR:hi,2,2,0,6.0,77.1,154.2,0,2
SHORT,Micro_FailedBreak:lo,Session_High_Dist_ATR:hi,2,2,0,6.0,77.1,154.2,0,2
SHORT,Micro_FailedBreak:lo,Sqz_Val:hi,2,2,0,6.0,77.1,154.2,0,2
SHORT,Micro_HLAsymmetry:hi,Micro_TickIntensity:hi,2,2,0,6.0,77.1,154.2,0,2
SHORT,Micro_TickIntensity:hi,Micro_VolAccel:hi,2,2,0,6.0,77.1,154.2,0,2
SHORT,Micro_VolAccel:hi,PrevDay_Close_Dist_ATR:hi,2,2,0,6.0,77.1,154.2,0,2
SHORT,AT_Lookback_ST:hi,Micro_CSSpread:hi,2,2,0,5.0,54.5,109.0,0,2
SHORT,D2D_ATR_MA:hi,Micro_CSSpread:hi,2,2,0,5.0,54.5,109.0,0,2
SHORT,Micro_CSSpread:hi,Micro_TickIntensity:hi,2,2,0,5.0,54.5,109.0,0,2
SHORT,Micro_CSSpread:hi,Session_High_Dist_ATR:hi,2,2,0,5.0,54.5,109.0,0,2
SHORT,Micro_CSSpread:hi,Sqz_Val:hi,2,2,0,5.0,54.5,109.0,0,2
SHORT,Bars_Since_Flip:hi,Lower_Wick:lo,2,2,0,6.0,86.25,172.5,0,2
SHORT,D2D_ATR_MA:hi,Micro_WickImbalance:lo,2,2,0,9.5,163.95,327.9,0,2
SHORT,Lower_Wick:lo,PrevDay_Close_Dist_ATR:hi,2,2,0,6.0,86.25,172.5,0,2
SHORT,PrevDay_Close_Dist_ATR:hi,Slope_Accel_ST:hi,2,2,0,6.5,114.85,229.7,0,2
SHORT,PrevDay_Close_Dist_ATR:hi,Slope_EMA_ST:hi,2,2,0,6.5,114.85,229.7,0,2
SHORT,PrevDay_Close_Dist_ATR:hi,VA_Position:hi,2,2,0,6.5,114.85,229.7,0,2
SHORT,Slope_Accel_ST:hi,Volume_Avg_10:hi,2,2,0,6.5,114.85,229.7,0,2
SHORT,VA_Position:hi,Volume_Avg_10:hi,2,2,0,6.5,114.85,229.7,0,2
SHORT,Micro_FractalDim:lo,Volume_Avg_10:hi,2,2,0,8.0,157.8,315.6,0,2
SHORT,D2D_Signal:==-1,VWAP_Sigma:lo,2,2,0,4.5,99.85,199.7,0,2
SHORT,VWAP_Sigma:lo,VWAP_Sigma_ATR:lo,2,2,0,4.5,99.85,199.7,0,2
SHORT,AT_Regime_ST:==0,Micro_MicroGap:lo,2,2,0,4.5,177.1,354.2,0,2
SHORT,AT_Regime_ST:==0,Upper_Wick:hi,2,2,0,4.5,177.1,354.2,0,2
SHORT,D2D_ATR_MA:hi,DailyOpen_Side:==-1,2,2,0,5.5,795.25,1590.5,0,2
SHORT,Micro_BarEntropy:lo,Micro_MicroGap:lo,2,2,0,10.5,272.5,545.0,0,2
SHORT,Micro_BarEntropy:lo,Micro_OrderFlowDelta:lo,2,2,0,10.5,272.5,545.0,0,2
SHORT,Micro_BarEntropy:lo,VWAP_Sigma:lo,2,2,0,10.5,272.5,545.0,0,2
SHORT,Micro_RangeVelocity:lo,Upper_Wick:hi,2,2,0,4.5,177.1,354.2,0,2
SHORT,Micro_RangeVelocity:lo,VWAP_Sigma:lo,2,2,0,5.0,1018.0,2036.0,0,2
SHORT,D2D_Signal:==-1,Micro_BarEntropy:lo,2,2,0,5.0,63.5,127.0,0,2
SHORT,Micro_BarEntropy:lo,VWAP_Sigma_ATR:lo,2,2,0,5.0,63.5,127.0,0,2
SHORT,ATR_1M:hi,KAMA_Dist:hi,2,2,0,4.5,373.0,746.0,0,2
SHORT,ATR_1M:hi,Micro_IBSP:hi,2,2,0,4.5,373.0,746.0,0,2
SHORT,MultiDay_Slope:hi,Round_500_Dist_ATR:lo,2,2,0,4.0,366.4,732.8,0,2
SHORT,AT_Score_LT:lo,Micro_HLAsymmetry:lo,2,2,0,4.5,93.4,186.8,0,2
SHORT,AT_Score_LT:lo,Micro_LogReturn:hi,2,2,0,4.5,63.15,126.3,1,1
SHORT,Micro_CSSpread:hi,Micro_LogReturn:hi,2,2,0,4.5,79.4,158.8,0,2
SHORT,MultiDay_Slope:hi,Slope_Accel_ST:lo,2,2,0,6.5,203.1,406.2,0,2
SHORT,D2D_ATR_MA:hi,PrevDay_Close_Side:==-1,2,2,0,6.0,95.2,190.4,0,2
SHORT,D2D_ATR_MA:hi,RangeOsc_State:==2,2,2,0,6.0,95.2,190.4,0,2
SHORT,D2D_ATR_MA:hi,Round_500_Dist_ATR:lo,2,2,0,6.0,95.2,190.4,0,2
SHORT,OR_High_Dist_ATR:hi,PrevDay_Close_Side:==-1,2,2,0,6.0,95.2,190.4,0,2
SHORT,OR_High_Dist_ATR:hi,RangeOsc_State:==2,2,2,0,6.0,95.2,190.4,0,2
SHORT,OR_High_Dist_ATR:hi,Round_500_Dist_ATR:lo,2,2,0,6.0,95.2,190.4,0,2
SHORT,PrevDay_Close_Side:==-1,Session_High_Dist_ATR:hi,2,2,0,6.0,95.2,190.4,0,2
SHORT,PrevDay_Close_Side:==-1,Slope_Accel_ST:hi,2,2,0,6.0,95.2,190.4,0,2
SHORT,PrevDay_Close_Side:==-1,Sqz_State:==-1,2,2,0,6.0,95.2,190.4,0,2
SHORT,RangeOsc_State:==2,Session_High_Dist_ATR:hi,2,2,0,6.0,95.2,190.4,0,2
SHORT,RangeOsc_State:==2,Sqz_State:==-1,2,2,0,6.0,95.2,190.4,0,2
SHORT,Round_500_Dist_ATR:lo,Session_High_Dist_ATR:hi,2,2,0,6.0,95.2,190.4,0,2
SHORT,Round_500_Dist_ATR:lo,Slope_Accel_ST:hi,2,2,0,6.0,95.2,190.4,0,2
SHORT,Round_500_Dist_ATR:lo,Sqz_State:==-1,2,2,0,6.0,95.2,190.4,0,2
SHORT,AT_Slope_ST:hi,PrevDay_Close_Dist_ATR:hi,2,2,0,6.0,93.0,186.0,0,2
SHORT,AT_Slope_ST:hi,TChan_A15:hi,2,2,0,7.0,739.35,1478.7,0,2
SHORT,Micro_MicroGap:lo,Micro_TickIntensity:hi,2,2,0,6.0,93.8,187.6,0,2
SHORT,Micro_MicroGap:lo,PrevDay_Close_Side:==-1,2,2,0,6.0,183.8,367.6,0,2
SHORT,Micro_MicroGap:lo,Round_500_Dist_ATR:lo,2,2,0,6.0,183.8,367.6,0,2
SHORT,Micro_MicroGap:lo,Session_High_Dist_ATR:hi,2,2,0,6.0,93.8,187.6,0,2
SHORT,Micro_MicroGap:lo,TChan_A15:hi,2,2,0,6.0,93.0,186.0,0,2
SHORT,Micro_TickIntensity:hi,Round_500_Dist_ATR:lo,2,2,0,6.5,116.35,232.7,0,2
SHORT,Micro_TickIntensity:hi,Upper_Wick:hi,2,2,0,6.0,93.8,187.6,0,2
SHORT,Momentum_Value:hi,OR_High_Dist_ATR:hi,2,2,0,7.0,739.35,1478.7,0,2
SHORT,Momentum_Value:hi,Sqz_State:==-1,2,2,0,7.0,739.35,1478.7,0,2
SHORT,OR_High_Dist_ATR:hi,PrevDay_Close_Dist_ATR:hi,2,2,0,6.0,93.0,186.0,0,2
SHORT,OR_High_Dist_ATR:hi,TChan_A15:hi,2,2,0,7.0,739.35,1478.7,0,2
SHORT,OR_High_Dist_ATR:hi,Volume_Avg_10:hi,2,2,0,6.0,93.0,186.0,0,2
SHORT,PrevDay_Close_Dist_ATR:hi,Sqz_State:==-1,2,2,0,6.0,93.0,186.0,0,2
SHORT,PrevDay_Close_Side:==-1,Upper_Wick:hi,2,2,0,6.0,183.8,367.6,0,2
SHORT,Round_500_Dist_ATR:lo,Upper_Wick:hi,2,2,0,6.0,183.8,367.6,0,2
SHORT,Session_High_Dist_ATR:hi,Upper_Wick:hi,2,2,0,6.0,93.8,187.6,0,2
SHORT,Sqz_State:==-1,TChan_A15:hi,2,2,0,7.0,739.35,1478.7,0,2
SHORT,Sqz_State:==-1,Volume_Avg_10:hi,2,2,0,6.0,93.0,186.0,0,2
SHORT,TChan_A15:hi,Upper_Wick:hi,2,2,0,7.5,216.6,433.2,0,2
SHORT,Micro_MomoTransfer:hi,Micro_WickImbalance:hi,2,2,0,5.0,210.0,420.0,0,2
SHORT,Micro_OrderFlowDelta:lo,Micro_PriceAccel:hi,2,2,0,5.0,545.7,1091.4,0,2
SHORT,Micro_PriceAccel:hi,Micro_RangeAccel:lo,2,2,0,6.5,257.7,515.4,0,2
SHORT,Micro_PriceAccel:hi,OBVf_Signal:==1,2,2,0,4.0,139.0,278.0,0,2
SHORT,Micro_PriceAccel:hi,VAH_Side:==0,2,2,0,5.0,545.7,1091.4,0,2
SHORT,Micro_WickImbalance:hi,OBVf_Signal:==1,2,2,0,5.0,210.0,420.0,0,2
SHORT,AT_Slope_LT:hi,Micro_MomoTransfer:hi,2,2,0,6.5,153.3,306.6,0,2
SHORT,Micro_Entropy:lo,Micro_Rejection:hi,2,2,0,3.5,86.6,173.2,0,2
SHORT,Micro_Rejection:hi,MultiDay_Position:hi,2,2,0,3.5,55.4,110.8,0,2
SHORT,Micro_Rejection:hi,VWAP_Z:lo,2,2,0,3.5,86.6,173.2,0,2
SHORT,Micro_BarEntropy:lo,MultiDay_Position:hi,2,2,0,5.5,147.0,294.0,0,2
SHORT,Micro_BarEntropy:lo,PrevDay_Close_Dist_ATR:lo,2,2,0,4.5,167.7,335.4,0,2
SHORT,Micro_BarEntropy:lo,Slope_Accel_LT:lo,2,2,0,5.5,147.0,294.0,0,2
SHORT,Micro_BarEntropy:lo,VWAP_Side:==1,2,2,0,4.5,167.7,335.4,0,2
SHORT,Micro_CSSpread:lo,Slope_EMA_ST:hi,2,2,0,4.0,136.2,272.4,0,2
SHORT,Micro_HLAsymmetry:lo,Sqz_Val:hi,2,2,0,4.5,111.25,222.5,0,2
SHORT,Micro_LogReturn:hi,Slope_Accel_LT:lo,2,2,0,4.0,165.8,331.6,0,2
SHORT,Micro_MicroGap:hi,MultiDay_Slope:hi,2,2,0,4.0,129.8,259.6,0,2
SHORT,Micro_MicroGap:hi,Sqz_Val:hi,2,2,0,4.0,120.0,240.0,0,2
SHORT,MultiDay_Slope:hi,Slope_Accel_LT:lo,2,2,0,4.0,165.8,331.6,0,2
SHORT,MultiDay_Slope:hi,Sqz_Val:hi,2,2,0,4.5,111.25,222.5,0,2
SHORT,PrevDay_Close_Dist_ATR:lo,Slope_EMA_ST:hi,2,2,0,4.0,153.8,307.6,0,2
SHORT,Slope_Accel_LT:lo,Slope_EMA_ST:hi,2,2,0,4.0,136.2,272.4,0,2
SHORT,Slope_EMA_ST:hi,VWAP_Side:==1,2,2,0,4.0,153.8,307.6,0,2
SHORT,D2D_Dynamic_Sensitivity:lo,Session_High_Dist_ATR:hi,2,2,0,4.5,57.45,114.9,0,2
SHORT,OR_High_Dist_ATR:hi,Volume:hi,2,2,0,3.5,59.85,119.7,0,2
SHORT,Sqz_State:==-1,Volume:hi,2,2,0,3.5,59.85,119.7,0,2
SHORT,Micro_BarEntropy:lo,Micro_HLAsymmetry:hi,2,2,0,4.0,386.4,772.8,0,2
SHORT,Micro_BarEntropy:lo,MultiDay_Slope:hi,2,2,0,4.0,386.4,772.8,0,2
SHORT,Micro_HLAsymmetry:hi,Micro_Lambda:hi,2,2,0,4.0,117.4,234.8,0,2
SHORT,Micro_HLAsymmetry:hi,Session_High_Dist_ATR:lo,2,2,0,4.0,386.4,772.8,0,2
SHORT,Micro_Lambda:hi,MultiDay_Slope:hi,2,2,0,6.5,207.1,414.2,0,2
SHORT,ATR_1M:hi,Micro_MicroGap:hi,2,2,0,4.5,147.3,294.6,0,2
SHORT,D2D_Signal:==-1,MultiDay_Slope:hi,2,2,0,6.5,219.5,439.0,0,2
SHORT,Micro_MicroGap:hi,Volume_Ratio_10:hi,2,2,0,4.5,141.05,282.1,0,2
SHORT,Micro_ThrustEff:lo,Volume_Ratio_10:hi,2,2,0,4.5,141.05,282.1,0,2
SHORT,OR_High_Side:==1,Volume:hi,2,2,0,3.5,84.5,169.0,0,2
SHORT,OR_High_Side:==1,Volume_Ratio_10:hi,2,2,0,3.5,84.5,169.0,0,2
SHORT,AT_Score_LT:hi,Micro_Entropy:lo,2,2,0,7.0,159.1,318.2,0,2
SHORT,AT_Score_LT:hi,Micro_WickImbalance:lo,2,2,0,7.0,159.1,318.2,0,2
SHORT,D2D_ATR:hi,Micro_Entropy:lo,2,2,0,4.5,77.4,154.8,0,2
SHORT,D2D_ATR:hi,Micro_WickImbalance:lo,2,2,0,4.5,77.4,154.8,0,2
SHORT,ATR_1M:hi,AT_Slope_ST:lo,2,2,0,5.0,179.95,359.9,0,2
SHORT,AT_Score_LT:lo,VAH_Side:==-1,2,2,0,3.5,121.25,242.5,0,2
SHORT,Micro_FailedBreak:lo,Micro_Lambda:hi,2,2,0,3.5,134.25,268.5,0,2
SHORT,Micro_Hurst:hi,TChan_A15:hi,3,2,1,3.33,-5.7,-17.1,0,3
SHORT,Micro_Lambda:hi,VAH_Side:==-1,2,2,0,3.5,121.25,242.5,0,2
SHORT,VAH_Side:==-1,VAL_Side:==-1,2,2,0,4.5,105.95,211.9,0,2
SHORT,Micro_CSSpread:hi,Micro_MomoTransfer:hi,2,2,0,4.5,136.5,273.0,0,2
SHORT,Micro_MomoTransfer:hi,RangeOsc_State:==2,2,2,0,6.0,342.65,685.3,0,2
SHORT,AT_Score_LT:lo,Bar_Range:hi,2,2,0,4.5,148.0,296.0,0,2
SHORT,AT_Score_LT:lo,D2D_Dynamic_Sensitivity:lo,2,2,0,4.0,119.0,238.0,0,2
SHORT,AT_Score_LT:lo,Lower_Wick:lo,2,2,0,4.5,148.0,296.0,0,2
SHORT,Micro_BarEntropy:lo,VA_Position:hi,2,2,0,4.5,693.15,1386.3,0,2
SHORT,Micro_HLAsymmetry:lo,VA_Position:hi,2,2,0,4.5,107.7,215.4,0,2
SHORT,Micro_Hurst:hi,VA_Position:hi,2,2,0,3.5,100.6,201.2,0,2
SHORT,Micro_TickIntensity:lo,Volume:hi,2,2,0,6.0,218.4,436.8,0,2
SHORT,OBV_Velocity:lo,Volume:hi,2,2,0,6.0,218.4,436.8,0,2
SHORT,OBVf_DirStepCount:hi,Volume:hi,2,2,0,6.0,247.5,495.0,0,2
SHORT,PoC_Side:==0,Volume:hi,2,2,0,6.0,218.4,436.8,0,2
SHORT,Volume:hi,WeeklyOpen_Side:==-1,2,2,0,6.0,247.5,495.0,0,2
SHORT,Micro_BarEntropy:lo,Micro_Entropy:lo,2,2,0,10.5,169.75,339.5,0,2
SHORT,Micro_BarEntropy:lo,Micro_WickImbalance:lo,2,2,0,10.5,169.75,339.5,0,2
SHORT,Micro_Entropy:lo,Micro_HLAsymmetry:lo,2,2,0,10.5,169.75,339.5,0,2
SHORT,Micro_Entropy:lo,Session_High_Dist_ATR:lo,2,2,0,10.5,169.75,339.5,0,2
SHORT,Micro_HLAsymmetry:lo,Micro_WickImbalance:lo,2,2,0,10.5,169.75,339.5,0,2
SHORT,Micro_HLAsymmetry:lo,VWAP_Dist_ATR:lo,2,2,0,7.0,196.45,392.9,0,2
SHORT,Micro_WickImbalance:lo,Session_High_Dist_ATR:lo,2,2,0,10.5,169.75,339.5,0,2
SHORT,Session_High_Dist_ATR:lo,VWAP_Dist_ATR:lo,2,2,0,7.0,196.45,392.9,0,2
SHORT,AT_Slope_ST:hi,Micro_HLAsymmetry:lo,2,2,0,5.5,132.05,264.1,0,2
SHORT,Micro_CSSpread:hi,Micro_MicroGap:lo,2,2,0,5.0,125.3,250.6,0,2
SHORT,Micro_BarOverlap:lo,Micro_Lambda:hi,2,2,0,4.0,103.4,206.8,0,2
SHORT,Micro_Lambda:hi,Micro_MicroGap:hi,2,2,0,4.0,138.2,276.4,0,2
SHORT,Micro_Lambda:hi,Slope_Accel_ST:hi,2,2,0,5.0,168.1,336.2,0,2
SHORT,ATR_1M:hi,D2D_Dn_Count:hi,2,2,0,6.5,223.5,447.0,0,2
SHORT,ATR_1M:hi,Slope_Accel_ST:lo,2,2,0,6.5,223.5,447.0,0,2
SHORT,D2D_Dn_Count:hi,Micro_BarOverlap:hi,2,2,0,4.0,74.6,149.2,0,2
SHORT,D2D_Dn_Count:hi,Micro_CSSpread:hi,2,2,0,6.5,223.5,447.0,0,2
SHORT,Micro_BarOverlap:hi,Slope_Accel_ST:lo,2,2,0,4.0,74.6,149.2,0,2
SHORT,Micro_CSSpread:lo,OBV_Velocity:hi,2,2,0,4.0,75.4,150.8,0,2
SHORT,KAMA_Dist:hi,Micro_Lambda:hi,2,2,0,4.0,103.0,206.0,0,2
SHORT,Micro_IBSP:hi,Micro_Lambda:hi,2,2,0,4.0,103.0,206.0,0,2
SHORT,AT_Lookback_ST:hi,Micro_Rejection:hi,2,2,0,5.5,67.25,134.5,0,2
SHORT,Micro_Rejection:hi,Micro_TickIntensity:hi,2,2,0,5.5,67.25,134.5,0,2
SHORT,Micro_Rejection:hi,Session_High_Dist_ATR:hi,2,2,0,5.5,67.25,134.5,0,2
SHORT,PrevDay_High_Side:==1,Session_High_Dist_ATR:hi,2,2,0,5.5,67.25,134.5,0,2
SHORT,AT_Lookback_ST:hi,KAMA_Dist:hi,2,2,0,5.5,76.05,152.1,0,2
SHORT,AT_Lookback_ST:hi,Micro_IBSP:hi,2,2,0,5.5,76.05,152.1,0,2
SHORT,KAMA_Dist:hi,Micro_TickIntensity:hi,2,2,0,5.5,76.05,152.1,0,2
SHORT,Micro_IBSP:hi,Micro_TickIntensity:hi,2,2,0,5.5,76.05,152.1,0,2
SHORT,Micro_OrderFlowDelta:hi,PrevDay_High_Side:==1,2,2,0,5.5,128.45,256.9,0,2
SHORT,Micro_Rejection:hi,Momentum_Value:hi,2,2,0,5.5,82.65,165.3,0,2
SHORT,Micro_Rejection:hi,TChan_A15:hi,2,2,0,5.5,115.45,230.9,0,2
SHORT,Bar_Range:hi,Efficiency_Ratio:lo,2,2,0,4.0,62.4,124.8,0,2
SHORT,DailyOpen_Side:==-1,Session_High_Dist_ATR:lo,2,2,0,4.5,83.35,166.7,0,2
SHORT,Bar_Range:hi,MultiDay_Position:hi,3,2,1,4.33,-118.4,-355.2,0,3
SHORT,D2D_Dynamic_Sensitivity:lo,PrevDay_Low_Dist_ATR:hi,3,2,1,6.33,-99.27,-297.8,0,3
SHORT,MultiDay_Position:hi,RangeOsc_State:==2,2,2,0,6.0,166.95,333.9,0,2
SHORT,OR_High_Side:==1,Slope_Accel_LT:lo,2,2,0,4.0,59.7,119.4,0,2
SHORT,PrevDay_Low_Dist_ATR:hi,Slope_Accel_LT:lo,3,2,1,4.33,-150.67,-452.0,0,3
SHORT,ATR_1M:hi,DailyOpen_Side:==-1,2,2,0,4.5,199.65,399.3,0,2
SHORT,ATR_1M:hi,Efficiency_Ratio:lo,2,2,0,4.5,199.65,399.3,0,2
SHORT,DailyOpen_Side:==-1,Micro_CSSpread:hi,2,2,0,4.5,199.65,399.3,0,2
SHORT,DailyOpen_Side:==-1,Micro_HLAsymmetry:hi,2,2,0,4.5,253.05,506.1,0,2
SHORT,Efficiency_Ratio:lo,Micro_CSSpread:hi,2,2,0,4.5,199.65,399.3,0,2
SHORT,Efficiency_Ratio:lo,Micro_HLAsymmetry:hi,2,2,0,4.5,253.05,506.1,0,2
SHORT,Micro_BarEntropy:lo,Micro_PriceAccel:hi,2,2,0,5.5,205.35,410.7,0,2
SHORT,AT_Slope_LT:hi,Session_High_Dist_ATR:lo,2,2,0,6.5,124.3,248.6,0,2
SHORT,Micro_PriceAccel:hi,PrevDay_Close_Dist_ATR:lo,2,2,0,5.5,200.95,401.9,0,2
SHORT,Micro_PriceAccel:hi,VWAP_Side:==1,2,2,0,5.5,200.95,401.9,0,2
SHORT,Micro_HLAsymmetry:lo,Micro_PriceAccel:lo,2,2,0,9.5,208.8,417.6,0,2
SHORT,ADX_Value:lo,Session_High_Dist_ATR:lo,2,2,0,3.5,398.6,797.2,0,2
SHORT,AT_Score_LT:lo,Micro_BarEntropy:lo,2,2,0,5.0,97.75,195.5,0,2
SHORT,AT_Score_LT:lo,Session_High_Dist_ATR:lo,2,2,0,5.0,97.75,195.5,0,2
SHORT,D2D_Signal:==-1,Micro_PriceAccel:hi,2,2,0,7.0,268.95,537.9,0,2
SHORT,Micro_PriceAccel:hi,OR_High_Side:==-1,2,2,0,4.5,120.05,240.1,0,2
SHORT,Micro_PriceAccel:hi,Volume_Ratio_10:hi,2,2,0,6.0,241.2,482.4,0,2
SHORT,Micro_BarOverlap:hi,OR_High_Side:==-1,2,2,0,4.5,76.3,152.6,0,2
SHORT,AT_Regime_ST:==0,D2D_ATR:hi,2,2,0,6.5,78.55,157.1,0,2
SHORT,AT_Regime_ST:==0,RangeOsc_State:==-1,2,2,0,5.0,57.2,114.4,0,2
SHORT,Lower_Wick:lo,OR_High_Side:==-1,2,2,0,6.5,114.25,228.5,0,2
SHORT,Micro_RangeVelocity:lo,OR_High_Side:==-1,2,2,0,6.5,114.25,228.5,0,2
SHORT,AT_Lookback_LT:hi,Volume_Avg_10:hi,2,2,0,4.5,117.05,234.1,0,2
SHORT,Micro_Amihud:lo,Volume_Avg_10:hi,2,2,0,4.5,117.05,234.1,0,2
SHORT,D2D_Dn_Count:hi,Micro_PriceAccel:hi,2,2,0,6.5,198.5,397.0,0,2
SHORT,Micro_PriceAccel:hi,Micro_VolAccel:lo,2,2,0,6.5,198.5,397.0,0,2
SHORT,ATR_1M:hi,Micro_PriceAccel:hi,2,2,0,8.0,319.65,639.3,0,2
SHORT,ATR_1M:hi,PrevDay_High_Dist_ATR:lo,2,2,0,6.5,214.7,429.4,0,2
SHORT,D2D_Dn_Count:hi,Micro_Lambda:hi,2,2,0,6.5,218.5,437.0,0,2
SHORT,D2D_Dn_Count:hi,Micro_RollProxy:hi,2,2,0,7.0,278.7,557.4,0,2
SHORT,D2D_Dn_Count:hi,OBV_Velocity:hi,2,2,0,7.0,278.7,557.4,0,2
SHORT,D2D_Signal:==-1,Micro_RollProxy:hi,2,2,0,7.0,278.7,557.4,0,2
SHORT,D2D_Signal:==-1,OBV_Velocity:hi,2,2,0,7.0,278.7,557.4,0,2
SHORT,Micro_CSSpread:hi,Micro_PriceAccel:hi,2,2,0,8.0,319.65,639.3,0,2
SHORT,Micro_CSSpread:hi,PrevDay_High_Dist_ATR:lo,2,2,0,6.5,214.7,429.4,0,2
SHORT,Micro_HLAsymmetry:lo,PrevDay_High_Dist_ATR:lo,2,2,0,12.5,320.7,641.4,0,2
SHORT,Micro_Lambda:hi,Micro_VolAccel:lo,2,2,0,6.5,218.5,437.0,0,2
SHORT,Micro_PriceAccel:hi,RangeOsc_State:==2,2,2,0,8.0,319.65,639.3,0,2
SHORT,Micro_RangeAccel:lo,Micro_RollProxy:hi,2,2,0,7.0,278.7,557.4,0,2
SHORT,Micro_RangeAccel:lo,OBV_Velocity:hi,2,2,0,7.0,278.7,557.4,0,2
SHORT,Micro_RollProxy:hi,Micro_VolAccel:lo,2,2,0,7.0,278.7,557.4,0,2
SHORT,Micro_RollProxy:hi,Slope_Accel_ST:lo,2,2,0,7.0,278.7,557.4,0,2
SHORT,Micro_RollProxy:hi,VWAP_Dist_ATR:lo,2,2,0,7.0,278.7,557.4,0,2
SHORT,Micro_RollProxy:hi,VWAP_Sigma_ATR:lo,2,2,0,7.0,278.7,557.4,0,2
SHORT,Micro_VolAccel:lo,OBV_Velocity:hi,2,2,0,7.0,278.7,557.4,0,2
SHORT,OBV_Velocity:hi,Slope_Accel_ST:lo,2,2,0,7.0,278.7,557.4,0,2
SHORT,OBV_Velocity:hi,VWAP_Dist_ATR:lo,2,2,0,7.0,278.7,557.4,0,2
SHORT,OBV_Velocity:hi,VWAP_Sigma_ATR:lo,2,2,0,7.0,278.7,557.4,0,2
SHORT,PrevDay_High_Dist_ATR:lo,RangeOsc_State:==2,2,2,0,6.5,214.7,429.4,0,2
SHORT,PrevDay_High_Dist_ATR:lo,VWAP_Dist_ATR:lo,2,2,0,7.0,278.7,557.4,0,2
SHORT,D2D_Dynamic_Sensitivity:lo,Micro_HLAsymmetry:hi,2,2,0,7.0,307.1,614.2,0,2
SHORT,Micro_LogReturn:hi,Session_High_Dist_ATR:lo,2,2,0,4.5,115.55,231.1,0,2
SHORT,ADX_Value:lo,Volume:hi,2,2,0,7.0,171.3,342.6,0,2
SHORT,ATR_1M:hi,EMA_Oscillator:lo,2,2,0,4.0,386.6,773.2,0,2
SHORT,KAMA_Dist:hi,Micro_LogReturn:hi,2,2,0,5.0,77.25,154.5,0,2
SHORT,KAMA_Dist:hi,PrevDay_Low_Dist_ATR:hi,2,2,0,5.0,77.25,154.5,0,2
SHORT,Micro_IBSP:hi,Micro_LogReturn:hi,2,2,0,5.0,77.25,154.5,0,2
SHORT,Micro_IBSP:hi,PrevDay_Low_Dist_ATR:hi,2,2,0,5.0,77.25,154.5,0,2
SHORT,Micro_LogReturn:hi,PrevDay_Low_Dist_ATR:hi,2,2,0,5.0,77.25,154.5,0,2
SHORT,Bar_Range:hi,PrevDay_Close_Dist_ATR:hi,2,2,0,7.0,96.55,193.1,0,2
SHORT,KAMA_Dist:hi,Micro_HLAsymmetry:lo,2,2,0,4.5,61.25,122.5,0,2
SHORT,Micro_HLAsymmetry:lo,Micro_IBSP:hi,3,2,1,4.0,-11.97,-35.9,0,3
SHORT,Micro_Hurst:hi,PrevDay_Close_Dist_ATR:hi,2,2,0,7.0,96.55,193.1,0,2
SHORT,Micro_IBSP:hi,Volume_Avg_10:hi,2,2,0,4.5,89.65,179.3,0,2
SHORT,PrevDay_Close_Dist_ATR:hi,PrevDay_Low_Dist_ATR:hi,2,2,0,7.0,96.55,193.1,0,2
SHORT,PrevDay_Low_Dist_ATR:hi,Sqz_Val:hi,2,2,0,7.0,96.55,193.1,0,2
SHORT,MultiDay_Position:hi,RangeOsc_State:==-1,3,2,1,5.0,-72.73,-218.2,0,3
SHORT,RangeOsc_State:==-1,Slope_Accel_LT:lo,3,2,1,5.0,-72.73,-218.2,0,3
SHORT,Body_Size:hi,PrevDay_Close_Dist_ATR:lo,2,2,0,4.0,134.4,268.8,0,2
SHORT,Body_Size:hi,VWAP_Side:==1,2,2,0,4.0,134.4,268.8,0,2
SHORT,Micro_RangeAccel:lo,VWAP_Sigma:lo,2,2,0,10.0,211.6,423.2,0,2
SHORT,PrevDay_Close_Dist_ATR:lo,VWAP_Sigma:lo,2,2,0,4.0,134.4,268.8,0,2
SHORT,VWAP_Side:==1,VWAP_Sigma:lo,2,2,0,4.0,134.4,268.8,0,2
SHORT,Body_Size:hi,Micro_HLAsymmetry:lo,2,2,0,10.5,1039.5,2079.0,0,2
SHORT,D2D_ATR_MA:hi,Micro_HLAsymmetry:lo,2,2,0,10.5,1039.5,2079.0,0,2
SHORT,D2D_ATR_MA:hi,Micro_Hurst:hi,2,2,0,10.5,1039.5,2079.0,0,2
SHORT,D2D_ATR_MA:hi,Micro_Lambda:hi,2,2,0,5.5,983.4,1966.8,0,2
SHORT,D2D_ATR_MA:hi,Session_High_Dist_ATR:lo,2,2,0,10.5,1039.5,2079.0,0,2
SHORT,Micro_HLAsymmetry:lo,Micro_OrderFlowDelta:lo,2,2,0,10.5,1039.5,2079.0,0,2
SHORT,Micro_HLAsymmetry:lo,VWAP_Sigma:lo,2,2,0,10.5,1039.5,2079.0,0,2
SHORT,Micro_MicroGap:lo,Session_High_Dist_ATR:lo,2,2,0,10.5,1039.5,2079.0,0,2
SHORT,DailyOpen_Side:==-1,Micro_VPIN:lo,2,2,0,3.0,32.7,65.4,0,2
SHORT,DailyOpen_Side:==-1,RangeOsc_State:==-1,2,2,0,3.0,32.7,65.4,0,2
SHORT,DailyOpen_Side:==-1,Slope_EMA_LT:hi,2,2,0,3.0,32.7,65.4,0,2
SHORT,Efficiency_Ratio:lo,Micro_VPIN:lo,2,2,0,3.0,32.7,65.4,0,2
SHORT,Efficiency_Ratio:lo,RangeOsc_State:==-1,2,2,0,3.0,32.7,65.4,0,2
SHORT,Efficiency_Ratio:lo,Slope_EMA_LT:hi,2,2,0,3.0,32.7,65.4,0,2
SHORT,Micro_VPIN:lo,OR_High_Side:==1,2,2,0,3.0,32.7,65.4,0,2
SHORT,Micro_VPIN:lo,PrevDay_Close_Side:==-1,2,2,0,3.0,32.7,65.4,0,2
SHORT,OR_High_Side:==1,RangeOsc_State:==-1,2,2,0,3.0,32.7,65.4,0,2
SHORT,OR_High_Side:==1,Slope_EMA_LT:hi,2,2,0,3.0,32.7,65.4,0,2
SHORT,PrevDay_Close_Side:==-1,RangeOsc_State:==-1,2,2,0,3.0,32.7,65.4,0,2
SHORT,PrevDay_Close_Side:==-1,Slope_EMA_LT:hi,2,2,0,3.0,32.7,65.4,0,2
SHORT,Micro_CSSpread:lo,OR_High_Dist_ATR:hi,2,2,0,4.0,60.0,120.0,0,2
SHORT,Micro_CSSpread:lo,Sqz_State:==-1,2,2,0,4.0,60.0,120.0,0,2
SHORT,Micro_OrderFlowDelta:hi,RangeOsc_State:==-2,2,2,0,4.5,63.35,126.7,0,2
SHORT,Micro_OrderFlowDelta:hi,VWAP_Sigma:hi,2,2,0,4.5,63.35,126.7,0,2
SHORT,EMA_Oscillator:lo,OBVf_Signal:==1,2,2,0,6.0,252.0,504.0,0,2
SHORT,EMA_Oscillator:lo,Micro_FailedBreak:lo,2,2,0,6.5,125.55,251.1,0,2
SHORT,EMA_Oscillator:lo,Micro_FractalDim:lo,2,2,0,6.5,125.55,251.1,0,2
SHORT,Micro_FailedBreak:lo,Micro_ThrustEff:hi,2,2,0,3.5,37.5,75.0,0,2
SHORT,Micro_FractalDim:lo,Micro_ThrustEff:hi,2,2,0,3.5,37.5,75.0,0,2
SHORT,Micro_FractalDim:lo,Slope_EMA_ST:lo,2,2,0,3.5,37.5,75.0,0,2
SHORT,Micro_CSSpread:hi,Micro_OrderFlowDelta:lo,2,2,0,4.0,76.0,152.0,0,2
SHORT,Micro_CSSpread:hi,VAH_Side:==0,2,2,0,4.0,125.0,250.0,0,2
SHORT,AT_Score_LT:hi,Micro_OrderFlowDelta:hi,2,2,0,4.0,103.0,206.0,0,2
SHORT,AT_Score_LT:hi,Micro_PriceAccel:lo,2,2,0,4.0,103.0,206.0,0,2
SHORT,Micro_BarOverlap:lo,PrevDay_Close_Dist_ATR:lo,2,2,0,4.0,166.4,332.8,0,2
SHORT,Micro_BarOverlap:lo,VWAP_Side:==1,2,2,0,4.0,166.4,332.8,0,2
SHORT,Micro_CSSpread:hi,Volume_Ratio_10:hi,2,2,0,5.5,229.95,459.9,0,2
SHORT,D2D_Dynamic_Sensitivity:lo,PrevDay_Close_Side:==-1,2,2,0,5.5,262.35,524.7,0,2
SHORT,D2D_Dynamic_Sensitivity:lo,Round_500_Dist_ATR:lo,2,2,0,5.5,262.35,524.7,0,2
SHORT,AT_Regime_ST:==0,KAMA_Dist:hi,2,2,0,4.5,126.25,252.5,0,2
SHORT,AT_Regime_ST:==0,Micro_IBSP:hi,2,2,0,4.5,126.25,252.5,0,2
SHORT,AT_Regime_ST:==0,Micro_RollProxy:hi,2,2,0,4.5,126.25,252.5,0,2
SHORT,AT_Regime_ST:==0,OBV_Velocity:hi,2,2,0,4.5,126.25,252.5,0,2
SHORT,AT_Regime_ST:==0,PrevDay_High_Dist_ATR:lo,2,2,0,4.5,126.25,252.5,0,2
SHORT,Bar_Range:hi,Micro_RollProxy:hi,2,2,0,4.5,126.25,252.5,0,2
SHORT,Bar_Range:hi,PrevDay_High_Dist_ATR:lo,2,2,0,4.5,126.25,252.5,0,2
SHORT,KAMA_Dist:hi,Lower_Wick:lo,2,2,0,4.5,126.25,252.5,0,2
SHORT,Lower_Wick:lo,Micro_IBSP:hi,2,2,0,4.5,126.25,252.5,0,2
SHORT,Lower_Wick:lo,Micro_RollProxy:hi,2,2,0,4.5,126.25,252.5,0,2
SHORT,Lower_Wick:lo,OBV_Velocity:hi,2,2,0,4.5,126.25,252.5,0,2
SHORT,AT_Regime_ST:==0,PrevDay_Low_Dist_ATR:hi,2,2,0,8.0,117.25,234.5,0,2
SHORT,Micro_BarEntropy:lo,Micro_MomoTransfer:hi,2,2,0,12.5,216.3,432.6,0,2
SHORT,Micro_Lambda:hi,PrevDay_High_Side:==1,2,2,0,8.0,199.8,399.6,0,2
SHORT,Session_High_Dist_ATR:lo,Sqz_Val:hi,2,2,0,7.0,103.05,206.1,0,2
SHORT,ADX_Value:lo,Slope_Accel_LT:lo,2,2,0,4.0,52.8,105.6,0,2
SHORT,Session_High_Dist_ATR:lo,WeeklyOpen_Dist_ATR:hi,2,2,0,3.5,39.4,78.8,0,2
SHORT,PrevDay_Low_Dist_ATR:hi,Volume:hi,2,2,0,7.0,157.9,315.8,0,2
SHORT,PrevDay_Low_Dist_ATR:hi,Volume_Ratio_10:hi,2,2,0,7.0,157.9,315.8,0,2
SHORT,AT_Score_LT:hi,DailyOpen_Dist_ATR:hi,2,2,0,7.0,121.8,243.6,0,2
SHORT,AT_Score_LT:hi,Micro_Hurst:lo,2,2,0,7.0,121.8,243.6,0,2
SHORT,D2D_ATR:hi,DailyOpen_Dist_ATR:hi,2,2,0,7.0,121.8,243.6,0,2
SHORT,D2D_ATR:hi,Micro_Hurst:lo,2,2,0,7.0,121.8,243.6,0,2
SHORT,DailyOpen_Dist_ATR:hi,OR_High_Side:==-1,2,2,0,7.0,121.8,243.6,0,2
SHORT,DailyOpen_Dist_ATR:hi,RangeOsc_State:==-1,2,2,0,7.0,121.8,243.6,0,2
SHORT,Micro_HLAsymmetry:hi,OR_High_Side:==-1,2,2,0,7.0,121.8,243.6,0,2
SHORT,Micro_Hurst:lo,OR_High_Side:==-1,2,2,0,7.0,121.8,243.6,0,2
SHORT,Micro_Hurst:lo,RangeOsc_State:==-1,2,2,0,7.0,121.8,243.6,0,2
SHORT,AT_Score_LT:hi,Micro_VolAccel:hi,2,2,0,7.5,222.75,445.5,0,2
SHORT,Micro_VolAccel:hi,RangeOsc_State:==-1,2,2,0,4.5,139.85,279.7,0,2
SHORT,AT_Lookback_LT:hi,Bar_Range:hi,2,2,0,4.0,156.0,312.0,0,2
SHORT,AT_Lookback_LT:hi,Micro_Hurst:hi,2,2,0,4.0,156.0,312.0,0,2
SHORT,AT_Lookback_LT:hi,PrevDay_Low_Dist_ATR:hi,2,2,0,4.0,156.0,312.0,0,2
SHORT,Bar_Range:hi,Micro_Amihud:lo,2,2,0,4.0,156.0,312.0,0,2
SHORT,Micro_Amihud:lo,Micro_Hurst:hi,2,2,0,4.0,156.0,312.0,0,2
SHORT,Micro_Amihud:lo,PrevDay_Low_Dist_ATR:hi,2,2,0,4.0,156.0,312.0,0,2
SHORT,Micro_LogReturn:hi,RangeOsc_State:==-2,2,2,0,4.0,76.95,153.9,0,2
SHORT,Micro_LogReturn:hi,VWAP_Sigma:hi,2,2,0,4.0,76.95,153.9,0,2
SHORT,Micro_Rejection:hi,RangeOsc_State:==2,2,2,0,3.5,76.9,153.8,0,2
SHORT,ADX_Value:lo,Micro_OrderFlowDelta:lo,2,2,0,6.0,220.65,441.3,0,2
SHORT,ADX_Value:lo,MultiDay_Slope:lo,2,2,0,3.5,110.1,220.2,0,2
SHORT,ADX_Value:lo,OBV_Macd:lo,2,2,0,3.5,110.1,220.2,0,2
SHORT,ADX_Value:lo,VAH_Side:==-1,2,2,0,4.0,73.05,146.1,0,2
SHORT,Micro_TickIntensity:lo,MultiDay_Slope:lo,2,2,0,5.0,182.85,365.7,0,2
SHORT,Micro_TickIntensity:lo,OBV_Macd:lo,2,2,0,5.0,182.85,365.7,0,2
SHORT,MultiDay_Slope:lo,OBV_Velocity:lo,2,2,0,5.0,182.85,365.7,0,2
SHORT,MultiDay_Slope:lo,PoC_Side:==0,2,2,0,5.0,182.85,365.7,0,2
SHORT,MultiDay_Slope:lo,VWAP_Z:lo,2,2,0,5.0,182.85,365.7,0,2
SHORT,OBV_Macd:lo,OBV_Velocity:lo,2,2,0,5.0,182.85,365.7,0,2
SHORT,OBV_Macd:lo,PoC_Side:==0,2,2,0,5.0,182.85,365.7,0,2
SHORT,OBV_Macd:lo,VWAP_Z:lo,2,2,0,5.0,182.85,365.7,0,2
SHORT,PrevDay_Low_Side:==1,Volume:hi,2,2,0,10.0,177.6,355.2,0,2
SHORT,ADX_Value:lo,Lower_Wick:lo,2,2,0,8.5,503.95,1007.9,0,2
SHORT,ADX_Value:lo,Micro_RangeAccel:lo,2,2,0,7.5,562.45,1124.9,0,2
SHORT,PrevDay_High_Side:==1,RangeOsc_Val:lo,2,2,0,7.0,226.45,452.9,0,2
SHORT,AT_Score_LT:hi,Micro_FailedBreak:lo,2,2,0,7.0,134.3,268.6,0,2
SHORT,AT_Score_LT:hi,Micro_FractalDim:lo,2,2,0,7.0,134.3,268.6,0,2
SHORT,D2D_ATR:hi,Micro_FailedBreak:lo,2,2,0,4.5,52.6,105.2,0,2
SHORT,D2D_ATR:hi,Micro_FractalDim:lo,2,2,0,4.5,52.6,105.2,0,2
SHORT,Micro_FailedBreak:lo,Micro_VPIN:lo,2,2,0,4.0,51.4,102.8,0,2
SHORT,Micro_FailedBreak:lo,RangeOsc_State:==-1,2,2,0,4.0,51.4,102.8,0,2
SHORT,Micro_FailedBreak:lo,Slope_EMA_LT:hi,2,2,0,4.0,51.4,102.8,0,2
SHORT,Micro_HLAsymmetry:hi,Micro_VPIN:lo,2,2,0,4.0,51.4,102.8,0,2
SHORT,Micro_HLAsymmetry:hi,Slope_EMA_LT:hi,2,2,0,4.0,51.4,102.8,0,2
SHORT,ADX_Value:lo,Efficiency_Ratio:lo,2,2,0,3.5,48.75,97.5,0,2
SHORT,EMA_Oscillator:lo,Efficiency_Ratio:lo,2,2,0,3.5,48.75,97.5,0,2
SHORT,EMA_Oscillator:lo,PrevDay_Close_Side:==-1,2,2,0,3.5,48.75,97.5,0,2
SHORT,Efficiency_Ratio:hi,VAH_Side:==-1,2,2,0,5.0,135.5,271.0,0,2
SHORT,PrevDay_High_Dist_ATR:lo,TChan_A15:hi,2,2,0,4.5,145.75,291.5,0,2
SHORT,TChan_A15:hi,VWAP_Z:lo,3,2,1,4.0,44.37,133.1,0,3
SHORT,DailyOpen_Dist_ATR:lo,WeeklyOpen_Dist_ATR:lo,2,2,0,4.5,111.45,222.9,0,2
SHORT,Micro_BarEntropy:hi,PrevDay_Low_Side:==1,2,2,0,4.5,111.45,222.9,0,2
SHORT,Micro_Entropy:lo,WeeklyOpen_Dist_ATR:lo,2,2,0,5.0,139.25,278.5,0,2
SHORT,PrevDay_High_Dist_ATR:lo,WeeklyOpen_Dist_ATR:lo,2,2,0,5.0,139.25,278.5,0,2
SHORT,PrevDay_Low_Side:==1,Round_100_Dist_ATR:lo,2,2,0,4.5,111.45,222.9,0,2
SHORT,PrevDay_Low_Side:==1,WeeklyOpen_Dist_ATR:lo,2,2,0,4.5,111.45,222.9,0,2
SHORT,VWAP_Z:lo,WeeklyOpen_Dist_ATR:lo,2,2,0,5.0,139.25,278.5,0,2
SHORT,DailyOpen_Dist_ATR:lo,MultiDay_Slope:lo,2,2,0,5.5,187.4,374.8,0,2
SHORT,DailyOpen_Dist_ATR:lo,OBV_Macd:lo,2,2,0,5.5,187.4,374.8,0,2
SHORT,Micro_Lambda:hi,PrevDay_Low_Side:==1,2,2,0,6.0,229.4,458.8,0,2
SHORT,Micro_RangeVelocity:lo,PrevDay_Low_Side:==1,2,2,0,6.0,229.4,458.8,0,2
SHORT,Micro_RangeVelocity:lo,VAH_Side:==0,2,2,0,6.0,229.4,458.8,0,2
SHORT,MultiDay_Slope:lo,PrevDay_Low_Side:==1,2,2,0,5.5,187.4,374.8,0,2
SHORT,MultiDay_Slope:lo,VAH_Side:==0,2,2,0,5.5,187.4,374.8,0,2
SHORT,OBV_Macd:lo,PrevDay_Low_Side:==1,2,2,0,5.5,187.4,374.8,0,2
SHORT,OBV_Macd:lo,VAH_Side:==0,2,2,0,5.5,187.4,374.8,0,2
SHORT,Efficiency_Ratio:hi,Micro_PriceAccel:lo,2,2,0,10.5,252.0,504.0,0,2
SHORT,Micro_PriceAccel:lo,RangeOsc_Val:lo,2,2,0,10.5,252.0,504.0,0,2
SHORT,Micro_PriceAccel:lo,Volume_Avg_10:hi,2,2,0,10.5,252.0,504.0,0,2
SHORT,Lower_Wick:lo,PrevDay_Low_Side:==1,2,2,0,10.0,194.2,388.4,0,2
SHORT,Micro_FractalDim:lo,Micro_RangeVelocity:lo,2,2,0,4.5,111.8,223.6,0,2
SHORT,Micro_OrderFlowDelta:lo,TChan_A15:hi,2,2,0,4.0,94.4,188.8,0,2
SHORT,TChan_A15:hi,VWAP_Sigma:lo,2,2,0,5.5,170.4,340.8,0,2
SHORT,ADX_Value:lo,DailyOpen_Dist_ATR:lo,2,2,0,6.0,188.4,376.8,0,2
SHORT,DailyOpen_Dist_ATR:lo,Micro_OrderFlowDelta:hi,2,2,0,4.0,76.6,153.2,0,2
SHORT,EMA_Oscillator:lo,TChan_A15:hi,2,2,0,5.5,167.4,334.8,0,2
SHORT,Lower_Wick:lo,VWAP_Z:lo,2,2,0,11.0,273.0,546.0,0,2
SHORT,VWAP_Z:lo,Volume:hi,2,2,0,11.0,273.0,546.0,0,2
SHORT,Micro_BarEntropy:hi,Volume_Avg_10:hi,2,2,0,4.5,168.0,336.0,0,2
SHORT,Round_100_Dist_ATR:lo,Volume_Avg_10:hi,2,2,0,4.5,168.0,336.0,0,2
SHORT,Volume_Avg_10:hi,WeeklyOpen_Dist_ATR:lo,2,2,0,4.5,168.0,336.0,0,2
SHORT,Micro_Rejection:hi,Micro_VPIN:lo,2,2,0,5.5,261.45,522.9,0,2
SHORT,Micro_Rejection:hi,Slope_EMA_LT:hi,2,2,0,5.5,261.45,522.9,0,2
SHORT,ADX_Value:lo,Efficiency_Ratio:hi,2,2,0,9.0,277.5,555.0,0,2
SHORT,ADX_Value:lo,Micro_Entropy:lo,2,2,0,9.0,277.5,555.0,0,2
SHORT,Bar_Range:hi,Micro_VolAccel:hi,2,2,0,7.0,136.1,272.2,0,2
SHORT,Bar_Range:hi,RangeOsc_State:==-2,2,2,0,7.5,191.5,383.0,0,2
SHORT,Bar_Range:hi,VWAP_Sigma:hi,2,2,0,7.5,191.5,383.0,0,2
SHORT,D2D_Dynamic_Sensitivity:lo,Micro_VolAccel:hi,2,2,0,7.0,171.9,343.8,0,2
SHORT,Efficiency_Ratio:hi,Micro_VolAccel:hi,2,2,0,7.0,171.9,343.8,0,2
SHORT,Efficiency_Ratio:hi,RangeOsc_State:==-2,2,2,0,7.5,191.5,383.0,0,2
SHORT,Efficiency_Ratio:hi,VWAP_Sigma:hi,2,2,0,7.5,191.5,383.0,0,2
SHORT,Lower_Wick:lo,Micro_FractalDim:lo,2,2,0,7.5,137.3,274.6,0,2
SHORT,Lower_Wick:lo,Micro_VolAccel:hi,2,2,0,7.0,136.1,272.2,0,2
SHORT,Micro_Entropy:lo,Micro_FractalDim:lo,2,2,0,7.5,137.3,274.6,0,2
SHORT,Micro_FractalDim:lo,Micro_WickImbalance:lo,2,2,0,7.5,137.3,274.6,0,2
SHORT,Micro_Hurst:hi,RangeOsc_Val:lo,2,2,0,12.0,315.0,630.0,0,2
SHORT,Micro_Hurst:hi,VWAP_Z:lo,3,2,1,9.0,157.2,471.6,0,3
SHORT,Micro_Lambda:hi,VWAP_Z:lo,2,2,0,6.0,239.0,478.0,0,2
SHORT,AT_Score_LT:lo,Micro_OrderFlowDelta:lo,2,2,0,4.0,106.0,212.0,0,2
SHORT,AT_Score_LT:lo,Micro_Rejection:hi,2,2,0,4.0,106.0,212.0,0,2
SHORT,DailyOpen_Dist_ATR:lo,Session_High_Dist_ATR:lo,3,2,1,8.33,353.0,1059.0,0,3
SHORT,PrevDay_Low_Side:==1,Session_High_Dist_ATR:lo,2,2,0,11.0,608.7,1217.4,0,2
SHORT,RangeOsc_Val:lo,Session_High_Dist_ATR:lo,2,2,0,11.0,608.7,1217.4,0,2
SHORT,AT_Slope_ST:lo,Efficiency_Ratio:hi,2,2,0,6.5,166.0,332.0,0,2
SHORT,D2D_Dynamic_Sensitivity:lo,OR_High_Side:==-1,2,2,0,7.5,186.9,373.8,0,2
SHORT,OR_High_Side:==-1,RangeOsc_Val:lo,2,2,0,7.5,186.9,373.8,0,2
SHORT,D2D_ATR:hi,RangeOsc_State:==-2,2,2,0,3.5,89.65,179.3,0,2
SHORT,D2D_ATR:hi,VWAP_Sigma:hi,2,2,0,3.5,89.65,179.3,0,2
SHORT,Micro_GarmanKlass:hi,RangeOsc_State:==-2,2,2,0,3.5,89.65,179.3,0,2
SHORT,Micro_GarmanKlass:hi,VWAP_Sigma:hi,2,2,0,3.5,89.65,179.3,0,2
SHORT,D2D_ATR:hi,PrevDay_Close_Dist_ATR:hi,2,2,0,4.0,166.0,332.0,0,2
SHORT,Micro_GarmanKlass:hi,PrevDay_Close_Dist_ATR:hi,2,2,0,4.0,166.0,332.0,0,2
SHORT,Micro_GarmanKlass:hi,Sqz_Val:hi,2,2,0,4.0,166.0,332.0,0,2
SHORT,AT_Regime_ST:==0,OR_High_Dist_ATR:hi,2,2,0,6.0,85.45,170.9,0,2
SHORT,AT_Regime_ST:==0,Session_High_Dist_ATR:hi,2,2,0,5.0,76.5,153.0,0,2
SHORT,AT_Regime_ST:==0,Sqz_State:==-1,2,2,0,6.0,85.45,170.9,0,2
SHORT,Micro_RangeVelocity:lo,OR_High_Dist_ATR:hi,2,2,0,6.0,85.45,170.9,0,2
SHORT,Micro_RangeVelocity:lo,Sqz_State:==-1,2,2,0,6.0,85.45,170.9,0,2
SHORT,Body_Size:hi,Lower_Wick:lo,2,2,0,11.5,294.0,588.0,0,2
SHORT,Body_Size:hi,Micro_MomoTransfer:hi,2,2,0,11.5,294.0,588.0,0,2
SHORT,D2D_Dynamic_Sensitivity:lo,TChan_A15:hi,2,2,0,6.5,180.6,361.2,0,2
SHORT,Micro_WickImbalance:lo,RangeOsc_Val:lo,2,2,0,11.5,294.0,588.0,0,2
SHORT,Upper_Wick:hi,Volume:hi,2,2,0,6.5,273.0,546.0,0,2
SHORT,VAH_Side:==-1,Volume:hi,2,2,0,6.5,273.0,546.0,0,2
SHORT,Efficiency_Ratio:hi,Micro_HLAsymmetry:lo,2,2,0,11.5,292.95,585.9,0,2
SHORT,Efficiency_Ratio:hi,Session_High_Dist_ATR:lo,2,2,0,11.5,292.95,585.9,0,2
SHORT,Micro_BarEntropy:lo,PrevDay_High_Dist_ATR:lo,2,2,0,10.5,189.25,378.5,0,2
SHORT,Micro_MicroGap:lo,Micro_MomoTransfer:hi,2,2,0,10.0,176.0,352.0,0,2
SHORT,Micro_PriceAccel:lo,PrevDay_Low_Side:==1,2,2,0,10.0,221.0,442.0,0,2
SHORT,Micro_BarEntropy:lo,Micro_WickImbalance:hi,2,2,0,7.0,294.0,588.0,0,2
SHORT,Micro_Lambda:hi,Micro_WickImbalance:hi,2,2,0,7.0,294.0,588.0,0,2
SHORT,Micro_Entropy:lo,Slope_EMA_ST:hi,2,2,0,4.0,324.8,649.6,0,2
SHORT,Micro_WickImbalance:lo,Slope_EMA_ST:hi,2,2,0,4.0,324.8,649.6,0,2
SHORT,Micro_BarOverlap:hi,MultiDay_Position:hi,2,2,0,7.0,276.45,552.9,0,2
SHORT,Micro_BarOverlap:hi,Slope_Accel_LT:lo,2,2,0,7.0,276.45,552.9,0,2
SHORT,Efficiency_Ratio:hi,Micro_CSSpread:hi,2,2,0,5.5,180.95,361.9,0,2
SHORT,AT_Lookback_ST:hi,D2D_Dynamic_Sensitivity:lo,2,2,0,5.0,66.4,132.8,0,2
SHORT,AT_Lookback_ST:hi,OBV_Velocity:hi,2,2,0,4.0,56.0,112.0,0,2
SHORT,AT_Lookback_ST:hi,RangeOsc_Val:lo,2,2,0,5.0,66.4,132.8,0,2
SHORT,D2D_Dynamic_Sensitivity:lo,Micro_TickIntensity:hi,2,2,0,5.0,66.4,132.8,0,2
SHORT,Micro_TickIntensity:hi,OBV_Velocity:hi,2,2,0,4.0,56.0,112.0,0,2
SHORT,Micro_TickIntensity:hi,RangeOsc_Val:lo,2,2,0,5.0,66.4,132.8,0,2
SHORT,AT_Lookback_ST:hi,Micro_PriceAccel:lo,2,2,0,4.5,65.35,130.7,0,2
SHORT,AT_Lookback_ST:hi,RangeOsc_State:==2,2,2,0,4.5,78.35,156.7,0,2
SHORT,Micro_PriceAccel:lo,Sqz_Val:hi,2,2,0,4.5,65.35,130.7,0,2
SHORT,Micro_RollProxy:lo,Momentum_Value:hi,2,2,0,5.5,86.45,172.9,0,2
SHORT,Micro_RollProxy:lo,TChan_A15:hi,2,2,0,5.5,86.45,172.9,0,2
SHORT,Momentum_Value:hi,Volume:hi,2,2,0,5.5,86.45,172.9,0,2
SHORT,Momentum_Value:hi,Volume_Ratio_10:lo,2,2,0,5.5,86.45,172.9,0,2
SHORT,TChan_A15:hi,Volume_Ratio_10:lo,2,2,0,5.5,86.45,172.9,0,2
SHORT,Dist_To_PoC_ATR:lo,Slope_Accel_ST:hi,2,2,0,5.5,618.9,1237.8,0,2
SHORT,Dist_To_PoC_ATR:lo,Slope_EMA_ST:hi,2,2,0,5.5,618.9,1237.8,0,2
SHORT,Dist_To_PoC_ATR:lo,VA_Position:hi,2,2,0,5.5,618.9,1237.8,0,2
SHORT,RangeOsc_Val:lo,Slope_Accel_ST:hi,2,2,0,5.5,618.9,1237.8,0,2
SHORT,RangeOsc_Val:lo,Slope_EMA_ST:hi,2,2,0,5.5,618.9,1237.8,0,2
SHORT,RangeOsc_Val:lo,VA_Position:hi,2,2,0,5.5,618.9,1237.8,0,2
SHORT,Slope_Accel_LT:hi,Slope_Accel_ST:hi,2,2,0,5.5,618.9,1237.8,0,2
SHORT,Slope_Accel_LT:hi,Slope_EMA_ST:hi,2,2,0,5.5,618.9,1237.8,0,2
SHORT,Slope_Accel_LT:hi,VA_Position:hi,2,2,0,5.5,618.9,1237.8,0,2
SHORT,Micro_BarEntropy:lo,Micro_TickIntensity:hi,2,2,0,5.5,703.5,1407.0,0,2
SHORT,AT_Score_LT:lo,Micro_OrderFlowDelta:hi,2,2,0,5.5,124.65,249.3,0,2
SHORT,Bars_Since_Flip:hi,Slope_Accel_LT:lo,2,2,0,6.0,68.85,137.7,0,2
SHORT,PrevDay_Close_Dist_ATR:hi,Slope_Accel_LT:lo,2,2,0,6.0,68.85,137.7,0,2
SHORT,AT_Slope_ST:hi,Micro_Hurst:hi,2,2,0,6.0,95.7,191.4,0,2
SHORT,Lower_Wick:lo,Micro_GarmanKlass:hi,2,2,0,6.0,75.75,151.5,0,2
SHORT,Lower_Wick:lo,WeeklyOpen_Dist_ATR:hi,2,2,0,6.0,75.75,151.5,0,2
SHORT,Micro_GarmanKlass:hi,Micro_RangeVelocity:lo,2,2,0,6.0,75.75,151.5,0,2
SHORT,Micro_RangeVelocity:lo,WeeklyOpen_Dist_ATR:hi,2,2,0,6.0,75.75,151.5,0,2
SHORT,Micro_CSSpread:lo,Micro_Rejection:hi,2,2,0,4.0,68.6,137.2,0,2
SHORT,Micro_VolAccel:lo,Sqz_Val:hi,2,2,0,4.5,84.95,169.9,0,2
SHORT,AT_Slope_ST:hi,Micro_Rejection:hi,2,2,0,4.5,72.9,145.8,0,2
SHORT,Micro_Rejection:hi,OR_High_Dist_ATR:hi,2,2,0,4.5,72.9,145.8,0,2
SHORT,Micro_Rejection:hi,Sqz_State:==-1,2,2,0,4.5,72.9,145.8,0,2
SHORT,DailyOpen_Side:==-1,Round_500_Dist_ATR:lo,2,2,0,4.0,113.8,227.6,0,2
SHORT,Efficiency_Ratio:lo,Round_500_Dist_ATR:lo,2,2,0,4.0,113.8,227.6,0,2
SHORT,AT_Regime_ST:==0,PrevDay_Close_Side:==-1,2,2,0,4.5,67.95,135.9,0,2
SHORT,AT_Regime_ST:==0,Round_500_Dist_ATR:lo,2,2,0,4.5,67.95,135.9,0,2
SHORT,AT_Lookback_LT:hi,D2D_Dynamic_Sensitivity:lo,1,1,0,4.0,498.0,498.0,0,1
SHORT,AT_Lookback_LT:hi,Micro_IBSP:lo,1,1,0,4.0,498.0,498.0,0,1
SHORT,AT_Lookback_LT:hi,Micro_WickImbalance:hi,1,1,0,4.0,498.0,498.0,0,1
SHORT,AT_Lookback_LT:hi,RangeOsc_State:==-2,1,1,0,4.0,498.0,498.0,0,1
SHORT,AT_Lookback_LT:hi,VWAP_Sigma:hi,1,1,0,4.0,498.0,498.0,0,1
SHORT,AT_Lookback_LT:hi,Volume:hi,1,1,0,4.0,498.0,498.0,0,1
SHORT,AT_Lookback_LT:hi,Volume_Ratio_10:hi,1,1,0,4.0,498.0,498.0,0,1
SHORT,Body_Size:hi,RangeOsc_State:==-2,1,1,0,4.0,498.0,498.0,0,1
SHORT,Body_Size:hi,VWAP_Sigma:hi,1,1,0,4.0,498.0,498.0,0,1
SHORT,Body_Size:hi,Volume_Ratio_10:hi,1,1,0,4.0,498.0,498.0,0,1
SHORT,D2D_Dynamic_Sensitivity:lo,Micro_Amihud:lo,1,1,0,4.0,498.0,498.0,0,1
SHORT,Micro_Amihud:lo,Micro_IBSP:lo,1,1,0,4.0,498.0,498.0,0,1
SHORT,Micro_Amihud:lo,Micro_WickImbalance:hi,1,1,0,4.0,498.0,498.0,0,1
SHORT,Micro_Amihud:lo,RangeOsc_State:==-2,1,1,0,4.0,498.0,498.0,0,1
SHORT,Micro_Amihud:lo,VWAP_Sigma:hi,1,1,0,4.0,498.0,498.0,0,1
SHORT,Micro_Amihud:lo,Volume:hi,1,1,0,4.0,498.0,498.0,0,1
SHORT,Micro_Amihud:lo,Volume_Ratio_10:hi,1,1,0,4.0,498.0,498.0,0,1
SHORT,AT_Slope_ST:hi,D2D_Dn_Count:hi,1,1,0,8.0,336.0,336.0,0,1
SHORT,AT_Slope_ST:hi,Micro_IBSP:lo,1,1,0,8.0,336.0,336.0,0,1
SHORT,AT_Slope_ST:hi,Micro_WickImbalance:hi,1,1,0,8.0,336.0,336.0,0,1
SHORT,AT_Slope_ST:hi,Slope_Accel_ST:lo,1,1,0,8.0,336.0,336.0,0,1
SHORT,AT_Slope_ST:hi,VAH_Side:==-1,1,1,0,8.0,336.0,336.0,0,1
SHORT,AT_Slope_ST:hi,VWAP_Z:lo,1,1,0,8.0,336.0,336.0,0,1
SHORT,D2D_ATR_MA:hi,D2D_Dn_Count:hi,1,1,0,8.0,336.0,336.0,0,1
SHORT,D2D_ATR_MA:hi,Micro_IBSP:lo,1,1,0,8.0,336.0,336.0,0,1
SHORT,D2D_ATR_MA:hi,Micro_VolAccel:lo,1,1,0,8.0,336.0,336.0,0,1
SHORT,D2D_ATR_MA:hi,Micro_WickImbalance:hi,1,1,0,8.0,336.0,336.0,0,1
SHORT,D2D_ATR_MA:hi,Slope_Accel_ST:lo,1,1,0,8.0,336.0,336.0,0,1
SHORT,D2D_Dn_Count:hi,Upper_Wick:hi,1,1,0,8.0,336.0,336.0,0,1
SHORT,D2D_Dn_Count:hi,VAH_Side:==-1,1,1,0,8.0,336.0,336.0,0,1
SHORT,D2D_Dn_Count:hi,VWAP_Z:lo,1,1,0,8.0,336.0,336.0,0,1
SHORT,Micro_MicroGap:lo,Micro_WickImbalance:hi,1,1,0,8.0,336.0,336.0,0,1
SHORT,Micro_MicroGap:lo,Slope_Accel_ST:lo,1,1,0,8.0,336.0,336.0,0,1
SHORT,Micro_OrderFlowDelta:lo,Micro_VolAccel:lo,1,1,0,8.0,336.0,336.0,0,1
SHORT,Micro_OrderFlowDelta:lo,Slope_Accel_ST:lo,1,1,0,8.0,336.0,336.0,0,1
SHORT,Micro_VolAccel:lo,VAH_Side:==-1,1,1,0,8.0,336.0,336.0,0,1
SHORT,Micro_VolAccel:lo,VWAP_Z:lo,1,1,0,8.0,336.0,336.0,0,1
SHORT,Slope_Accel_ST:lo,VWAP_Sigma:lo,1,1,0,8.0,336.0,336.0,0,1
SHORT,Slope_Accel_ST:lo,VWAP_Z:lo,1,1,0,8.0,336.0,336.0,0,1
SHORT,Bar_Range:hi,OBV_Velocity:lo,1,1,0,4.0,76.4,76.4,0,1
SHORT,Micro_RangeVelocity:lo,OBV_Velocity:lo,1,1,0,4.0,76.4,76.4,0,1
SHORT,AT_Slope_LT:hi,Body_Size:hi,1,1,0,3.0,37.8,37.8,0,1
SHORT,AT_Slope_LT:hi,Micro_AutoCorr:hi,1,1,0,3.0,37.8,37.8,0,1
SHORT,AT_Slope_LT:hi,Micro_BarEntropy:hi,1,1,0,3.0,37.8,37.8,0,1
SHORT,AT_Slope_LT:hi,VWAP_Side:==-1,1,1,0,3.0,37.8,37.8,0,1
SHORT,Body_Size:hi,Micro_AutoCorr:hi,1,1,0,3.0,37.8,37.8,0,1
SHORT,Body_Size:hi,PrevDay_Low_Side:==-1,1,1,0,3.0,37.8,37.8,0,1
SHORT,Body_Size:hi,VA_Position:hi,1,1,0,3.0,37.8,37.8,0,1
SHORT,Body_Size:hi,VWAP_Side:==-1,1,1,0,3.0,37.8,37.8,0,1
SHORT,Efficiency_Ratio:hi,Micro_AutoCorr:hi,1,1,0,3.0,37.8,37.8,0,1
SHORT,Efficiency_Ratio:hi,VA_Position:hi,1,1,0,3.0,37.8,37.8,0,1
SHORT,Efficiency_Ratio:hi,VWAP_Side:==-1,1,1,0,3.0,37.8,37.8,0,1
SHORT,Micro_AutoCorr:hi,Micro_BarEntropy:hi,1,1,0,3.0,37.8,37.8,0,1
SHORT,Micro_AutoCorr:hi,Micro_MicroGap:hi,1,1,0,3.0,37.8,37.8,0,1
SHORT,Micro_AutoCorr:hi,PrevDay_Low_Side:==-1,1,1,0,3.0,37.8,37.8,0,1
SHORT,Micro_BarEntropy:hi,Micro_MicroGap:hi,1,1,0,3.0,37.8,37.8,0,1
SHORT,Micro_BarEntropy:hi,PrevDay_Low_Side:==-1,1,1,0,3.0,37.8,37.8,0,1
SHORT,Micro_BarEntropy:hi,VA_Position:hi,1,1,0,3.0,37.8,37.8,0,1
SHORT,Micro_BarEntropy:hi,VWAP_Side:==-1,1,1,0,3.0,37.8,37.8,0,1
SHORT,Micro_MicroGap:hi,VWAP_Side:==-1,1,1,0,3.0,37.8,37.8,0,1
SHORT,PrevDay_Low_Side:==-1,VA_Position:hi,1,1,0,3.0,37.8,37.8,0,1
SHORT,PrevDay_Low_Side:==-1,VWAP_Side:==-1,1,1,0,3.0,37.8,37.8,0,1
SHORT,Micro_AutoCorr:hi,Micro_RollProxy:lo,1,1,0,3.0,42.6,42.6,0,1
SHORT,Micro_AutoCorr:hi,Slope_Accel_ST:hi,1,1,0,3.0,42.6,42.6,0,1
SHORT,Micro_AutoCorr:hi,Slope_EMA_ST:hi,1,1,0,3.0,42.6,42.6,0,1
SHORT,Micro_AutoCorr:hi,Volume:hi,1,1,0,3.0,42.6,42.6,0,1
SHORT,Micro_AutoCorr:hi,Volume_Ratio_10:lo,1,1,0,3.0,42.6,42.6,0,1
SHORT,Micro_RollProxy:lo,VWAP_Side:==-1,1,1,0,3.0,42.6,42.6,0,1
SHORT,Slope_Accel_ST:hi,VWAP_Side:==-1,1,1,0,3.0,42.6,42.6,0,1
SHORT,Slope_EMA_ST:hi,VWAP_Side:==-1,1,1,0,3.0,42.6,42.6,0,1
SHORT,VWAP_Side:==-1,Volume:hi,1,1,0,3.0,42.6,42.6,0,1
SHORT,VWAP_Side:==-1,Volume_Ratio_10:lo,1,1,0,3.0,42.6,42.6,0,1
SHORT,AT_Slope_ST:hi,Micro_BarOverlap:lo,1,1,0,4.0,970.8,970.8,0,1
SHORT,DailyOpen_Side:==-1,Micro_BarOverlap:lo,1,1,0,4.0,970.8,970.8,0,1
SHORT,Efficiency_Ratio:lo,Micro_BarOverlap:lo,1,1,0,4.0,970.8,970.8,0,1
SHORT,Micro_MicroGap:hi,PrevDay_Low_Dist_ATR:hi,1,1,0,4.0,64.0,64.0,0,1
SHORT,Micro_VolAccel:lo,PrevDay_Low_Dist_ATR:hi,1,1,0,4.0,64.0,64.0,0,1
SHORT,PrevDay_Low_Dist_ATR:hi,Slope_Accel_ST:lo,1,1,0,4.0,64.0,64.0,0,1
SHORT,Body_Size:hi,Micro_VolOfVol:lo,1,1,0,5.0,98.5,98.5,0,1
SHORT,D2D_Dn_Count:hi,Micro_BarEntropy:hi,1,1,0,5.0,98.5,98.5,0,1
SHORT,D2D_Signal:==-1,Micro_BarEntropy:hi,1,1,0,5.0,98.5,98.5,0,1
SHORT,Micro_BarEntropy:hi,Micro_RangeAccel:lo,1,1,0,5.0,98.5,98.5,0,1
SHORT,Micro_BarEntropy:hi,Micro_VolAccel:lo,1,1,0,5.0,98.5,98.5,0,1
SHORT,Micro_BarEntropy:hi,Micro_VolOfVol:lo,1,1,0,5.0,98.5,98.5,0,1
SHORT,Micro_BarEntropy:hi,Slope_Accel_ST:lo,1,1,0,5.0,98.5,98.5,0,1
SHORT,Micro_BarEntropy:hi,VWAP_Dist_ATR:lo,1,1,0,5.0,98.5,98.5,0,1
SHORT,Micro_BarEntropy:hi,VWAP_Sigma_ATR:lo,1,1,0,5.0,98.5,98.5,0,1
SHORT,ATR_1M:hi,Micro_Entropy:lo,1,1,0,7.0,170.8,170.8,0,1
SHORT,ATR_1M:hi,Micro_WickImbalance:lo,1,1,0,7.0,170.8,170.8,0,1
SHORT,AT_Regime_ST:==0,MultiDay_Slope:hi,1,1,0,7.0,170.8,170.8,0,1
SHORT,Micro_CSSpread:hi,Micro_Entropy:lo,1,1,0,7.0,170.8,170.8,0,1
SHORT,Micro_CSSpread:hi,Micro_WickImbalance:lo,1,1,0,7.0,170.8,170.8,0,1
SHORT,Micro_Entropy:lo,MultiDay_Slope:hi,1,1,0,7.0,170.8,170.8,0,1
SHORT,Micro_Entropy:lo,RangeOsc_State:==2,1,1,0,7.0,170.8,170.8,0,1
SHORT,Micro_WickImbalance:lo,MultiDay_Slope:hi,1,1,0,7.0,170.8,170.8,0,1
SHORT,Micro_WickImbalance:lo,RangeOsc_State:==2,1,1,0,7.0,170.8,170.8,0,1
SHORT,AT_Slope_ST:hi,MultiDay_Slope:hi,1,1,0,6.0,102.6,102.6,0,1
SHORT,AT_Slope_ST:hi,PrevDay_Close_Dist_ATR:lo,1,1,0,6.0,102.6,102.6,0,1
SHORT,AT_Slope_ST:hi,VWAP_Side:==1,1,1,0,6.0,102.6,102.6,0,1
SHORT,D2D_ATR:hi,Upper_Wick:hi,1,1,0,6.0,102.6,102.6,0,1
SHORT,Micro_GarmanKlass:hi,PrevDay_Close_Dist_ATR:lo,1,1,0,6.0,102.6,102.6,0,1
SHORT,Micro_GarmanKlass:hi,Upper_Wick:hi,1,1,0,6.0,102.6,102.6,0,1
SHORT,Micro_GarmanKlass:hi,VWAP_Side:==1,1,1,0,6.0,102.6,102.6,0,1
SHORT,Micro_MicroGap:lo,MultiDay_Slope:hi,1,1,0,6.0,102.6,102.6,0,1
SHORT,Micro_MicroGap:lo,PrevDay_Close_Dist_ATR:lo,1,1,0,6.0,102.6,102.6,0,1
SHORT,Micro_MicroGap:lo,VWAP_Side:==1,1,1,0,6.0,102.6,102.6,0,1
SHORT,PrevDay_Close_Dist_ATR:lo,Upper_Wick:hi,1,1,0,6.0,102.6,102.6,0,1
SHORT,PrevDay_Close_Dist_ATR:lo,WeeklyOpen_Dist_ATR:hi,1,1,0,6.0,102.6,102.6,0,1
SHORT,PrevDay_Low_Dist_ATR:hi,Upper_Wick:hi,1,1,0,6.0,102.6,102.6,0,1
SHORT,Upper_Wick:hi,VWAP_Side:==1,1,1,0,6.0,102.6,102.6,0,1
SHORT,Upper_Wick:hi,WeeklyOpen_Dist_ATR:hi,1,1,0,6.0,102.6,102.6,0,1
SHORT,VWAP_Side:==1,WeeklyOpen_Dist_ATR:hi,1,1,0,6.0,102.6,102.6,0,1
SHORT,Body_Size:hi,Lower_Wick:hi,1,1,0,4.0,65.2,65.2,0,1
SHORT,Body_Size:hi,Micro_LogReturn:lo,1,1,0,4.0,65.2,65.2,0,1
SHORT,Lower_Wick:hi,VWAP_Sigma:lo,1,1,0,4.0,65.2,65.2,0,1
SHORT,Micro_LogReturn:lo,VWAP_Sigma:lo,1,1,0,4.0,65.2,65.2,0,1
SHORT,ADX_Value:lo,Micro_VolAccel:lo,1,1,0,7.0,104.3,104.3,0,1
SHORT,Body_Size:hi,Micro_ThrustEff:hi,1,1,0,7.0,104.3,104.3,0,1
SHORT,Micro_BarOverlap:lo,VWAP_Sigma:lo,1,1,0,7.0,104.3,104.3,0,1
SHORT,Micro_HLAsymmetry:hi,Micro_VolAccel:lo,1,1,0,7.0,104.3,104.3,0,1
SHORT,Micro_HLAsymmetry:hi,VWAP_Sigma:lo,1,1,0,7.0,104.3,104.3,0,1
SHORT,Micro_ThrustEff:hi,Micro_VolAccel:lo,1,1,0,7.0,104.3,104.3,0,1
SHORT,Micro_ThrustEff:hi,VWAP_Sigma:lo,1,1,0,7.0,104.3,104.3,0,1
SHORT,Micro_VolAccel:lo,Slope_EMA_ST:lo,1,1,0,7.0,104.3,104.3,0,1
SHORT,Momentum_Value:hi,VWAP_Sigma:lo,1,1,0,7.0,104.3,104.3,0,1
SHORT,MultiDay_Slope:hi,VWAP_Sigma:lo,1,1,0,7.0,104.3,104.3,0,1
SHORT,OR_High_Side:==1,VWAP_Sigma:lo,1,1,0,7.0,104.3,104.3,0,1
SHORT,OR_High_Side:==1,Volume_Avg_10:hi,1,1,0,7.0,104.3,104.3,0,1
SHORT,Slope_EMA_ST:lo,VWAP_Sigma:lo,1,1,0,7.0,104.3,104.3,0,1
SHORT,AT_Slope_ST:lo,DailyOpen_Dist_ATR:lo,1,1,0,8.0,336.0,336.0,0,1
SHORT,AT_Slope_ST:lo,Micro_OrderFlowDelta:lo,1,1,0,8.0,336.0,336.0,0,1
SHORT,AT_Slope_ST:lo,PrevDay_Low_Side:==1,1,1,0,8.0,336.0,336.0,0,1
SHORT,AT_Slope_ST:lo,VAH_Side:==0,1,1,0,8.0,336.0,336.0,0,1
SHORT,DailyOpen_Dist_ATR:lo,Micro_BarOverlap:lo,1,1,0,8.0,336.0,336.0,0,1
SHORT,DailyOpen_Dist_ATR:lo,Micro_RollProxy:hi,1,1,0,8.0,336.0,336.0,0,1
SHORT,DailyOpen_Dist_ATR:lo,OBV_Velocity:hi,1,1,0,8.0,336.0,336.0,0,1
SHORT,DailyOpen_Dist_ATR:lo,Slope_EMA_ST:lo,1,1,0,8.0,336.0,336.0,0,1
SHORT,Micro_BarOverlap:lo,Micro_Entropy:lo,1,1,0,8.0,336.0,336.0,0,1
SHORT,Micro_BarOverlap:lo,Micro_IBSP:lo,1,1,0,8.0,336.0,336.0,0,1
SHORT,Micro_BarOverlap:lo,Micro_OrderFlowDelta:lo,1,1,0,8.0,336.0,336.0,0,1
SHORT,Micro_BarOverlap:lo,Micro_WickImbalance:hi,1,1,0,8.0,336.0,336.0,0,1
SHORT,Micro_BarOverlap:lo,PrevDay_Low_Side:==1,1,1,0,8.0,336.0,336.0,0,1
SHORT,Micro_BarOverlap:lo,VAH_Side:==0,1,1,0,8.0,336.0,336.0,0,1
SHORT,Micro_BarOverlap:lo,VWAP_Z:lo,1,1,0,8.0,336.0,336.0,0,1
SHORT,Micro_Entropy:lo,Slope_EMA_ST:lo,1,1,0,8.0,336.0,336.0,0,1
SHORT,Micro_IBSP:lo,Slope_EMA_ST:lo,1,1,0,8.0,336.0,336.0,0,1
SHORT,Micro_OrderFlowDelta:lo,Micro_RollProxy:hi,1,1,0,8.0,336.0,336.0,0,1
SHORT,Micro_OrderFlowDelta:lo,OBV_Velocity:hi,1,1,0,8.0,336.0,336.0,0,1
SHORT,Micro_OrderFlowDelta:lo,Slope_EMA_ST:lo,1,1,0,8.0,336.0,336.0,0,1
SHORT,Micro_RollProxy:hi,Micro_WickImbalance:hi,1,1,0,8.0,336.0,336.0,0,1
SHORT,Micro_RollProxy:hi,MultiDay_Position:hi,1,1,0,8.0,336.0,336.0,0,1
SHORT,Micro_RollProxy:hi,PrevDay_Low_Side:==1,1,1,0,8.0,336.0,336.0,0,1
SHORT,Micro_RollProxy:hi,VAH_Side:==0,1,1,0,8.0,336.0,336.0,0,1
SHORT,Micro_WickImbalance:hi,MultiDay_Position:hi,2,1,1,6.0,-111.4,-222.8,0,2
SHORT,Micro_WickImbalance:hi,OBV_Velocity:hi,1,1,0,8.0,336.0,336.0,0,1
SHORT,Micro_WickImbalance:hi,Slope_Accel_LT:lo,2,1,1,6.0,-111.4,-222.8,0,2
SHORT,Micro_WickImbalance:hi,Slope_EMA_ST:lo,1,1,0,8.0,336.0,336.0,0,1
SHORT,MultiDay_Position:hi,OBV_Velocity:hi,1,1,0,8.0,336.0,336.0,0,1
SHORT,MultiDay_Position:hi,Slope_EMA_ST:lo,1,1,0,8.0,336.0,336.0,0,1
SHORT,OBV_Velocity:hi,PrevDay_Low_Side:==1,1,1,0,8.0,336.0,336.0,0,1
SHORT,OBV_Velocity:hi,VAH_Side:==0,1,1,0,8.0,336.0,336.0,0,1
SHORT,PrevDay_Low_Side:==1,Slope_EMA_ST:lo,1,1,0,8.0,336.0,336.0,0,1
SHORT,Slope_Accel_LT:lo,Slope_EMA_ST:lo,1,1,0,8.0,336.0,336.0,0,1
SHORT,Slope_EMA_ST:lo,VAH_Side:==0,1,1,0,8.0,336.0,336.0,0,1
SHORT,Slope_EMA_ST:lo,VWAP_Z:lo,1,1,0,8.0,336.0,336.0,0,1
SHORT,Micro_Lambda:hi,Micro_WickImbalance:lo,1,1,0,4.0,103.2,103.2,0,1
SHORT,Micro_Lambda:hi,VAL_Side:==0,1,1,0,4.0,103.2,103.2,0,1
SHORT,Micro_BarEntropy:hi,Micro_RollProxy:hi,1,1,0,4.0,110.8,110.8,0,1
SHORT,Micro_BarEntropy:hi,OBV_Velocity:hi,1,1,0,4.0,110.8,110.8,0,1
SHORT,Micro_RollProxy:hi,PoC_Side:==0,1,1,0,4.0,110.8,110.8,0,1
SHORT,Micro_RollProxy:hi,Round_100_Dist_ATR:lo,1,1,0,4.0,110.8,110.8,0,1
SHORT,Micro_RollProxy:hi,Upper_Wick:hi,1,1,0,4.0,110.8,110.8,0,1
SHORT,Micro_RollProxy:hi,VAH_Side:==-1,1,1,0,4.0,110.8,110.8,0,1
SHORT,OBV_Velocity:hi,PoC_Side:==0,1,1,0,4.0,110.8,110.8,0,1
SHORT,OBV_Velocity:hi,Round_100_Dist_ATR:lo,1,1,0,4.0,110.8,110.8,0,1
SHORT,OBV_Velocity:hi,Upper_Wick:hi,1,1,0,4.0,110.8,110.8,0,1
SHORT,Micro_PriceAccel:lo,Micro_Rejection:hi,1,1,0,5.0,190.5,190.5,0,1
SHORT,Micro_RangeAccel:lo,Micro_Rejection:hi,1,1,0,5.0,190.5,190.5,0,1
SHORT,Micro_Rejection:hi,Micro_WickImbalance:lo,1,1,0,5.0,190.5,190.5,0,1
SHORT,Micro_Rejection:hi,VAH_Side:==0,1,1,0,5.0,190.5,190.5,0,1
SHORT,Micro_Rejection:hi,VAL_Side:==0,1,1,0,5.0,190.5,190.5,0,1
SHORT,OBVf_Signal:==1,VAL_Side:==0,1,1,0,5.0,190.5,190.5,0,1
SHORT,OBVf_DirStepCount:hi,TChan_A15:hi,1,1,0,5.0,79.5,79.5,0,1
SHORT,Micro_MomoTransfer:hi,Slope_Accel_LT:lo,1,1,0,7.0,85.4,85.4,0,1
SHORT,Micro_RangeAccel:lo,Slope_Accel_LT:lo,1,1,0,7.0,85.4,85.4,0,1
SHORT,Bar_Range:hi,DailyOpen_Dist_ATR:lo,1,1,0,5.0,1464.0,1464.0,0,1
SHORT,DailyOpen_Dist_ATR:lo,Micro_AutoCorr:lo,1,1,0,5.0,1464.0,1464.0,0,1
SHORT,DailyOpen_Dist_ATR:lo,Micro_MicroGap:hi,1,1,0,5.0,1464.0,1464.0,0,1
SHORT,Micro_AutoCorr:lo,Micro_MicroGap:hi,1,1,0,5.0,1464.0,1464.0,1,0
SHORT,Micro_AutoCorr:lo,Micro_MomoTransfer:hi,1,1,0,5.0,1464.0,1464.0,1,0
SHORT,Micro_AutoCorr:lo,TChan_A15:hi,1,1,0,5.0,1464.0,1464.0,0,1
SHORT,Micro_MicroGap:hi,TChan_A15:hi,1,1,0,5.0,1464.0,1464.0,0,1
SHORT,Micro_MicroGap:hi,VAH_Side:==-1,1,1,0,5.0,1464.0,1464.0,0,1
SHORT,Micro_MicroGap:hi,VAL_Side:==0,1,1,0,5.0,1464.0,1464.0,0,1
SHORT,Micro_MicroGap:hi,WeeklyOpen_Side:==-1,1,1,0,5.0,1464.0,1464.0,0,1
SHORT,Micro_PriceAccel:lo,TChan_A15:hi,1,1,0,5.0,1464.0,1464.0,0,1
SHORT,Micro_PriceAccel:lo,VAH_Side:==-1,1,1,0,5.0,1464.0,1464.0,0,1
SHORT,Micro_FailedBreak:lo,OBV_Velocity:lo,1,1,0,4.0,676.4,676.4,0,1
SHORT,Micro_PriceAccel:hi,Micro_TickIntensity:hi,1,1,0,4.0,676.4,676.4,0,1
SHORT,Micro_PriceAccel:hi,OBV_Velocity:lo,1,1,0,4.0,676.4,676.4,0,1
SHORT,Micro_TickIntensity:hi,VAH_Side:==-1,1,1,0,4.0,676.4,676.4,0,1
SHORT,Bar_Range:hi,OBVf_DirStepCount:hi,1,1,0,6.0,165.6,165.6,0,1
SHORT,Micro_AutoCorr:lo,Micro_FailedBreak:lo,1,1,0,6.0,165.6,165.6,0,1
SHORT,Micro_AutoCorr:lo,Micro_PriceAccel:hi,1,1,0,6.0,165.6,165.6,0,1
SHORT,Micro_RangeVelocity:lo,OBVf_DirStepCount:hi,1,1,0,6.0,165.6,165.6,0,1
SHORT,Micro_CSSpread:lo,VWAP_Z:lo,1,1,0,5.0,194.0,194.0,0,1
SHORT,Session_High_Dist_ATR:hi,VWAP_Z:lo,1,1,0,5.0,194.0,194.0,0,1
SHORT,Sqz_Val:hi,VWAP_Z:lo,1,1,0,5.0,194.0,194.0,0,1
SHORT,ADX_Value:lo,AT_Lookback_ST:hi,1,1,0,8.0,96.0,96.0,0,1
SHORT,ADX_Value:lo,AT_Slope_ST:lo,1,1,0,8.0,96.0,96.0,0,1
SHORT,ADX_Value:lo,Bars_Since_Flip:hi,1,1,0,8.0,96.0,96.0,0,1
SHORT,ADX_Value:lo,D2D_ATR_MA:hi,1,1,0,8.0,96.0,96.0,0,1
SHORT,ADX_Value:lo,Micro_CSSpread:lo,1,1,0,8.0,96.0,96.0,0,1
SHORT,ADX_Value:lo,Micro_TickIntensity:hi,1,1,0,8.0,96.0,96.0,0,1
SHORT,ADX_Value:lo,PrevDay_Close_Dist_ATR:hi,1,1,0,8.0,96.0,96.0,0,1
SHORT,ADX_Value:lo,Sqz_Val:hi,1,1,0,8.0,96.0,96.0,0,1
SHORT,AT_Lookback_ST:hi,Micro_ThrustEff:hi,1,1,0,8.0,96.0,96.0,0,1
SHORT,AT_Slope_ST:lo,Micro_ThrustEff:hi,1,1,0,8.0,96.0,96.0,0,1
SHORT,Bars_Since_Flip:hi,Micro_ThrustEff:hi,1,1,0,8.0,96.0,96.0,0,1
SHORT,D2D_ATR_MA:hi,Micro_ThrustEff:hi,1,1,0,8.0,96.0,96.0,0,1
SHORT,Micro_CSSpread:lo,Micro_ThrustEff:hi,1,1,0,8.0,96.0,96.0,0,1
SHORT,Micro_OrderFlowDelta:hi,Micro_ThrustEff:hi,1,1,0,8.0,96.0,96.0,0,1
SHORT,Micro_ThrustEff:hi,Micro_TickIntensity:hi,1,1,0,8.0,96.0,96.0,0,1
SHORT,Micro_ThrustEff:hi,PrevDay_Close_Dist_ATR:hi,1,1,0,8.0,96.0,96.0,0,1
SHORT,Micro_ThrustEff:hi,Sqz_Val:hi,1,1,0,8.0,96.0,96.0,0,1
SHORT,Bars_Since_Flip:hi,Lower_Wick:hi,1,1,0,7.0,112.7,112.7,0,1
SHORT,Bars_Since_Flip:hi,Micro_LogReturn:lo,1,1,0,7.0,112.7,112.7,0,1
SHORT,Bars_Since_Flip:hi,WeeklyOpen_Dist_ATR:hi,1,1,0,7.0,112.7,112.7,0,1
SHORT,D2D_ATR_MA:hi,Lower_Wick:hi,1,1,0,7.0,112.7,112.7,0,1
SHORT,D2D_ATR_MA:hi,Micro_LogReturn:lo,1,1,0,7.0,112.7,112.7,0,1
SHORT,Lower_Wick:hi,Micro_CSSpread:lo,1,1,0,7.0,112.7,112.7,0,1
SHORT,Lower_Wick:hi,Micro_MomoTransfer:hi,1,1,0,7.0,112.7,112.7,0,1
SHORT,Lower_Wick:hi,Micro_RangeAccel:lo,1,1,0,7.0,112.7,112.7,0,1
SHORT,Lower_Wick:hi,Momentum_Value:hi,1,1,0,7.0,112.7,112.7,0,1
SHORT,Lower_Wick:hi,OBVf_Signal:==1,1,1,0,7.0,112.7,112.7,0,1
SHORT,Lower_Wick:hi,PrevDay_Close_Dist_ATR:hi,1,1,0,7.0,112.7,112.7,0,1
SHORT,Lower_Wick:hi,Session_High_Dist_ATR:hi,1,1,0,7.0,112.7,112.7,0,1
SHORT,Lower_Wick:hi,Sqz_Val:hi,1,1,0,7.0,112.7,112.7,0,1
SHORT,Lower_Wick:hi,TChan_A15:hi,1,1,0,7.0,112.7,112.7,0,1
SHORT,Micro_CSSpread:lo,Micro_LogReturn:lo,1,1,0,7.0,112.7,112.7,0,1
SHORT,Micro_LogReturn:lo,Micro_MomoTransfer:hi,1,1,0,7.0,112.7,112.7,0,1
SHORT,Micro_LogReturn:lo,Micro_RangeAccel:lo,1,1,0,7.0,112.7,112.7,0,1
SHORT,Micro_LogReturn:lo,Momentum_Value:hi,1,1,0,7.0,112.7,112.7,0,1
SHORT,Micro_LogReturn:lo,OBVf_Signal:==1,1,1,0,7.0,112.7,112.7,0,1
SHORT,Micro_LogReturn:lo,PrevDay_Close_Dist_ATR:hi,1,1,0,7.0,112.7,112.7,0,1
SHORT,Micro_LogReturn:lo,Session_High_Dist_ATR:hi,1,1,0,7.0,112.7,112.7,0,1
SHORT,Micro_LogReturn:lo,Sqz_Val:hi,1,1,0,7.0,112.7,112.7,0,1
SHORT,Micro_MomoTransfer:hi,Momentum_Value:hi,1,1,0,7.0,112.7,112.7,0,1
SHORT,Micro_MomoTransfer:hi,WeeklyOpen_Dist_ATR:hi,1,1,0,7.0,112.7,112.7,0,1
SHORT,Micro_RangeAccel:lo,Momentum_Value:hi,1,1,0,7.0,112.7,112.7,0,1
SHORT,Micro_RangeAccel:lo,WeeklyOpen_Dist_ATR:hi,1,1,0,7.0,112.7,112.7,0,1
SHORT,OBVf_Signal:==1,WeeklyOpen_Dist_ATR:hi,1,1,0,7.0,112.7,112.7,0,1
SHORT,Session_High_Dist_ATR:hi,WeeklyOpen_Dist_ATR:hi,1,1,0,7.0,112.7,112.7,0,1
SHORT,TChan_A15:hi,WeeklyOpen_Dist_ATR:hi,1,1,0,7.0,112.7,112.7,0,1
SHORT,AT_Score_LT:lo,Micro_LogReturn:lo,1,1,0,4.0,75.6,75.6,0,1
SHORT,Dist_To_PoC_ATR:lo,Slope_Accel_ST:lo,1,1,0,4.0,75.6,75.6,0,1
SHORT,Dist_To_PoC_ATR:lo,VAL_Side:==-1,1,1,0,4.0,75.6,75.6,0,1
SHORT,Dist_To_PoC_ATR:lo,Volume_Avg_10:hi,1,1,0,4.0,75.6,75.6,0,1
SHORT,Micro_Lambda:hi,Micro_LogReturn:lo,1,1,0,4.0,75.6,75.6,0,1
SHORT,Micro_Lambda:hi,VAL_Side:==-1,1,1,0,4.0,75.6,75.6,0,1
SHORT,Micro_LogReturn:lo,Slope_Accel_ST:lo,1,1,0,4.0,75.6,75.6,0,1
SHORT,Micro_LogReturn:lo,VAL_Side:==-1,1,1,0,4.0,75.6,75.6,0,1
SHORT,Slope_Accel_LT:hi,Slope_Accel_ST:lo,1,1,0,4.0,75.6,75.6,0,1
SHORT,Slope_Accel_LT:hi,VAL_Side:==-1,1,1,0,4.0,75.6,75.6,0,1
SHORT,Slope_Accel_LT:hi,Volume_Avg_10:hi,1,1,0,4.0,75.6,75.6,0,1
SHORT,Slope_Accel_ST:lo,TChan_A15:hi,1,1,0,4.0,75.6,75.6,0,1
SHORT,TChan_A15:hi,VAL_Side:==-1,1,1,0,4.0,75.6,75.6,0,1
SHORT,AT_Slope_ST:lo,Dist_To_PoC_ATR:lo,1,1,0,6.0,70.0,70.0,0,1
SHORT,AT_Slope_ST:lo,Micro_PriceAccel:hi,1,1,0,6.0,70.0,70.0,0,1
SHORT,AT_Slope_ST:lo,Slope_Accel_LT:hi,1,1,0,6.0,70.0,70.0,0,1
SHORT,AT_Slope_ST:lo,VAH_Side:==-1,1,1,0,6.0,70.0,70.0,0,1
SHORT,Dist_To_PoC_ATR:lo,Lower_Wick:hi,1,1,0,6.0,70.0,70.0,0,1
SHORT,Dist_To_PoC_ATR:lo,Micro_BarOverlap:lo,1,1,0,6.0,70.0,70.0,0,1
SHORT,Dist_To_PoC_ATR:lo,Micro_FailedBreak:lo,1,1,0,6.0,70.0,70.0,0,1
SHORT,Dist_To_PoC_ATR:lo,Micro_PriceAccel:hi,1,1,0,6.0,70.0,70.0,0,1
SHORT,Dist_To_PoC_ATR:lo,OBV_Velocity:hi,1,1,0,6.0,70.0,70.0,0,1
SHORT,Dist_To_PoC_ATR:lo,VAH_Side:==-1,1,1,0,6.0,70.0,70.0,0,1
SHORT,Dist_To_PoC_ATR:lo,WeeklyOpen_Dist_ATR:hi,1,1,0,6.0,70.0,70.0,0,1
SHORT,Lower_Wick:hi,Micro_BarOverlap:lo,1,1,0,6.0,70.0,70.0,0,1
SHORT,Lower_Wick:hi,Micro_FailedBreak:lo,1,1,0,6.0,70.0,70.0,0,1
SHORT,Lower_Wick:hi,Micro_PriceAccel:hi,1,1,0,6.0,70.0,70.0,0,1
SHORT,Lower_Wick:hi,OBV_Velocity:hi,1,1,0,6.0,70.0,70.0,0,1
SHORT,Lower_Wick:hi,RangeOsc_Val:lo,1,1,0,6.0,70.0,70.0,0,1
SHORT,Lower_Wick:hi,Slope_Accel_LT:hi,1,1,0,6.0,70.0,70.0,0,1
SHORT,Lower_Wick:hi,Slope_EMA_ST:lo,1,1,0,6.0,70.0,70.0,0,1
SHORT,Lower_Wick:hi,VAH_Side:==-1,1,1,0,6.0,70.0,70.0,0,1
SHORT,Micro_BarOverlap:lo,Micro_FailedBreak:lo,1,1,0,6.0,70.0,70.0,0,1
SHORT,Micro_BarOverlap:lo,Micro_LogReturn:lo,1,1,0,6.0,70.0,70.0,0,1
SHORT,Micro_BarOverlap:lo,Micro_PriceAccel:hi,1,1,0,6.0,70.0,70.0,0,1
SHORT,Micro_BarOverlap:lo,Slope_Accel_LT:hi,1,1,0,6.0,70.0,70.0,0,1
SHORT,Micro_BarOverlap:lo,VAH_Side:==-1,1,1,0,6.0,70.0,70.0,0,1
SHORT,Micro_FailedBreak:lo,Micro_LogReturn:lo,1,1,0,6.0,70.0,70.0,0,1
SHORT,Micro_FailedBreak:lo,OBV_Velocity:hi,1,1,0,6.0,70.0,70.0,0,1
SHORT,Micro_FailedBreak:lo,RangeOsc_Val:lo,1,1,0,6.0,70.0,70.0,0,1
SHORT,Micro_FailedBreak:lo,Slope_Accel_LT:hi,1,1,0,6.0,70.0,70.0,0,1
SHORT,Micro_LogReturn:lo,Micro_PriceAccel:hi,1,1,0,6.0,70.0,70.0,0,1
SHORT,Micro_LogReturn:lo,OBV_Velocity:hi,1,1,0,6.0,70.0,70.0,0,1
SHORT,Micro_LogReturn:lo,Slope_EMA_ST:lo,1,1,0,6.0,70.0,70.0,0,1
SHORT,Micro_LogReturn:lo,VAH_Side:==-1,1,1,0,6.0,70.0,70.0,0,1
SHORT,Micro_PriceAccel:hi,Slope_Accel_LT:hi,1,1,0,6.0,70.0,70.0,0,1
SHORT,Micro_PriceAccel:hi,Slope_EMA_ST:lo,1,1,0,6.0,70.0,70.0,0,1
SHORT,Micro_PriceAccel:hi,WeeklyOpen_Dist_ATR:hi,1,1,0,6.0,70.0,70.0,0,1
SHORT,OBV_Velocity:hi,Slope_Accel_LT:hi,1,1,0,6.0,70.0,70.0,0,1
SHORT,OBV_Velocity:hi,WeeklyOpen_Dist_ATR:hi,1,1,0,6.0,70.0,70.0,0,1
SHORT,RangeOsc_Val:lo,WeeklyOpen_Dist_ATR:hi,1,1,0,6.0,70.0,70.0,0,1
SHORT,Slope_Accel_LT:hi,VAH_Side:==-1,1,1,0,6.0,70.0,70.0,0,1
SHORT,Slope_Accel_LT:hi,WeeklyOpen_Dist_ATR:hi,1,1,0,6.0,70.0,70.0,0,1
SHORT,Slope_EMA_ST:lo,VAH_Side:==-1,1,1,0,6.0,70.0,70.0,0,1
SHORT,Slope_EMA_ST:lo,WeeklyOpen_Dist_ATR:hi,1,1,0,6.0,70.0,70.0,0,1
SHORT,VAH_Side:==-1,WeeklyOpen_Dist_ATR:hi,1,1,0,6.0,70.0,70.0,0,1
SHORT,Bars_Since_Flip:hi,Micro_BarOverlap:lo,1,1,0,8.0,291.2,291.2,0,1
SHORT,Bars_Since_Flip:hi,OBV_Velocity:hi,1,1,0,8.0,291.2,291.2,0,1
SHORT,D2D_ATR_MA:hi,Micro_BarOverlap:lo,1,1,0,8.0,291.2,291.2,0,1
SHORT,D2D_ATR_MA:hi,OBV_Velocity:hi,1,1,0,8.0,291.2,291.2,0,1
SHORT,DailyOpen_Dist_ATR:hi,Micro_OrderFlowDelta:hi,1,1,0,8.0,291.2,291.2,0,1
SHORT,DailyOpen_Dist_ATR:hi,Momentum_Value:hi,1,1,0,8.0,291.2,291.2,0,1
SHORT,DailyOpen_Dist_ATR:hi,TChan_A15:hi,1,1,0,8.0,291.2,291.2,0,1
SHORT,Micro_BarOverlap:lo,PrevDay_Close_Dist_ATR:hi,1,1,0,8.0,291.2,291.2,0,1
SHORT,Micro_BarOverlap:lo,Session_High_Dist_ATR:hi,1,1,0,8.0,291.2,291.2,0,1
SHORT,Micro_BarOverlap:lo,TChan_A15:hi,1,1,0,8.0,291.2,291.2,0,1
SHORT,Micro_HLAsymmetry:hi,TChan_A15:hi,1,1,0,8.0,291.2,291.2,0,1
SHORT,Micro_Hurst:lo,Micro_OrderFlowDelta:hi,1,1,0,8.0,291.2,291.2,0,1
SHORT,Micro_Hurst:lo,Momentum_Value:hi,1,1,0,8.0,291.2,291.2,0,1
SHORT,Micro_Hurst:lo,TChan_A15:hi,1,1,0,8.0,291.2,291.2,0,1
SHORT,Micro_OrderFlowDelta:hi,OBV_Velocity:hi,1,1,0,8.0,291.2,291.2,0,1
SHORT,Momentum_Value:hi,OBV_Velocity:hi,1,1,0,8.0,291.2,291.2,0,1
SHORT,OBV_Velocity:hi,PrevDay_Close_Dist_ATR:hi,1,1,0,8.0,291.2,291.2,0,1
SHORT,OBV_Velocity:hi,Session_High_Dist_ATR:hi,1,1,0,8.0,291.2,291.2,0,1
SHORT,OBV_Velocity:hi,TChan_A15:hi,1,1,0,8.0,291.2,291.2,0,1
SHORT,ADX_Value:lo,Body_Size:lo,1,1,0,4.0,120.8,120.8,0,1
SHORT,ADX_Value:lo,Dist_To_PoC_ATR:lo,1,1,0,4.0,120.8,120.8,0,1
SHORT,ADX_Value:lo,OR_Low_Side:==-1,1,1,0,4.0,120.8,120.8,0,1
SHORT,ADX_Value:lo,Slope_Accel_LT:hi,1,1,0,4.0,120.8,120.8,0,1
SHORT,Body_Size:lo,Dist_To_PoC_ATR:lo,1,1,0,4.0,120.8,120.8,0,1
SHORT,Body_Size:lo,Micro_ThrustEff:hi,1,1,0,4.0,120.8,120.8,0,1
SHORT,Body_Size:lo,Momentum_Value:hi,1,1,0,4.0,120.8,120.8,0,1
SHORT,Body_Size:lo,RangeOsc_Val:lo,1,1,0,4.0,120.8,120.8,0,1
SHORT,Body_Size:lo,Slope_Accel_LT:hi,1,1,0,4.0,120.8,120.8,0,1
SHORT,Body_Size:lo,Slope_EMA_ST:lo,1,1,0,4.0,120.8,120.8,0,1
SHORT,Body_Size:lo,TChan_A15:hi,1,1,0,4.0,120.8,120.8,0,1
SHORT,Dist_To_PoC_ATR:lo,Micro_ThrustEff:hi,1,1,0,4.0,120.8,120.8,0,1
SHORT,Dist_To_PoC_ATR:lo,Micro_VolAccel:hi,1,1,0,4.0,120.8,120.8,0,1
SHORT,Dist_To_PoC_ATR:lo,OR_Low_Side:==-1,1,1,0,4.0,120.8,120.8,0,1
SHORT,Micro_ThrustEff:hi,OR_Low_Side:==-1,1,1,0,4.0,120.8,120.8,0,1
SHORT,Micro_ThrustEff:hi,RangeOsc_Val:lo,1,1,0,4.0,120.8,120.8,0,1
SHORT,Micro_ThrustEff:hi,Slope_Accel_LT:hi,1,1,0,4.0,120.8,120.8,0,1
SHORT,Micro_VolAccel:hi,Momentum_Value:hi,1,1,0,4.0,120.8,120.8,0,1
SHORT,Micro_VolAccel:hi,Slope_Accel_LT:hi,1,1,0,4.0,120.8,120.8,0,1
SHORT,Micro_VolAccel:hi,TChan_A15:hi,2,1,1,3.5,-18.8,-37.6,0,2
SHORT,Momentum_Value:hi,OR_Low_Side:==-1,1,1,0,4.0,120.8,120.8,0,1
SHORT,OR_Low_Side:==-1,RangeOsc_Val:lo,1,1,0,4.0,120.8,120.8,0,1
SHORT,OR_Low_Side:==-1,Slope_Accel_LT:hi,1,1,0,4.0,120.8,120.8,0,1
SHORT,OR_Low_Side:==-1,Slope_EMA_ST:lo,1,1,0,4.0,120.8,120.8,0,1
SHORT,OR_Low_Side:==-1,TChan_A15:hi,1,1,0,4.0,120.8,120.8,0,1
SHORT,Micro_IBSP:lo,Micro_VPIN:lo,2,1,1,4.0,-195.4,-390.8,0,2
SHORT,Micro_IBSP:lo,Slope_EMA_LT:hi,2,1,1,4.0,-195.4,-390.8,0,2
SHORT,Micro_VPIN:lo,Micro_WickImbalance:hi,2,1,1,4.0,-195.4,-390.8,0,2
SHORT,Micro_WickImbalance:hi,Slope_EMA_LT:hi,2,1,1,4.0,-195.4,-390.8,0,2
SHORT,Micro_BarEntropy:lo,Round_500_Dist_ATR:lo,1,1,0,4.0,168.0,168.0,0,1
SHORT,DailyOpen_Side:==-1,Micro_MicroGap:hi,2,1,1,5.0,-77.5,-155.0,0,2
SHORT,Efficiency_Ratio:lo,KAMA_Dist:hi,1,1,0,5.0,210.0,210.0,0,1
SHORT,Efficiency_Ratio:lo,Micro_IBSP:hi,1,1,0,5.0,210.0,210.0,0,1
SHORT,Efficiency_Ratio:lo,Micro_MicroGap:hi,1,1,0,5.0,210.0,210.0,0,1
SHORT,Efficiency_Ratio:lo,Slope_EMA_ST:hi,1,1,0,5.0,210.0,210.0,0,1
SHORT,D2D_Signal:==-1,Slope_EMA_ST:hi,1,1,0,5.0,149.5,149.5,0,1
SHORT,Micro_HLAsymmetry:lo,PrevDay_Close_Side:==-1,1,1,0,5.0,149.5,149.5,0,1
SHORT,Micro_HLAsymmetry:lo,Round_500_Dist_ATR:lo,1,1,0,5.0,149.5,149.5,0,1
SHORT,Micro_MicroGap:hi,Round_500_Dist_ATR:lo,1,1,0,5.0,149.5,149.5,0,1
SHORT,Micro_ThrustEff:lo,PrevDay_Close_Side:==-1,1,1,0,5.0,149.5,149.5,0,1
SHORT,Micro_ThrustEff:lo,Round_500_Dist_ATR:lo,1,1,0,5.0,149.5,149.5,0,1
SHORT,Micro_ThrustEff:lo,Slope_EMA_ST:hi,1,1,0,5.0,149.5,149.5,0,1
SHORT,AT_Lookback_ST:hi,AT_Slope_LT:hi,1,1,0,4.0,43.2,43.2,0,1
SHORT,AT_Lookback_ST:hi,DailyOpen_Side:==-1,1,1,0,4.0,43.2,43.2,0,1
SHORT,AT_Lookback_ST:hi,Efficiency_Ratio:lo,1,1,0,4.0,43.2,43.2,0,1
SHORT,AT_Lookback_ST:hi,Micro_BarOverlap:hi,1,1,0,4.0,43.2,43.2,0,1
SHORT,AT_Slope_LT:hi,DailyOpen_Side:==-1,1,1,0,4.0,43.2,43.2,0,1
SHORT,AT_Slope_LT:hi,Efficiency_Ratio:lo,1,1,0,4.0,43.2,43.2,0,1
SHORT,AT_Slope_LT:hi,Micro_TickIntensity:hi,1,1,0,4.0,43.2,43.2,0,1
SHORT,AT_Slope_LT:hi,OR_High_Side:==1,1,1,0,4.0,43.2,43.2,0,1
SHORT,AT_Slope_LT:hi,PrevDay_Close_Side:==-1,1,1,0,4.0,43.2,43.2,0,1
SHORT,DailyOpen_Side:==-1,Micro_BarOverlap:hi,1,1,0,4.0,43.2,43.2,0,1
SHORT,Efficiency_Ratio:lo,Micro_BarOverlap:hi,1,1,0,4.0,43.2,43.2,0,1
SHORT,Efficiency_Ratio:lo,Micro_TickIntensity:hi,1,1,0,4.0,43.2,43.2,0,1
SHORT,Efficiency_Ratio:lo,Sqz_Val:hi,1,1,0,4.0,43.2,43.2,0,1
SHORT,Micro_BarOverlap:hi,Micro_TickIntensity:hi,1,1,0,4.0,43.2,43.2,0,1
SHORT,Micro_BarOverlap:hi,OR_High_Side:==1,1,1,0,4.0,43.2,43.2,0,1
SHORT,Micro_BarOverlap:hi,PrevDay_Close_Side:==-1,1,1,0,4.0,43.2,43.2,0,1
SHORT,Micro_RangeAccel:lo,Upper_Wick:hi,1,1,0,4.0,156.0,156.0,0,1
SHORT,OBVf_Signal:==1,VAH_Side:==-1,1,1,0,4.0,156.0,156.0,0,1
SHORT,AT_Regime_ST:==0,Micro_BarOverlap:lo,1,1,0,4.0,69.6,69.6,0,1
SHORT,AT_Regime_ST:==0,OR_High_Side:==1,1,1,0,4.0,69.6,69.6,0,1
SHORT,Lower_Wick:lo,OR_High_Side:==1,1,1,0,4.0,69.6,69.6,0,1
SHORT,Micro_RangeVelocity:lo,OR_High_Side:==1,1,1,0,4.0,69.6,69.6,0,1
SHORT,AT_Regime_ST:==0,Micro_RollProxy:lo,2,1,1,4.5,-164.95,-329.9,0,2
SHORT,AT_Regime_ST:==0,Volume_Ratio_10:lo,2,1,1,4.5,-164.95,-329.9,0,2
SHORT,AT_Slope_LT:hi,Micro_RollProxy:lo,1,1,0,4.0,35.1,35.1,0,1
SHORT,AT_Slope_LT:hi,Volume_Ratio_10:lo,1,1,0,4.0,35.1,35.1,0,1
SHORT,Lower_Wick:lo,Micro_RollProxy:lo,2,1,1,4.5,-164.95,-329.9,0,2
SHORT,Lower_Wick:lo,Volume_Ratio_10:lo,2,1,1,4.5,-164.95,-329.9,0,2
SHORT,Micro_BarOverlap:hi,Micro_RollProxy:lo,1,1,0,4.0,35.1,35.1,0,1
SHORT,Micro_BarOverlap:hi,Volume_Ratio_10:lo,1,1,0,4.0,35.1,35.1,0,1
SHORT,Micro_RangeVelocity:lo,Micro_RollProxy:lo,2,1,1,4.5,-164.95,-329.9,0,2
SHORT,Micro_RangeVelocity:lo,Volume_Ratio_10:lo,2,1,1,4.5,-164.95,-329.9,0,2
SHORT,AT_Regime_ST:==0,D2D_Dn_Count:hi,1,1,0,13.0,14667.9,14667.9,0,1
SHORT,AT_Regime_ST:==0,D2D_Signal:==-1,1,1,0,13.0,14667.9,14667.9,0,1
SHORT,AT_Regime_ST:==0,Efficiency_Ratio:hi,1,1,0,13.0,14667.9,14667.9,0,1
SHORT,AT_Regime_ST:==0,Micro_ThrustEff:lo,1,1,0,13.0,14667.9,14667.9,0,1
SHORT,AT_Regime_ST:==0,Micro_VolOfVol:lo,1,1,0,13.0,14667.9,14667.9,0,1
SHORT,AT_Regime_ST:==0,PrevDay_Low_Side:==-1,1,1,0,13.0,14667.9,14667.9,0,1
SHORT,AT_Regime_ST:==0,Slope_Accel_ST:lo,1,1,0,13.0,14667.9,14667.9,0,1
SHORT,AT_Regime_ST:==0,VWAP_Dist_ATR:lo,1,1,0,13.0,14667.9,14667.9,0,1
SHORT,AT_Regime_ST:==0,VWAP_Sigma_ATR:lo,1,1,0,13.0,14667.9,14667.9,0,1
SHORT,AT_Slope_LT:hi,Micro_VolOfVol:lo,1,1,0,13.0,14667.9,14667.9,0,1
SHORT,AT_Slope_LT:hi,VWAP_Dist_ATR:lo,1,1,0,13.0,14667.9,14667.9,0,1
SHORT,AT_Slope_LT:hi,Volume_Avg_10:hi,1,1,0,13.0,14667.9,14667.9,0,1
SHORT,Bar_Range:hi,PrevDay_Low_Side:==-1,1,1,0,13.0,14667.9,14667.9,0,1
SHORT,D2D_Dn_Count:hi,Micro_WickImbalance:lo,1,1,0,13.0,14667.9,14667.9,0,1
SHORT,D2D_Dn_Count:hi,PrevDay_Low_Side:==-1,1,1,0,13.0,14667.9,14667.9,0,1
SHORT,D2D_Dynamic_Sensitivity:lo,PrevDay_Low_Side:==-1,1,1,0,13.0,14667.9,14667.9,0,1
SHORT,EMA_Oscillator:lo,Micro_MicroGap:hi,1,1,0,13.0,14667.9,14667.9,0,1
SHORT,EMA_Oscillator:lo,Micro_ThrustEff:lo,1,1,0,13.0,14667.9,14667.9,0,1
SHORT,EMA_Oscillator:lo,PrevDay_Low_Side:==-1,1,1,0,13.0,14667.9,14667.9,0,1
SHORT,Efficiency_Ratio:hi,Micro_ThrustEff:lo,1,1,0,13.0,14667.9,14667.9,0,1
SHORT,Lower_Wick:lo,PrevDay_Low_Side:==-1,1,1,0,13.0,14667.9,14667.9,0,1
SHORT,Micro_Entropy:lo,Micro_ThrustEff:lo,1,1,0,13.0,14667.9,14667.9,0,1
SHORT,Micro_Entropy:lo,Micro_VolOfVol:lo,1,1,0,13.0,14667.9,14667.9,0,1
SHORT,Micro_Entropy:lo,PrevDay_Low_Side:==-1,1,1,0,13.0,14667.9,14667.9,0,1
SHORT,Micro_IBSP:lo,Micro_WickImbalance:lo,1,1,0,13.0,14667.9,14667.9,0,1
SHORT,Micro_IBSP:lo,PrevDay_Low_Side:==-1,1,1,0,13.0,14667.9,14667.9,0,1
SHORT,Micro_MicroGap:hi,Micro_VolOfVol:lo,1,1,0,13.0,14667.9,14667.9,0,1
SHORT,Micro_RangeVelocity:lo,PrevDay_Low_Side:==-1,1,1,0,13.0,14667.9,14667.9,0,1
SHORT,Micro_ThrustEff:lo,Micro_VolOfVol:lo,1,1,0,13.0,14667.9,14667.9,0,1
SHORT,Micro_ThrustEff:lo,Micro_WickImbalance:lo,1,1,0,13.0,14667.9,14667.9,0,1
SHORT,Micro_VolAccel:lo,Micro_WickImbalance:lo,1,1,0,13.0,14667.9,14667.9,0,1
SHORT,Micro_VolAccel:lo,PrevDay_Low_Side:==-1,1,1,0,13.0,14667.9,14667.9,0,1
SHORT,Micro_VolOfVol:lo,Micro_WickImbalance:lo,1,1,0,13.0,14667.9,14667.9,0,1
SHORT,Micro_VolOfVol:lo,PrevDay_Low_Side:==-1,1,1,0,13.0,14667.9,14667.9,0,1
SHORT,Micro_WickImbalance:lo,PrevDay_Low_Side:==-1,1,1,0,13.0,14667.9,14667.9,0,1
SHORT,PrevDay_Low_Side:==-1,Slope_Accel_ST:lo,1,1,0,13.0,14667.9,14667.9,0,1
SHORT,PrevDay_Low_Side:==-1,VWAP_Dist_ATR:lo,1,1,0,13.0,14667.9,14667.9,0,1
SHORT,PrevDay_Low_Side:==-1,Volume:hi,1,1,0,13.0,14667.9,14667.9,0,1
SHORT,PrevDay_Low_Side:==-1,Volume_Avg_10:hi,1,1,0,13.0,14667.9,14667.9,0,1
SHORT,Body_Size:hi,Micro_AutoCorr:lo,1,1,0,4.0,89.2,89.2,0,1
SHORT,Body_Size:hi,OBVf_DirStepCount:hi,1,1,0,4.0,89.2,89.2,0,1
SHORT,Body_Size:hi,WeeklyOpen_Side:==-1,1,1,0,4.0,89.2,89.2,0,1
SHORT,Efficiency_Ratio:hi,Micro_AutoCorr:lo,1,1,0,4.0,89.2,89.2,0,1
SHORT,Micro_AutoCorr:lo,Micro_BarEntropy:hi,1,1,0,4.0,89.2,89.2,0,1
SHORT,Micro_BarEntropy:hi,Micro_WickImbalance:lo,1,1,0,4.0,89.2,89.2,0,1
SHORT,Micro_BarEntropy:hi,OBVf_DirStepCount:hi,1,1,0,4.0,89.2,89.2,0,1
SHORT,Micro_BarEntropy:hi,VAL_Side:==0,1,1,0,4.0,89.2,89.2,0,1
SHORT,Micro_BarEntropy:hi,WeeklyOpen_Side:==-1,1,1,0,4.0,89.2,89.2,0,1
SHORT,Micro_BarEntropy:hi,Micro_HLAsymmetry:lo,1,1,0,4.0,158.4,158.4,0,1
SHORT,Micro_BarEntropy:hi,Session_High_Dist_ATR:lo,1,1,0,4.0,158.4,158.4,0,1
SHORT,Micro_HLAsymmetry:lo,Micro_TickIntensity:lo,1,1,0,4.0,158.4,158.4,0,1
SHORT,Micro_HLAsymmetry:lo,OBV_Velocity:lo,1,1,0,4.0,158.4,158.4,0,1
SHORT,Micro_HLAsymmetry:lo,PoC_Side:==0,1,1,0,4.0,158.4,158.4,0,1
SHORT,Micro_HLAsymmetry:lo,Round_100_Dist_ATR:lo,1,1,0,4.0,158.4,158.4,0,1
SHORT,Micro_Hurst:hi,Micro_TickIntensity:lo,1,1,0,4.0,158.4,158.4,0,1
SHORT,Micro_Hurst:hi,OBV_Velocity:lo,1,1,0,4.0,158.4,158.4,0,1
SHORT,Micro_TickIntensity:lo,Session_High_Dist_ATR:lo,1,1,0,4.0,158.4,158.4,0,1
SHORT,Micro_TickIntensity:lo,Upper_Wick:hi,1,1,0,4.0,158.4,158.4,0,1
SHORT,OBV_Velocity:lo,Session_High_Dist_ATR:lo,1,1,0,4.0,158.4,158.4,0,1
SHORT,OBV_Velocity:lo,Upper_Wick:hi,1,1,0,4.0,158.4,158.4,0,1
SHORT,PoC_Side:==0,Session_High_Dist_ATR:lo,1,1,0,4.0,158.4,158.4,0,1
SHORT,Round_100_Dist_ATR:lo,Session_High_Dist_ATR:lo,1,1,0,4.0,158.4,158.4,0,1
SHORT,Session_High_Dist_ATR:lo,Upper_Wick:hi,1,1,0,4.0,158.4,158.4,0,1
SHORT,Session_High_Dist_ATR:lo,VAH_Side:==-1,2,1,1,3.5,0.0,0.0,0,2
SHORT,D2D_ATR:hi,D2D_Dn_Count:hi,1,1,0,7.0,294.0,294.0,0,1
SHORT,D2D_ATR:hi,Slope_Accel_ST:lo,1,1,0,7.0,294.0,294.0,0,1
SHORT,D2D_Dn_Count:hi,PrevDay_Close_Dist_ATR:lo,1,1,0,7.0,294.0,294.0,0,1
SHORT,D2D_Dn_Count:hi,RangeOsc_State:==-1,1,1,0,7.0,294.0,294.0,0,1
SHORT,D2D_Dn_Count:hi,VWAP_Side:==1,1,1,0,7.0,294.0,294.0,0,1
SHORT,D2D_Dn_Count:hi,Volume_Ratio_10:hi,1,1,0,7.0,294.0,294.0,0,1
SHORT,Micro_RangeAccel:lo,Volume_Ratio_10:hi,1,1,0,7.0,294.0,294.0,0,1
SHORT,Micro_VolAccel:lo,PrevDay_Close_Dist_ATR:lo,1,1,0,7.0,294.0,294.0,0,1
SHORT,Micro_VolAccel:lo,RangeOsc_State:==-1,1,1,0,7.0,294.0,294.0,0,1
SHORT,Micro_VolAccel:lo,VWAP_Side:==1,1,1,0,7.0,294.0,294.0,0,1
SHORT,Micro_VolAccel:lo,Volume_Ratio_10:hi,1,1,0,7.0,294.0,294.0,0,1
SHORT,Micro_WickImbalance:hi,PrevDay_Close_Dist_ATR:lo,1,1,0,7.0,294.0,294.0,0,1
SHORT,Micro_WickImbalance:hi,PrevDay_High_Side:==1,2,1,1,5.5,-132.4,-264.8,0,2
SHORT,Micro_WickImbalance:hi,VWAP_Side:==1,1,1,0,7.0,294.0,294.0,0,1
SHORT,PrevDay_Close_Dist_ATR:lo,Slope_Accel_ST:lo,1,1,0,7.0,294.0,294.0,0,1
SHORT,RangeOsc_State:==-1,Slope_Accel_ST:lo,1,1,0,7.0,294.0,294.0,0,1
SHORT,Slope_Accel_ST:lo,VWAP_Side:==1,1,1,0,7.0,294.0,294.0,0,1
SHORT,Slope_Accel_ST:lo,Volume_Ratio_10:hi,1,1,0,7.0,294.0,294.0,0,1
SHORT,VWAP_Dist_ATR:lo,Volume_Ratio_10:hi,1,1,0,7.0,294.0,294.0,0,1
SHORT,VWAP_Sigma_ATR:lo,Volume_Ratio_10:hi,1,1,0,7.0,294.0,294.0,0,1
SHORT,EMA_Oscillator:lo,Micro_LogReturn:hi,1,1,0,10.0,294.0,294.0,0,1
SHORT,Micro_LogReturn:hi,Micro_VPIN:lo,1,1,0,10.0,294.0,294.0,0,1
SHORT,Micro_LogReturn:hi,Slope_EMA_LT:hi,1,1,0,10.0,294.0,294.0,0,1
SHORT,Micro_LogReturn:hi,Volume:hi,1,1,0,10.0,294.0,294.0,0,1
SHORT,Micro_VPIN:lo,MultiDay_Slope:hi,1,1,0,10.0,294.0,294.0,0,1
SHORT,MultiDay_Slope:hi,Slope_EMA_LT:hi,1,1,0,10.0,294.0,294.0,0,1
SHORT,ATR_1M:hi,AT_Lookback_LT:hi,1,1,0,6.0,142.2,142.2,0,1
SHORT,ATR_1M:hi,Micro_Amihud:lo,1,1,0,6.0,142.2,142.2,0,1
SHORT,AT_Lookback_LT:hi,Micro_BarOverlap:lo,1,1,0,6.0,142.2,142.2,0,1
SHORT,AT_Lookback_LT:hi,Micro_CSSpread:hi,1,1,0,6.0,142.2,142.2,0,1
SHORT,AT_Lookback_LT:hi,Micro_HLAsymmetry:hi,1,1,0,6.0,142.2,142.2,0,1
SHORT,AT_Lookback_LT:hi,MultiDay_Slope:hi,1,1,0,6.0,142.2,142.2,0,1
SHORT,AT_Lookback_LT:hi,OBV_Velocity:hi,1,1,0,6.0,142.2,142.2,0,1
SHORT,AT_Lookback_LT:hi,OR_High_Side:==1,1,1,0,6.0,142.2,142.2,0,1
SHORT,AT_Lookback_LT:hi,Slope_EMA_ST:lo,1,1,0,6.0,142.2,142.2,0,1
SHORT,Body_Size:hi,OBV_Velocity:hi,1,1,0,6.0,142.2,142.2,0,1
SHORT,Micro_Amihud:lo,Micro_BarOverlap:lo,1,1,0,6.0,142.2,142.2,0,1
SHORT,Micro_Amihud:lo,Micro_CSSpread:hi,1,1,0,6.0,142.2,142.2,0,1
SHORT,Micro_Amihud:lo,Micro_HLAsymmetry:hi,1,1,0,6.0,142.2,142.2,0,1
SHORT,Micro_Amihud:lo,MultiDay_Slope:hi,1,1,0,6.0,142.2,142.2,0,1
SHORT,Micro_Amihud:lo,OBV_Velocity:hi,1,1,0,6.0,142.2,142.2,0,1
SHORT,Micro_Amihud:lo,OR_High_Side:==1,1,1,0,6.0,142.2,142.2,0,1
SHORT,Micro_Amihud:lo,Slope_EMA_ST:lo,1,1,0,6.0,142.2,142.2,0,1
SHORT,OBV_Velocity:hi,OR_High_Side:==1,1,1,0,6.0,142.2,142.2,0,1
SHORT,D2D_ATR:hi,Micro_MicroGap:hi,1,1,0,5.0,127.0,127.0,0,1
SHORT,D2D_ATR:hi,Micro_ThrustEff:lo,1,1,0,5.0,127.0,127.0,0,1
SHORT,Micro_MicroGap:hi,RangeOsc_State:==-1,1,1,0,5.0,127.0,127.0,0,1
SHORT,Micro_ThrustEff:lo,PrevDay_Close_Dist_ATR:lo,1,1,0,5.0,127.0,127.0,0,1
SHORT,Micro_ThrustEff:lo,RangeOsc_State:==-1,1,1,0,5.0,127.0,127.0,0,1
SHORT,Micro_ThrustEff:lo,VWAP_Side:==1,1,1,0,5.0,127.0,127.0,0,1
SHORT,AT_Slope_ST:hi,Micro_RollProxy:lo,2,1,1,4.5,-146.5,-293.0,0,2
SHORT,AT_Slope_ST:hi,Volume_Ratio_10:lo,2,1,1,4.5,-146.5,-293.0,0,2
SHORT,Micro_MicroGap:hi,Micro_RollProxy:lo,2,1,1,4.5,-146.5,-293.0,0,2
SHORT,Micro_MicroGap:hi,Volume_Ratio_10:lo,2,1,1,4.5,-146.5,-293.0,0,2
SHORT,ADX_Value:lo,AT_Score_LT:lo,1,1,0,4.0,81.6,81.6,0,1
SHORT,ADX_Value:lo,Micro_AutoCorr:hi,1,1,0,4.0,81.6,81.6,0,1
SHORT,ADX_Value:lo,Round_500_Dist_ATR:lo,1,1,0,4.0,81.6,81.6,0,1
SHORT,ADX_Value:lo,VA_Position:hi,1,1,0,4.0,81.6,81.6,0,1
SHORT,ADX_Value:lo,VWAP_Side:==-1,1,1,0,4.0,81.6,81.6,0,1
SHORT,AT_Score_LT:lo,Micro_AutoCorr:hi,1,1,0,4.0,81.6,81.6,0,1
SHORT,AT_Score_LT:lo,Micro_ThrustEff:hi,1,1,0,4.0,81.6,81.6,0,1
SHORT,AT_Score_LT:lo,PrevDay_Close_Side:==-1,1,1,0,4.0,81.6,81.6,0,1
SHORT,AT_Score_LT:lo,RangeOsc_State:==2,1,1,0,4.0,81.6,81.6,0,1
SHORT,AT_Score_LT:lo,Round_500_Dist_ATR:lo,1,1,0,4.0,81.6,81.6,0,1
SHORT,AT_Score_LT:lo,Slope_EMA_ST:lo,1,1,0,4.0,81.6,81.6,0,1
SHORT,AT_Score_LT:lo,VWAP_Side:==-1,1,1,0,4.0,81.6,81.6,0,1
SHORT,Micro_AutoCorr:hi,Micro_Lambda:hi,1,1,0,4.0,81.6,81.6,0,1
SHORT,Micro_AutoCorr:hi,Micro_ThrustEff:hi,1,1,0,4.0,81.6,81.6,0,1
SHORT,Micro_AutoCorr:hi,PrevDay_Close_Side:==-1,1,1,0,4.0,81.6,81.6,0,1
SHORT,Micro_AutoCorr:hi,RangeOsc_State:==2,1,1,0,4.0,81.6,81.6,0,1
SHORT,Micro_AutoCorr:hi,Round_500_Dist_ATR:lo,1,1,0,4.0,81.6,81.6,0,1
SHORT,Micro_AutoCorr:hi,Slope_EMA_ST:lo,1,1,0,4.0,81.6,81.6,0,1
SHORT,Micro_AutoCorr:hi,TChan_A15:hi,1,1,0,4.0,81.6,81.6,0,1
SHORT,Micro_Lambda:hi,Micro_ThrustEff:hi,1,1,0,4.0,81.6,81.6,0,1
SHORT,Micro_Lambda:hi,Slope_EMA_ST:lo,1,1,0,4.0,81.6,81.6,0,1
SHORT,Micro_Lambda:hi,VWAP_Side:==-1,1,1,0,4.0,81.6,81.6,0,1
SHORT,Micro_ThrustEff:hi,Round_500_Dist_ATR:lo,1,1,0,4.0,81.6,81.6,0,1
SHORT,Micro_ThrustEff:hi,VA_Position:hi,1,1,0,4.0,81.6,81.6,0,1
SHORT,Micro_ThrustEff:hi,VWAP_Side:==-1,1,1,0,4.0,81.6,81.6,0,1
SHORT,PrevDay_Close_Side:==-1,VWAP_Side:==-1,1,1,0,4.0,81.6,81.6,0,1
SHORT,RangeOsc_State:==2,VWAP_Side:==-1,1,1,0,4.0,81.6,81.6,0,1
SHORT,Round_500_Dist_ATR:lo,Slope_EMA_ST:lo,1,1,0,4.0,81.6,81.6,0,1
SHORT,Round_500_Dist_ATR:lo,VWAP_Side:==-1,1,1,0,4.0,81.6,81.6,0,1
SHORT,Slope_EMA_ST:lo,VA_Position:hi,1,1,0,4.0,81.6,81.6,0,1
SHORT,Slope_EMA_ST:lo,VWAP_Side:==-1,1,1,0,4.0,81.6,81.6,0,1
SHORT,TChan_A15:hi,VWAP_Side:==-1,1,1,0,4.0,81.6,81.6,0,1
SHORT,KAMA_Dist:hi,Micro_RollProxy:lo,1,1,0,4.0,38.4,38.4,0,1
SHORT,KAMA_Dist:hi,Volume:hi,1,1,0,4.0,38.4,38.4,0,1
SHORT,KAMA_Dist:hi,Volume_Ratio_10:lo,1,1,0,4.0,38.4,38.4,0,1
SHORT,Micro_IBSP:hi,Micro_RollProxy:lo,1,1,0,4.0,38.4,38.4,0,1
SHORT,Micro_IBSP:hi,Volume:hi,1,1,0,4.0,38.4,38.4,0,1
SHORT,Micro_IBSP:hi,Volume_Ratio_10:lo,1,1,0,4.0,38.4,38.4,0,1
SHORT,Body_Size:hi,Micro_OrderFlowDelta:hi,1,1,0,5.0,210.0,210.0,0,1
SHORT,Body_Size:hi,Slope_Accel_LT:lo,1,1,0,5.0,210.0,210.0,0,1
SHORT,Micro_OrderFlowDelta:hi,Micro_TickIntensity:lo,1,1,0,5.0,210.0,210.0,0,1
SHORT,Micro_OrderFlowDelta:hi,OBV_Velocity:lo,1,1,0,5.0,210.0,210.0,0,1
SHORT,Micro_TickIntensity:lo,Slope_Accel_LT:lo,1,1,0,5.0,210.0,210.0,0,1
SHORT,Micro_TickIntensity:lo,WeeklyOpen_Dist_ATR:lo,1,1,0,5.0,210.0,210.0,0,1
SHORT,OBV_Velocity:lo,Slope_Accel_LT:lo,1,1,0,5.0,210.0,210.0,0,1
SHORT,OBV_Velocity:lo,WeeklyOpen_Dist_ATR:lo,1,1,0,5.0,210.0,210.0,0,1
SHORT,Bars_Since_Flip:hi,Micro_FailedBreak:lo,1,1,0,6.0,57.6,57.6,0,1
SHORT,Bars_Since_Flip:hi,Micro_VolAccel:hi,1,1,0,6.0,57.6,57.6,0,1
SHORT,Bars_Since_Flip:hi,Micro_Entropy:lo,1,1,0,3.0,33.9,33.9,0,1
SHORT,Bars_Since_Flip:hi,Micro_WickImbalance:lo,1,1,0,3.0,33.9,33.9,0,1
SHORT,Micro_Entropy:lo,PrevDay_Close_Dist_ATR:hi,1,1,0,3.0,33.9,33.9,0,1
SHORT,Micro_Entropy:lo,Session_High_Dist_ATR:hi,1,1,0,3.0,33.9,33.9,0,1
SHORT,Micro_Entropy:lo,Sqz_Val:hi,1,1,0,3.0,33.9,33.9,0,1
SHORT,Micro_WickImbalance:lo,PrevDay_Close_Dist_ATR:hi,1,1,0,3.0,33.9,33.9,0,1
SHORT,Micro_WickImbalance:lo,Session_High_Dist_ATR:hi,1,1,0,3.0,33.9,33.9,0,1
SHORT,Micro_WickImbalance:lo,Sqz_Val:hi,1,1,0,3.0,33.9,33.9,0,1
SHORT,AT_Score_LT:lo,Bars_Since_Flip:hi,1,1,0,6.0,64.2,64.2,0,1
SHORT,AT_Score_LT:lo,PrevDay_Close_Dist_ATR:hi,1,1,0,6.0,64.2,64.2,0,1
SHORT,Bars_Since_Flip:hi,Micro_CSSpread:hi,1,1,0,6.0,64.2,64.2,0,1
SHORT,Micro_CSSpread:hi,PrevDay_Close_Dist_ATR:hi,1,1,0,6.0,64.2,64.2,0,1
SHORT,AT_Lookback_ST:hi,Micro_FractalDim:lo,1,1,0,6.0,96.6,96.6,0,1
SHORT,D2D_ATR_MA:hi,Micro_FractalDim:lo,1,1,0,6.0,96.6,96.6,0,1
SHORT,Micro_FractalDim:lo,Micro_TickIntensity:hi,1,1,0,6.0,96.6,96.6,0,1
SHORT,Micro_FractalDim:lo,PrevDay_Close_Dist_ATR:hi,1,1,0,6.0,96.6,96.6,0,1
SHORT,Micro_FractalDim:lo,Session_High_Dist_ATR:hi,1,1,0,6.0,96.6,96.6,0,1
SHORT,Micro_FractalDim:lo,Sqz_Val:hi,1,1,0,6.0,96.6,96.6,0,1
SHORT,D2D_Dn_Count:hi,DailyOpen_Dist_ATR:lo,1,1,0,5.0,70.5,70.5,0,1
SHORT,D2D_Dn_Count:hi,PrevDay_Low_Side:==1,1,1,0,5.0,70.5,70.5,0,1
SHORT,D2D_Dn_Count:hi,VAH_Side:==0,1,1,0,5.0,70.5,70.5,0,1
SHORT,D2D_Signal:==-1,DailyOpen_Dist_ATR:lo,1,1,0,5.0,70.5,70.5,0,1
SHORT,D2D_Signal:==-1,Micro_MicroGap:lo,1,1,0,5.0,70.5,70.5,0,1
SHORT,D2D_Signal:==-1,Micro_OrderFlowDelta:lo,1,1,0,5.0,70.5,70.5,0,1
SHORT,D2D_Signal:==-1,PrevDay_Low_Side:==1,1,1,0,5.0,70.5,70.5,0,1
SHORT,D2D_Signal:==-1,VAH_Side:==0,1,1,0,5.0,70.5,70.5,0,1
SHORT,DailyOpen_Dist_ATR:lo,Micro_VolOfVol:lo,1,1,0,5.0,70.5,70.5,0,1
SHORT,DailyOpen_Dist_ATR:lo,VWAP_Sigma_ATR:lo,1,1,0,5.0,70.5,70.5,0,1
SHORT,Micro_MicroGap:lo,Micro_VolOfVol:lo,1,1,0,5.0,70.5,70.5,0,1
SHORT,Micro_MicroGap:lo,VWAP_Sigma_ATR:lo,1,1,0,5.0,70.5,70.5,0,1
SHORT,Micro_OrderFlowDelta:lo,Micro_VolOfVol:lo,1,1,0,5.0,70.5,70.5,0,1
SHORT,Micro_OrderFlowDelta:lo,VWAP_Sigma_ATR:lo,1,1,0,5.0,70.5,70.5,0,1
SHORT,Micro_VolOfVol:lo,PrevDay_High_Dist_ATR:lo,1,1,0,5.0,70.5,70.5,0,1
SHORT,Micro_VolOfVol:lo,PrevDay_Low_Side:==1,1,1,0,5.0,70.5,70.5,0,1
SHORT,Micro_VolOfVol:lo,VAH_Side:==0,1,1,0,5.0,70.5,70.5,0,1
SHORT,Micro_VolOfVol:lo,VWAP_Sigma:lo,1,1,0,5.0,70.5,70.5,0,1
SHORT,PrevDay_Low_Side:==1,VWAP_Sigma_ATR:lo,1,1,0,5.0,70.5,70.5,0,1
SHORT,VAH_Side:==0,VWAP_Sigma_ATR:lo,1,1,0,5.0,70.5,70.5,0,1
SHORT,AT_Regime_ST:==0,Micro_OrderFlowDelta:lo,1,1,0,5.0,251.0,251.0,0,1
SHORT,AT_Regime_ST:==0,VWAP_Sigma:lo,1,1,0,5.0,251.0,251.0,0,1
SHORT,DailyOpen_Side:==-1,Micro_MicroGap:lo,1,1,0,5.0,251.0,251.0,0,1
SHORT,DailyOpen_Side:==-1,Micro_OrderFlowDelta:lo,1,1,0,5.0,251.0,251.0,0,1
SHORT,DailyOpen_Side:==-1,Upper_Wick:hi,1,1,0,5.0,251.0,251.0,0,1
SHORT,DailyOpen_Side:==-1,VWAP_Sigma:lo,1,1,0,5.0,251.0,251.0,0,1
SHORT,Micro_BarEntropy:lo,Upper_Wick:hi,1,1,0,5.0,251.0,251.0,0,1
SHORT,D2D_Dn_Count:hi,Micro_BarEntropy:lo,1,1,0,5.0,81.5,81.5,0,1
SHORT,Micro_BarEntropy:lo,Micro_VolOfVol:lo,1,1,0,5.0,81.5,81.5,0,1
SHORT,Micro_HLAsymmetry:lo,Micro_VolOfVol:lo,1,1,0,5.0,81.5,81.5,0,1
SHORT,Micro_Hurst:hi,Micro_VolOfVol:lo,1,1,0,5.0,81.5,81.5,0,1
SHORT,Micro_IBSP:lo,PrevDay_Low_Dist_ATR:hi,2,1,1,4.5,-238.65,-477.3,0,2
SHORT,Micro_VolOfVol:lo,PrevDay_Low_Dist_ATR:hi,1,1,0,5.0,81.5,81.5,0,1
SHORT,Micro_VolOfVol:lo,Session_High_Dist_ATR:lo,1,1,0,5.0,81.5,81.5,0,1
SHORT,PrevDay_Low_Dist_ATR:hi,VWAP_Sigma_ATR:lo,1,1,0,5.0,81.5,81.5,0,1
SHORT,KAMA_Dist:hi,Micro_HLAsymmetry:hi,1,1,0,4.0,646.0,646.0,0,1
SHORT,KAMA_Dist:hi,Round_500_Dist_ATR:lo,1,1,0,4.0,646.0,646.0,0,1
SHORT,Micro_HLAsymmetry:hi,Micro_IBSP:hi,1,1,0,4.0,646.0,646.0,0,1
SHORT,Micro_HLAsymmetry:hi,OBVf_Signal:==1,1,1,0,4.0,646.0,646.0,0,1
SHORT,Micro_IBSP:hi,Round_500_Dist_ATR:lo,1,1,0,4.0,646.0,646.0,0,1
SHORT,AT_Score_LT:lo,Micro_ThrustEff:lo,1,1,0,4.0,58.8,58.8,0,1
SHORT,AT_Score_LT:lo,MultiDay_Slope:hi,1,1,0,4.0,58.8,58.8,0,1
SHORT,Micro_CSSpread:hi,VAL_Side:==-1,1,1,0,4.0,58.8,58.8,0,1
SHORT,Micro_HLAsymmetry:lo,VAL_Side:==-1,1,1,0,4.0,58.8,58.8,0,1
SHORT,Micro_LogReturn:hi,Slope_Accel_ST:lo,1,1,0,4.0,58.8,58.8,0,1
SHORT,Micro_LogReturn:hi,VAL_Side:==-1,1,1,0,4.0,58.8,58.8,0,1
SHORT,Micro_ThrustEff:lo,VAL_Side:==-1,1,1,0,4.0,58.8,58.8,0,1
SHORT,MultiDay_Slope:hi,VAL_Side:==-1,1,1,0,4.0,58.8,58.8,0,1
SHORT,Micro_MicroGap:lo,PrevDay_Close_Dist_ATR:hi,1,1,0,8.0,139.2,139.2,0,1
SHORT,PrevDay_Close_Dist_ATR:hi,PrevDay_Close_Side:==-1,1,1,0,8.0,139.2,139.2,0,1
SHORT,PrevDay_Close_Dist_ATR:hi,RangeOsc_State:==2,1,1,0,8.0,139.2,139.2,0,1
SHORT,PrevDay_Close_Dist_ATR:hi,Round_500_Dist_ATR:lo,1,1,0,8.0,139.2,139.2,0,1
SHORT,PrevDay_Close_Dist_ATR:hi,Upper_Wick:hi,1,1,0,8.0,139.2,139.2,0,1
SHORT,PrevDay_Close_Side:==-1,Volume_Avg_10:hi,1,1,0,8.0,139.2,139.2,0,1
SHORT,Round_500_Dist_ATR:lo,Volume_Avg_10:hi,1,1,0,8.0,139.2,139.2,0,1
SHORT,Micro_MomoTransfer:hi,Micro_PriceAccel:hi,1,1,0,4.0,168.0,168.0,0,1
SHORT,Micro_MomoTransfer:hi,PrevDay_Low_Side:==-1,1,1,0,4.0,168.0,168.0,0,1
SHORT,OBVf_Signal:==1,PrevDay_Low_Side:==-1,1,1,0,4.0,168.0,168.0,0,1
SHORT,PrevDay_High_Dist_ATR:lo,PrevDay_High_Side:==1,1,1,0,3.0,31.2,31.2,0,1
SHORT,PrevDay_High_Side:==1,VWAP_Z:lo,1,1,0,3.0,31.2,31.2,0,1
SHORT,ATR_1M:hi,Lower_Wick:hi,1,1,0,4.0,892.8,892.8,0,1
SHORT,ATR_1M:hi,Micro_LogReturn:lo,1,1,0,4.0,892.8,892.8,0,1
SHORT,D2D_ATR:hi,Micro_CSSpread:hi,1,1,0,4.0,892.8,892.8,0,1
SHORT,Lower_Wick:hi,Micro_CSSpread:hi,1,1,0,4.0,892.8,892.8,0,1
SHORT,Lower_Wick:hi,MultiDay_Slope:hi,1,1,0,4.0,892.8,892.8,0,1
SHORT,Lower_Wick:hi,RangeOsc_State:==2,1,1,0,4.0,892.8,892.8,0,1
SHORT,Micro_CSSpread:hi,Micro_LogReturn:lo,1,1,0,4.0,892.8,892.8,0,1
SHORT,Micro_CSSpread:hi,WeeklyOpen_Dist_ATR:hi,1,1,0,4.0,892.8,892.8,0,1
SHORT,Micro_LogReturn:lo,MultiDay_Slope:hi,1,1,0,4.0,892.8,892.8,0,1
SHORT,Micro_LogReturn:lo,RangeOsc_State:==2,1,1,0,4.0,892.8,892.8,0,1
SHORT,Micro_BarOverlap:lo,Micro_GarmanKlass:hi,1,1,0,5.0,838.0,838.0,0,1
SHORT,Micro_GarmanKlass:hi,OR_High_Side:==1,1,1,0,5.0,838.0,838.0,0,1
SHORT,OR_High_Side:==1,WeeklyOpen_Dist_ATR:hi,1,1,0,5.0,838.0,838.0,0,1
SHORT,EMA_Oscillator:lo,MultiDay_Position:hi,1,1,0,6.0,252.0,252.0,0,1
SHORT,Lower_Wick:lo,MultiDay_Position:hi,1,1,0,6.0,252.0,252.0,0,1
SHORT,Micro_CSSpread:lo,Micro_HLAsymmetry:lo,1,1,0,4.0,168.0,168.0,0,1
SHORT,Micro_CSSpread:lo,Micro_LogReturn:hi,1,1,0,4.0,168.0,168.0,0,1
SHORT,Micro_CSSpread:lo,Micro_MicroGap:hi,1,1,0,4.0,168.0,168.0,0,1
SHORT,Micro_CSSpread:lo,MultiDay_Slope:hi,1,1,0,4.0,168.0,168.0,0,1
SHORT,Micro_CSSpread:lo,PrevDay_Close_Dist_ATR:lo,1,1,0,4.0,168.0,168.0,0,1
SHORT,Micro_CSSpread:lo,VWAP_Side:==1,1,1,0,4.0,168.0,168.0,0,1
SHORT,Micro_LogReturn:hi,Micro_MicroGap:hi,1,1,0,4.0,168.0,168.0,0,1
SHORT,Micro_LogReturn:hi,Slope_EMA_ST:hi,1,1,0,4.0,168.0,168.0,0,1
SHORT,Micro_MicroGap:hi,Slope_Accel_LT:lo,1,1,0,4.0,168.0,168.0,0,1
SHORT,MultiDay_Slope:hi,Slope_EMA_ST:hi,1,1,0,4.0,168.0,168.0,0,1
SHORT,PrevDay_Close_Dist_ATR:lo,Sqz_Val:hi,1,1,0,4.0,168.0,168.0,0,1
SHORT,Sqz_Val:hi,VWAP_Side:==1,1,1,0,4.0,168.0,168.0,0,1
SHORT,D2D_Dynamic_Sensitivity:lo,OR_High_Dist_ATR:hi,1,1,0,3.0,47.7,47.7,0,1
SHORT,D2D_Dynamic_Sensitivity:lo,Sqz_State:==-1,1,1,0,3.0,47.7,47.7,0,1
SHORT,AT_Slope_ST:lo,Micro_WickImbalance:lo,1,1,0,4.0,99.2,99.2,0,1
SHORT,Micro_Entropy:lo,RangeOsc_State:==-1,1,1,0,4.0,99.2,99.2,0,1
SHORT,Micro_WickImbalance:lo,RangeOsc_State:==-1,1,1,0,4.0,99.2,99.2,0,1
SHORT,AT_Score_LT:lo,Micro_FailedBreak:lo,1,1,0,3.0,100.5,100.5,0,1
SHORT,AT_Score_LT:lo,Micro_PriceAccel:hi,1,1,0,3.0,100.5,100.5,0,1
SHORT,Micro_FailedBreak:lo,TChan_A15:hi,1,1,0,3.0,100.5,100.5,0,1
SHORT,Micro_PriceAccel:hi,TChan_A15:hi,1,1,0,3.0,100.5,100.5,0,1
SHORT,Bar_Range:hi,VAL_Side:==-1,1,1,0,4.0,90.4,90.4,0,1
SHORT,Lower_Wick:lo,VAL_Side:==-1,1,1,0,4.0,90.4,90.4,0,1
SHORT,Micro_Entropy:lo,VAL_Side:==-1,1,1,0,4.0,90.4,90.4,0,1
SHORT,Micro_FailedBreak:lo,Slope_Accel_ST:lo,1,1,0,4.0,90.4,90.4,0,1
SHORT,Micro_FailedBreak:lo,VAL_Side:==-1,1,1,0,4.0,90.4,90.4,0,1
SHORT,Micro_PriceAccel:hi,VAL_Side:==-1,1,1,0,4.0,90.4,90.4,0,1
SHORT,Micro_RangeVelocity:lo,VAL_Side:==-1,1,1,0,4.0,90.4,90.4,0,1
SHORT,Micro_WickImbalance:lo,VAL_Side:==-1,1,1,0,4.0,90.4,90.4,0,1
SHORT,ATR_1M:hi,Micro_MomoTransfer:hi,1,1,0,5.0,203.0,203.0,0,1
SHORT,Micro_CSSpread:hi,Micro_MicroGap:hi,1,1,0,5.0,203.0,203.0,0,1
SHORT,AT_Score_LT:lo,MultiDay_Slope:lo,1,1,0,4.0,168.0,168.0,0,1
SHORT,AT_Score_LT:lo,OBV_Macd:lo,1,1,0,4.0,168.0,168.0,0,1
SHORT,AT_Score_LT:lo,Volume:hi,1,1,0,4.0,168.0,168.0,0,1
SHORT,Micro_CSSpread:hi,MultiDay_Slope:lo,1,1,0,4.0,168.0,168.0,0,1
SHORT,Micro_CSSpread:hi,OBV_Macd:lo,1,1,0,4.0,168.0,168.0,0,1
SHORT,Micro_AutoCorr:hi,Micro_BarEntropy:lo,1,1,0,3.0,46.8,46.8,0,1
SHORT,Micro_AutoCorr:hi,Micro_HLAsymmetry:lo,1,1,0,3.0,46.8,46.8,0,1
SHORT,Micro_AutoCorr:hi,Micro_Hurst:hi,1,1,0,3.0,46.8,46.8,0,1
SHORT,Micro_AutoCorr:hi,Session_High_Dist_ATR:lo,1,1,0,3.0,46.8,46.8,0,1
SHORT,Micro_BarEntropy:lo,VWAP_Side:==-1,1,1,0,3.0,46.8,46.8,0,1
SHORT,Micro_HLAsymmetry:lo,VWAP_Side:==-1,1,1,0,3.0,46.8,46.8,0,1
SHORT,Micro_Hurst:hi,VWAP_Side:==-1,1,1,0,3.0,46.8,46.8,0,1
SHORT,Session_High_Dist_ATR:lo,VA_Position:hi,1,1,0,3.0,46.8,46.8,0,1
SHORT,Session_High_Dist_ATR:lo,VWAP_Side:==-1,1,1,0,3.0,46.8,46.8,0,1
SHORT,Micro_BarEntropy:lo,VWAP_Dist_ATR:lo,1,1,0,5.0,45.5,45.5,0,1
SHORT,ATR_1M:hi,Slope_Accel_ST:hi,1,1,0,6.0,168.6,168.6,0,1
SHORT,ATR_1M:hi,Slope_EMA_ST:hi,1,1,0,6.0,168.6,168.6,0,1
SHORT,ATR_1M:hi,VA_Position:hi,1,1,0,6.0,168.6,168.6,0,1
SHORT,AT_Slope_LT:hi,AT_Slope_ST:hi,1,1,0,6.0,168.6,168.6,0,1
SHORT,AT_Slope_LT:hi,Micro_MicroGap:lo,1,1,0,6.0,168.6,168.6,0,1
SHORT,AT_Slope_LT:hi,Momentum_Value:hi,1,1,0,6.0,168.6,168.6,0,1
SHORT,AT_Slope_LT:hi,Upper_Wick:hi,1,1,0,6.0,168.6,168.6,0,1
SHORT,AT_Slope_ST:hi,Micro_BarOverlap:hi,1,1,0,6.0,168.6,168.6,0,1
SHORT,AT_Slope_ST:hi,Micro_CSSpread:hi,1,1,0,6.0,168.6,168.6,0,1
SHORT,Micro_BarOverlap:hi,Micro_MicroGap:lo,1,1,0,6.0,168.6,168.6,0,1
SHORT,Micro_BarOverlap:hi,Momentum_Value:hi,1,1,0,6.0,168.6,168.6,0,1
SHORT,Micro_BarOverlap:hi,Upper_Wick:hi,1,1,0,6.0,168.6,168.6,0,1
SHORT,Micro_CSSpread:hi,Slope_Accel_ST:hi,1,1,0,6.0,168.6,168.6,0,1
SHORT,Micro_CSSpread:hi,Slope_EMA_ST:hi,1,1,0,6.0,168.6,168.6,0,1
SHORT,Micro_CSSpread:hi,Upper_Wick:hi,1,1,0,6.0,168.6,168.6,0,1
SHORT,Micro_CSSpread:hi,VA_Position:hi,1,1,0,6.0,168.6,168.6,0,1
SHORT,Micro_HLAsymmetry:lo,Momentum_Value:hi,1,1,0,6.0,168.6,168.6,0,1
SHORT,Micro_HLAsymmetry:lo,Slope_Accel_ST:hi,1,1,0,6.0,168.6,168.6,0,1
SHORT,Micro_MicroGap:lo,OBVf_Signal:==1,1,1,0,6.0,168.6,168.6,0,1
SHORT,Micro_VolAccel:lo,Slope_Accel_ST:hi,1,1,0,6.0,168.6,168.6,0,1
SHORT,Micro_VolAccel:lo,Slope_EMA_ST:hi,1,1,0,6.0,168.6,168.6,0,1
SHORT,Micro_VolAccel:lo,VA_Position:hi,1,1,0,6.0,168.6,168.6,0,1
SHORT,PrevDay_High_Side:==1,Slope_Accel_ST:hi,1,1,0,6.0,168.6,168.6,0,1
SHORT,PrevDay_High_Side:==1,VA_Position:hi,1,1,0,6.0,168.6,168.6,0,1
SHORT,Micro_BarOverlap:lo,Slope_Accel_ST:hi,1,1,0,4.0,154.4,154.4,0,1
SHORT,Micro_BarOverlap:lo,VA_Position:hi,1,1,0,4.0,154.4,154.4,0,1
SHORT,Micro_Hurst:hi,Slope_Accel_ST:hi,1,1,0,4.0,154.4,154.4,0,1
SHORT,Micro_MicroGap:hi,Micro_OrderFlowDelta:hi,1,1,0,4.0,154.4,154.4,0,1
SHORT,Micro_MicroGap:hi,Slope_Accel_ST:hi,1,1,0,4.0,154.4,154.4,0,1
SHORT,Micro_PriceAccel:lo,Slope_Accel_ST:hi,1,1,0,4.0,154.4,154.4,0,1
SHORT,Micro_PriceAccel:lo,Slope_EMA_ST:hi,1,1,0,4.0,154.4,154.4,0,1
SHORT,Micro_PriceAccel:lo,VA_Position:hi,1,1,0,4.0,154.4,154.4,0,1
SHORT,KAMA_Dist:hi,Slope_Accel_ST:hi,1,1,0,4.0,104.4,104.4,0,1
SHORT,KAMA_Dist:hi,VA_Position:hi,1,1,0,4.0,104.4,104.4,0,1
SHORT,Micro_CSSpread:lo,Micro_RollProxy:hi,1,1,0,4.0,104.4,104.4,0,1
SHORT,Micro_CSSpread:lo,PrevDay_High_Dist_ATR:lo,1,1,0,4.0,104.4,104.4,0,1
SHORT,Micro_CSSpread:lo,Slope_Accel_ST:hi,1,1,0,4.0,104.4,104.4,0,1
SHORT,Micro_CSSpread:lo,VA_Position:hi,1,1,0,4.0,104.4,104.4,0,1
SHORT,Micro_IBSP:hi,Slope_Accel_ST:hi,1,1,0,4.0,104.4,104.4,0,1
SHORT,Micro_IBSP:hi,VA_Position:hi,1,1,0,4.0,104.4,104.4,0,1
SHORT,Micro_RollProxy:hi,Slope_Accel_ST:hi,1,1,0,4.0,104.4,104.4,0,1
SHORT,Micro_RollProxy:hi,Slope_EMA_ST:hi,1,1,0,4.0,104.4,104.4,0,1
SHORT,Micro_RollProxy:hi,Sqz_Val:hi,1,1,0,4.0,104.4,104.4,0,1
SHORT,Micro_RollProxy:hi,VA_Position:hi,1,1,0,4.0,104.4,104.4,0,1
SHORT,OBV_Velocity:hi,Slope_Accel_ST:hi,1,1,0,4.0,104.4,104.4,0,1
SHORT,OBV_Velocity:hi,Slope_EMA_ST:hi,1,1,0,4.0,104.4,104.4,0,1
SHORT,OBV_Velocity:hi,VA_Position:hi,1,1,0,4.0,104.4,104.4,0,1
SHORT,PrevDay_High_Dist_ATR:lo,Slope_Accel_ST:hi,1,1,0,4.0,104.4,104.4,0,1
SHORT,PrevDay_High_Dist_ATR:lo,Slope_EMA_ST:hi,1,1,0,4.0,104.4,104.4,0,1
SHORT,PrevDay_High_Dist_ATR:lo,Sqz_Val:hi,1,1,0,4.0,104.4,104.4,0,1
SHORT,PrevDay_High_Dist_ATR:lo,VA_Position:hi,1,1,0,4.0,104.4,104.4,0,1
SHORT,Slope_Accel_LT:lo,Slope_Accel_ST:hi,1,1,0,4.0,104.4,104.4,0,1
SHORT,Slope_Accel_LT:lo,VA_Position:hi,1,1,0,4.0,104.4,104.4,0,1
SHORT,AT_Slope_LT:hi,KAMA_Dist:hi,1,1,0,4.0,122.0,122.0,0,1
SHORT,AT_Slope_LT:hi,Micro_IBSP:hi,1,1,0,4.0,122.0,122.0,0,1
SHORT,KAMA_Dist:hi,Micro_BarOverlap:hi,1,1,0,4.0,122.0,122.0,0,1
SHORT,Micro_BarOverlap:hi,Micro_IBSP:hi,1,1,0,4.0,122.0,122.0,0,1
SHORT,Micro_BarOverlap:hi,Micro_MicroGap:hi,1,1,0,4.0,122.0,122.0,0,1
SHORT,Bar_Range:hi,Slope_EMA_ST:lo,1,1,0,4.0,60.4,60.4,0,1
SHORT,OBV_Velocity:hi,PrevDay_High_Side:==1,1,1,0,4.0,60.4,60.4,0,1
SHORT,OBV_Velocity:hi,PrevDay_Low_Dist_ATR:hi,1,1,0,4.0,60.4,60.4,0,1
SHORT,PrevDay_High_Side:==1,Slope_EMA_ST:lo,1,1,0,4.0,60.4,60.4,0,1
SHORT,PrevDay_Low_Dist_ATR:hi,Slope_EMA_ST:lo,1,1,0,4.0,60.4,60.4,0,1
SHORT,KAMA_Dist:hi,Micro_Rejection:hi,1,1,0,7.0,88.9,88.9,0,1
SHORT,Micro_IBSP:hi,Micro_Rejection:hi,1,1,0,7.0,88.9,88.9,0,1
SHORT,Micro_OrderFlowDelta:hi,Micro_Rejection:hi,1,1,0,7.0,88.9,88.9,0,1
SHORT,PrevDay_High_Side:==1,TChan_A15:hi,1,1,0,7.0,88.9,88.9,0,1
SHORT,DailyOpen_Side:==-1,PrevDay_Low_Dist_ATR:hi,1,1,0,4.0,71.2,71.2,0,1
SHORT,Efficiency_Ratio:lo,PrevDay_Low_Dist_ATR:hi,1,1,0,4.0,71.2,71.2,0,1
SHORT,Efficiency_Ratio:lo,Session_High_Dist_ATR:lo,1,1,0,4.0,71.2,71.2,0,1
SHORT,PrevDay_Close_Side:==-1,PrevDay_Low_Dist_ATR:hi,1,1,0,4.0,71.2,71.2,0,1
SHORT,D2D_Dynamic_Sensitivity:lo,OR_High_Side:==1,1,1,0,5.0,42.0,42.0,0,1
SHORT,MultiDay_Position:hi,OR_High_Side:==1,1,1,0,5.0,42.0,42.0,0,1
SHORT,MultiDay_Position:hi,PrevDay_Low_Dist_ATR:hi,2,1,1,4.5,-258.4,-516.8,0,2
SHORT,DailyOpen_Side:==-1,MultiDay_Slope:hi,1,1,0,5.0,332.1,332.1,0,1
SHORT,Efficiency_Ratio:lo,MultiDay_Slope:hi,1,1,0,5.0,332.1,332.1,0,1
SHORT,AT_Slope_LT:hi,Micro_PriceAccel:hi,1,1,0,4.0,110.0,110.0,0,1
SHORT,AT_Slope_LT:hi,PrevDay_Close_Dist_ATR:lo,1,1,0,4.0,110.0,110.0,0,1
SHORT,AT_Slope_LT:hi,VWAP_Side:==1,1,1,0,4.0,110.0,110.0,0,1
SHORT,Micro_HLAsymmetry:lo,Micro_OrderFlowDelta:hi,1,1,0,3.0,123.6,123.6,0,1
SHORT,ADX_Value:lo,Micro_HLAsymmetry:lo,1,1,0,3.0,91.2,91.2,0,1
SHORT,D2D_ATR_MA:hi,Micro_MicroGap:hi,1,1,0,4.0,72.0,72.0,0,1
SHORT,Micro_MicroGap:hi,OR_High_Dist_ATR:hi,1,1,0,4.0,72.0,72.0,0,1
SHORT,Micro_MicroGap:hi,Session_High_Dist_ATR:hi,1,1,0,4.0,72.0,72.0,0,1
SHORT,Micro_MicroGap:hi,Sqz_State:==-1,1,1,0,4.0,72.0,72.0,0,1
SHORT,Micro_RollProxy:lo,OR_High_Dist_ATR:hi,1,1,0,4.0,72.0,72.0,0,1
SHORT,Micro_RollProxy:lo,Sqz_State:==-1,1,1,0,4.0,72.0,72.0,0,1
SHORT,OBVf_Signal:==1,OR_High_Dist_ATR:hi,1,1,0,4.0,72.0,72.0,0,1
SHORT,OBVf_Signal:==1,Sqz_State:==-1,1,1,0,4.0,72.0,72.0,0,1
SHORT,OR_High_Dist_ATR:hi,Volume_Ratio_10:lo,1,1,0,4.0,72.0,72.0,0,1
SHORT,Sqz_State:==-1,Volume_Ratio_10:lo,1,1,0,4.0,72.0,72.0,0,1
SHORT,D2D_Signal:==-1,RangeOsc_State:==-2,1,1,0,5.0,190.5,190.5,0,1
SHORT,D2D_Signal:==-1,VWAP_Sigma:hi,1,1,0,5.0,190.5,190.5,0,1
SHORT,Micro_MicroGap:hi,Micro_PriceAccel:hi,1,1,0,5.0,190.5,190.5,0,1
SHORT,Micro_MicroGap:hi,RangeOsc_State:==-2,1,1,0,5.0,190.5,190.5,0,1
SHORT,Micro_MicroGap:hi,VWAP_Sigma:hi,1,1,0,5.0,190.5,190.5,0,1
SHORT,Micro_PriceAccel:hi,Micro_ThrustEff:lo,1,1,0,5.0,190.5,190.5,0,1
SHORT,Micro_PriceAccel:hi,RangeOsc_State:==-2,1,1,0,5.0,190.5,190.5,0,1
SHORT,Micro_PriceAccel:hi,VWAP_Sigma:hi,1,1,0,5.0,190.5,190.5,0,1
SHORT,Micro_ThrustEff:lo,RangeOsc_State:==-2,1,1,0,5.0,190.5,190.5,0,1
SHORT,Micro_ThrustEff:lo,VWAP_Sigma:hi,1,1,0,5.0,190.5,190.5,0,1
SHORT,OR_High_Side:==-1,RangeOsc_State:==-2,1,1,0,5.0,190.5,190.5,0,1
SHORT,OR_High_Side:==-1,VWAP_Sigma:hi,1,1,0,5.0,190.5,190.5,0,1
SHORT,AT_Regime_ST:==0,AT_Score_LT:hi,1,1,0,6.0,61.2,61.2,0,1
SHORT,AT_Regime_ST:==0,OR_High_Side:==-1,1,1,0,6.0,61.2,61.2,0,1
SHORT,AT_Lookback_LT:hi,D2D_ATR:hi,1,1,0,5.0,94.5,94.5,0,1
SHORT,AT_Lookback_LT:hi,Micro_VPIN:lo,1,1,0,5.0,94.5,94.5,0,1
SHORT,AT_Lookback_LT:hi,OR_High_Side:==-1,1,1,0,5.0,94.5,94.5,0,1
SHORT,AT_Lookback_LT:hi,RangeOsc_State:==-1,1,1,0,5.0,94.5,94.5,0,1
SHORT,AT_Lookback_LT:hi,Slope_EMA_LT:hi,1,1,0,5.0,94.5,94.5,0,1
SHORT,Body_Size:hi,D2D_ATR:hi,1,1,0,5.0,94.5,94.5,0,1
SHORT,Body_Size:hi,Micro_VPIN:lo,1,1,0,5.0,94.5,94.5,0,1
SHORT,Body_Size:hi,OR_High_Side:==-1,1,1,0,5.0,94.5,94.5,0,1
SHORT,Body_Size:hi,RangeOsc_State:==-1,1,1,0,5.0,94.5,94.5,0,1
SHORT,Body_Size:hi,Slope_EMA_LT:hi,1,1,0,5.0,94.5,94.5,0,1
SHORT,D2D_ATR:hi,Micro_Amihud:lo,1,1,0,5.0,94.5,94.5,0,1
SHORT,Micro_Amihud:lo,Micro_VPIN:lo,1,1,0,5.0,94.5,94.5,0,1
SHORT,Micro_Amihud:lo,OR_High_Side:==-1,1,1,0,5.0,94.5,94.5,0,1
SHORT,Micro_Amihud:lo,RangeOsc_State:==-1,1,1,0,5.0,94.5,94.5,0,1
SHORT,Micro_Amihud:lo,Slope_EMA_LT:hi,1,1,0,5.0,94.5,94.5,0,1
SHORT,D2D_Dn_Count:hi,OR_High_Side:==-1,1,1,0,4.0,49.6,49.6,0,1
SHORT,Micro_VolAccel:lo,OR_High_Side:==-1,1,1,0,4.0,49.6,49.6,0,1
SHORT,OR_High_Side:==-1,Slope_Accel_ST:lo,1,1,0,4.0,49.6,49.6,0,1
SHORT,ATR_1M:hi,OR_High_Side:==-1,1,1,0,5.0,64.4,64.4,0,1
SHORT,AT_Slope_ST:lo,Micro_CSSpread:hi,1,1,0,5.0,64.4,64.4,0,1
SHORT,Micro_CSSpread:hi,OR_High_Side:==-1,1,1,0,5.0,64.4,64.4,0,1
SHORT,OR_High_Side:==-1,RangeOsc_State:==2,1,1,0,5.0,64.4,64.4,0,1
SHORT,ATR_1M:hi,Micro_RollProxy:hi,1,1,0,9.0,347.4,347.4,0,1
SHORT,D2D_Dn_Count:hi,MultiDay_Slope:hi,1,1,0,9.0,347.4,347.4,0,1
SHORT,Micro_CSSpread:hi,Micro_RollProxy:hi,1,1,0,9.0,347.4,347.4,0,1
SHORT,Micro_HLAsymmetry:lo,Micro_RollProxy:hi,1,1,0,9.0,347.4,347.4,0,1
SHORT,Micro_HLAsymmetry:lo,OBV_Velocity:hi,1,1,0,9.0,347.4,347.4,0,1
SHORT,Micro_Hurst:hi,Micro_RollProxy:hi,1,1,0,9.0,347.4,347.4,0,1
SHORT,Micro_Hurst:hi,OBV_Velocity:hi,1,1,0,9.0,347.4,347.4,0,1
SHORT,Micro_IBSP:lo,MultiDay_Slope:hi,1,1,0,9.0,347.4,347.4,0,1
SHORT,Micro_Lambda:hi,Micro_RollProxy:hi,1,1,0,9.0,347.4,347.4,0,1
SHORT,Micro_Lambda:hi,OBV_Velocity:hi,1,1,0,9.0,347.4,347.4,0,1
SHORT,Micro_PriceAccel:hi,Micro_RollProxy:hi,1,1,0,9.0,347.4,347.4,0,1
SHORT,Micro_PriceAccel:hi,MultiDay_Slope:hi,1,1,0,9.0,347.4,347.4,0,1
SHORT,Micro_PriceAccel:hi,VWAP_Dist_ATR:lo,1,1,0,9.0,347.4,347.4,0,1
SHORT,Micro_PriceAccel:hi,VWAP_Sigma_ATR:lo,1,1,0,9.0,347.4,347.4,0,1
SHORT,Micro_RangeAccel:lo,MultiDay_Slope:hi,1,1,0,9.0,347.4,347.4,0,1
SHORT,Micro_RollProxy:hi,MultiDay_Slope:hi,1,1,0,9.0,347.4,347.4,0,1
SHORT,Micro_RollProxy:hi,RangeOsc_State:==2,1,1,0,9.0,347.4,347.4,0,1
SHORT,Micro_RollProxy:hi,Session_High_Dist_ATR:lo,1,1,0,9.0,347.4,347.4,0,1
SHORT,MultiDay_Slope:hi,PrevDay_High_Dist_ATR:lo,1,1,0,9.0,347.4,347.4,0,1
SHORT,MultiDay_Slope:hi,VWAP_Dist_ATR:lo,1,1,0,9.0,347.4,347.4,0,1
SHORT,MultiDay_Slope:hi,VWAP_Sigma_ATR:lo,1,1,0,9.0,347.4,347.4,0,1
SHORT,OBV_Velocity:hi,Session_High_Dist_ATR:lo,1,1,0,9.0,347.4,347.4,0,1
SHORT,Micro_LogReturn:hi,MultiDay_Position:hi,1,1,0,4.0,163.6,163.6,0,1
SHORT,Micro_ThrustEff:lo,MultiDay_Position:hi,1,1,0,4.0,163.6,163.6,0,1
SHORT,Micro_ThrustEff:lo,Slope_Accel_LT:lo,1,1,0,4.0,163.6,163.6,0,1
SHORT,MultiDay_Position:hi,MultiDay_Slope:hi,1,1,0,4.0,163.6,163.6,0,1
SHORT,ADX_Value:lo,Micro_RollProxy:lo,1,1,0,4.0,123.6,123.6,0,1
SHORT,ADX_Value:lo,Volume_Ratio_10:lo,1,1,0,4.0,123.6,123.6,0,1
SHORT,ATR_1M:hi,Micro_RollProxy:lo,1,1,0,4.0,123.6,123.6,0,1
SHORT,ATR_1M:hi,Volume_Ratio_10:lo,1,1,0,4.0,123.6,123.6,0,1
SHORT,Micro_HLAsymmetry:hi,Micro_RollProxy:lo,1,1,0,4.0,123.6,123.6,0,1
SHORT,Micro_HLAsymmetry:hi,Volume_Ratio_10:lo,1,1,0,4.0,123.6,123.6,0,1
SHORT,Micro_RollProxy:lo,Micro_ThrustEff:hi,1,1,0,4.0,123.6,123.6,0,1
SHORT,Micro_RollProxy:lo,MultiDay_Slope:hi,1,1,0,4.0,123.6,123.6,0,1
SHORT,Micro_RollProxy:lo,RangeOsc_State:==2,1,1,0,4.0,123.6,123.6,0,1
SHORT,Micro_RollProxy:lo,Slope_EMA_ST:lo,1,1,0,4.0,123.6,123.6,0,1
SHORT,Micro_ThrustEff:hi,Volume:hi,1,1,0,4.0,123.6,123.6,0,1
SHORT,Micro_ThrustEff:hi,Volume_Ratio_10:lo,1,1,0,4.0,123.6,123.6,0,1
SHORT,MultiDay_Slope:hi,Volume_Ratio_10:lo,1,1,0,4.0,123.6,123.6,0,1
SHORT,RangeOsc_State:==2,Volume_Ratio_10:lo,1,1,0,4.0,123.6,123.6,0,1
SHORT,Slope_EMA_ST:lo,Volume:hi,1,1,0,4.0,123.6,123.6,0,1
SHORT,Slope_EMA_ST:lo,Volume_Ratio_10:lo,1,1,0,4.0,123.6,123.6,0,1
SHORT,ADX_Value:lo,Micro_BarEntropy:lo,1,1,0,4.0,706.0,706.0,0,1
SHORT,ATR_1M:hi,Micro_LogReturn:hi,1,1,0,5.0,100.0,100.0,0,1
SHORT,KAMA_Dist:hi,Micro_CSSpread:hi,1,1,0,5.0,100.0,100.0,0,1
SHORT,KAMA_Dist:hi,Micro_ThrustEff:lo,1,1,0,5.0,100.0,100.0,0,1
SHORT,Micro_CSSpread:hi,Micro_IBSP:hi,1,1,0,5.0,100.0,100.0,0,1
SHORT,Micro_IBSP:hi,Micro_ThrustEff:lo,1,1,0,5.0,100.0,100.0,0,1
SHORT,Micro_LogReturn:hi,RangeOsc_State:==2,1,1,0,5.0,100.0,100.0,0,1
SHORT,Micro_HLAsymmetry:hi,Micro_PriceAccel:lo,1,1,0,4.0,88.8,88.8,0,1
SHORT,Micro_OrderFlowDelta:hi,MultiDay_Slope:hi,1,1,0,4.0,88.8,88.8,0,1
SHORT,Micro_PriceAccel:lo,MultiDay_Slope:hi,1,1,0,4.0,88.8,88.8,0,1
SHORT,KAMA_Dist:hi,PrevDay_Close_Dist_ATR:hi,1,1,0,5.0,54.5,54.5,0,1
SHORT,KAMA_Dist:hi,Volume_Avg_10:hi,1,1,0,5.0,54.5,54.5,0,1
SHORT,Micro_HLAsymmetry:lo,PrevDay_Close_Dist_ATR:hi,1,1,0,5.0,54.5,54.5,0,1
SHORT,Micro_IBSP:hi,PrevDay_Close_Dist_ATR:hi,1,1,0,5.0,54.5,54.5,0,1
SHORT,Micro_LogReturn:hi,PrevDay_Close_Dist_ATR:hi,1,1,0,5.0,54.5,54.5,0,1
SHORT,MultiDay_Slope:hi,PrevDay_Close_Dist_ATR:hi,1,1,0,5.0,54.5,54.5,0,1
SHORT,D2D_Dynamic_Sensitivity:lo,Micro_GarmanKlass:hi,1,1,0,4.0,79.6,79.6,0,1
SHORT,D2D_Dynamic_Sensitivity:lo,WeeklyOpen_Dist_ATR:hi,1,1,0,4.0,79.6,79.6,0,1
SHORT,Micro_GarmanKlass:hi,MultiDay_Position:hi,1,1,0,4.0,79.6,79.6,0,1
SHORT,MultiDay_Position:hi,WeeklyOpen_Dist_ATR:hi,1,1,0,4.0,79.6,79.6,0,1
SHORT,AT_Score_LT:hi,D2D_ATR_MA:hi,1,1,0,8.0,82.4,82.4,0,1
SHORT,AT_Score_LT:hi,Micro_MicroGap:lo,1,1,0,8.0,82.4,82.4,0,1
SHORT,AT_Score_LT:hi,VWAP_Sigma:lo,1,1,0,8.0,82.4,82.4,0,1
SHORT,D2D_ATR:hi,D2D_ATR_MA:hi,1,1,0,8.0,82.4,82.4,0,1
SHORT,D2D_ATR:hi,VWAP_Sigma:lo,1,1,0,8.0,82.4,82.4,0,1
SHORT,D2D_ATR_MA:hi,Micro_GarmanKlass:hi,1,1,0,8.0,82.4,82.4,0,1
SHORT,D2D_ATR_MA:hi,OR_High_Side:==-1,1,1,0,8.0,82.4,82.4,0,1
SHORT,D2D_ATR_MA:hi,PrevDay_Low_Dist_ATR:hi,1,1,0,8.0,82.4,82.4,0,1
SHORT,D2D_ATR_MA:hi,RangeOsc_State:==-1,1,1,0,8.0,82.4,82.4,0,1
SHORT,Micro_GarmanKlass:hi,VWAP_Sigma:lo,1,1,0,8.0,82.4,82.4,0,1
SHORT,Micro_MicroGap:lo,Micro_Rejection:hi,1,1,0,8.0,82.4,82.4,0,1
SHORT,Micro_MicroGap:lo,OR_High_Side:==-1,1,1,0,8.0,82.4,82.4,0,1
SHORT,Micro_MicroGap:lo,RangeOsc_State:==-1,1,1,0,8.0,82.4,82.4,0,1
SHORT,Micro_Rejection:hi,VWAP_Sigma:lo,1,1,0,8.0,82.4,82.4,0,1
SHORT,OR_High_Side:==-1,VWAP_Sigma:lo,1,1,0,8.0,82.4,82.4,0,1
SHORT,RangeOsc_State:==-1,VWAP_Sigma:lo,1,1,0,8.0,82.4,82.4,0,1
SHORT,VWAP_Dist_ATR:lo,VWAP_Sigma:lo,1,1,0,4.0,129.2,129.2,0,1
SHORT,D2D_ATR:hi,Momentum_Value:hi,1,1,0,4.0,80.4,80.4,0,1
SHORT,Micro_GarmanKlass:hi,Micro_VolAccel:lo,1,1,0,4.0,80.4,80.4,0,1
SHORT,Micro_GarmanKlass:hi,Momentum_Value:hi,1,1,0,4.0,80.4,80.4,0,1
SHORT,Micro_VolAccel:lo,WeeklyOpen_Dist_ATR:hi,1,1,0,4.0,80.4,80.4,0,1
SHORT,AT_Lookback_LT:hi,Micro_MicroGap:hi,1,1,0,4.0,139.6,139.6,0,1
SHORT,AT_Lookback_LT:hi,OBVf_Signal:==1,1,1,0,4.0,139.6,139.6,0,1
SHORT,AT_Lookback_LT:hi,PrevDay_Close_Dist_ATR:lo,1,1,0,4.0,139.6,139.6,0,1
SHORT,AT_Lookback_LT:hi,Slope_EMA_ST:hi,1,1,0,4.0,139.6,139.6,0,1
SHORT,AT_Lookback_LT:hi,VWAP_Side:==1,1,1,0,4.0,139.6,139.6,0,1
SHORT,AT_Lookback_LT:hi,VWAP_Sigma:lo,1,1,0,4.0,139.6,139.6,0,1
SHORT,Body_Size:hi,OBVf_Signal:==1,1,1,0,4.0,139.6,139.6,0,1
SHORT,Body_Size:hi,Slope_EMA_ST:hi,1,1,0,4.0,139.6,139.6,0,1
SHORT,Micro_Amihud:lo,Micro_MicroGap:hi,1,1,0,4.0,139.6,139.6,0,1
SHORT,Micro_Amihud:lo,OBVf_Signal:==1,1,1,0,4.0,139.6,139.6,0,1
SHORT,Micro_Amihud:lo,PrevDay_Close_Dist_ATR:lo,1,1,0,4.0,139.6,139.6,0,1
SHORT,Micro_Amihud:lo,Slope_EMA_ST:hi,1,1,0,4.0,139.6,139.6,0,1
SHORT,Micro_Amihud:lo,VWAP_Side:==1,1,1,0,4.0,139.6,139.6,0,1
SHORT,Micro_Amihud:lo,VWAP_Sigma:lo,1,1,0,4.0,139.6,139.6,0,1
SHORT,Micro_MicroGap:hi,VWAP_Sigma:lo,1,1,0,4.0,139.6,139.6,0,1
SHORT,OBVf_Signal:==1,VWAP_Sigma:lo,1,1,0,4.0,139.6,139.6,0,1
SHORT,Slope_EMA_ST:hi,VWAP_Sigma:lo,1,1,0,4.0,139.6,139.6,0,1
SHORT,Body_Size:hi,Micro_Lambda:hi,1,1,0,5.0,1785.0,1785.0,0,1
SHORT,Body_Size:hi,Micro_RangeVelocity:lo,1,1,0,5.0,1785.0,1785.0,0,1
SHORT,Micro_Lambda:hi,Micro_MicroGap:lo,1,1,0,5.0,1785.0,1785.0,0,1
SHORT,Micro_Lambda:hi,VWAP_Sigma:lo,1,1,0,5.0,1785.0,1785.0,0,1
SHORT,AT_Slope_ST:hi,Micro_OrderFlowDelta:hi,1,1,0,4.0,59.2,59.2,0,1
SHORT,AT_Slope_ST:hi,RangeOsc_State:==-2,1,1,0,4.0,59.2,59.2,0,1
SHORT,AT_Slope_ST:hi,VWAP_Sigma:hi,1,1,0,4.0,59.2,59.2,0,1
SHORT,AT_Slope_ST:hi,Volume_Ratio_10:hi,1,1,0,4.0,59.2,59.2,0,1
SHORT,Micro_CSSpread:lo,RangeOsc_State:==-2,1,1,0,4.0,59.2,59.2,0,1
SHORT,Micro_CSSpread:lo,VWAP_Sigma:hi,1,1,0,4.0,59.2,59.2,0,1
SHORT,Micro_CSSpread:lo,Volume_Ratio_10:hi,1,1,0,4.0,59.2,59.2,0,1
SHORT,Micro_OrderFlowDelta:hi,OR_High_Dist_ATR:hi,1,1,0,4.0,59.2,59.2,0,1
SHORT,Micro_OrderFlowDelta:hi,Sqz_State:==-1,1,1,0,4.0,59.2,59.2,0,1
SHORT,OR_High_Dist_ATR:hi,RangeOsc_State:==-2,1,1,0,4.0,59.2,59.2,0,1
SHORT,OR_High_Dist_ATR:hi,VWAP_Sigma:hi,1,1,0,4.0,59.2,59.2,0,1
SHORT,OR_High_Dist_ATR:hi,Volume_Ratio_10:hi,1,1,0,4.0,59.2,59.2,0,1
SHORT,RangeOsc_State:==-2,Session_High_Dist_ATR:hi,1,1,0,4.0,59.2,59.2,0,1
SHORT,RangeOsc_State:==-2,Slope_Accel_LT:lo,1,1,0,4.0,59.2,59.2,0,1
SHORT,RangeOsc_State:==-2,Sqz_State:==-1,1,1,0,4.0,59.2,59.2,0,1
SHORT,Session_High_Dist_ATR:hi,VWAP_Sigma:hi,1,1,0,4.0,59.2,59.2,0,1
SHORT,Session_High_Dist_ATR:hi,Volume_Ratio_10:hi,1,1,0,4.0,59.2,59.2,0,1
SHORT,Slope_Accel_LT:lo,VWAP_Sigma:hi,1,1,0,4.0,59.2,59.2,0,1
SHORT,Sqz_State:==-1,VWAP_Sigma:hi,1,1,0,4.0,59.2,59.2,0,1
SHORT,Sqz_State:==-1,Volume_Ratio_10:hi,1,1,0,4.0,59.2,59.2,0,1
SHORT,ATR_1M:hi,DailyOpen_Dist_ATR:lo,1,1,0,4.0,82.0,82.0,0,1
SHORT,ATR_1M:hi,Micro_OrderFlowDelta:lo,1,1,0,4.0,82.0,82.0,0,1
SHORT,ATR_1M:hi,PrevDay_Low_Side:==1,1,1,0,4.0,82.0,82.0,0,1
SHORT,ATR_1M:hi,VAH_Side:==0,1,1,0,4.0,82.0,82.0,0,1
SHORT,DailyOpen_Dist_ATR:lo,Micro_CSSpread:hi,1,1,0,4.0,82.0,82.0,0,1
SHORT,DailyOpen_Dist_ATR:lo,RangeOsc_State:==2,1,1,0,4.0,82.0,82.0,0,1
SHORT,Micro_CSSpread:hi,PrevDay_Low_Side:==1,1,1,0,4.0,82.0,82.0,0,1
SHORT,Micro_OrderFlowDelta:lo,RangeOsc_State:==2,1,1,0,4.0,82.0,82.0,0,1
SHORT,PrevDay_Low_Side:==1,RangeOsc_State:==2,1,1,0,4.0,82.0,82.0,0,1
SHORT,RangeOsc_State:==2,VAH_Side:==0,1,1,0,4.0,82.0,82.0,0,1
SHORT,Micro_OrderFlowDelta:hi,PrevDay_Close_Dist_ATR:lo,1,1,0,4.0,168.0,168.0,0,1
SHORT,Micro_OrderFlowDelta:hi,VWAP_Side:==1,1,1,0,4.0,168.0,168.0,0,1
SHORT,Micro_PriceAccel:lo,PrevDay_Close_Dist_ATR:lo,1,1,0,4.0,168.0,168.0,0,1
SHORT,Micro_PriceAccel:lo,PrevDay_High_Side:==1,1,1,0,4.0,168.0,168.0,0,1
SHORT,Micro_PriceAccel:lo,VWAP_Side:==1,1,1,0,4.0,168.0,168.0,0,1
SHORT,Micro_MomoTransfer:hi,PrevDay_Close_Side:==-1,1,1,0,7.0,482.3,482.3,0,1
SHORT,Micro_MomoTransfer:hi,Round_500_Dist_ATR:lo,1,1,0,7.0,482.3,482.3,0,1
SHORT,PrevDay_Close_Side:==-1,Volume:hi,1,1,0,7.0,482.3,482.3,0,1
SHORT,Round_500_Dist_ATR:lo,Volume:hi,1,1,0,7.0,482.3,482.3,0,1
SHORT,AT_Regime_ST:==0,Bars_Since_Flip:hi,1,1,0,9.0,138.6,138.6,0,1
SHORT,AT_Regime_ST:==0,Micro_Lambda:hi,1,1,0,9.0,138.6,138.6,0,1
SHORT,AT_Regime_ST:==0,Micro_MomoTransfer:hi,1,1,0,9.0,138.6,138.6,0,1
SHORT,AT_Regime_ST:==0,PrevDay_Close_Dist_ATR:hi,1,1,0,9.0,138.6,138.6,0,1
SHORT,AT_Slope_LT:hi,Bars_Since_Flip:hi,1,1,0,9.0,138.6,138.6,0,1
SHORT,AT_Slope_LT:hi,Micro_BarEntropy:lo,1,1,0,9.0,138.6,138.6,0,1
SHORT,AT_Slope_LT:hi,PrevDay_Close_Dist_ATR:hi,1,1,0,9.0,138.6,138.6,0,1
SHORT,AT_Slope_LT:hi,PrevDay_Low_Dist_ATR:hi,1,1,0,9.0,138.6,138.6,0,1
SHORT,Bar_Range:hi,Bars_Since_Flip:hi,1,1,0,9.0,138.6,138.6,0,1
SHORT,Bars_Since_Flip:hi,Micro_BarEntropy:lo,1,1,0,9.0,138.6,138.6,0,1
SHORT,Bars_Since_Flip:hi,Micro_BarOverlap:hi,1,1,0,9.0,138.6,138.6,0,1
SHORT,Bars_Since_Flip:hi,Micro_Hurst:hi,1,1,0,9.0,138.6,138.6,0,1
SHORT,Bars_Since_Flip:hi,Micro_Lambda:hi,1,1,0,9.0,138.6,138.6,0,1
SHORT,Bars_Since_Flip:hi,Micro_RangeVelocity:lo,1,1,0,9.0,138.6,138.6,0,1
SHORT,Bars_Since_Flip:hi,PrevDay_High_Side:==1,1,1,0,9.0,138.6,138.6,0,1
SHORT,Bars_Since_Flip:hi,PrevDay_Low_Dist_ATR:hi,1,1,0,9.0,138.6,138.6,0,1
SHORT,Bars_Since_Flip:hi,Session_High_Dist_ATR:lo,1,1,0,9.0,138.6,138.6,0,1
SHORT,Micro_BarEntropy:lo,Micro_BarOverlap:hi,1,1,0,9.0,138.6,138.6,0,1
SHORT,Micro_BarEntropy:lo,PrevDay_Close_Dist_ATR:hi,1,1,0,9.0,138.6,138.6,0,1
SHORT,Micro_BarOverlap:hi,Micro_MomoTransfer:hi,1,1,0,9.0,138.6,138.6,0,1
SHORT,Micro_BarOverlap:hi,Micro_RangeAccel:lo,1,1,0,9.0,138.6,138.6,0,1
SHORT,Micro_BarOverlap:hi,PrevDay_Close_Dist_ATR:hi,1,1,0,9.0,138.6,138.6,0,1
SHORT,Micro_BarOverlap:hi,PrevDay_Low_Dist_ATR:hi,1,1,0,9.0,138.6,138.6,0,1
SHORT,Micro_Lambda:hi,PrevDay_Close_Dist_ATR:hi,1,1,0,9.0,138.6,138.6,0,1
SHORT,Micro_Lambda:hi,PrevDay_Low_Dist_ATR:hi,1,1,0,9.0,138.6,138.6,0,1
SHORT,Micro_MomoTransfer:hi,PrevDay_High_Side:==1,1,1,0,9.0,138.6,138.6,0,1
SHORT,Micro_MomoTransfer:hi,PrevDay_Low_Dist_ATR:hi,1,1,0,9.0,138.6,138.6,0,1
SHORT,Micro_RangeAccel:lo,PrevDay_Low_Dist_ATR:hi,1,1,0,9.0,138.6,138.6,0,1
SHORT,Micro_RangeVelocity:lo,PrevDay_Close_Dist_ATR:hi,1,1,0,9.0,138.6,138.6,0,1
SHORT,PrevDay_Close_Dist_ATR:hi,Session_High_Dist_ATR:lo,1,1,0,9.0,138.6,138.6,0,1
SHORT,ADX_Value:lo,Micro_Rejection:hi,1,1,0,4.0,64.8,64.8,0,1
SHORT,EMA_Oscillator:lo,Micro_Rejection:hi,1,1,0,4.0,64.8,64.8,0,1
SHORT,Micro_Hurst:hi,Micro_Rejection:hi,1,1,0,4.0,64.8,64.8,0,1
SHORT,Lower_Wick:hi,Micro_HLAsymmetry:lo,1,1,0,3.0,36.0,36.0,0,1
SHORT,Lower_Wick:hi,RangeOsc_State:==-2,1,1,0,3.0,36.0,36.0,0,1
SHORT,Lower_Wick:hi,Session_High_Dist_ATR:lo,1,1,0,3.0,36.0,36.0,0,1
SHORT,Lower_Wick:hi,VWAP_Sigma:hi,1,1,0,3.0,36.0,36.0,0,1
SHORT,Lower_Wick:hi,Volume_Ratio_10:hi,1,1,0,3.0,36.0,36.0,0,1
SHORT,Micro_HLAsymmetry:lo,Micro_LogReturn:lo,1,1,0,3.0,36.0,36.0,0,1
SHORT,Micro_HLAsymmetry:lo,WeeklyOpen_Dist_ATR:hi,1,1,0,3.0,36.0,36.0,0,1
SHORT,Micro_LogReturn:lo,RangeOsc_State:==-2,1,1,0,3.0,36.0,36.0,0,1
SHORT,Micro_LogReturn:lo,Session_High_Dist_ATR:lo,1,1,0,3.0,36.0,36.0,0,1
SHORT,Micro_LogReturn:lo,VWAP_Sigma:hi,1,1,0,3.0,36.0,36.0,0,1
SHORT,Micro_LogReturn:lo,Volume_Ratio_10:hi,1,1,0,3.0,36.0,36.0,0,1
SHORT,AT_Score_LT:hi,Lower_Wick:hi,1,1,0,8.0,63.6,63.6,0,1
SHORT,AT_Score_LT:hi,Micro_LogReturn:lo,1,1,0,8.0,63.6,63.6,0,1
SHORT,Lower_Wick:hi,OR_High_Side:==-1,1,1,0,8.0,63.6,63.6,0,1
SHORT,Lower_Wick:hi,RangeOsc_State:==-1,1,1,0,8.0,63.6,63.6,0,1
SHORT,Micro_LogReturn:lo,OR_High_Side:==-1,1,1,0,8.0,63.6,63.6,0,1
SHORT,Micro_LogReturn:lo,RangeOsc_State:==-1,1,1,0,8.0,63.6,63.6,0,1
SHORT,DailyOpen_Dist_ATR:hi,Micro_GarmanKlass:hi,1,1,0,8.0,122.4,122.4,0,1
SHORT,DailyOpen_Dist_ATR:hi,WeeklyOpen_Dist_ATR:hi,1,1,0,8.0,122.4,122.4,0,1
SHORT,Micro_GarmanKlass:hi,Micro_Hurst:lo,1,1,0,8.0,122.4,122.4,0,1
SHORT,Micro_Hurst:lo,WeeklyOpen_Dist_ATR:hi,1,1,0,8.0,122.4,122.4,0,1
SHORT,AT_Score_LT:hi,Body_Size:lo,1,1,0,5.0,226.5,226.5,0,1
SHORT,AT_Score_LT:hi,OR_Low_Side:==-1,1,1,0,5.0,226.5,226.5,0,1
SHORT,Body_Size:lo,D2D_ATR:hi,1,1,0,5.0,226.5,226.5,0,1
SHORT,Body_Size:lo,OR_High_Side:==-1,1,1,0,5.0,226.5,226.5,0,1
SHORT,Body_Size:lo,PrevDay_High_Side:==1,1,1,0,5.0,226.5,226.5,0,1
SHORT,Body_Size:lo,RangeOsc_State:==-1,1,1,0,5.0,226.5,226.5,0,1
SHORT,Body_Size:lo,Volume_Avg_10:hi,1,1,0,5.0,226.5,226.5,0,1
SHORT,Body_Size:lo,WeeklyOpen_Dist_ATR:hi,1,1,0,5.0,226.5,226.5,0,1
SHORT,D2D_ATR:hi,Micro_VolAccel:hi,1,1,0,5.0,226.5,226.5,0,1
SHORT,D2D_ATR:hi,OR_Low_Side:==-1,1,1,0,5.0,226.5,226.5,0,1
SHORT,Micro_VolAccel:hi,OR_High_Side:==-1,1,1,0,5.0,226.5,226.5,0,1
SHORT,Micro_VolAccel:hi,PrevDay_High_Side:==1,1,1,0,5.0,226.5,226.5,0,1
SHORT,Micro_VolAccel:hi,WeeklyOpen_Dist_ATR:hi,1,1,0,5.0,226.5,226.5,0,1
SHORT,OR_High_Side:==-1,OR_Low_Side:==-1,1,1,0,5.0,226.5,226.5,0,1
SHORT,OR_Low_Side:==-1,PrevDay_High_Side:==1,1,1,0,5.0,226.5,226.5,0,1
SHORT,OR_Low_Side:==-1,RangeOsc_State:==-1,1,1,0,5.0,226.5,226.5,0,1
SHORT,OR_Low_Side:==-1,Volume_Avg_10:hi,1,1,0,5.0,226.5,226.5,0,1
SHORT,OR_Low_Side:==-1,WeeklyOpen_Dist_ATR:hi,1,1,0,5.0,226.5,226.5,0,1
SHORT,AT_Lookback_LT:hi,Micro_GarmanKlass:hi,1,1,0,4.0,247.2,247.2,0,1
SHORT,AT_Lookback_LT:hi,WeeklyOpen_Dist_ATR:hi,1,1,0,4.0,247.2,247.2,0,1
SHORT,Body_Size:hi,Micro_GarmanKlass:hi,1,1,0,4.0,247.2,247.2,0,1
SHORT,Micro_Amihud:lo,Micro_GarmanKlass:hi,1,1,0,4.0,247.2,247.2,0,1
SHORT,Micro_Amihud:lo,WeeklyOpen_Dist_ATR:hi,1,1,0,4.0,247.2,247.2,0,1
SHORT,ADX_Value:lo,AT_Lookback_LT:hi,1,1,0,4.0,64.8,64.8,0,1
SHORT,ADX_Value:lo,Micro_Amihud:lo,1,1,0,4.0,64.8,64.8,0,1
SHORT,AT_Lookback_LT:hi,EMA_Oscillator:lo,1,1,0,4.0,64.8,64.8,0,1
SHORT,EMA_Oscillator:lo,Micro_Amihud:lo,1,1,0,4.0,64.8,64.8,0,1
SHORT,Micro_BarOverlap:hi,RangeOsc_State:==-2,1,1,0,3.0,86.4,86.4,0,1
SHORT,Micro_BarOverlap:hi,VWAP_Sigma:hi,1,1,0,3.0,86.4,86.4,0,1
SHORT,MultiDay_Slope:hi,RangeOsc_State:==-2,1,1,0,3.0,86.4,86.4,0,1
SHORT,MultiDay_Slope:hi,VWAP_Sigma:hi,1,1,0,3.0,86.4,86.4,0,1
SHORT,Micro_BarOverlap:lo,Micro_Rejection:hi,1,1,0,3.0,77.4,77.4,0,1
SHORT,Micro_Rejection:hi,OR_High_Side:==1,1,1,0,3.0,77.4,77.4,0,1
SHORT,D2D_Dn_Count:hi,MultiDay_Slope:lo,1,1,0,5.0,165.0,165.0,0,1
SHORT,D2D_Dn_Count:hi,OBV_Macd:lo,1,1,0,5.0,165.0,165.0,0,1
SHORT,D2D_Signal:==-1,MultiDay_Slope:lo,1,1,0,5.0,165.0,165.0,0,1
SHORT,D2D_Signal:==-1,OBV_Macd:lo,1,1,0,5.0,165.0,165.0,0,1
SHORT,Micro_VolAccel:lo,MultiDay_Slope:lo,1,1,0,5.0,165.0,165.0,0,1
SHORT,Micro_VolAccel:lo,OBV_Macd:lo,1,1,0,5.0,165.0,165.0,0,1
SHORT,MultiDay_Slope:lo,Slope_Accel_ST:lo,1,1,0,5.0,165.0,165.0,0,1
SHORT,MultiDay_Slope:lo,VWAP_Dist_ATR:lo,1,1,0,5.0,165.0,165.0,0,1
SHORT,MultiDay_Slope:lo,VWAP_Sigma_ATR:lo,1,1,0,5.0,165.0,165.0,0,1
SHORT,OBV_Macd:lo,Slope_Accel_ST:lo,1,1,0,5.0,165.0,165.0,0,1
SHORT,OBV_Macd:lo,VWAP_Dist_ATR:lo,1,1,0,5.0,165.0,165.0,0,1
SHORT,OBV_Macd:lo,VWAP_Sigma_ATR:lo,1,1,0,5.0,165.0,165.0,0,1
SHORT,ADX_Value:lo,Micro_MicroGap:lo,1,1,0,4.0,105.3,105.3,0,1
SHORT,ADX_Value:lo,Upper_Wick:hi,1,1,0,4.0,105.3,105.3,0,1
SHORT,Micro_MicroGap:lo,MultiDay_Slope:lo,1,1,0,4.0,105.3,105.3,0,1
SHORT,Micro_MicroGap:lo,OBV_Macd:lo,1,1,0,4.0,105.3,105.3,0,1
SHORT,MultiDay_Slope:lo,VWAP_Sigma:lo,1,1,0,4.0,105.3,105.3,0,1
SHORT,OBV_Macd:lo,VWAP_Sigma:lo,1,1,0,4.0,105.3,105.3,0,1
SHORT,Body_Size:hi,Micro_RollProxy:lo,1,1,0,4.0,61.2,61.2,0,1
SHORT,Body_Size:hi,Volume_Ratio_10:lo,1,1,0,4.0,61.2,61.2,0,1
SHORT,DailyOpen_Dist_ATR:lo,Micro_RollProxy:lo,1,1,0,4.0,61.2,61.2,0,1
SHORT,DailyOpen_Dist_ATR:lo,Volume_Ratio_10:lo,1,1,0,4.0,61.2,61.2,0,1
SHORT,Micro_OrderFlowDelta:lo,Micro_RollProxy:lo,1,1,0,4.0,61.2,61.2,0,1
SHORT,Micro_OrderFlowDelta:lo,Volume_Ratio_10:lo,1,1,0,4.0,61.2,61.2,0,1
SHORT,Micro_RollProxy:lo,PrevDay_High_Dist_ATR:lo,1,1,0,4.0,61.2,61.2,0,1
SHORT,Micro_RollProxy:lo,PrevDay_Low_Side:==1,1,1,0,4.0,61.2,61.2,0,1
SHORT,Micro_RollProxy:lo,VAH_Side:==0,1,1,0,4.0,61.2,61.2,0,1
SHORT,Micro_RollProxy:lo,VWAP_Sigma:lo,1,1,0,4.0,61.2,61.2,0,1
SHORT,PrevDay_High_Dist_ATR:lo,Volume_Ratio_10:lo,1,1,0,4.0,61.2,61.2,0,1
SHORT,PrevDay_Low_Side:==1,Volume_Ratio_10:lo,1,1,0,4.0,61.2,61.2,0,1
SHORT,VAH_Side:==0,Volume_Ratio_10:lo,1,1,0,4.0,61.2,61.2,0,1
SHORT,VWAP_Sigma:lo,Volume_Ratio_10:lo,1,1,0,4.0,61.2,61.2,0,1
SHORT,Micro_AutoCorr:hi,Micro_FailedBreak:lo,1,1,0,3.0,154.8,154.8,0,1
SHORT,Micro_AutoCorr:hi,Micro_FractalDim:lo,1,1,0,3.0,154.8,154.8,0,1
SHORT,Micro_AutoCorr:hi,Micro_HLAsymmetry:hi,1,1,0,3.0,154.8,154.8,0,1
SHORT,Micro_AutoCorr:hi,Micro_VolAccel:hi,1,1,0,3.0,154.8,154.8,0,1
SHORT,Micro_FailedBreak:lo,VA_Position:hi,1,1,0,3.0,154.8,154.8,0,1
SHORT,Micro_FailedBreak:lo,VWAP_Side:==-1,1,1,0,3.0,154.8,154.8,0,1
SHORT,Micro_FractalDim:lo,VA_Position:hi,1,1,0,3.0,154.8,154.8,0,1
SHORT,Micro_FractalDim:lo,VWAP_Side:==-1,1,1,0,3.0,154.8,154.8,0,1
SHORT,Micro_HLAsymmetry:hi,VA_Position:hi,1,1,0,3.0,154.8,154.8,0,1
SHORT,Micro_HLAsymmetry:hi,VWAP_Side:==-1,1,1,0,3.0,154.8,154.8,0,1
SHORT,Micro_VolAccel:hi,VA_Position:hi,1,1,0,3.0,154.8,154.8,0,1
SHORT,Micro_VolAccel:hi,VWAP_Side:==-1,1,1,0,3.0,154.8,154.8,0,1
SHORT,ADX_Value:lo,D2D_Signal:==-1,1,1,0,7.0,788.9,788.9,0,1
SHORT,ADX_Value:lo,VWAP_Dist_ATR:lo,1,1,0,7.0,788.9,788.9,0,1
SHORT,ADX_Value:lo,VWAP_Sigma_ATR:lo,1,1,0,7.0,788.9,788.9,0,1
SHORT,AT_Slope_ST:hi,Bars_Since_Flip:hi,1,1,0,4.0,46.8,46.8,0,1
SHORT,AT_Slope_ST:hi,DailyOpen_Dist_ATR:hi,1,1,0,4.0,46.8,46.8,0,1
SHORT,AT_Slope_ST:hi,Micro_HLAsymmetry:hi,1,1,0,4.0,46.8,46.8,0,1
SHORT,AT_Slope_ST:hi,Micro_Hurst:lo,1,1,0,4.0,46.8,46.8,0,1
SHORT,Bars_Since_Flip:hi,OR_High_Dist_ATR:hi,1,1,0,4.0,46.8,46.8,0,1
SHORT,Bars_Since_Flip:hi,Sqz_State:==-1,1,1,0,4.0,46.8,46.8,0,1
SHORT,DailyOpen_Dist_ATR:hi,OR_High_Dist_ATR:hi,1,1,0,4.0,46.8,46.8,0,1
SHORT,DailyOpen_Dist_ATR:hi,Sqz_State:==-1,1,1,0,4.0,46.8,46.8,0,1
SHORT,Micro_HLAsymmetry:hi,OR_High_Dist_ATR:hi,1,1,0,4.0,46.8,46.8,0,1
SHORT,Micro_HLAsymmetry:hi,Sqz_State:==-1,1,1,0,4.0,46.8,46.8,0,1
SHORT,Micro_Hurst:lo,OR_High_Dist_ATR:hi,1,1,0,4.0,46.8,46.8,0,1
SHORT,Micro_Hurst:lo,Sqz_State:==-1,1,1,0,4.0,46.8,46.8,0,1
SHORT,Micro_BarOverlap:hi,RangeOsc_Val:lo,1,1,0,7.0,247.1,247.1,0,1
SHORT,Micro_VPIN:lo,RangeOsc_Val:lo,1,1,0,7.0,247.1,247.1,0,1
SHORT,RangeOsc_Val:lo,Slope_EMA_LT:hi,1,1,0,7.0,247.1,247.1,0,1
SHORT,D2D_ATR:hi,Micro_BarOverlap:lo,1,1,0,4.0,38.0,38.0,0,1
SHORT,D2D_ATR:hi,Micro_OrderFlowDelta:hi,1,1,0,4.0,38.0,38.0,0,1
SHORT,D2D_ATR:hi,Micro_PriceAccel:lo,1,1,0,4.0,38.0,38.0,0,1
SHORT,Micro_BarOverlap:lo,Micro_VPIN:lo,1,1,0,4.0,38.0,38.0,0,1
SHORT,Micro_BarOverlap:lo,RangeOsc_State:==-1,1,1,0,4.0,38.0,38.0,0,1
SHORT,Micro_BarOverlap:lo,Slope_EMA_LT:hi,1,1,0,4.0,38.0,38.0,0,1
SHORT,Micro_OrderFlowDelta:hi,Micro_VPIN:lo,1,1,0,4.0,38.0,38.0,0,1
SHORT,Micro_OrderFlowDelta:hi,RangeOsc_State:==-1,1,1,0,4.0,38.0,38.0,0,1
SHORT,Micro_OrderFlowDelta:hi,Slope_EMA_LT:hi,1,1,0,4.0,38.0,38.0,0,1
SHORT,Micro_PriceAccel:lo,Micro_VPIN:lo,1,1,0,4.0,38.0,38.0,0,1
SHORT,Micro_PriceAccel:lo,RangeOsc_State:==-1,1,1,0,4.0,38.0,38.0,0,1
SHORT,Micro_PriceAccel:lo,Slope_EMA_LT:hi,1,1,0,4.0,38.0,38.0,0,1
SHORT,AT_Slope_ST:lo,Micro_FractalDim:lo,1,1,0,4.0,49.6,49.6,0,1
SHORT,Micro_FractalDim:lo,Micro_VPIN:lo,1,1,0,4.0,49.6,49.6,0,1
SHORT,Micro_FractalDim:lo,RangeOsc_State:==-1,1,1,0,4.0,49.6,49.6,0,1
SHORT,Micro_FractalDim:lo,Slope_EMA_LT:hi,1,1,0,4.0,49.6,49.6,0,1
SHORT,Efficiency_Ratio:lo,Micro_ThrustEff:hi,1,1,0,3.0,30.3,30.3,0,1
SHORT,Efficiency_Ratio:lo,Slope_EMA_ST:lo,1,1,0,3.0,30.3,30.3,0,1
SHORT,Efficiency_Ratio:hi,TChan_A15:hi,1,1,0,5.0,149.5,149.5,0,1
SHORT,Micro_TickIntensity:lo,TChan_A15:hi,1,1,0,5.0,149.5,149.5,0,1
SHORT,OBV_Velocity:lo,TChan_A15:hi,1,1,0,5.0,149.5,149.5,0,1
SHORT,AT_Slope_ST:lo,Body_Size:lo,1,1,0,4.0,44.4,44.4,0,1
SHORT,AT_Slope_ST:lo,OR_Low_Side:==-1,1,1,0,4.0,44.4,44.4,0,1
SHORT,Body_Size:lo,D2D_ATR_MA:hi,1,1,0,4.0,44.4,44.4,0,1
SHORT,Body_Size:lo,Micro_CSSpread:lo,1,1,0,4.0,44.4,44.4,0,1
SHORT,Body_Size:lo,Slope_Accel_LT:lo,1,1,0,4.0,44.4,44.4,0,1
SHORT,Body_Size:lo,Sqz_Val:hi,1,1,0,4.0,44.4,44.4,0,1
SHORT,D2D_ATR_MA:hi,OR_Low_Side:==-1,1,1,0,4.0,44.4,44.4,0,1
SHORT,Micro_CSSpread:lo,OR_Low_Side:==-1,1,1,0,4.0,44.4,44.4,0,1
SHORT,OR_Low_Side:==-1,Slope_Accel_LT:lo,1,1,0,4.0,44.4,44.4,0,1
SHORT,OR_Low_Side:==-1,Sqz_Val:hi,1,1,0,4.0,44.4,44.4,0,1
SHORT,ADX_Value:lo,Micro_PriceAccel:lo,1,1,0,3.0,114.9,114.9,0,1
SHORT,Micro_BarOverlap:lo,MultiDay_Slope:lo,1,1,0,3.0,114.9,114.9,0,1
SHORT,Micro_BarOverlap:lo,OBV_Macd:lo,1,1,0,3.0,114.9,114.9,0,1
SHORT,Micro_OrderFlowDelta:hi,MultiDay_Slope:lo,1,1,0,3.0,114.9,114.9,0,1
SHORT,Micro_OrderFlowDelta:hi,OBV_Macd:lo,1,1,0,3.0,114.9,114.9,0,1
SHORT,Micro_PriceAccel:lo,MultiDay_Slope:lo,1,1,0,3.0,114.9,114.9,0,1
SHORT,Micro_PriceAccel:lo,OBV_Macd:lo,1,1,0,3.0,114.9,114.9,0,1
SHORT,Micro_FractalDim:lo,Micro_Lambda:hi,1,1,0,4.0,168.0,168.0,0,1
SHORT,Micro_MomoTransfer:hi,Micro_RollProxy:hi,1,1,0,5.0,210.0,210.0,0,1
SHORT,Micro_MomoTransfer:hi,OBV_Velocity:hi,1,1,0,5.0,210.0,210.0,0,1
SHORT,ADX_Value:lo,Micro_BarEntropy:hi,1,1,0,4.0,40.8,40.8,0,1
SHORT,ADX_Value:lo,PoC_Side:==0,1,1,0,4.0,40.8,40.8,0,1
SHORT,ADX_Value:lo,Round_100_Dist_ATR:lo,1,1,0,4.0,40.8,40.8,0,1
SHORT,EMA_Oscillator:lo,Micro_BarEntropy:hi,1,1,0,4.0,40.8,40.8,0,1
SHORT,EMA_Oscillator:lo,Round_100_Dist_ATR:lo,1,1,0,4.0,40.8,40.8,0,1
SHORT,Micro_OrderFlowDelta:hi,VAH_Side:==-1,1,1,0,4.0,40.8,40.8,0,1
SHORT,Slope_Accel_LT:lo,VAH_Side:==-1,1,1,0,4.0,40.8,40.8,0,1
SHORT,D2D_Dynamic_Sensitivity:lo,WeeklyOpen_Dist_ATR:lo,1,1,0,5.0,168.0,168.0,0,1
SHORT,Micro_BarEntropy:hi,RangeOsc_Val:lo,1,1,0,5.0,168.0,168.0,0,1
SHORT,RangeOsc_Val:lo,Round_100_Dist_ATR:lo,1,1,0,5.0,168.0,168.0,0,1
SHORT,RangeOsc_Val:lo,WeeklyOpen_Dist_ATR:lo,1,1,0,5.0,168.0,168.0,0,1
SHORT,Micro_BarEntropy:lo,Micro_GarmanKlass:hi,1,1,0,4.0,42.8,42.8,0,1
SHORT,Micro_BarEntropy:lo,WeeklyOpen_Dist_ATR:hi,1,1,0,4.0,42.8,42.8,0,1
SHORT,Micro_GarmanKlass:hi,Session_High_Dist_ATR:lo,1,1,0,4.0,42.8,42.8,0,1
SHORT,ADX_Value:lo,Micro_WickImbalance:lo,1,1,0,10.0,219.0,219.0,0,1
SHORT,ADX_Value:lo,RangeOsc_State:==-2,1,1,0,10.0,219.0,219.0,0,1
SHORT,ADX_Value:lo,VWAP_Sigma:hi,1,1,0,10.0,219.0,219.0,0,1
SHORT,ADX_Value:lo,Volume_Ratio_10:hi,1,1,0,10.0,219.0,219.0,0,1
SHORT,D2D_Dynamic_Sensitivity:lo,Micro_FailedBreak:lo,1,1,0,10.0,219.0,219.0,0,1
SHORT,D2D_Dynamic_Sensitivity:lo,Micro_FractalDim:lo,1,1,0,10.0,219.0,219.0,0,1
SHORT,EMA_Oscillator:lo,Micro_VolAccel:hi,1,1,0,10.0,219.0,219.0,0,1
SHORT,EMA_Oscillator:lo,RangeOsc_State:==-2,1,1,0,10.0,219.0,219.0,0,1
SHORT,EMA_Oscillator:lo,VWAP_Sigma:hi,1,1,0,10.0,219.0,219.0,0,1
SHORT,Efficiency_Ratio:hi,Micro_FailedBreak:lo,1,1,0,10.0,219.0,219.0,0,1
SHORT,Efficiency_Ratio:hi,Micro_FractalDim:lo,1,1,0,10.0,219.0,219.0,0,1
SHORT,Efficiency_Ratio:hi,Micro_HLAsymmetry:hi,1,1,0,10.0,219.0,219.0,0,1
SHORT,Efficiency_Ratio:hi,PrevDay_Low_Dist_ATR:hi,1,1,0,10.0,219.0,219.0,0,1
SHORT,Lower_Wick:lo,RangeOsc_State:==-2,1,1,0,10.0,219.0,219.0,0,1
SHORT,Lower_Wick:lo,VWAP_Sigma:hi,1,1,0,10.0,219.0,219.0,0,1
SHORT,Micro_Entropy:lo,Micro_VolAccel:hi,1,1,0,10.0,219.0,219.0,0,1
SHORT,Micro_Entropy:lo,PrevDay_Low_Dist_ATR:hi,1,1,0,10.0,219.0,219.0,0,1
SHORT,Micro_Entropy:lo,RangeOsc_State:==-2,1,1,0,10.0,219.0,219.0,0,1
SHORT,Micro_Entropy:lo,VWAP_Sigma:hi,1,1,0,10.0,219.0,219.0,0,1
SHORT,Micro_Entropy:lo,Volume_Ratio_10:hi,1,1,0,10.0,219.0,219.0,0,1
SHORT,Micro_FailedBreak:lo,PrevDay_Low_Dist_ATR:hi,1,1,0,10.0,219.0,219.0,0,1
SHORT,Micro_FailedBreak:lo,RangeOsc_State:==-2,1,1,0,10.0,219.0,219.0,0,1
SHORT,Micro_FailedBreak:lo,VWAP_Sigma:hi,1,1,0,10.0,219.0,219.0,0,1
SHORT,Micro_FailedBreak:lo,Volume:hi,1,1,0,10.0,219.0,219.0,0,1
SHORT,Micro_FailedBreak:lo,Volume_Ratio_10:hi,1,1,0,10.0,219.0,219.0,0,1
SHORT,Micro_FractalDim:lo,PrevDay_Low_Dist_ATR:hi,1,1,0,10.0,219.0,219.0,0,1
SHORT,Micro_FractalDim:lo,RangeOsc_State:==-2,1,1,0,10.0,219.0,219.0,0,1
SHORT,Micro_FractalDim:lo,VWAP_Sigma:hi,1,1,0,10.0,219.0,219.0,0,1
SHORT,Micro_FractalDim:lo,Volume:hi,1,1,0,10.0,219.0,219.0,0,1
SHORT,Micro_FractalDim:lo,Volume_Ratio_10:hi,1,1,0,10.0,219.0,219.0,0,1
SHORT,Micro_HLAsymmetry:hi,RangeOsc_State:==-2,1,1,0,10.0,219.0,219.0,0,1
SHORT,Micro_HLAsymmetry:hi,VWAP_Sigma:hi,1,1,0,10.0,219.0,219.0,0,1
SHORT,Micro_HLAsymmetry:hi,Volume_Ratio_10:hi,1,1,0,10.0,219.0,219.0,0,1
SHORT,Micro_Hurst:hi,Micro_VolAccel:hi,2,1,1,6.5,30.3,60.6,0,2
SHORT,Micro_VolAccel:hi,Micro_WickImbalance:lo,1,1,0,10.0,219.0,219.0,0,1
SHORT,Micro_VolAccel:hi,PrevDay_Low_Dist_ATR:hi,1,1,0,10.0,219.0,219.0,0,1
SHORT,Micro_VolAccel:hi,RangeOsc_State:==-2,1,1,0,10.0,219.0,219.0,0,1
SHORT,Micro_VolAccel:hi,VWAP_Sigma:hi,1,1,0,10.0,219.0,219.0,0,1
SHORT,Micro_VolAccel:hi,Volume:hi,1,1,0,10.0,219.0,219.0,0,1
SHORT,Micro_VolAccel:hi,Volume_Ratio_10:hi,1,1,0,10.0,219.0,219.0,0,1
SHORT,Micro_WickImbalance:lo,PrevDay_Low_Dist_ATR:hi,1,1,0,10.0,219.0,219.0,0,1
SHORT,Micro_WickImbalance:lo,RangeOsc_State:==-2,1,1,0,10.0,219.0,219.0,0,1
SHORT,Micro_WickImbalance:lo,VWAP_Sigma:hi,1,1,0,10.0,219.0,219.0,0,1
SHORT,Micro_WickImbalance:lo,Volume_Ratio_10:hi,1,1,0,10.0,219.0,219.0,0,1
SHORT,PrevDay_Low_Dist_ATR:hi,RangeOsc_State:==-2,1,1,0,10.0,219.0,219.0,0,1
SHORT,PrevDay_Low_Dist_ATR:hi,VWAP_Sigma:hi,1,1,0,10.0,219.0,219.0,0,1
SHORT,OR_High_Side:==1,PrevDay_Close_Dist_ATR:lo,1,1,0,4.0,164.8,164.8,0,1
SHORT,OR_High_Side:==1,VWAP_Side:==1,1,1,0,4.0,164.8,164.8,0,1
SHORT,D2D_Dynamic_Sensitivity:lo,Micro_IBSP:hi,1,1,0,4.0,124.8,124.8,0,1
SHORT,Efficiency_Ratio:hi,Micro_IBSP:hi,1,1,0,4.0,124.8,124.8,0,1
SHORT,Micro_IBSP:hi,PoC_Side:==0,1,1,0,4.0,124.8,124.8,0,1
SHORT,Micro_IBSP:hi,RangeOsc_Val:lo,1,1,0,4.0,124.8,124.8,0,1
SHORT,Micro_VolAccel:hi,PoC_Side:==0,1,1,0,4.0,124.8,124.8,0,1
SHORT,RangeOsc_Val:lo,Slope_Accel_LT:lo,1,1,0,4.0,124.8,124.8,0,1
SHORT,ADX_Value:lo,Micro_MomoTransfer:hi,1,1,0,8.0,336.0,336.0,0,1
SHORT,ADX_Value:lo,OBVf_Signal:==1,1,1,0,8.0,336.0,336.0,0,1
SHORT,ADX_Value:lo,PrevDay_High_Dist_ATR:lo,1,1,0,8.0,336.0,336.0,0,1
SHORT,ADX_Value:lo,PrevDay_Low_Side:==1,1,1,0,8.0,336.0,336.0,0,1
SHORT,ADX_Value:lo,VAH_Side:==0,1,1,0,8.0,336.0,336.0,0,1
SHORT,ADX_Value:lo,VWAP_Z:lo,1,1,0,8.0,336.0,336.0,0,1
SHORT,DailyOpen_Dist_ATR:lo,OBVf_Signal:==1,1,1,0,8.0,336.0,336.0,0,1
SHORT,Efficiency_Ratio:hi,Micro_Lambda:hi,1,1,0,8.0,336.0,336.0,0,1
SHORT,Efficiency_Ratio:hi,OBVf_Signal:==1,1,1,0,8.0,336.0,336.0,0,1
SHORT,Micro_RangeVelocity:lo,VWAP_Z:lo,1,1,0,8.0,336.0,336.0,0,1
SHORT,OBVf_Signal:==1,PrevDay_Low_Side:==1,1,1,0,8.0,336.0,336.0,0,1
SHORT,OBVf_Signal:==1,VWAP_Z:lo,1,1,0,8.0,336.0,336.0,0,1
SHORT,AT_Score_LT:lo,DailyOpen_Dist_ATR:lo,1,1,0,4.0,142.0,142.0,0,1
SHORT,AT_Score_LT:lo,Micro_Entropy:lo,1,1,0,4.0,142.0,142.0,0,1
SHORT,AT_Score_LT:lo,PrevDay_High_Dist_ATR:lo,1,1,0,4.0,142.0,142.0,0,1
SHORT,AT_Score_LT:lo,VWAP_Z:lo,1,1,0,4.0,142.0,142.0,0,1
SHORT,DailyOpen_Dist_ATR:lo,Micro_Rejection:hi,1,1,0,4.0,142.0,142.0,0,1
SHORT,Micro_Lambda:hi,Micro_Rejection:hi,1,1,0,4.0,142.0,142.0,0,1
SHORT,Micro_Rejection:hi,VAH_Side:==-1,1,1,0,4.0,142.0,142.0,0,1
SHORT,ADX_Value:lo,OR_High_Side:==-1,1,1,0,4.0,62.0,62.0,0,1
SHORT,EMA_Oscillator:lo,OR_High_Side:==-1,1,1,0,4.0,62.0,62.0,0,1
SHORT,Body_Size:hi,Micro_PriceAccel:hi,1,1,0,6.0,923.4,923.4,0,1
SHORT,DailyOpen_Dist_ATR:lo,Micro_PriceAccel:hi,1,1,0,6.0,923.4,923.4,0,1
SHORT,Micro_PriceAccel:hi,PrevDay_Low_Side:==1,1,1,0,6.0,923.4,923.4,0,1
SHORT,Micro_PriceAccel:hi,VWAP_Sigma:lo,1,1,0,6.0,923.4,923.4,0,1
SHORT,Micro_MomoTransfer:hi,Micro_VolOfVol:lo,1,1,0,5.0,100.0,100.0,0,1
SHORT,Micro_VolOfVol:lo,OBVf_Signal:==1,1,1,0,5.0,100.0,100.0,0,1
SHORT,D2D_Dynamic_Sensitivity:lo,VAL_Side:==-1,1,1,0,5.0,121.5,121.5,0,1
SHORT,Efficiency_Ratio:hi,Upper_Wick:hi,1,1,0,5.0,121.5,121.5,0,1
SHORT,Efficiency_Ratio:hi,VAL_Side:==-1,1,1,0,5.0,121.5,121.5,0,1
SHORT,Micro_IBSP:lo,VAL_Side:==-1,1,1,0,5.0,121.5,121.5,0,1
SHORT,Micro_WickImbalance:hi,VAL_Side:==-1,1,1,0,5.0,121.5,121.5,0,1
SHORT,Upper_Wick:hi,VAL_Side:==-1,1,1,0,5.0,121.5,121.5,0,1
SHORT,AT_Lookback_LT:hi,AT_Slope_ST:hi,1,1,0,4.0,228.4,228.4,0,1
SHORT,AT_Lookback_LT:hi,Micro_MicroGap:lo,1,1,0,4.0,228.4,228.4,0,1
SHORT,AT_Lookback_LT:hi,Micro_VolAccel:lo,1,1,0,4.0,228.4,228.4,0,1
SHORT,AT_Lookback_LT:hi,Momentum_Value:hi,1,1,0,4.0,228.4,228.4,0,1
SHORT,AT_Lookback_LT:hi,PrevDay_Close_Side:==-1,1,1,0,4.0,228.4,228.4,0,1
SHORT,AT_Lookback_LT:hi,Round_500_Dist_ATR:lo,1,1,0,4.0,228.4,228.4,0,1
SHORT,AT_Lookback_LT:hi,Upper_Wick:hi,1,1,0,4.0,228.4,228.4,0,1
SHORT,AT_Slope_ST:hi,Micro_Amihud:lo,1,1,0,4.0,228.4,228.4,0,1
SHORT,Body_Size:hi,PrevDay_Close_Side:==-1,1,1,0,4.0,228.4,228.4,0,1
SHORT,Body_Size:hi,Round_500_Dist_ATR:lo,1,1,0,4.0,228.4,228.4,0,1
SHORT,Micro_Amihud:lo,Micro_MicroGap:lo,1,1,0,4.0,228.4,228.4,0,1
SHORT,Micro_Amihud:lo,Micro_VolAccel:lo,1,1,0,4.0,228.4,228.4,0,1
SHORT,Micro_Amihud:lo,Momentum_Value:hi,1,1,0,4.0,228.4,228.4,0,1
SHORT,Micro_Amihud:lo,PrevDay_Close_Side:==-1,1,1,0,4.0,228.4,228.4,0,1
SHORT,Micro_Amihud:lo,Round_500_Dist_ATR:lo,1,1,0,4.0,228.4,228.4,0,1
SHORT,Micro_Amihud:lo,Upper_Wick:hi,1,1,0,4.0,228.4,228.4,0,1
SHORT,D2D_ATR:hi,Efficiency_Ratio:hi,1,1,0,8.0,168.0,168.0,0,1
SHORT,Efficiency_Ratio:hi,OR_High_Side:==-1,1,1,0,8.0,168.0,168.0,0,1
SHORT,Efficiency_Ratio:hi,RangeOsc_State:==-1,1,1,0,8.0,168.0,168.0,0,1
SHORT,Micro_WickImbalance:hi,OR_High_Side:==-1,1,1,0,8.0,168.0,168.0,0,1
SHORT,PrevDay_Close_Dist_ATR:hi,RangeOsc_State:==-2,1,1,0,4.0,148.4,148.4,0,1
SHORT,PrevDay_Close_Dist_ATR:hi,VWAP_Sigma:hi,1,1,0,4.0,148.4,148.4,0,1
SHORT,PrevDay_Close_Dist_ATR:hi,Volume_Ratio_10:hi,1,1,0,4.0,148.4,148.4,0,1
SHORT,AT_Regime_ST:==0,TChan_A15:hi,1,1,0,5.0,78.0,78.0,0,1
SHORT,DailyOpen_Dist_ATR:lo,Upper_Wick:hi,1,1,0,7.0,294.0,294.0,0,1
SHORT,Body_Size:hi,Micro_BarEntropy:lo,1,1,0,16.0,294.0,294.0,0,1
SHORT,Body_Size:hi,Micro_PriceAccel:lo,1,1,0,16.0,294.0,294.0,0,1
SHORT,D2D_ATR_MA:hi,EMA_Oscillator:lo,1,1,0,16.0,294.0,294.0,0,1
SHORT,D2D_ATR_MA:hi,Efficiency_Ratio:hi,1,1,0,16.0,294.0,294.0,0,1
SHORT,D2D_ATR_MA:hi,Micro_PriceAccel:lo,1,1,0,16.0,294.0,294.0,0,1
SHORT,D2D_ATR_MA:hi,VAL_Side:==0,1,1,0,16.0,294.0,294.0,0,1
SHORT,DailyOpen_Dist_ATR:lo,Micro_BarEntropy:lo,1,1,0,16.0,294.0,294.0,0,1
SHORT,DailyOpen_Dist_ATR:lo,Micro_HLAsymmetry:lo,2,1,1,9.5,67.8,135.6,0,2
SHORT,Efficiency_Ratio:hi,Micro_BarEntropy:lo,1,1,0,16.0,294.0,294.0,0,1
SHORT,Efficiency_Ratio:hi,Micro_MicroGap:lo,1,1,0,16.0,294.0,294.0,0,1
SHORT,Efficiency_Ratio:hi,VWAP_Sigma:lo,1,1,0,16.0,294.0,294.0,0,1
SHORT,Micro_BarEntropy:lo,PrevDay_Low_Side:==1,1,1,0,16.0,294.0,294.0,0,1
SHORT,Micro_BarEntropy:lo,RangeOsc_Val:lo,1,1,0,16.0,294.0,294.0,0,1
SHORT,Micro_BarEntropy:lo,VAH_Side:==0,1,1,0,16.0,294.0,294.0,0,1
SHORT,Micro_BarEntropy:lo,VAL_Side:==0,1,1,0,16.0,294.0,294.0,0,1
SHORT,Micro_BarEntropy:lo,VWAP_Z:lo,1,1,0,16.0,294.0,294.0,0,1
SHORT,Micro_HLAsymmetry:lo,Micro_MomoTransfer:hi,1,1,0,16.0,294.0,294.0,0,1
SHORT,Micro_HLAsymmetry:lo,PrevDay_Low_Side:==1,1,1,0,16.0,294.0,294.0,0,1
SHORT,Micro_HLAsymmetry:lo,VAH_Side:==0,1,1,0,16.0,294.0,294.0,0,1
SHORT,Micro_HLAsymmetry:lo,VAL_Side:==0,1,1,0,16.0,294.0,294.0,0,1
SHORT,Micro_HLAsymmetry:lo,VWAP_Z:lo,2,1,1,9.5,67.8,135.6,0,2
SHORT,Micro_MicroGap:lo,Micro_PriceAccel:lo,1,1,0,16.0,294.0,294.0,0,1
SHORT,Micro_MicroGap:lo,Micro_RangeAccel:lo,1,1,0,16.0,294.0,294.0,0,1
SHORT,Micro_MicroGap:lo,RangeOsc_Val:lo,1,1,0,16.0,294.0,294.0,0,1
SHORT,Micro_MicroGap:lo,Volume:hi,1,1,0,16.0,294.0,294.0,0,1
SHORT,Micro_PriceAccel:lo,VWAP_Sigma:lo,1,1,0,16.0,294.0,294.0,0,1
SHORT,Session_High_Dist_ATR:lo,VAL_Side:==0,1,1,0,16.0,294.0,294.0,0,1
SHORT,Session_High_Dist_ATR:lo,VWAP_Z:lo,2,1,1,9.5,67.8,135.6,0,2
SHORT,EMA_Oscillator:lo,Micro_PriceAccel:hi,1,1,0,8.0,336.0,336.0,0,1
SHORT,D2D_ATR:hi,MultiDay_Position:hi,1,1,0,7.0,261.0,261.0,0,1
SHORT,Micro_Lambda:hi,MultiDay_Position:hi,1,1,0,7.0,261.0,261.0,0,1
SHORT,Micro_Lambda:hi,PrevDay_Close_Dist_ATR:lo,1,1,0,7.0,261.0,261.0,0,1
SHORT,Micro_Lambda:hi,Slope_Accel_LT:lo,1,1,0,7.0,261.0,261.0,0,1
SHORT,Micro_Lambda:hi,VWAP_Side:==1,1,1,0,7.0,261.0,261.0,0,1
SHORT,Micro_RangeVelocity:lo,MultiDay_Position:hi,1,1,0,7.0,261.0,261.0,0,1
SHORT,Micro_LogReturn:hi,RangeOsc_Val:lo,1,1,0,4.0,100.8,100.8,0,1
SHORT,Micro_LogReturn:hi,Upper_Wick:hi,1,1,0,4.0,100.8,100.8,0,1
SHORT,Micro_LogReturn:hi,VAH_Side:==-1,1,1,0,4.0,100.8,100.8,0,1
SHORT,Micro_ThrustEff:lo,RangeOsc_Val:lo,1,1,0,4.0,100.8,100.8,0,1
SHORT,Micro_ThrustEff:lo,Upper_Wick:hi,1,1,0,4.0,100.8,100.8,0,1
SHORT,Micro_ThrustEff:lo,VAH_Side:==-1,1,1,0,4.0,100.8,100.8,0,1
SHORT,MultiDay_Slope:hi,RangeOsc_Val:lo,1,1,0,4.0,100.8,100.8,0,1
SHORT,MultiDay_Slope:hi,VAH_Side:==-1,1,1,0,4.0,100.8,100.8,0,1
SHORT,ATR_1M:hi,Efficiency_Ratio:hi,1,1,0,7.0,291.9,291.9,0,1
SHORT,ATR_1M:hi,MultiDay_Position:hi,1,1,0,7.0,291.9,291.9,0,1
SHORT,ATR_1M:hi,Slope_Accel_LT:lo,1,1,0,7.0,291.9,291.9,0,1
SHORT,Efficiency_Ratio:hi,Micro_BarOverlap:hi,1,1,0,7.0,291.9,291.9,0,1
SHORT,Efficiency_Ratio:hi,Micro_PriceAccel:hi,1,1,0,7.0,291.9,291.9,0,1
SHORT,Efficiency_Ratio:hi,MultiDay_Position:hi,1,1,0,7.0,291.9,291.9,0,1
SHORT,Efficiency_Ratio:hi,PrevDay_Close_Dist_ATR:lo,1,1,0,7.0,291.9,291.9,0,1
SHORT,Efficiency_Ratio:hi,PrevDay_High_Side:==1,1,1,0,7.0,291.9,291.9,0,1
SHORT,Efficiency_Ratio:hi,RangeOsc_State:==2,1,1,0,7.0,291.9,291.9,0,1
SHORT,Efficiency_Ratio:hi,VWAP_Side:==1,1,1,0,7.0,291.9,291.9,0,1
SHORT,Micro_CSSpread:hi,MultiDay_Position:hi,1,1,0,7.0,291.9,291.9,0,1
SHORT,Micro_CSSpread:hi,Slope_Accel_LT:lo,1,1,0,7.0,291.9,291.9,0,1
SHORT,Micro_PriceAccel:hi,MultiDay_Position:hi,1,1,0,7.0,291.9,291.9,0,1
SHORT,Micro_PriceAccel:hi,Slope_Accel_LT:lo,1,1,0,7.0,291.9,291.9,0,1
SHORT,MultiDay_Position:hi,Volume_Avg_10:hi,1,1,0,7.0,291.9,291.9,0,1
SHORT,AT_Slope_ST:lo,RangeOsc_State:==-2,1,1,0,5.0,164.0,164.0,0,1
SHORT,AT_Slope_ST:lo,VWAP_Sigma:hi,1,1,0,5.0,164.0,164.0,0,1
SHORT,AT_Lookback_ST:hi,D2D_ATR:hi,1,1,0,4.0,183.6,183.6,0,1
SHORT,AT_Lookback_ST:hi,Micro_GarmanKlass:hi,1,1,0,4.0,183.6,183.6,0,1
SHORT,AT_Lookback_ST:hi,WeeklyOpen_Dist_ATR:hi,1,1,0,4.0,183.6,183.6,0,1
SHORT,D2D_ATR:hi,Micro_TickIntensity:hi,1,1,0,4.0,183.6,183.6,0,1
SHORT,Micro_GarmanKlass:hi,Micro_TickIntensity:hi,1,1,0,4.0,183.6,183.6,0,1
SHORT,Micro_TickIntensity:hi,WeeklyOpen_Dist_ATR:hi,1,1,0,4.0,183.6,183.6,0,1
SHORT,D2D_Dynamic_Sensitivity:lo,Momentum_Value:hi,1,1,0,6.0,67.2,67.2,0,1
SHORT,OBVf_DirStepCount:hi,Upper_Wick:hi,1,1,0,6.0,693.6,693.6,0,1
SHORT,Upper_Wick:hi,WeeklyOpen_Side:==-1,1,1,0,6.0,693.6,693.6,0,1
SHORT,OBVf_DirStepCount:hi,PrevDay_Low_Side:==1,1,1,0,5.0,168.0,168.0,0,1
SHORT,PrevDay_Low_Side:==1,WeeklyOpen_Side:==-1,1,1,0,5.0,168.0,168.0,0,1
SHORT,OBVf_DirStepCount:hi,RangeOsc_Val:lo,1,1,0,6.0,221.4,221.4,0,1
SHORT,OBVf_DirStepCount:hi,Volume_Avg_10:hi,1,1,0,6.0,221.4,221.4,0,1
SHORT,RangeOsc_Val:lo,WeeklyOpen_Side:==-1,1,1,0,6.0,221.4,221.4,0,1
SHORT,Volume_Avg_10:hi,WeeklyOpen_Side:==-1,1,1,0,6.0,221.4,221.4,0,1
SHORT,AT_Score_LT:lo,Efficiency_Ratio:hi,1,1,0,4.0,70.0,70.0,0,1
SHORT,Efficiency_Ratio:hi,Micro_Rejection:hi,1,1,0,4.0,70.0,70.0,0,1
SHORT,Micro_CSSpread:hi,Micro_Rejection:hi,1,1,0,4.0,70.0,70.0,0,1
SHORT,Micro_CSSpread:hi,RangeOsc_Val:lo,1,1,0,4.0,70.0,70.0,0,1
SHORT,Micro_Rejection:hi,RangeOsc_Val:lo,1,1,0,4.0,70.0,70.0,0,1
SHORT,AT_Slope_ST:hi,Micro_RollProxy:hi,1,1,0,5.0,84.5,84.5,0,1
SHORT,AT_Slope_ST:hi,OBV_Velocity:hi,1,1,0,5.0,84.5,84.5,0,1
SHORT,DailyOpen_Side:==-1,Micro_RollProxy:hi,1,1,0,5.0,84.5,84.5,0,1
SHORT,DailyOpen_Side:==-1,OBV_Velocity:hi,1,1,0,5.0,84.5,84.5,0,1
SHORT,DailyOpen_Side:==-1,PrevDay_High_Dist_ATR:lo,1,1,0,5.0,84.5,84.5,0,1
SHORT,Micro_BarEntropy:lo,Micro_RollProxy:hi,1,1,0,5.0,84.5,84.5,0,1
SHORT,Micro_BarEntropy:lo,OBV_Velocity:hi,1,1,0,5.0,84.5,84.5,0,1
SHORT,Micro_BarOverlap:lo,Micro_CSSpread:lo,1,1,0,4.0,46.4,46.4,0,1
SHORT,KAMA_Dist:hi,Micro_BarOverlap:lo,1,1,0,4.0,63.2,63.2,0,1
SHORT,KAMA_Dist:hi,Micro_PriceAccel:lo,1,1,0,4.0,63.2,63.2,0,1
SHORT,Micro_BarOverlap:lo,Micro_IBSP:hi,1,1,0,4.0,63.2,63.2,0,1
SHORT,Micro_IBSP:hi,Micro_PriceAccel:lo,1,1,0,4.0,63.2,63.2,0,1
SHORT,Micro_OrderFlowDelta:hi,OR_High_Side:==1,1,1,0,4.0,63.2,63.2,0,1
SHORT,Micro_PriceAccel:lo,OR_High_Side:==1,1,1,0,4.0,63.2,63.2,0,1
SHORT,AT_Slope_ST:lo,Micro_RollProxy:lo,1,1,0,6.0,107.4,107.4,0,1
SHORT,AT_Slope_ST:lo,Volume_Ratio_10:lo,1,1,0,6.0,107.4,107.4,0,1
SHORT,Micro_CSSpread:lo,Micro_RollProxy:lo,1,1,0,6.0,107.4,107.4,0,1
SHORT,Micro_CSSpread:lo,Volume:hi,1,1,0,6.0,107.4,107.4,0,1
SHORT,Micro_CSSpread:lo,Volume_Ratio_10:lo,1,1,0,6.0,107.4,107.4,0,1
SHORT,Micro_RollProxy:lo,Slope_Accel_LT:lo,1,1,0,6.0,107.4,107.4,0,1
SHORT,Slope_Accel_LT:lo,Volume_Ratio_10:lo,1,1,0,6.0,107.4,107.4,0,1
SHORT,AT_Regime_ST:==0,Micro_CSSpread:lo,1,1,0,4.0,103.2,103.2,0,1
SHORT,AT_Regime_ST:==0,Slope_Accel_LT:lo,1,1,0,4.0,103.2,103.2,0,1
SHORT,Micro_CSSpread:lo,Micro_MicroGap:lo,1,1,0,4.0,103.2,103.2,0,1
SHORT,Micro_CSSpread:lo,Upper_Wick:hi,1,1,0,4.0,103.2,103.2,0,1
SHORT,Micro_MicroGap:lo,Slope_Accel_LT:lo,1,1,0,4.0,103.2,103.2,0,1
SHORT,Slope_Accel_LT:lo,Upper_Wick:hi,1,1,0,4.0,103.2,103.2,0,1
SHORT,AT_Regime_ST:==0,Dist_To_PoC_ATR:lo,1,1,0,5.0,1056.0,1056.0,0,1
SHORT,AT_Regime_ST:==0,Micro_LogReturn:lo,1,1,0,5.0,1056.0,1056.0,0,1
SHORT,AT_Regime_ST:==0,RangeOsc_Val:lo,1,1,0,5.0,1056.0,1056.0,0,1
SHORT,AT_Regime_ST:==0,Slope_Accel_LT:hi,1,1,0,5.0,1056.0,1056.0,0,1
SHORT,Bar_Range:hi,Dist_To_PoC_ATR:lo,1,1,0,5.0,1056.0,1056.0,0,1
SHORT,Bar_Range:hi,Slope_Accel_LT:hi,1,1,0,5.0,1056.0,1056.0,0,1
SHORT,Bar_Range:hi,Slope_Accel_ST:hi,1,1,0,5.0,1056.0,1056.0,0,1
SHORT,Bar_Range:hi,VA_Position:hi,1,1,0,5.0,1056.0,1056.0,0,1
SHORT,Dist_To_PoC_ATR:lo,Lower_Wick:lo,1,1,0,5.0,1056.0,1056.0,0,1
SHORT,Dist_To_PoC_ATR:lo,Micro_RangeVelocity:lo,1,1,0,5.0,1056.0,1056.0,0,1
SHORT,Lower_Wick:lo,Micro_LogReturn:lo,1,1,0,5.0,1056.0,1056.0,0,1
SHORT,Lower_Wick:lo,Slope_Accel_LT:hi,1,1,0,5.0,1056.0,1056.0,0,1
SHORT,Micro_LogReturn:lo,Micro_RangeVelocity:lo,1,1,0,5.0,1056.0,1056.0,0,1
SHORT,Micro_LogReturn:lo,Slope_Accel_ST:hi,1,1,0,5.0,1056.0,1056.0,0,1
SHORT,Micro_LogReturn:lo,Slope_EMA_ST:hi,1,1,0,5.0,1056.0,1056.0,0,1
SHORT,Micro_LogReturn:lo,VA_Position:hi,1,1,0,5.0,1056.0,1056.0,0,1
SHORT,Micro_RangeVelocity:lo,Slope_Accel_LT:hi,1,1,0,5.0,1056.0,1056.0,0,1
SHORT,DailyOpen_Side:==-1,Momentum_Value:hi,1,1,0,6.0,1339.5,1339.5,0,1
SHORT,DailyOpen_Side:==-1,OR_High_Dist_ATR:hi,1,1,0,6.0,1339.5,1339.5,0,1
SHORT,DailyOpen_Side:==-1,Session_High_Dist_ATR:hi,1,1,0,6.0,1339.5,1339.5,0,1
SHORT,DailyOpen_Side:==-1,Slope_Accel_ST:hi,1,1,0,6.0,1339.5,1339.5,0,1
SHORT,DailyOpen_Side:==-1,Sqz_State:==-1,1,1,0,6.0,1339.5,1339.5,0,1
SHORT,DailyOpen_Side:==-1,TChan_A15:hi,1,1,0,6.0,1339.5,1339.5,0,1
SHORT,DailyOpen_Side:==-1,VA_Position:hi,1,1,0,6.0,1339.5,1339.5,0,1
SHORT,Micro_BarEntropy:lo,Momentum_Value:hi,1,1,0,6.0,1339.5,1339.5,0,1
SHORT,Micro_BarEntropy:lo,OR_High_Dist_ATR:hi,1,1,0,6.0,1339.5,1339.5,0,1
SHORT,Micro_BarEntropy:lo,Session_High_Dist_ATR:hi,1,1,0,6.0,1339.5,1339.5,0,1
SHORT,Micro_BarEntropy:lo,Slope_Accel_ST:hi,1,1,0,6.0,1339.5,1339.5,0,1
SHORT,Micro_BarEntropy:lo,Sqz_State:==-1,1,1,0,6.0,1339.5,1339.5,0,1
SHORT,Micro_BarEntropy:lo,TChan_A15:hi,1,1,0,6.0,1339.5,1339.5,0,1
SHORT,AT_Score_LT:lo,Micro_BarEntropy:hi,1,1,0,4.0,168.0,168.0,0,1
SHORT,AT_Score_LT:lo,PoC_Side:==0,1,1,0,4.0,168.0,168.0,0,1
SHORT,AT_Score_LT:lo,Round_100_Dist_ATR:lo,1,1,0,4.0,168.0,168.0,0,1
SHORT,AT_Score_LT:lo,VAH_Side:==0,1,1,0,4.0,168.0,168.0,0,1
SHORT,AT_Score_LT:lo,WeeklyOpen_Dist_ATR:lo,1,1,0,4.0,168.0,168.0,0,1
SHORT,Micro_BarEntropy:hi,Micro_CSSpread:hi,1,1,0,4.0,168.0,168.0,0,1
SHORT,Micro_BarEntropy:hi,Micro_Lambda:hi,1,1,0,4.0,168.0,168.0,0,1
SHORT,Micro_CSSpread:hi,PoC_Side:==0,1,1,0,4.0,168.0,168.0,0,1
SHORT,Micro_CSSpread:hi,Round_100_Dist_ATR:lo,1,1,0,4.0,168.0,168.0,0,1
SHORT,Micro_CSSpread:hi,TChan_A15:hi,1,1,0,4.0,168.0,168.0,0,1
SHORT,Micro_CSSpread:hi,WeeklyOpen_Dist_ATR:lo,1,1,0,4.0,168.0,168.0,0,1
SHORT,Micro_Lambda:hi,PoC_Side:==0,1,1,0,4.0,168.0,168.0,0,1
SHORT,Micro_Lambda:hi,Round_100_Dist_ATR:lo,1,1,0,4.0,168.0,168.0,0,1
SHORT,Micro_Lambda:hi,WeeklyOpen_Dist_ATR:lo,1,1,0,4.0,168.0,168.0,0,1
SHORT,TChan_A15:hi,VAH_Side:==0,1,1,0,4.0,168.0,168.0,0,1
SHORT,TChan_A15:hi,WeeklyOpen_Dist_ATR:lo,1,1,0,4.0,168.0,168.0,0,1
SHORT,AT_Score_LT:lo,Momentum_Value:hi,1,1,0,6.0,181.8,181.8,0,1
SHORT,AT_Score_LT:lo,Slope_Accel_ST:hi,1,1,0,6.0,181.8,181.8,0,1
SHORT,AT_Score_LT:lo,Slope_EMA_ST:hi,1,1,0,6.0,181.8,181.8,0,1
SHORT,D2D_ATR_MA:hi,Dist_To_PoC_ATR:lo,1,1,0,6.0,181.8,181.8,0,1
SHORT,D2D_ATR_MA:hi,Slope_Accel_LT:hi,1,1,0,6.0,181.8,181.8,0,1
SHORT,Dist_To_PoC_ATR:lo,Micro_OrderFlowDelta:hi,1,1,0,6.0,181.8,181.8,0,1
SHORT,Dist_To_PoC_ATR:lo,Sqz_Val:hi,1,1,0,6.0,181.8,181.8,0,1
SHORT,Micro_Lambda:hi,Momentum_Value:hi,1,1,0,6.0,181.8,181.8,0,1
SHORT,Micro_Lambda:hi,Session_High_Dist_ATR:hi,1,1,0,6.0,181.8,181.8,0,1
SHORT,Micro_OrderFlowDelta:hi,Slope_Accel_LT:hi,1,1,0,6.0,181.8,181.8,0,1
SHORT,Slope_Accel_LT:hi,Sqz_Val:hi,1,1,0,6.0,181.8,181.8,0,1
SHORT,ADX_Value:lo,DailyOpen_Side:==-1,1,1,0,4.0,67.2,67.2,0,1
SHORT,DailyOpen_Side:==-1,EMA_Oscillator:lo,1,1,0,4.0,67.2,67.2,0,1
SHORT,EMA_Oscillator:lo,Micro_CSSpread:hi,1,1,0,4.0,67.2,67.2,0,1
SHORT,DailyOpen_Dist_ATR:hi,Micro_CSSpread:lo,1,1,0,5.0,795.0,795.0,0,1
SHORT,Micro_CSSpread:lo,Micro_HLAsymmetry:hi,1,1,0,5.0,795.0,795.0,0,1
SHORT,Micro_CSSpread:lo,Micro_Hurst:lo,1,1,0,5.0,795.0,795.0,0,1
SHORT,Micro_Lambda:hi,RangeOsc_State:==-2,1,1,0,4.0,648.8,648.8,0,1
SHORT,Micro_Lambda:hi,VWAP_Sigma:hi,1,1,0,4.0,648.8,648.8,0,1
SHORT,Micro_RangeVelocity:lo,RangeOsc_State:==-2,1,1,0,4.0,648.8,648.8,0,1
SHORT,Micro_RangeVelocity:lo,VWAP_Sigma:hi,1,1,0,4.0,648.8,648.8,0,1
SHORT,Micro_VPIN:lo,PrevDay_Low_Dist_ATR:hi,2,1,1,4.0,193.0,386.0,0,2
SHORT,PrevDay_Low_Dist_ATR:hi,Slope_EMA_LT:hi,2,1,1,4.0,193.0,386.0,0,2
SHORT,Micro_WickImbalance:lo,MultiDay_Slope:lo,1,1,0,6.0,252.0,252.0,0,1
SHORT,Micro_WickImbalance:lo,OBV_Macd:lo,1,1,0,6.0,252.0,252.0,0,1
SHORT,MultiDay_Slope:lo,VAL_Side:==0,1,1,0,6.0,252.0,252.0,0,1
SHORT,OBV_Macd:lo,VAL_Side:==0,1,1,0,6.0,252.0,252.0,0,1
SHORT,Efficiency_Ratio:hi,MultiDay_Slope:lo,1,1,0,7.0,252.0,252.0,0,1
SHORT,Efficiency_Ratio:hi,OBV_Macd:lo,1,1,0,7.0,252.0,252.0,0,1
SHORT,AT_Score_LT:lo,AT_Slope_ST:lo,1,1,0,4.0,84.0,84.0,0,1
SHORT,AT_Score_LT:lo,KAMA_Dist:hi,1,1,0,4.0,84.0,84.0,0,1
SHORT,AT_Score_LT:lo,Micro_CSSpread:lo,1,1,0,4.0,84.0,84.0,0,1
SHORT,AT_Score_LT:lo,Micro_IBSP:hi,1,1,0,4.0,84.0,84.0,0,1
SHORT,AT_Score_LT:lo,Micro_RangeAccel:lo,1,1,0,4.0,84.0,84.0,0,1
SHORT,AT_Score_LT:lo,OBVf_Signal:==1,1,1,0,4.0,84.0,84.0,0,1
SHORT,KAMA_Dist:hi,Micro_MomoTransfer:hi,1,1,0,4.0,84.0,84.0,0,1
SHORT,KAMA_Dist:hi,Micro_RangeAccel:lo,1,1,0,4.0,84.0,84.0,0,1
SHORT,Micro_CSSpread:lo,Micro_Lambda:hi,1,1,0,4.0,84.0,84.0,0,1
SHORT,Micro_IBSP:hi,Micro_MomoTransfer:hi,1,1,0,4.0,84.0,84.0,0,1
SHORT,Micro_IBSP:hi,Micro_RangeAccel:lo,1,1,0,4.0,84.0,84.0,0,1
SHORT,Micro_IBSP:lo,OBVf_DirStepCount:hi,1,1,0,4.0,221.2,221.2,0,1
SHORT,Micro_IBSP:lo,WeeklyOpen_Side:==-1,1,1,0,4.0,221.2,221.2,0,1
SHORT,Micro_WickImbalance:hi,OBVf_DirStepCount:hi,1,1,0,4.0,221.2,221.2,0,1
SHORT,Micro_WickImbalance:hi,WeeklyOpen_Side:==-1,1,1,0,4.0,221.2,221.2,0,1
SHORT,AT_Regime_ST:==0,Micro_FailedBreak:lo,1,1,0,4.0,53.2,53.2,0,1
SHORT,AT_Regime_ST:==0,Micro_VPIN:lo,1,1,0,4.0,53.2,53.2,0,1
SHORT,AT_Regime_ST:==0,Micro_VolAccel:hi,1,1,0,4.0,53.2,53.2,0,1
SHORT,AT_Regime_ST:==0,Slope_EMA_LT:hi,1,1,0,4.0,53.2,53.2,0,1
SHORT,Micro_RangeVelocity:lo,Micro_VolAccel:hi,1,1,0,4.0,53.2,53.2,0,1
SHORT,Micro_VPIN:lo,Micro_VolAccel:hi,1,1,0,4.0,53.2,53.2,0,1
SHORT,Micro_VolAccel:hi,Slope_EMA_LT:hi,1,1,0,4.0,53.2,53.2,0,1
SHORT,AT_Lookback_ST:hi,Micro_BarEntropy:lo,1,1,0,5.0,67.5,67.5,0,1
SHORT,AT_Lookback_ST:hi,Micro_Hurst:hi,1,1,0,5.0,67.5,67.5,0,1
SHORT,AT_Lookback_ST:hi,Micro_LogReturn:hi,1,1,0,5.0,67.5,67.5,0,1
SHORT,AT_Lookback_ST:hi,RangeOsc_State:==-2,1,1,0,5.0,67.5,67.5,0,1
SHORT,AT_Lookback_ST:hi,Session_High_Dist_ATR:lo,1,1,0,5.0,67.5,67.5,0,1
SHORT,AT_Lookback_ST:hi,VWAP_Sigma:hi,1,1,0,5.0,67.5,67.5,0,1
SHORT,AT_Lookback_ST:hi,Volume_Ratio_10:hi,1,1,0,5.0,67.5,67.5,0,1
SHORT,AT_Score_LT:lo,Micro_BarOverlap:lo,1,1,0,5.0,67.5,67.5,0,1
SHORT,AT_Score_LT:lo,Micro_PriceAccel:lo,1,1,0,5.0,67.5,67.5,1,0
SHORT,AT_Score_LT:lo,RangeOsc_State:==-2,1,1,0,5.0,67.5,67.5,0,1
SHORT,AT_Score_LT:lo,VWAP_Sigma:hi,1,1,0,5.0,67.5,67.5,0,1
SHORT,AT_Score_LT:lo,Volume_Ratio_10:hi,1,1,0,5.0,67.5,67.5,0,1
SHORT,Micro_BarEntropy:lo,Micro_LogReturn:hi,1,1,0,5.0,67.5,67.5,0,1
SHORT,Micro_BarOverlap:lo,Micro_LogReturn:hi,1,1,0,5.0,67.5,67.5,0,1
SHORT,Micro_BarOverlap:lo,RangeOsc_State:==-2,1,1,0,5.0,67.5,67.5,0,1
SHORT,Micro_BarOverlap:lo,VWAP_Sigma:hi,1,1,0,5.0,67.5,67.5,0,1
SHORT,Micro_Hurst:hi,Micro_TickIntensity:hi,1,1,0,5.0,67.5,67.5,0,1
SHORT,Micro_LogReturn:hi,Micro_OrderFlowDelta:hi,1,1,0,5.0,67.5,67.5,0,1
SHORT,Micro_LogReturn:hi,Micro_PriceAccel:lo,1,1,0,5.0,67.5,67.5,1,0
SHORT,Micro_LogReturn:hi,Micro_TickIntensity:hi,1,1,0,5.0,67.5,67.5,0,1
SHORT,Micro_PriceAccel:lo,RangeOsc_State:==-2,1,1,0,5.0,67.5,67.5,0,1
SHORT,Micro_PriceAccel:lo,VWAP_Sigma:hi,1,1,0,5.0,67.5,67.5,0,1
SHORT,Micro_TickIntensity:hi,RangeOsc_State:==-2,1,1,0,5.0,67.5,67.5,0,1
SHORT,Micro_TickIntensity:hi,Session_High_Dist_ATR:lo,1,1,0,5.0,67.5,67.5,0,1
SHORT,Micro_TickIntensity:hi,VWAP_Sigma:hi,1,1,0,5.0,67.5,67.5,0,1
SHORT,Micro_TickIntensity:hi,Volume_Ratio_10:hi,1,1,0,5.0,67.5,67.5,0,1
SHORT,AT_Regime_ST:==0,Micro_GarmanKlass:hi,1,1,0,7.0,95.9,95.9,0,1
SHORT,AT_Regime_ST:==0,WeeklyOpen_Dist_ATR:hi,1,1,0,7.0,95.9,95.9,0,1
SHORT,Micro_Hurst:hi,OR_High_Dist_ATR:hi,1,1,0,7.0,95.9,95.9,0,1
SHORT,Micro_Hurst:hi,Sqz_State:==-1,1,1,0,7.0,95.9,95.9,0,1
SHORT,Micro_GarmanKlass:hi,Volume:hi,1,1,0,4.0,63.6,63.6,0,1
SHORT,Volume:hi,WeeklyOpen_Dist_ATR:hi,1,1,0,4.0,63.6,63.6,0,1
SHORT,ADX_Value:lo,Micro_GarmanKlass:hi,1,1,0,4.0,53.6,53.6,0,1
SHORT,EMA_Oscillator:lo,Micro_GarmanKlass:hi,1,1,0,4.0,53.6,53.6,0,1
SHORT,Micro_GarmanKlass:hi,Micro_VPIN:lo,1,1,0,4.0,944.8,944.8,0,1
SHORT,Micro_GarmanKlass:hi,Slope_EMA_LT:hi,1,1,0,4.0,944.8,944.8,0,1
SHORT,Micro_VPIN:lo,WeeklyOpen_Dist_ATR:hi,1,1,0,4.0,944.8,944.8,0,1
SHORT,Slope_EMA_LT:hi,WeeklyOpen_Dist_ATR:hi,1,1,0,4.0,944.8,944.8,0,1
SHORT,AT_Regime_ST:==0,Micro_HLAsymmetry:lo,1,1,0,5.0,95.5,95.5,0,1
SHORT,AT_Slope_ST:hi,Session_High_Dist_ATR:lo,1,1,0,5.0,95.5,95.5,0,1
SHORT,DailyOpen_Side:==-1,Micro_HLAsymmetry:lo,1,1,0,5.0,95.5,95.5,0,1
SHORT,AT_Slope_ST:hi,Micro_WickImbalance:lo,1,1,0,4.0,89.2,89.2,0,1
SHORT,Micro_Entropy:lo,OR_High_Dist_ATR:hi,1,1,0,4.0,89.2,89.2,0,1
SHORT,Micro_Entropy:lo,Slope_Accel_ST:hi,1,1,0,4.0,89.2,89.2,0,1
SHORT,Micro_Entropy:lo,Sqz_State:==-1,1,1,0,4.0,89.2,89.2,0,1
SHORT,Micro_Entropy:lo,VA_Position:hi,1,1,0,4.0,89.2,89.2,0,1
SHORT,Micro_WickImbalance:lo,OR_High_Dist_ATR:hi,1,1,0,4.0,89.2,89.2,0,1
SHORT,Micro_WickImbalance:lo,Slope_Accel_ST:hi,1,1,0,4.0,89.2,89.2,0,1
SHORT,Micro_WickImbalance:lo,Sqz_State:==-1,1,1,0,4.0,89.2,89.2,0,1
SHORT,Micro_WickImbalance:lo,VA_Position:hi,1,1,0,4.0,89.2,89.2,0,1
SHORT,Micro_Entropy:lo,Micro_GarmanKlass:hi,1,1,0,5.0,55.6,55.6,0,1
SHORT,Micro_Entropy:lo,WeeklyOpen_Dist_ATR:hi,1,1,0,5.0,55.6,55.6,0,1
SHORT,Micro_FailedBreak:lo,Micro_GarmanKlass:hi,1,1,0,5.0,55.6,55.6,0,1
SHORT,Micro_FailedBreak:lo,PrevDay_High_Side:==1,1,1,0,5.0,55.6,55.6,0,1
SHORT,Micro_FractalDim:lo,Micro_GarmanKlass:hi,1,1,0,5.0,55.6,55.6,0,1
SHORT,Micro_FractalDim:lo,PrevDay_High_Side:==1,1,1,0,5.0,55.6,55.6,0,1
SHORT,Micro_FractalDim:lo,WeeklyOpen_Dist_ATR:hi,1,1,0,5.0,55.6,55.6,0,1
SHORT,Micro_GarmanKlass:hi,Micro_WickImbalance:lo,1,1,0,5.0,55.6,55.6,0,1
SHORT,Micro_WickImbalance:lo,WeeklyOpen_Dist_ATR:hi,1,1,0,5.0,55.6,55.6,0,1
SHORT,AT_Slope_ST:lo,Micro_VolAccel:lo,1,1,0,4.0,76.4,76.4,0,1
SHORT,Micro_CSSpread:lo,Micro_VolAccel:lo,1,1,0,4.0,76.4,76.4,0,1
SHORT,Micro_CSSpread:lo,RangeOsc_State:==2,1,1,0,4.0,76.4,76.4,0,1
SHORT,Micro_Rejection:hi,Micro_VolAccel:lo,1,1,0,4.0,76.4,76.4,0,1
SHORT,Micro_VolAccel:lo,Slope_Accel_LT:lo,1,1,0,4.0,76.4,76.4,0,1
SHORT,AT_Slope_ST:hi,Lower_Wick:hi,1,1,0,5.0,85.0,85.0,0,1
SHORT,AT_Slope_ST:hi,Micro_LogReturn:lo,1,1,0,5.0,85.0,85.0,0,1
SHORT,Lower_Wick:hi,Micro_Rejection:hi,1,1,0,5.0,85.0,85.0,0,1
SHORT,Lower_Wick:hi,OR_High_Dist_ATR:hi,1,1,0,5.0,85.0,85.0,0,1
SHORT,Lower_Wick:hi,Slope_Accel_LT:lo,1,1,0,5.0,85.0,85.0,0,1
SHORT,Lower_Wick:hi,Sqz_State:==-1,1,1,0,5.0,85.0,85.0,0,1
SHORT,Micro_LogReturn:lo,Micro_Rejection:hi,1,1,0,5.0,85.0,85.0,0,1
SHORT,Micro_LogReturn:lo,OR_High_Dist_ATR:hi,1,1,0,5.0,85.0,85.0,0,1
SHORT,Micro_LogReturn:lo,Slope_Accel_LT:lo,1,1,0,5.0,85.0,85.0,0,1
SHORT,Micro_LogReturn:lo,Sqz_State:==-1,1,1,0,5.0,85.0,85.0,0,1
SHORT,ADX_Value:lo,Micro_VPIN:lo,1,1,0,3.0,51.6,51.6,0,1
SHORT,ADX_Value:lo,Slope_EMA_LT:hi,1,1,0,3.0,51.6,51.6,0,1
SHORT,Micro_Hurst:hi,Micro_VPIN:lo,1,1,0,3.0,51.6,51.6,0,1
SHORT,Micro_Hurst:hi,Slope_EMA_LT:hi,1,1,0,3.0,51.6,51.6,0,1
SHORT,Micro_ThrustEff:hi,Micro_VPIN:lo,1,1,0,3.0,51.6,51.6,0,1
SHORT,Micro_ThrustEff:hi,RangeOsc_State:==-1,1,1,0,3.0,51.6,51.6,0,1
SHORT,Micro_ThrustEff:hi,Slope_EMA_LT:hi,1,1,0,3.0,51.6,51.6,0,1
SHORT,Micro_VPIN:lo,Slope_EMA_ST:lo,1,1,0,3.0,51.6,51.6,0,1
SHORT,RangeOsc_State:==-1,Slope_EMA_ST:lo,1,1,0,3.0,51.6,51.6,0,1
SHORT,Slope_EMA_LT:hi,Slope_EMA_ST:lo,1,1,0,3.0,51.6,51.6,0,1
SHORT,D2D_ATR:hi,Micro_CSSpread:lo,1,1,0,4.0,60.8,60.8,0,1
SHORT,Micro_BarOverlap:hi,Micro_Entropy:lo,1,1,0,4.0,108.4,108.4,0,1
SHORT,Micro_BarOverlap:hi,Micro_WickImbalance:lo,1,1,0,4.0,108.4,108.4,0,1
SHORT,Micro_MicroGap:hi,Micro_WickImbalance:hi,1,1,0,6.0,252.0,252.0,0,1
SHORT,Micro_ThrustEff:lo,Micro_WickImbalance:hi,1,1,0,6.0,252.0,252.0,0,1
SHORT,PrevDay_Close_Dist_ATR:lo,RangeOsc_Val:lo,1,1,0,7.0,205.8,205.8,0,1
SHORT,RangeOsc_Val:lo,VWAP_Side:==1,1,1,0,7.0,205.8,205.8,0,1
SHORT,Micro_OrderFlowDelta:hi,PrevDay_Low_Side:==1,1,1,0,4.0,112.4,112.4,0,1
SHORT,AT_Score_LT:hi,DailyOpen_Side:==-1,1,1,0,4.0,53.6,53.6,0,1
SHORT,AT_Score_LT:hi,Efficiency_Ratio:lo,1,1,0,4.0,53.6,53.6,0,1
SHORT,AT_Score_LT:hi,PrevDay_Close_Side:==-1,1,1,0,4.0,53.6,53.6,0,1
SHORT,AT_Score_LT:hi,Round_500_Dist_ATR:lo,1,1,0,4.0,53.6,53.6,0,1
SHORT,AT_Slope_ST:lo,DailyOpen_Side:==-1,1,1,0,4.0,53.6,53.6,0,1
SHORT,AT_Slope_ST:lo,Efficiency_Ratio:lo,1,1,0,4.0,53.6,53.6,0,1
SHORT,AT_Slope_ST:lo,OR_High_Side:==1,1,1,0,4.0,53.6,53.6,0,1
SHORT,AT_Slope_ST:lo,PrevDay_Close_Side:==-1,1,1,0,4.0,53.6,53.6,0,1
SHORT,AT_Slope_ST:lo,Round_500_Dist_ATR:lo,1,1,0,4.0,53.6,53.6,0,1
SHORT,DailyOpen_Dist_ATR:hi,DailyOpen_Side:==-1,1,1,0,4.0,174.0,174.0,0,1
SHORT,DailyOpen_Dist_ATR:hi,Efficiency_Ratio:lo,1,1,0,4.0,174.0,174.0,0,1
SHORT,DailyOpen_Dist_ATR:hi,OR_High_Side:==1,1,1,0,4.0,174.0,174.0,0,1
SHORT,DailyOpen_Dist_ATR:hi,PrevDay_Close_Side:==-1,1,1,0,4.0,174.0,174.0,0,1
SHORT,DailyOpen_Dist_ATR:hi,RangeOsc_State:==2,1,1,0,4.0,174.0,174.0,0,1
SHORT,DailyOpen_Dist_ATR:hi,Round_500_Dist_ATR:lo,1,1,0,4.0,174.0,174.0,0,1
SHORT,DailyOpen_Side:==-1,Micro_Hurst:lo,1,1,0,4.0,174.0,174.0,0,1
SHORT,Efficiency_Ratio:lo,Micro_Hurst:lo,1,1,0,4.0,174.0,174.0,0,1
SHORT,Micro_Hurst:lo,OR_High_Side:==1,1,1,0,4.0,174.0,174.0,0,1
SHORT,Micro_Hurst:lo,PrevDay_Close_Side:==-1,1,1,0,4.0,174.0,174.0,0,1
SHORT,Micro_Hurst:lo,RangeOsc_State:==2,1,1,0,4.0,174.0,174.0,0,1
SHORT,Micro_Hurst:lo,Round_500_Dist_ATR:lo,1,1,0,4.0,174.0,174.0,0,1
SHORT,AT_Lookback_ST:hi,AT_Regime_ST:==0,1,1,0,5.0,93.5,93.5,0,1
SHORT,AT_Lookback_ST:hi,Bar_Range:hi,1,1,0,5.0,93.5,93.5,0,1
SHORT,AT_Lookback_ST:hi,Lower_Wick:lo,1,1,0,5.0,93.5,93.5,0,1
SHORT,AT_Lookback_ST:hi,Micro_RangeVelocity:lo,1,1,0,5.0,93.5,93.5,0,1
SHORT,AT_Lookback_ST:hi,Micro_VolAccel:lo,1,1,0,5.0,93.5,93.5,0,1
SHORT,AT_Lookback_ST:hi,Round_500_Dist_ATR:lo,1,1,0,5.0,93.5,93.5,0,1
SHORT,Micro_TickIntensity:hi,Micro_VolAccel:lo,1,1,0,5.0,93.5,93.5,0,1
SHORT,KAMA_Dist:hi,Session_High_Dist_ATR:lo,1,1,0,4.0,68.0,68.0,0,1
SHORT,Micro_IBSP:hi,Session_High_Dist_ATR:lo,2,1,1,3.5,-45.2,-90.4,0,2
SHORT,D2D_Dynamic_Sensitivity:lo,Micro_AutoCorr:lo,1,1,0,6.0,252.0,252.0,0,1
SHORT,EMA_Oscillator:lo,Micro_AutoCorr:lo,1,1,0,6.0,252.0,252.0,0,1
SHORT,Micro_AutoCorr:lo,Micro_MicroGap:lo,1,1,0,6.0,252.0,252.0,0,1
SHORT,Micro_AutoCorr:lo,Micro_OrderFlowDelta:lo,1,1,0,6.0,252.0,252.0,0,1
SHORT,Micro_AutoCorr:lo,PrevDay_High_Dist_ATR:lo,1,1,0,6.0,252.0,252.0,0,1
SHORT,Micro_AutoCorr:lo,VAH_Side:==0,1,1,0,6.0,252.0,252.0,0,1
SHORT,Micro_AutoCorr:lo,VWAP_Sigma:lo,1,1,0,6.0,252.0,252.0,0,1
SHORT,Micro_MicroGap:lo,WeeklyOpen_Side:==-1,1,1,0,6.0,252.0,252.0,0,1
SHORT,VWAP_Sigma:lo,WeeklyOpen_Side:==-1,1,1,0,6.0,252.0,252.0,0,1
SHORT,ATR_1M:hi,Micro_VolAccel:hi,1,1,0,4.0,42.9,42.9,0,1
SHORT,Micro_CSSpread:hi,Micro_VolAccel:hi,1,1,0,4.0,42.9,42.9,0,1
SHORT,Micro_VolAccel:hi,RangeOsc_State:==2,1,1,0,4.0,42.9,42.9,0,1
SHORT,Bar_Range:hi,Micro_OrderFlowDelta:hi,1,1,0,4.0,115.2,115.2,0,1
SHORT,Lower_Wick:lo,Micro_OrderFlowDelta:hi,1,1,0,4.0,115.2,115.2,0,1
SHORT,ATR_1M:hi,Micro_WickImbalance:hi,1,1,0,4.0,42.4,42.4,0,1
SHORT,AT_Regime_ST:==0,Micro_WickImbalance:hi,1,1,0,4.0,42.4,42.4,0,1
SHORT,Micro_CSSpread:hi,Micro_WickImbalance:hi,1,1,0,4.0,42.4,42.4,0,1
SHORT,Micro_IBSP:lo,PrevDay_Close_Side:==-1,1,1,0,4.0,42.4,42.4,0,1
SHORT,Micro_IBSP:lo,Round_500_Dist_ATR:lo,1,1,0,4.0,42.4,42.4,0,1
SHORT,Micro_WickImbalance:hi,PrevDay_Close_Side:==-1,1,1,0,4.0,42.4,42.4,0,1
SHORT,Micro_WickImbalance:hi,RangeOsc_State:==2,1,1,0,4.0,42.4,42.4,0,1
SHORT,Micro_WickImbalance:hi,Round_500_Dist_ATR:lo,1,1,0,4.0,42.4,42.4,0,1
SHORT,Bar_Range:hi,Micro_RollProxy:lo,1,0,1,5.0,-365.0,-365.0,0,1
SHORT,Bar_Range:hi,Volume_Ratio_10:lo,1,0,1,5.0,-365.0,-365.0,0,1
SHORT,DailyOpen_Side:==-1,Micro_RollProxy:lo,1,0,1,5.0,-365.0,-365.0,0,1
SHORT,DailyOpen_Side:==-1,Volume:hi,1,0,1,5.0,-365.0,-365.0,0,1
SHORT,DailyOpen_Side:==-1,Volume_Ratio_10:lo,1,0,1,5.0,-365.0,-365.0,0,1
SHORT,Micro_BarEntropy:lo,Micro_RollProxy:lo,1,0,1,5.0,-365.0,-365.0,0,1
SHORT,Micro_BarEntropy:lo,Volume_Ratio_10:lo,1,0,1,5.0,-365.0,-365.0,0,1
SHORT,Micro_VPIN:lo,MultiDay_Position:hi,1,0,1,4.0,-558.8,-558.8,0,1
SHORT,Micro_VPIN:lo,Slope_Accel_LT:lo,1,0,1,4.0,-558.8,-558.8,0,1
SHORT,Micro_WickImbalance:hi,PrevDay_Low_Dist_ATR:hi,1,0,1,4.0,-558.8,-558.8,0,1
SHORT,MultiDay_Position:hi,Slope_EMA_LT:hi,1,0,1,4.0,-558.8,-558.8,0,1
SHORT,Slope_Accel_LT:lo,Slope_EMA_LT:hi,1,0,1,4.0,-558.8,-558.8,0,1
SHORT,DailyOpen_Dist_ATR:lo,Micro_IBSP:hi,1,0,1,3.0,-158.4,-158.4,0,1
SHORT,DailyOpen_Dist_ATR:lo,Micro_VolAccel:hi,1,0,1,3.0,-158.4,-158.4,0,1
SHORT,Micro_HLAsymmetry:lo,Micro_VolAccel:hi,1,0,1,3.0,-158.4,-158.4,0,1
SHORT,Micro_HLAsymmetry:lo,TChan_A15:hi,1,0,1,3.0,-158.4,-158.4,0,1
SHORT,Micro_IBSP:hi,VAH_Side:==-1,1,0,1,3.0,-158.4,-158.4,0,1
SHORT,Micro_VolAccel:hi,Session_High_Dist_ATR:lo,1,0,1,3.0,-158.4,-158.4,0,1
SHORT,Micro_VolAccel:hi,VAH_Side:==-1,1,0,1,3.0,-158.4,-158.4,0,1
SHORT,Session_High_Dist_ATR:lo,TChan_A15:hi,1,0,1,3.0,-158.4,-158.4,0,1
