bar,time,direction,depth_q,admissible_nA,admitted,capped,slots,distinct_conds,distinct_vars,conds_per_slot,vars_per_slot,eH_conds,eH_vars,bar_pnl,loss_event,cond_set,sig_set,ADX_Value,ATR_1M,Volume,Micro_Hurst,Micro_FailedBreak,D2D_Trend_Dir,AT_Slope_ST,exp_conds_random,exp_vars_random
7025,2026.01.26 22:59,SHORT,4,4,4,0,12,11,11,0.9167,0.9167,10.691,10.691,498.0,0,AT_Lookback_LT:hi|AT_Score_LT:hi|Body_Size:hi|D2D_Dynamic_Sensitivity:lo|Micro_Amihud:lo|Micro_IBSP:lo|Micro_WickImbalance:hi|RangeOsc_State:==-2|VWAP_Sigma:hi|Volume:hi|Volume_Ratio_10:hi,193|198|222|295,23.031223772631087,23.603331,318,0.406274,-0.764723,-1,-4.5e-05,11.61144858072867,11.371771386700862
7031,2026.01.26 23:05,SHORT,4,4,4,0,12,9,9,0.75,0.75,8.485,8.485,110.4,0,AT_Score_LT:hi|AT_Slope_ST:lo|Bar_Range:hi|D2D_ATR:hi|Micro_BarEntropy:lo|Micro_HLAsymmetry:lo|Micro_Hurst:hi|RangeOsc_State:==-1|Session_High_Dist_ATR:lo,209|214|240|253,33.96675026303376,50.928906,191,0.494724,-1.238786,-1,-0.000119,11.61144858072867,11.371771386700862
7038,2026.01.26 23:12,SHORT,3,3,3,0,9,8,8,0.8889,0.8889,7.715,7.715,42.6,0,AT_Score_LT:hi|AT_Slope_ST:lo|Bar_Range:hi|D2D_ATR:hi|Micro_Hurst:hi|Micro_Lambda:hi|Micro_RangeVelocity:lo|RangeOsc_State:==-1,209|214|255,50.4870875903932,28.712343,71,0.554767,0.682633,-1,-0.000263,8.803955007256892,8.681536388140161
8003,2026.01.27 16:32,LONG,17,17,17,0,51,27,27,0.5294,0.5294,20.694,20.694,714.0,0,AT_Regime_ST:==1|Bars_Since_Flip:hi|DailyOpen_Dist_ATR:lo|EMA_Oscillator:lo|Harmonic_OBVf_Concordance:==0|KAMA_Dist:lo|Lower_Wick:hi|Micro_Amihud:hi|Micro_Entropy:lo|Micro_HLAsymmetry:lo|Micro_LogReturn:hi|Micro_MicroGap:hi|Micro_VolOfVol:hi|Micro_WickImbalance:hi|Momentum_Value:lo|MultiDay_Position:lo|OBV_Macd:lo|OR_High_Side:==-1|OR_Low_Side:==-1|PrevDay_High_Side:==-1|PrevDay_Low_Dist_ATR:lo|RangeOsc_State:==-1|Upper_Wick:hi|VWAP_Dist_ATR:lo|VWAP_Sigma_ATR:lo|Volume:hi|Volume_Ratio_10:hi,52|53|68|72|73|74|75|76|77|78|79|80|84|88|115|121|132,27.72318446711315,113.020594,451,0.408597,0.38931,1,-2.6e-05,39.47019718129435,36.124585777632284
8008,2026.01.27 16:37,LONG,6,6,6,0,18,13,13,0.7222,0.7222,11.896,11.896,109.2,0,AT_Regime_LT:==1|AT_Regime_ST:==1|Bars_Since_Flip:hi|Lower_Wick:lo|Micro_LogReturn:hi|Micro_TickIntensity:hi|Micro_VolOfVol:hi|Micro_WickImbalance:hi|MultiDay_Position:lo|OR_Low_Side:==-1|Session_Low_Dist_ATR:lo|VWAP_Sigma_ATR:lo|Volume_Avg_10:hi,52|56|57|95|115|116,20.662542850585247,35.412902,343,0.411606,0.0,1,-2.6e-05,16.435780104648117,15.954503499974125
8015,2026.01.27 16:44,LONG,7,7,7,0,21,14,14,0.6667,0.6667,12.384,12.384,282.8,0,AT_Regime_ST:==1|AT_Score_LT:lo|Bars_Since_Flip:hi|Dist_To_PoC_ATR:lo|Micro_Amihud:hi|Micro_PriceAccel:lo|Micro_VolOfVol:lo|MultiDay_Position:lo|OR_Low_Side:==-1|Round_1000_Dist_ATR:lo|Round_500_Dist_ATR:lo|Session_Low_Dist_ATR:lo|VWAP_Sigma_ATR:lo|Volume_Avg_10:hi,9|51|52|56|57|66|80,19.24443522142453,38.677926,314,0.541142,0.0,1,-2.6e-05,18.856446644718016,18.199528660922656
8018,2026.01.27 16:47,LONG,5,3,3,0,15,12,12,0.8,0.8,11.368,11.368,76.8,0,AT_Regime_ST:==1|AT_Score_LT:lo|Bars_Since_Flip:hi|KAMA_Dist:lo|Micro_MicroGap:lo|MultiDay_Position:lo|OR_High_Side:==-1|OR_Low_Side:==-1|RangeOsc_State:==-1|Session_Low_Dist_ATR:lo|Upper_Wick:hi|Volume_Avg_10:hi,8|56|57|77|99,16.739840783294703,26.371111,308,0.520835,-0.530884,1,-2.6e-05,13.933964781772266,13.604790342516026
8078,2026.01.27 17:47,LONG,3,3,3,0,9,7,7,0.7778,0.7778,6.614,6.614,64.8,0,AT_Regime_ST:==1|Bars_Since_Flip:hi|Micro_Amihud:hi|Micro_Hurst:hi|Micro_PriceAccel:lo|Momentum_Value:hi|OR_Low_Side:==-1,51|80|118,20.44780774441052,23.026165,212,0.521166,-0.043429,1,-3.3e-05,8.665108670454496,8.56108508618842
9377,2026.01.28 16:41,LONG,6,6,6,0,18,11,11,0.6111,0.6111,9.442,9.442,98.4,0,Bar_Range:hi|Micro_Lambda:lo|Micro_OrderFlowDelta:lo|Micro_Rejection:lo|OR_Low_Side:==1|RangeOsc_State:==2|Session_Low_Dist_ATR:lo|Slope_EMA_ST:hi|VWAP_Sigma:lo|Volume:hi|Volume_Avg_10:hi,46|112|113|163|184|186,27.09663323487355,32.288028,364,0.468351,0.201313,1,-1.2e-05,16.435780104648117,15.954503499974125
9379,2026.01.28 16:43,LONG,7,6,6,0,21,14,14,0.6667,0.6667,12.276,12.276,76.2,0,AT_Slope_ST:lo|DailyOpen_Side:==-1|Dist_To_PoC_ATR:lo|Micro_IBSP:lo|Micro_MomoTransfer:lo|Micro_OrderFlowDelta:lo|Micro_VolOfVol:lo|OR_High_Side:==-1|OR_Position:hi|Round_1000_Dist_ATR:lo|Session_Low_Dist_ATR:lo|VWAP_Sigma:lo|Volume:hi|Volume_Avg_10:hi,44|66|91|102|146|147|184,23.786850701898103,26.234306,336,0.464221,0.0,1,-5.8e-05,18.856446644718016,18.199528660922656
9381,2026.01.28 16:45,LONG,12,7,7,0,36,20,20,0.5556,0.5556,17.362,17.362,130.9,0,AT_Slope_ST:lo|Bar_Range:hi|Dist_To_PoC_ATR:lo|Efficiency_Ratio:hi|Micro_HLAsymmetry:hi|Micro_Lambda:lo|Micro_OrderFlowDelta:lo|Micro_RangeVelocity:lo|Micro_Rejection:lo|Micro_RollProxy:hi|Micro_VolOfVol:lo|OR_Low_Side:==1|RangeOsc_State:==2|Round_1000_Dist_ATR:lo|Round_100_Dist_ATR:lo|Session_Low_Dist_ATR:lo|Slope_EMA_ST:lo|VWAP_Sigma:lo|Volume:hi|Volume_Avg_10:hi,44|46|66|69|92|112|113|166|167|175|184|186,21.629854157675865,36.133273,368,0.259409,-0.359779,1,-8.4e-05,29.895732127216817,28.07020869698633
9387,2026.01.28 16:51,LONG,13,13,13,0,39,22,22,0.5641,0.5641,17.446,17.446,193.7,0,AT_Regime_ST:==1|AT_Slope_ST:lo|DailyOpen_Dist_ATR:lo|Dist_To_PoC_ATR:lo|EMA_Oscillator:lo|Harmonic_OBVf_Concordance:==0|KAMA_Dist:lo|Lower_Wick:hi|Micro_HLAsymmetry:lo|Micro_RollProxy:hi|Micro_VolOfVol:lo|Micro_WickImbalance:hi|OR_High_Side:==-1|PrevDay_High_Side:==-1|RangeOsc_State:==-1|Round_1000_Dist_ATR:lo|Session_Low_Dist_ATR:lo|Slope_EMA_ST:lo|VWAP_Dist_ATR:lo|VWAP_Sigma:lo|Volume:hi|Volume_Avg_10:hi,33|44|66|68|72|73|74|75|76|78|79|164|183,19.327201887281348,29.809314,341,0.407433,-0.083866,1,-8.2e-05,31.916270451489858,29.809780066432648
9390,2026.01.28 16:54,LONG,9,9,9,0,27,19,19,0.7037,0.7037,16.894,16.894,144.0,0,AT_Regime_ST:==1|AT_Slope_ST:lo|D2D_DirStep:==-1|DailyOpen_Side:==-1|Dist_To_PoC_ATR:lo|EMA_Oscillator:lo|Micro_FailedBreak:hi|Micro_HLAsymmetry:lo|Micro_RangeVelocity:hi|Micro_VolOfVol:lo|OR_High_Side:==-1|OR_Position:hi|Round_1000_Dist_ATR:lo|Session_Low_Dist_ATR:lo|Slope_EMA_ST:lo|VWAP_Side:==-1|VWAP_Sigma:lo|Volume:hi|Volume_Avg_10:hi,26|44|66|68|89|146|147|171|183,19.85825642069273,31.604789,288,0.480006,0.664456,1,-6.8e-05,23.473053431498993,22.401786415067697
9396,2026.01.28 17:00,LONG,12,9,9,0,36,22,22,0.6111,0.6111,16.905,16.905,81.9,0,AT_Regime_ST:==1|Bar_Range:hi|DailyOpen_Dist_ATR:lo|Dist_To_PoC_ATR:lo|EMA_Oscillator:lo|Harmonic_OBVf_Concordance:==0|KAMA_Dist:lo|Lower_Wick:hi|Micro_HLAsymmetry:lo|Micro_MomoTransfer:hi|Micro_TickIntensity:hi|Micro_VolOfVol:lo|Micro_WickImbalance:hi|OR_High_Side:==-1|PrevDay_High_Side:==-1|RangeOsc_State:==-1|Round_1000_Dist_ATR:lo|Slope_EMA_ST:lo|VWAP_Dist_ATR:lo|VWAP_Sigma:lo|Volume:hi|Volume_Avg_10:hi,47|66|68|72|73|74|75|76|78|79|164|183,20.081753857917786,20.159223,322,0.452232,-0.09673,1,-3.8e-05,29.895732127216817,28.07020869698633
9671,2026.01.28 21:35,LONG,10,10,10,0,30,14,14,0.4667,0.4667,12.469,12.469,349.0,0,AT_Regime_LT:==1|Micro_Entropy:lo|Micro_IBSP:lo|Micro_MomoTransfer:hi|Micro_OrderFlowDelta:lo|Micro_RangeAccel:lo|Micro_RangeVelocity:lo|Micro_Rejection:lo|OR_Low_Side:==1|Session_Low_Dist_ATR:lo|Slope_EMA_ST:hi|VWAP_Sigma:lo|Volume:hi|Volume_Avg_10:hi,85|86|91|100|101|112|113|163|184|186,16.293070828162776,63.192328,412,0.41436,-0.387705,1,4.3e-05,25.67729340170544,24.370762681353153
9673,2026.01.28 21:37,LONG,11,11,11,0,33,16,16,0.4848,0.4848,12.356,12.356,283.8,0,D2D_ATR_MA:hi|DailyOpen_Dist_ATR:lo|Harmonic_OBVf_Concordance:==0|KAMA_Dist:lo|Lower_Wick:hi|Micro_HLAsymmetry:lo|Micro_VPIN:lo|Micro_WickImbalance:hi|OR_High_Side:==-1|PrevDay_High_Side:==-1|ST_Flip_Event:==-1|Slope_Accel_ST:lo|VWAP_Dist_ATR:lo|VWAP_Sigma:lo|Volume:hi|Volume_Avg_10:hi,61|72|73|74|75|76|78|79|114|162|183,18.45851948532963,48.030351,397,0.408805,-0.072871,1,-3e-06,27.817084794051137,26.258658030358355
9683,2026.01.28 21:47,LONG,5,5,5,0,15,9,9,0.6,0.6,7.855,7.855,82.5,0,AT_Slope_ST:lo|Dist_To_PoC_ATR:lo|Micro_HLAsymmetry:hi|Micro_Hurst:hi|Micro_VolOfVol:lo|PrevDay_High_Side:==-1|Round_1000_Dist_ATR:lo|Slope_EMA_ST:lo|VWAP_Side:==-1,28|29|66|168|169,27.701767333324,32.532902,335,0.496563,-0.030738,1,-4.2e-05,13.933964781772266,13.604790342516026
9688,2026.01.28 21:52,LONG,5,5,5,0,15,9,9,0.6,0.6,7.855,7.855,52.0,0,Bar_Range:hi|Micro_MomoTransfer:lo|Micro_OrderFlowDelta:lo|Micro_Rejection:lo|Micro_TickIntensity:hi|OBV_Macd:lo|VWAP_Sigma:lo|Volume:hi|Volume_Avg_10:hi,48|102|113|184|186,23.61602783506253,22.355862,293,0.501413,0.178924,1,7.1e-05,13.933964781772266,13.604790342516026
9756,2026.01.28 23:00,SHORT,8,8,8,0,24,18,18,0.75,0.75,16.246,16.246,336.0,0,AT_Slope_ST:hi|Body_Size:hi|D2D_ATR_MA:hi|D2D_Dn_Count:hi|D2D_Dynamic_Sensitivity:lo|Micro_Entropy:lo|Micro_IBSP:lo|Micro_MicroGap:lo|Micro_OrderFlowDelta:lo|Micro_VolAccel:lo|Micro_WickImbalance:hi|PrevDay_High_Dist_ATR:lo|Slope_Accel_ST:lo|Upper_Wick:hi|VAH_Side:==-1|VWAP_Sigma:lo|VWAP_Z:lo|Volume_Avg_10:hi,205|216|219|222|226|246|261|294,20.55414597349189,84.976386,384,0.40209,-0.98345,-1,5.2e-05,22.250175986451605,21.221965111549544
10793,2026.01.29 17:32,SHORT,4,4,4,0,12,8,8,0.6667,0.6667,7.56,7.56,76.4,0,Bar_Range:hi|Lower_Wick:lo|Micro_Entropy:lo|Micro_RangeVelocity:lo|Micro_TickIntensity:hi|Micro_WickImbalance:lo|OBV_Velocity:lo|VAL_Side:==0,211|244|245|275,21.608907603456267,36.795665,396,0.330528,-0.353302,-1,-9.9e-05,11.61144858072867,11.371771386700862
10835,2026.01.29 18:14,LONG,19,19,19,0,57,30,30,0.5263,0.5263,22.073,22.073,345.8,0,AT_Lookback_ST:hi|AT_Regime_LT:==1|AT_Regime_ST:==1|AT_Slope_LT:lo|AT_Slope_ST:lo|Bar_Range:hi|Bars_Since_Flip:hi|Body_Size:hi|D2D_ATR:hi|D2D_Signal:==1|EMA_Oscillator:hi|KAMA_Dist:hi|Micro_CSSpread:hi|Micro_MicroGap:lo|Micro_PriceAccel:lo|Micro_RangeAccel:lo|Micro_RangeVelocity:lo|Micro_RollProxy:hi|Micro_TickIntensity:hi|Momentum_Value:hi|OBV_Macd:lo|OR_Low_Side:==-1|OR_Position:lo|PoC_Side:==1|PrevDay_Low_Dist_ATR:lo|PrevDay_Low_Side:==-1|RangeOsc_State:==-1|Slope_EMA_ST:lo|Upper_Wick:hi|VA_Position:hi,2|14|19|32|33|38|39|41|48|50|51|53|58|67|70|99|131|173|180,24.231800220889067,35.27922,368,0.317329,0.334475,1,-8.2e-05,42.962100437447624,38.94197630079839
10840,2026.01.29 18:19,LONG,24,24,21,1,72,27,27,0.375,0.375,18.966,18.966,344.4,0,AT_Lookback_ST:hi|AT_Regime_ST:==1|AT_Slope_LT:lo|AT_Slope_ST:lo|Bars_Since_Flip:hi|Body_Size:hi|D2D_ATR:hi|D2D_Signal:==0|EMA_Oscillator:hi|KAMA_Dist:hi|Micro_FailedBreak:hi|Micro_HLAsymmetry:hi|Micro_Hurst:hi|Micro_MicroGap:lo|Micro_RangeVelocity:hi|Micro_RollProxy:hi|Momentum_Value:hi|OBV_Macd:lo|OR_Low_Side:==-1|PrevDay_High_Side:==-1|PrevDay_Low_Dist_ATR:lo|PrevDay_Low_Side:==-1|RangeOsc_State:==-1|Slope_EMA_ST:lo|Upper_Wick:hi|VA_Position:hi|VWAP_Side:==-1,2|13|14|16|17|19|26|28|33|38|39|40|41|53|58|67|70|99|118|131|168|169|172|177,27.310206699156875,32.38075,364,0.510519,0.447797,1,-6e-05,50.979605083615624,45.16536621748482
10841,2026.01.29 18:20,LONG,6,6,6,0,18,14,14,0.7778,0.7778,12.247,12.247,287.4,0,ADX_Rising:==1|DailyOpen_Side:==-1|Harmonic_LLEMA:hi|Lower_Wick:lo|Micro_FailedBreak:hi|Micro_Hurst:hi|Micro_OrderFlowDelta:hi|Micro_Rejection:lo|Momentum_Value:hi|OBV_Macd:lo|PrevDay_High_Dist_ATR:lo|PrevDay_Low_Side:==-1|ST_Flip_Event:==1|Volume_Avg_10:hi,103|104|119|123|135|182,28.85155997930332,44.933649,391,0.521907,0.600886,1,0.000345,16.435780104648117,15.954503499974125
10852,2026.01.29 18:31,LONG,7,6,6,0,21,9,9,0.4286,0.4286,8.396,8.396,121.2,0,ADX_Rising:==1|Bar_Range:hi|Micro_TickIntensity:hi|OBV_Macd:lo|PrevDay_High_Dist_ATR:lo|PrevDay_Low_Side:==-1|RangeOsc_State:==-2|Slope_Accel_LT:hi|Sqz_State:==1,48|130|135|138|149|150|152,27.099076703694383,38.713321,409,0.486721,0.012915,1,7e-05,18.856446644718016,18.199528660922656
10856,2026.01.29 18:35,LONG,6,6,6,0,18,8,8,0.4444,0.4444,7.206,7.206,79.2,0,Bar_Range:hi|Micro_TickIntensity:hi|OBV_Macd:lo|PrevDay_Low_Side:==-1|RangeOsc_State:==-2|Slope_Accel_LT:hi|Sqz_State:==1|Sqz_Val:hi,48|130|149|150|152|179,28.153705061938407,26.944993,367,0.441584,-0.315457,1,8.3e-05,16.435780104648117,15.954503499974125
10858,2026.01.29 18:37,LONG,5,5,5,0,15,9,9,0.6,0.6,7.585,7.585,92.5,0,Harmonic_LLEMA:hi|Micro_Rejection:lo|OBV_Macd:lo|PrevDay_High_Dist_ATR:lo|PrevDay_Low_Side:==-1|RangeOsc_State:==-2|Slope_Accel_LT:hi|Sqz_State:==1|Sqz_Val:hi,123|130|138|152|179,27.41934627176464,35.811013,357,0.516076,0.279244,1,6.6e-05,13.933964781772266,13.604790342516026
10889,2026.01.29 19:08,LONG,4,4,4,0,12,8,8,0.6667,0.6667,6.928,6.928,222.4,0,Bars_Since_Flip:hi|DailyOpen_Dist_ATR:lo|Micro_PriceAccel:lo|OR_Low_Side:==-1|PrevDay_Low_Dist_ATR:lo|Round_500_Dist_ATR:lo|VA_Position:hi|VWAP_Side:==1,51|53|54|65,23.51157212482195,32.578847,334,0.256206,-0.2916,1,0.000114,11.345701020588308,11.143020262773083
10907,2026.01.29 19:26,LONG,5,5,5,0,15,11,11,0.7333,0.7333,9.666,9.666,68.5,0,Bars_Since_Flip:hi|DailyOpen_Dist_ATR:lo|Micro_PriceAccel:lo|OR_Low_Side:==-1|OR_Position:lo|PrevDay_Low_Dist_ATR:lo|PrevDay_Low_Side:==1|RangeOsc_Val:hi|Round_500_Dist_ATR:lo|VA_Position:hi|VWAP_Side:==1,51|53|54|65|141,36.79149504639012,27.903755,293,0.336642,-0.177395,1,9.3e-05,13.933964781772266,13.604790342516026
10911,2026.01.29 19:30,LONG,5,5,5,0,15,12,12,0.8,0.8,10.978,10.978,58.5,0,Bars_Since_Flip:hi|DailyOpen_Dist_ATR:lo|DailyOpen_Side:==1|Micro_FractalDim:hi|OBV_Velocity:hi|OR_Low_Side:==-1|OR_Position:lo|PrevDay_Low_Side:==1|RangeOsc_Val:hi|Round_500_Dist_ATR:lo|VA_Position:hi|VWAP_Side:==1,54|65|134|141|144,31.04314016116961,24.444427,294,0.23453,-0.306818,1,6.8e-05,13.933964781772266,13.604790342516026
10936,2026.01.29 19:55,SHORT,3,3,3,0,9,9,9,1.0,1.0,9.0,9.0,37.8,0,AT_Slope_LT:hi|Body_Size:hi|Efficiency_Ratio:hi|Micro_AutoCorr:hi|Micro_BarEntropy:hi|Micro_MicroGap:hi|PrevDay_Low_Side:==-1|VA_Position:hi|VWAP_Side:==-1,203|231|235,36.567649984627415,26.039479,326,0.528679,0.268823,-1,-0.000222,8.803955007256892,8.681536388140161
10955,2026.01.29 20:14,SHORT,3,3,3,0,9,8,8,0.8889,0.8889,7.715,7.715,42.6,0,Micro_AutoCorr:hi|Micro_RollProxy:lo|Slope_Accel_ST:hi|Slope_EMA_ST:hi|VA_Position:hi|VWAP_Side:==-1|Volume:hi|Volume_Ratio_10:lo,235|288|296,22.90853191107673,28.646062,260,0.533453,-1.014101,-1,0.000178,8.803955007256892,8.681536388140161
12112,2026.01.30 16:46,LONG,7,7,7,0,21,11,11,0.5238,0.5238,7.543,7.543,141.4,0,ADX_Rising:==0|Efficiency_Ratio:hi|Harmonic_OBVf_Concordance:==0|KAMA_Dist:lo|Lower_Wick:hi|Micro_RangeVelocity:lo|Micro_WickImbalance:hi|OR_High_Side:==-1|PrevDay_High_Side:==-1|RangeOsc_State:==2|Volume:hi,69|71|72|73|74|75|76,31.04397907154184,38.591864,433,0.50517,-0.23321,1,5.6e-05,18.856446644718016,18.199528660922656
12122,2026.01.30 16:56,LONG,3,3,3,0,9,7,7,0.7778,0.7778,6.614,6.614,121.2,0,AT_Slope_ST:lo|Micro_HLAsymmetry:hi|Micro_Hurst:hi|Micro_OrderFlowDelta:hi|Micro_WickImbalance:lo|PrevDay_High_Side:==-1|Slope_EMA_ST:lo,28|30|168,22.64219120075789,38.62843,404,0.530086,-0.155326,1,-8.1e-05,8.665108670454496,8.56108508618842
12125,2026.01.30 16:59,LONG,6,6,6,0,18,10,10,0.5556,0.5556,7.361,7.361,114.0,0,AT_Regime_ST:==1|EMA_Oscillator:lo|Harmonic_OBVf_Concordance:==0|KAMA_Dist:lo|Lower_Wick:hi|Micro_HLAsymmetry:lo|Micro_WickImbalance:hi|OR_High_Side:==-1|PrevDay_High_Side:==-1|Volume:hi,68|72|73|74|75|76,23.66076288434828,36.588781,346,0.334256,0.519285,1,-7.5e-05,16.435780104648117,15.954503499974125
12127,2026.01.30 17:01,LONG,5,5,5,0,15,9,9,0.6,0.6,7.161,7.161,117.5,0,AT_Slope_ST:lo|Bar_Range:hi|D2D_DirStep:==1|Micro_AutoCorr:hi|Micro_LogReturn:hi|Micro_RangeAccel:hi|Micro_RangeVelocity:hi|RangeOsc_State:==2|Slope_EMA_ST:lo,21|22|23|31|49,22.574082288667164,44.117381,401,0.480379,0.986006,1,-4.7e-05,13.933964781772266,13.604790342516026
12129,2026.01.30 17:03,LONG,7,6,6,0,21,11,11,0.5238,0.5238,8.551,8.551,450.6,0,ADX_Rising:==0|Harmonic_OBVf_Concordance:==0|KAMA_Dist:lo|Micro_Hurst:hi|Micro_RangeAccel:hi|Micro_Rejection:lo|Micro_WickImbalance:hi|OR_High_Side:==-1|PrevDay_High_Side:==-1|Slope_EMA_ST:lo|Volume:hi,71|72|74|75|76|168|170,21.176768730151736,33.804889,397,0.528442,-0.118326,1,-3.4e-05,18.856446644718016,18.199528660922656
12175,2026.01.30 17:49,SHORT,4,4,4,0,12,8,8,0.6667,0.6667,7.237,7.237,970.8,0,AT_Slope_ST:hi|DailyOpen_Side:==-1|Efficiency_Ratio:lo|Micro_BarEntropy:lo|Micro_BarOverlap:lo|OR_High_Side:==1|PrevDay_Close_Side:==-1|RangeOsc_State:==2,204|232|233|243,23.65140660772826,29.245004,341,0.54432,-0.752265,-1,0.000101,11.61144858072867,11.371771386700862
12268,2026.01.30 19:22,LONG,17,17,17,0,51,24,24,0.4706,0.4706,16.945,16.945,392.7,0,AT_Lookback_ST:hi|AT_Regime_LT:==1|AT_Slope_LT:lo|AT_Slope_ST:lo|Body_Size:hi|D2D_Signal:==1|Micro_FailedBreak:hi|Micro_HLAsymmetry:hi|Micro_MicroGap:hi|Micro_OrderFlowDelta:hi|Micro_RangeAccel:lo|Micro_RollProxy:hi|Micro_WickImbalance:lo|Momentum_Value:hi|OBV_Macd:lo|PoC_Side:==1|RangeOsc_State:==-1|RangeOsc_Val:lo|Session_Low_Dist_ATR:lo|Slope_EMA_ST:lo|Sqz_State:==1|Upper_Wick:hi|VWAP_Side:==-1|Volume:hi,2|4|14|15|16|26|30|32|33|39|41|42|43|44|126|165|180,23.937432140752577,43.418748,337,0.4541,0.633367,1,-6.4e-05,39.47019718129435,36.124585777632284
12277,2026.01.30 19:31,LONG,4,4,4,0,12,9,9,0.75,0.75,8.123,8.123,-404.0,1,Micro_Lambda:lo|Micro_MicroGap:hi|Micro_RollProxy:hi|Micro_TickIntensity:hi|OBV_Macd:lo|OR_Low_Side:==-1|RangeOsc_State:==-2|Slope_Accel_LT:hi|WeeklyOpen_Side:==-1,124|126|140|150,29.450067716372413,24.494593,295,0.464121,0.0,1,0.000202,11.345701020588308,11.143020262773083
12353,2026.01.30 20:47,LONG,4,4,4,0,12,7,7,0.5833,0.5833,6.172,6.172,61.6,0,Bar_Range:hi|Micro_MicroGap:hi|Micro_MomoTransfer:hi|Micro_RollProxy:hi|Micro_TickIntensity:hi|OBV_Macd:lo|Slope_Accel_LT:hi,47|48|126|150,21.638793770446902,30.641418,321,0.358823,0.016318,1,0.00013,11.345701020588308,11.143020262773083
13851,2026.02.02 23:00,SHORT,4,4,4,0,12,11,11,0.9167,0.9167,10.691,10.691,64.0,0,Bar_Range:hi|D2D_Dn_Count:hi|D2D_Signal:==-1|Micro_HLAsymmetry:lo|Micro_Hurst:hi|Micro_MicroGap:hi|Micro_ThrustEff:lo|Micro_VolAccel:lo|PrevDay_Low_Dist_ATR:hi|Session_High_Dist_ATR:lo|Slope_Accel_ST:lo,210|219|253|260,17.405458191566062,31.741882,231,0.560437,-0.422785,-1,-8e-06,11.61144858072867,11.371771386700862
14826,2026.02.03 16:30,LONG,8,8,8,0,24,18,18,0.75,0.75,16.018,16.018,625.6,0,ADX_Rising:==0|AT_Regime_LT:==1|AT_Regime_ST:==1|Bar_Range:hi|D2D_Signal:==1|Micro_AutoCorr:hi|Micro_RangeVelocity:hi|Micro_VolOfVol:hi|Momentum_Value:hi|MultiDay_Position:hi|OBV_Macd:lo|PoC_Side:==1|Round_1000_Dist_ATR:lo|Session_High_Dist_ATR:lo|Slope_EMA_ST:lo|Upper_Wick:hi|Volume:hi|Volume_Ratio_10:hi,49|132|143|145|176|177|178|180,48.92978859302524,70.152327,486,0.428287,1.228612,1,-3.7e-05,21.20075584842148,20.34657927196911
14827,2026.02.03 16:31,LONG,5,3,3,0,15,11,11,0.7333,0.7333,10.364,10.364,252.0,0,AT_Regime_LT:==1|AT_Regime_ST:==1|Micro_Entropy:lo|Micro_Hurst:hi|Micro_MomoTransfer:hi|Micro_RangeAccel:lo|Momentum_Value:hi|MultiDay_Position:hi|OBV_Macd:lo|Round_1000_Dist_ATR:lo|Volume_Ratio_10:hi,85|100|118|132|143,50.03918609708636,116.512172,495,0.538564,1.072849,1,-1.7e-05,13.933964781772266,13.604790342516026
14840,2026.02.03 16:44,LONG,4,4,4,0,12,7,7,0.5833,0.5833,6.0,6.0,124.8,0,Micro_HLAsymmetry:lo|Micro_IBSP:lo|Micro_OrderFlowDelta:lo|OR_Position:hi|VWAP_Sigma:lo|Volume:hi|Volume_Avg_10:hi,89|91|183|184,51.87445766048135,57.068385,421,0.404933,0.070091,1,0.00032,11.345701020588308,11.143020262773083
14854,2026.02.03 16:58,LONG,5,5,5,0,15,12,12,0.8,0.8,10.978,10.978,112.5,0,AT_Regime_ST:==1|AT_Slope_ST:lo|DailyOpen_Dist_ATR:lo|EMA_Oscillator:lo|KAMA_Dist:lo|Lower_Wick:hi|Micro_HLAsymmetry:lo|Micro_RollProxy:hi|RangeOsc_State:==-1|Slope_EMA_ST:lo|Upper_Wick:hi|VWAP_Dist_ATR:lo,33|68|77|78|164,29.83861666856929,42.556323,421,0.311976,-0.41122,1,-0.000196,13.933964781772266,13.604790342516026
14855,2026.02.03 16:59,SHORT,5,5,5,0,15,11,11,0.7333,0.7333,10.009,10.009,98.5,0,Body_Size:hi|D2D_Dn_Count:hi|D2D_Signal:==-1|Efficiency_Ratio:hi|Micro_BarEntropy:hi|Micro_RangeAccel:lo|Micro_VolAccel:lo|Micro_VolOfVol:lo|Slope_Accel_ST:lo|VWAP_Dist_ATR:lo|VWAP_Sigma_ATR:lo,219|231|267|268|271,29.71861579543679,37.846957,370,0.325698,-0.158533,-1,-0.000225,14.358215859511613,13.967131712972364
14873,2026.02.03 17:17,SHORT,7,7,7,0,21,14,14,0.6667,0.6667,12.586,12.586,170.8,0,ATR_1M:hi|AT_Regime_ST:==0|Bar_Range:hi|Lower_Wick:lo|Micro_CSSpread:hi|Micro_Entropy:lo|Micro_HLAsymmetry:hi|Micro_RangeVelocity:lo|Micro_WickImbalance:lo|MultiDay_Slope:hi|PrevDay_Close_Dist_ATR:lo|PrevDay_High_Side:==1|RangeOsc_State:==2|VWAP_Side:==1,191|192|211|244|252|269|278,16.029684394396938,45.679885,384,0.539386,-0.197023,-1,2.5e-05,19.676030442106526,18.888596375345333
14884,2026.02.03 17:28,SHORT,6,6,6,0,18,14,14,0.7778,0.7778,12.247,12.247,102.6,0,ATR_1M:hi|AT_Slope_ST:hi|Bar_Range:hi|D2D_ATR:hi|Micro_GarmanKlass:hi|Micro_MicroGap:lo|MultiDay_Slope:hi|PrevDay_Close_Dist_ATR:lo|PrevDay_High_Side:==1|PrevDay_Low_Dist_ATR:hi|RangeOsc_State:==2|Upper_Wick:hi|VWAP_Side:==1|WeeklyOpen_Dist_ATR:hi,192|205|212|215|250|278,15.498341333702967,33.455671,377,0.242757,0.02989,-1,8.6e-05,17.045884868532983,16.47150210578053
14899,2026.02.03 17:43,SHORT,4,4,4,0,12,11,11,0.9167,0.9167,10.691,10.691,65.2,0,ADX_Value:lo|Bar_Range:hi|Body_Size:hi|EMA_Oscillator:lo|Lower_Wick:hi|Micro_Hurst:hi|Micro_LogReturn:lo|PrevDay_Low_Dist_ATR:hi|VWAP_Sigma:lo|Volume_Avg_10:hi|WeeklyOpen_Dist_ATR:hi,210|230|259|294,16.021863108239376,32.142034,338,0.509518,-0.73113,-1,-9.5e-05,11.61144858072867,11.371771386700862
14906,2026.02.03 17:50,SHORT,7,7,7,0,21,15,15,0.7143,0.7143,12.545,12.545,104.3,0,ADX_Value:lo|ATR_1M:hi|Body_Size:hi|Micro_BarOverlap:lo|Micro_CSSpread:hi|Micro_HLAsymmetry:hi|Micro_ThrustEff:hi|Micro_VolAccel:lo|Momentum_Value:hi|MultiDay_Slope:hi|OR_High_Side:==1|RangeOsc_State:==2|Slope_EMA_ST:lo|VWAP_Sigma:lo|Volume_Avg_10:hi,191|192|243|252|272|289|294,17.2571430457751,29.84714,333,0.459084,0.636577,-1,7e-06,19.676030442106526,18.888596375345333
14988,2026.02.03 19:12,SHORT,8,8,8,0,24,17,17,0.7083,0.7083,15.335,15.335,336.0,0,AT_Slope_ST:lo|D2D_Dynamic_Sensitivity:lo|DailyOpen_Dist_ATR:lo|Micro_BarOverlap:lo|Micro_Entropy:lo|Micro_IBSP:lo|Micro_OrderFlowDelta:lo|Micro_RollProxy:hi|Micro_WickImbalance:hi|MultiDay_Position:hi|OBV_Velocity:hi|PrevDay_High_Dist_ATR:lo|PrevDay_Low_Side:==1|Slope_Accel_LT:lo|Slope_EMA_ST:lo|VAH_Side:==0|VWAP_Z:lo,207|222|225|229|246|265|274|290,19.354406594252712,81.503785,426,0.429845,-1.459441,-1,-4.5e-05,22.250175986451605,21.221965111549544
15109,2026.02.03 21:13,LONG,29,29,20,1,87,34,34,0.3908,0.3908,21.576,21.576,692.0,0,AT_Lookback_ST:hi|AT_Regime_LT:==1|AT_Regime_ST:==1|AT_Score_LT:lo|AT_Slope_LT:lo|AT_Slope_ST:lo|Bar_Range:hi|Bars_Since_Flip:hi|Body_Size:hi|D2D_ATR:hi|D2D_DirStep:==1|Micro_Amihud:hi|Micro_AutoCorr:hi|Micro_BarOverlap:lo|Micro_FailedBreak:hi|Micro_FractalDim:lo|Micro_HLAsymmetry:hi|Micro_Hurst:hi|Micro_LogReturn:hi|Micro_MicroGap:lo|Micro_RangeAccel:lo|Micro_RollProxy:hi|Momentum_Value:hi|OBV_Macd:lo|OR_High_Side:==-1|OR_Low_Side:==-1|PrevDay_High_Side:==-1|RangeOsc_State:==-1|RangeOsc_Val:lo|Round_1000_Dist_ATR:lo|Slope_EMA_ST:lo|VWAP_Side:==-1|VWAP_Sigma:hi|Volume_Ratio_10:hi,2|8|13|14|15|16|17|21|22|25|26|27|28|29|32|33|38|39|41|42|43|49|58|80|99|118|132|168|169,33.56215336079238,33.823209,313,0.564594,0.576527,1,-6.1e-05,58.12486740130761,50.423577585801816
15110,2026.02.03 21:14,LONG,27,11,11,0,81,31,31,0.3827,0.3827,20.425,20.425,323.4,0,AT_Lookback_ST:hi|AT_Regime_ST:==1|AT_Slope_LT:lo|AT_Slope_ST:lo|Bar_Range:hi|Bars_Since_Flip:hi|Body_Size:hi|D2D_ATR:hi|D2D_DirStep:==1|D2D_Signal:==0|Micro_AutoCorr:hi|Micro_BarOverlap:lo|Micro_FailedBreak:hi|Micro_FractalDim:lo|Micro_HLAsymmetry:hi|Micro_Hurst:hi|Micro_LogReturn:hi|Micro_MicroGap:hi|Micro_RangeVelocity:lo|Micro_RollProxy:hi|Micro_TickIntensity:hi|Momentum_Value:hi|OBV_Macd:lo|OR_Position:lo|PrevDay_High_Side:==-1|RangeOsc_State:==-1|Round_1000_Dist_ATR:lo|Slope_EMA_ST:lo|VWAP_Side:==-1|VWAP_Sigma:hi|Volume_Ratio_10:hi,2|13|14|16|17|21|22|25|26|27|28|29|33|38|39|40|41|48|49|58|118|126|132|168|169|173|190,33.225305147262446,29.513653,344,0.524692,0.508239,1,-6.1e-05,55.36137124203574,48.42200441278954
15111,2026.02.03 21:15,LONG,26,19,9,1,78,30,30,0.3846,0.3846,21.164,21.164,110.7,0,AT_Lookback_ST:hi|AT_Regime_ST:==1|AT_Score_LT:lo|AT_Slope_LT:lo|AT_Slope_ST:lo|Bars_Since_Flip:hi|Body_Size:hi|D2D_ATR:hi|D2D_DirStep:==1|D2D_Signal:==0|Micro_AutoCorr:hi|Micro_FractalDim:lo|Micro_HLAsymmetry:hi|Micro_Hurst:hi|Micro_LogReturn:hi|Micro_MicroGap:lo|Micro_RollProxy:hi|Micro_TickIntensity:hi|Momentum_Value:hi|OBV_Macd:lo|OR_High_Side:==-1|OR_Low_Side:==-1|PrevDay_High_Side:==-1|RangeOsc_State:==-1|Round_1000_Dist_ATR:lo|Slope_Accel_LT:hi|Slope_EMA_ST:lo|VWAP_Side:==-1|VWAP_Sigma:hi|Volume_Ratio_10:hi,2|8|10|12|13|14|17|21|22|27|28|29|33|38|39|40|41|58|99|118|132|148|150|168|169|190,33.13549779919429,25.501402,353,0.503259,0.196068,1,-6e-05,53.933459433015955,47.371944708310544
15112,2026.02.03 21:16,LONG,32,18,18,0,96,33,33,0.3438,0.3438,22.634,22.634,594.0,0,AT_Lookback_ST:hi|AT_Regime_ST:==1|AT_Score_LT:lo|AT_Slope_LT:lo|AT_Slope_ST:lo|Bar_Range:hi|Bars_Since_Flip:hi|D2D_ATR:hi|D2D_DirStep:==1|D2D_Signal:==0|Lower_Wick:hi|Micro_AutoCorr:hi|Micro_CSSpread:hi|Micro_FailedBreak:hi|Micro_FractalDim:lo|Micro_HLAsymmetry:hi|Micro_Hurst:hi|Micro_LogReturn:hi|Micro_MicroGap:lo|Micro_RangeAccel:hi|Micro_RangeVelocity:hi|Micro_RollProxy:hi|Momentum_Value:hi|OR_High_Side:==-1|OR_Low_Side:==-1|PrevDay_High_Side:==-1|RangeOsc_State:==-1|Round_1000_Dist_ATR:lo|Slope_Accel_LT:hi|Slope_EMA_ST:lo|Upper_Wick:hi|VWAP_Side:==-1|VWAP_Sigma:hi,2|8|11|12|13|14|16|17|18|19|21|22|23|26|27|28|29|33|38|40|41|49|50|58|99|118|148|164|168|169|172|177,33.44756641210774,32.491469,327,0.52578,1.107983,1,-5.8e-05,62.05476462084386,53.20075695803382
15115,2026.02.03 21:19,LONG,20,13,13,0,60,27,27,0.45,0.45,20.77,20.77,206.7,0,AT_Lookback_ST:hi|AT_Regime_LT:==1|AT_Regime_ST:==1|AT_Score_LT:lo|AT_Slope_LT:lo|AT_Slope_ST:lo|Bars_Since_Flip:hi|Body_Size:hi|D2D_ATR:hi|D2D_Signal:==0|Micro_BarOverlap:lo|Micro_CSSpread:hi|Micro_FailedBreak:hi|Micro_PriceAccel:lo|Micro_RangeAccel:lo|Micro_RangeVelocity:lo|Micro_RollProxy:hi|Micro_VolOfVol:lo|Momentum_Value:hi|OR_Low_Side:==-1|OR_Position:lo|Round_500_Dist_ATR:lo|Slope_Accel_LT:hi|Slope_EMA_ST:lo|Upper_Wick:hi|VWAP_Side:==-1|VWAP_Sigma:hi,2|9|10|12|14|15|16|19|25|26|32|38|39|40|41|50|51|58|148|173,35.14348442944597,31.536364,305,0.422958,0.396368,1,-5.5e-05,44.64370103320821,40.275647028201504
15116,2026.02.03 21:20,LONG,16,10,8,1,48,23,23,0.4792,0.4792,18.567,18.567,111.2,0,AT_Lookback_ST:hi|AT_Regime_ST:==1|AT_Score_LT:lo|AT_Slope_LT:lo|AT_Slope_ST:lo|Bar_Range:hi|Bars_Since_Flip:hi|D2D_ATR:hi|D2D_Signal:==0|Lower_Wick:hi|Micro_CSSpread:hi|Micro_MicroGap:lo|Micro_RollProxy:hi|Micro_TickIntensity:hi|Micro_VolOfVol:lo|Momentum_Value:hi|OBV_Macd:lo|OR_High_Side:==-1|OR_Low_Side:==-1|Round_500_Dist_ATR:lo|Slope_Accel_LT:hi|Upper_Wick:hi|VWAP_Sigma:hi,2|8|9|12|14|18|19|38|40|41|48|50|58|99|148|150,36.17853201952308,28.237786,348,0.371653,-0.070827,1,-5.4e-05,37.65615051759335,34.63546870910648
15118,2026.02.03 21:22,LONG,7,5,5,0,21,13,13,0.619,0.619,11.593,11.593,61.5,0,AT_Regime_ST:==1|AT_Score_LT:lo|AT_Slope_ST:lo|Bars_Since_Flip:hi|D2D_ATR:hi|D2D_Signal:==0|Micro_VolOfVol:lo|Momentum_Value:hi|OR_Low_Side:==-1|Round_500_Dist_ATR:lo|Slope_Accel_LT:hi|Upper_Wick:hi|VWAP_Sigma:hi,9|12|19|38|40|58|148,37.59727334128733,25.513773,328,0.440901,-0.195973,1,-5.3e-05,18.856446644718016,18.199528660922656
15122,2026.02.03 21:26,LONG,27,25,13,1,81,31,31,0.3827,0.3827,22.642,22.642,317.2,0,AT_Lookback_ST:hi|AT_Regime_LT:==1|AT_Regime_ST:==1|AT_Score_LT:lo|AT_Slope_LT:lo|AT_Slope_ST:lo|Bars_Since_Flip:hi|Body_Size:hi|D2D_ATR:hi|D2D_ATR_MA:hi|D2D_Signal:==0|Lower_Wick:hi|Micro_Amihud:hi|Micro_FailedBreak:hi|Micro_OrderFlowDelta:hi|Micro_RangeAccel:lo|Micro_RangeVelocity:lo|Micro_VPIN:lo|Micro_VolOfVol:hi|Micro_WickImbalance:lo|Momentum_Value:hi|OBVf_Signal:==1|OR_Low_Side:==-1|OR_Position:lo|RangeOsc_State:==-1|Slope_Accel_LT:hi|Slope_EMA_ST:lo|Sqz_State:==1|VWAP_Side:==-1|VWAP_Sigma:hi|Volume:hi,4|10|12|15|16|18|20|26|30|32|34|35|36|37|38|39|40|55|58|60|80|115|148|164|165|173|176,33.578476727420885,45.680946,359,0.416155,0.634838,1,-4.9e-05,55.36137124203574,48.42200441278954
15123,2026.02.03 21:27,LONG,31,17,13,1,93,34,34,0.3656,0.3656,23.605,23.605,317.2,0,AT_Lookback_ST:hi|AT_Regime_ST:==1|AT_Score_LT:lo|AT_Slope_LT:lo|AT_Slope_ST:lo|Bars_Since_Flip:hi|Body_Size:hi|D2D_ATR:hi|D2D_ATR_MA:hi|D2D_Signal:==0|Lower_Wick:hi|Micro_Amihud:hi|Micro_BarOverlap:lo|Micro_FailedBreak:hi|Micro_FractalDim:hi|Micro_OrderFlowDelta:hi|Micro_RangeAccel:hi|Micro_RangeVelocity:hi|Micro_RollProxy:hi|Micro_VolOfVol:hi|Micro_WickImbalance:lo|Momentum_Value:hi|OBV_Velocity:hi|OBVf_Signal:==1|OR_Low_Side:==-1|OR_Position:lo|RangeOsc_State:==-2|Slope_Accel_LT:hi|Slope_EMA_ST:lo|Sqz_State:==1|Upper_Wick:hi|VWAP_Side:==-1|VWAP_Sigma:hi|Volume:hi,2|4|10|11|12|14|16|18|19|20|25|26|30|35|36|37|38|39|40|41|58|60|80|115|134|148|152|165|172|176|177,32.40098323793581,45.732361,324,0.417872,0.502926,1,-4.8e-05,60.772218820870066,52.30329971386627
15136,2026.02.03 21:40,LONG,10,7,7,0,30,18,18,0.6,0.6,14.741,14.741,83.3,0,AT_Lookback_ST:hi|AT_Regime_ST:==1|AT_Score_LT:lo|AT_Slope_LT:lo|Body_Size:hi|Micro_FailedBreak:hi|Micro_FractalDim:hi|Micro_RangeAccel:hi|Micro_RangeVelocity:hi|Micro_VolOfVol:lo|Momentum_Value:hi|OBV_Velocity:hi|OR_Low_Side:==-1|Round_500_Dist_ATR:lo|Slope_Accel_LT:hi|Slope_EMA_ST:lo|Sqz_State:==1|VWAP_Sigma:hi,4|9|10|11|12|16|134|148|172|177,16.899592046966323,24.789521,335,0.208681,0.705943,1,-3.9e-05,25.67729340170544,24.370762681353153
15142,2026.02.03 21:46,LONG,5,5,5,0,15,11,11,0.7333,0.7333,10.364,10.364,83.5,0,AT_Regime_LT:==1|AT_Regime_ST:==1|Bars_Since_Flip:hi|Micro_MomoTransfer:hi|Micro_PriceAccel:lo|Micro_RangeAccel:lo|OR_Low_Side:==-1|RangeOsc_State:==-2|Slope_Accel_LT:hi|Sqz_State:==1|Sqz_Val:hi,51|100|148|152|179,15.476562058196189,32.865567,287,0.376991,-0.410764,1,-3.2e-05,13.933964781772266,13.604790342516026
15188,2026.02.03 22:32,LONG,4,4,4,0,12,11,11,0.9167,0.9167,10.691,10.691,56.8,0,Micro_FractalDim:lo|Micro_HLAsymmetry:hi|Micro_LogReturn:hi|OR_High_Side:==-1|OR_Position:lo|PrevDay_Low_Side:==1|RangeOsc_Val:hi|Slope_Accel_LT:lo|TChan_A15:hi|Volume:hi|Volume_Ratio_10:hi,141|153|156|189,45.84027259249977,28.658043,306,0.443926,0.593202,1,9.9e-05,11.345701020588308,11.143020262773083
16256,2026.02.04 17:35,LONG,3,3,3,0,9,8,8,0.8889,0.8889,7.715,7.715,681.0,0,AT_Slope_ST:lo|Efficiency_Ratio:hi|Lower_Wick:hi|Micro_Amihud:hi|Micro_AutoCorr:hi|Micro_RangeVelocity:lo|Micro_WickImbalance:lo|RangeOsc_State:==2,20|24|69,33.00947431564592,48.539326,404,0.558679,-0.525347,1,-6.2e-05,8.665108670454496,8.56108508618842
16258,2026.02.04 17:37,LONG,4,3,3,0,12,9,9,0.75,0.75,8.485,8.485,583.8,0,AT_Slope_ST:lo|Bar_Range:hi|Efficiency_Ratio:hi|Micro_FractalDim:lo|Micro_HLAsymmetry:hi|Micro_Hurst:hi|Micro_Lambda:lo|Micro_RangeVelocity:lo|RangeOsc_State:==2,27|28|46|69,31.767038155130763,41.787023,410,0.56907,-0.215378,1,-0.000145,11.345701020588308,11.143020262773083
16259,2026.02.04 17:38,LONG,6,5,5,0,18,10,10,0.5556,0.5556,7.637,7.637,210.0,0,AT_Slope_ST:lo|D2D_ATR_MA:hi|D2D_DirStep:==1|Lower_Wick:hi|Micro_Amihud:hi|Micro_AutoCorr:hi|Micro_LogReturn:hi|Micro_RangeVelocity:hi|Micro_VolOfVol:hi|Volume:hi,20|21|22|23|37|60,30.45319243683592,103.723418,445,0.430092,2.381333,1,-0.00011,16.435780104648117,15.954503499974125
16262,2026.02.04 17:41,LONG,7,7,7,0,21,11,11,0.5238,0.5238,7.892,7.892,294.0,0,ADX_Rising:==0|AT_Regime_ST:==1|Micro_HLAsymmetry:hi|Micro_OrderFlowDelta:lo|Micro_RangeAccel:hi|Micro_Rejection:lo|Micro_RollProxy:lo|Micro_VolOfVol:hi|Round_100_Dist_ATR:lo|Session_High_Dist_ATR:lo|Slope_EMA_ST:lo,166|167|170|174|175|176|178,29.31584702835408,84.371834,412,0.289517,-0.343717,1,-3.9e-05,18.856446644718016,18.199528660922656
16426,2026.02.04 20:25,LONG,24,24,21,1,72,31,31,0.4306,0.4306,22.484,22.484,609.0,0,AT_Regime_ST:==1|AT_Slope_LT:lo|AT_Slope_ST:lo|Body_Size:hi|D2D_ATR_MA:hi|D2D_Signal:==1|DailyOpen_Dist_ATR:lo|DailyOpen_Side:==1|Micro_Amihud:hi|Micro_FailedBreak:hi|Micro_HLAsymmetry:hi|Micro_IBSP:hi|Micro_LogReturn:hi|Micro_MicroGap:hi|Micro_RangeVelocity:hi|Micro_RollProxy:hi|Micro_TickIntensity:lo|Micro_VolOfVol:hi|Momentum_Value:hi|OBV_Macd:lo|OBV_Velocity:hi|OBVf_Signal:==1|OR_High_Side:==-1|OR_Low_Side:==-1|OR_Position:lo|RangeOsc_State:==-1|RangeOsc_Val:lo|Slope_Accel_LT:lo|Slope_EMA_ST:lo|VWAP_Side:==-1|Volume:hi,14|16|26|33|35|36|37|38|39|41|42|43|60|80|90|115|126|133|153|156|158|172|176|177,28.96665267463389,53.301258,325,0.414625,1.350812,1,-8.7e-05,50.979605083615624,45.16536621748482
16428,2026.02.04 20:27,LONG,17,5,5,0,51,20,20,0.3922,0.3922,14.043,14.043,-400.5,1,AT_Regime_ST:==1|AT_Slope_LT:lo|AT_Slope_ST:lo|D2D_ATR_MA:hi|D2D_Signal:==0|Lower_Wick:hi|Micro_Amihud:hi|Micro_HLAsymmetry:hi|Micro_Lambda:lo|Micro_RollProxy:hi|Micro_VolOfVol:hi|Momentum_Value:hi|OBV_Macd:lo|OBVf_Signal:==1|OR_Low_Side:==-1|OR_Position:lo|RangeOsc_State:==-1|RangeOsc_Val:lo|Slope_EMA_ST:lo|Volume:hi,14|20|33|35|36|37|38|40|41|42|43|60|80|115|124|164|176,29.348981885382024,38.531622,343,0.418782,-0.012976,1,-7.2e-05,39.47019718129435,36.124585777632284
16429,2026.02.04 20:28,LONG,11,9,9,0,33,15,15,0.4545,0.4545,11.908,11.908,-525.6,1,AT_Regime_LT:==1|AT_Regime_ST:==1|AT_Slope_ST:lo|D2D_ATR_MA:hi|D2D_Signal:==0|Micro_Entropy:lo|Micro_MomoTransfer:hi|Micro_RangeVelocity:lo|Micro_VolOfVol:hi|Momentum_Value:hi|OBVf_Signal:==1|OR_Low_Side:==-1|OR_Position:lo|Slope_EMA_ST:lo|Volume:hi,35|36|37|38|40|60|86|101|115|173|176,29.696089478145986,27.715457,291,0.42433,0.0,1,-6.5e-05,27.817084794051137,26.258658030358355
16432,2026.02.04 20:31,LONG,11,9,9,0,33,15,15,0.4545,0.4545,10.836,10.836,213.3,0,AT_Regime_LT:==1|AT_Regime_ST:==1|AT_Slope_ST:lo|Body_Size:hi|D2D_ATR_MA:hi|D2D_Signal:==0|Micro_RangeAccel:lo|Micro_RangeVelocity:lo|Micro_VolOfVol:hi|Momentum_Value:hi|OBVf_Signal:==1|OR_Low_Side:==-1|OR_Position:lo|Slope_EMA_ST:lo|Volume:hi,32|35|36|37|38|39|40|60|115|173|176,26.450645335334336,44.515595,347,0.425049,0.0,1,-6.5e-05,27.817084794051137,26.258658030358355
16434,2026.02.04 20:33,LONG,17,9,9,0,51,22,22,0.4314,0.4314,14.927,14.927,188.1,0,AT_Regime_LT:==1|AT_Regime_ST:==1|AT_Slope_LT:lo|AT_Slope_ST:lo|D2D_ATR_MA:hi|D2D_Signal:==0|Lower_Wick:hi|Micro_Lambda:lo|Micro_RangeAccel:lo|Micro_RangeVelocity:lo|Micro_RollProxy:hi|Micro_VolOfVol:hi|Momentum_Value:hi|OBV_Macd:lo|OBVf_Signal:==1|OR_Low_Side:==-1|OR_Position:lo|RangeOsc_State:==-1|RangeOsc_Val:lo|Session_Low_Dist_ATR:lo|Slope_EMA_ST:lo|Volume:hi,14|32|33|35|36|37|38|40|41|43|44|60|115|124|164|173|176,24.18585833969204,39.799807,319,0.30712,-0.050251,1,-6.1e-05,39.47019718129435,36.124585777632284
16436,2026.02.04 20:35,LONG,16,7,7,0,48,19,19,0.3958,0.3958,14.233,14.233,161.7,0,AT_Regime_ST:==1|AT_Slope_ST:lo|D2D_ATR_MA:hi|D2D_DirStep:==-1|D2D_Signal:==0|Micro_HLAsymmetry:hi|Micro_OrderFlowDelta:lo|Micro_RangeVelocity:hi|Micro_Rejection:lo|Micro_VolOfVol:hi|Momentum_Value:hi|OBVf_Signal:==1|OR_Low_Side:==-1|OR_Position:lo|RangeOsc_Val:lo|Round_100_Dist_ATR:lo|Session_Low_Dist_ATR:lo|Slope_EMA_ST:lo|Volume:hi,35|36|37|38|40|42|44|60|115|166|167|171|172|175|176|177,22.05418124924193,43.451998,357,0.3206,-0.069042,1,-5.5e-05,37.65615051759335,34.63546870910648
16456,2026.02.04 20:55,LONG,6,6,6,0,18,11,11,0.6111,0.6111,9.721,9.721,75.0,0,AT_Regime_ST:==1|AT_Score_LT:lo|Micro_Hurst:hi|Micro_RangeAccel:hi|Micro_TickIntensity:hi|Momentum_Value:hi|OBV_Macd:lo|OR_Low_Side:==-1|RangeOsc_State:==-2|Slope_Accel_LT:hi|Sqz_State:==1,11|118|130|148|150|152,21.00000588335118,25.853101,340,0.502822,0.11604,1,-2.3e-05,16.435780104648117,15.954503499974125
16467,2026.02.04 21:06,LONG,6,6,6,0,18,11,11,0.6111,0.6111,9.0,9.0,227.4,0,AT_Regime_ST:==1|D2D_ATR_MA:hi|Micro_LogReturn:hi|Micro_TickIntensity:hi|Micro_VPIN:lo|OR_High_Side:==-1|OR_Low_Side:==-1|ST_Flip_Event:==-1|Slope_Accel_LT:hi|Slope_Accel_ST:lo|Volume:hi,61|94|114|148|151|162,19.85926537160947,34.091882,367,0.416061,0.0,1,-2e-06,16.435780104648117,15.954503499974125
16588,2026.02.04 23:07,LONG,9,9,9,0,27,16,16,0.5926,0.5926,12.145,12.145,586.8,0,ADX_Rising:==0|DailyOpen_Dist_ATR:lo|Harmonic_OBVf_Concordance:==0|KAMA_Dist:lo|Lower_Wick:hi|Micro_AutoCorr:hi|Micro_WickImbalance:hi|OBVf_Signal:==-1|PrevDay_High_Side:==-1|Session_High_Dist_ATR:lo|Session_Low_Dist_ATR:lo|Slope_Accel_LT:lo|TChan_A15:hi|VWAP_Dist_ATR:lo|Volume:hi|Volume_Ratio_10:hi,71|72|73|75|76|78|82|161|188,20.70165067125981,59.293504,284,0.51991,-0.371036,1,3.7e-05,23.473053431498993,22.401786415067697
16589,2026.02.04 23:08,LONG,11,3,3,0,33,21,21,0.6364,0.6364,17.718,17.718,165.6,0,ADX_Rising:==0|DailyOpen_Dist_ATR:lo|Harmonic_OBVf_Concordance:==0|KAMA_Dist:lo|Micro_AutoCorr:hi|Micro_Hurst:hi|Micro_LogReturn:lo|Micro_MicroGap:hi|Micro_ThrustEff:lo|Micro_WickImbalance:hi|OBVf_Signal:==-1|OR_High_Side:==0|PrevDay_High_Side:==-1|Session_High_Dist_ATR:lo|Session_Low_Dist_ATR:lo|Slope_Accel_LT:lo|TChan_A15:hi|Upper_Wick:hi|VWAP_Dist_ATR:lo|Volume:hi|Volume_Ratio_10:hi,71|72|75|76|78|82|97|98|154|161|188,20.68766861891821,50.96331,310,0.549613,0.019622,1,1.9e-05,27.817084794051137,26.258658030358355
17573,2026.02.05 16:47,LONG,5,5,5,0,15,10,10,0.6667,0.6667,9.125,9.125,154.0,0,Micro_LogReturn:lo|Micro_OrderFlowDelta:lo|Micro_Rejection:lo|Micro_WickImbalance:hi|OBV_Macd:lo|RangeOsc_State:==-2|Session_Low_Dist_ATR:lo|Slope_EMA_ST:hi|Sqz_State:==1|Sqz_Val:hi,125|127|130|163|179,23.682522563744588,56.305145,401,0.459282,-0.01776,1,0.000117,13.933964781772266,13.604790342516026
17582,2026.02.05 16:56,SHORT,8,8,8,0,24,16,16,0.6667,0.6667,14.474,14.474,217.6,0,Bar_Range:hi|D2D_Dn_Count:hi|D2D_Dynamic_Sensitivity:lo|D2D_Signal:==-1|EMA_Oscillator:lo|Efficiency_Ratio:hi|Lower_Wick:lo|Micro_IBSP:lo|Micro_RangeAccel:lo|Micro_RangeVelocity:lo|Micro_VolAccel:lo|Micro_VolOfVol:lo|Slope_Accel_ST:lo|VWAP_Sigma_ATR:lo|Volume:hi|Volume_Avg_10:hi,211|218|219|220|221|227|268|271,15.525270332123506,50.397204,466,0.341218,-0.684562,-1,-2.7e-05,22.250175986451605,21.221965111549544
17612,2026.02.05 17:26,SHORT,4,4,4,0,12,9,9,0.75,0.75,8.123,8.123,103.2,0,Micro_Entropy:lo|Micro_Hurst:hi|Micro_Lambda:hi|Micro_MomoTransfer:hi|Micro_PriceAccel:lo|Micro_RangeAccel:lo|Micro_RangeVelocity:lo|Micro_WickImbalance:lo|VAL_Side:==0,245|255|264|266,27.804442204012943,48.070243,383,0.533046,-1.019342,-1,-0.000181,11.61144858072867,11.371771386700862
17628,2026.02.05 17:42,SHORT,4,4,4,0,12,7,7,0.5833,0.5833,6.0,6.0,67.2,0,AT_Slope_ST:lo|D2D_ATR_MA:hi|Micro_CSSpread:lo|Micro_TickIntensity:hi|Session_High_Dist_ATR:hi|Slope_Accel_LT:lo|Sqz_Val:hi,208|217|284|292,21.006274412659884,33.044866,443,0.415651,-0.257226,-1,-9.4e-05,11.61144858072867,11.371771386700862
17630,2026.02.05 17:44,SHORT,4,4,4,0,12,9,9,0.75,0.75,8.123,8.123,74.8,0,AT_Slope_ST:lo|Bar_Range:hi|D2D_ATR_MA:hi|Lower_Wick:lo|Micro_CSSpread:lo|Micro_RangeVelocity:lo|Session_High_Dist_ATR:hi|Slope_Accel_LT:lo|Sqz_Val:hi,208|211|217|284,18.68157527135785,36.140705,399,0.448047,0.0,-1,-7.4e-05,11.61144858072867,11.371771386700862
17665,2026.02.05 18:19,LONG,6,6,6,0,18,14,14,0.7778,0.7778,12.849,12.849,106.8,0,AT_Regime_ST:==1|D2D_Signal:==1|EMA_Oscillator:hi|KAMA_Dist:hi|Micro_LogReturn:hi|Micro_MicroGap:hi|Micro_RollProxy:hi|Micro_TickIntensity:hi|Micro_VolOfVol:hi|OBV_Macd:lo|OR_Low_Side:==-1|PoC_Side:==1|PrevDay_Low_Side:==-1|Upper_Wick:hi,67|70|95|115|126|180,17.507422432242787,34.685335,411,0.453387,0.0,1,-2.9e-05,16.435780104648117,15.954503499974125
17666,2026.02.05 18:20,LONG,7,5,5,0,21,11,11,0.5238,0.5238,9.048,9.048,111.5,0,AT_Regime_ST:==1|AT_Score_LT:lo|Body_Size:hi|EMA_Oscillator:hi|KAMA_Dist:hi|Micro_RangeAccel:hi|Micro_Rejection:lo|OR_Low_Side:==-1|PrevDay_Low_Side:==-1|Slope_Accel_LT:hi|VWAP_Sigma:hi,10|11|12|67|70|111|148,19.938608190258897,42.121057,384,0.445424,0.178058,1,-2.3e-05,18.856446644718016,18.199528660922656
17667,2026.02.05 18:21,LONG,12,9,9,0,36,18,18,0.5,0.5,15.245,15.245,160.2,0,AT_Regime_LT:==1|AT_Regime_ST:==1|AT_Score_LT:lo|Bar_Range:hi|Body_Size:hi|EMA_Oscillator:hi|KAMA_Dist:hi|Micro_MicroGap:hi|Micro_MomoTransfer:hi|Micro_RangeAccel:lo|Micro_RangeVelocity:lo|Micro_RollProxy:hi|Micro_TickIntensity:hi|OBV_Macd:lo|OR_Low_Side:==-1|PrevDay_Low_Side:==-1|Slope_Accel_LT:hi|VWAP_Sigma:hi,10|12|47|48|67|70|100|101|126|148|149|150,22.196137822702426,34.719187,375,0.44779,0.0,1,-1.7e-05,29.895732127216817,28.07020869698633
17668,2026.02.05 18:22,LONG,6,6,6,0,18,12,12,0.6667,0.6667,10.198,10.198,129.6,0,AT_Score_LT:lo|Body_Size:hi|Harmonic_LLEMA:hi|Micro_FailedBreak:hi|Micro_MicroGap:lo|Micro_RangeAccel:hi|Micro_Rejection:lo|OBV_Macd:lo|OR_High_Side:==-1|Slope_Accel_LT:hi|VWAP_Sigma:hi|Volume_Avg_10:hi,8|10|11|12|123|182,24.87282737284205,40.960824,406,0.394909,0.524892,1,0.000231,16.435780104648117,15.954503499974125
17669,2026.02.05 18:23,LONG,8,5,5,0,24,14,14,0.5833,0.5833,11.874,11.874,149.0,0,AT_Score_LT:lo|AT_Slope_LT:lo|AT_Slope_ST:lo|Body_Size:hi|D2D_Signal:==0|Micro_Hurst:hi|Micro_MicroGap:lo|Momentum_Value:hi|OR_High_Side:==-1|Round_1000_Dist_ATR:lo|Session_Low_Dist_ATR:lo|Slope_Accel_LT:hi|VWAP_Sigma:hi|Volume:hi,8|10|12|13|29|39|40|44,26.372690479216576,54.593048,374,0.493548,-0.311395,1,-7.5e-05,21.20075584842148,20.34657927196911
17672,2026.02.05 18:26,LONG,4,4,4,0,12,8,8,0.6667,0.6667,7.237,7.237,80.0,0,AT_Score_LT:lo|Harmonic_LLEMA:hi|Micro_Rejection:lo|Micro_TickIntensity:hi|OBV_Macd:lo|PrevDay_Low_Side:==-1|Slope_Accel_LT:hi|VWAP_Sigma:hi,12|123|149|150,30.833302675897045,38.32025,402,0.246316,0.0,1,0.00025,11.345701020588308,11.143020262773083
17674,2026.02.05 18:28,LONG,5,5,5,0,15,10,10,0.6667,0.6667,8.813,8.813,70.0,0,ADX_Value:hi|AT_Score_LT:lo|Harmonic_LLEMA:hi|Micro_Rejection:lo|Micro_TickIntensity:hi|Micro_WickImbalance:lo|OBV_Macd:lo|PrevDay_Low_Side:==-1|Slope_Accel_LT:hi|VWAP_Sigma:hi,12|123|128|149|150,34.26940562397029,28.296807,388,0.274727,0.0,1,0.000225,13.933964781772266,13.604790342516026
17679,2026.02.05 18:33,LONG,6,6,6,0,18,11,11,0.6111,0.6111,9.906,9.906,142.2,0,ADX_Value:hi|AT_Score_LT:lo|Body_Size:hi|Micro_MicroGap:lo|Micro_WickImbalance:lo|OBV_Macd:lo|OR_High_Side:==-1|RangeOsc_State:==-2|Slope_Accel_LT:hi|Sqz_State:==1|VWAP_Sigma:hi,8|10|12|128|130|152,35.617510706524435,44.494536,419,0.428243,0.943936,1,9.2e-05,16.435780104648117,15.954503499974125
17687,2026.02.05 18:41,LONG,5,5,5,0,15,8,8,0.5333,0.5333,7.325,7.325,72.0,0,ADX_Value:hi|Micro_TickIntensity:hi|Micro_WickImbalance:lo|OBV_Macd:lo|PrevDay_Low_Side:==-1|RangeOsc_State:==-2|Slope_Accel_LT:hi|Sqz_State:==1,128|130|149|150|152,39.89953045131103,29.048913,369,0.271355,0.0,1,4.6e-05,13.933964781772266,13.604790342516026
17690,2026.02.05 18:44,LONG,5,5,5,0,15,11,11,0.7333,0.7333,10.009,10.009,331.0,0,ADX_Value:hi|Harmonic_LLEMA:hi|Micro_FractalDim:hi|Micro_Rejection:lo|Micro_WickImbalance:lo|OBV_Macd:lo|OBV_Velocity:hi|OR_Low_Side:==-1|RangeOsc_State:==-2|Slope_Accel_LT:hi|Sqz_State:==1,123|128|130|134|152,39.02212812465289,28.835184,321,0.324361,0.346799,1,2.1e-05,13.933964781772266,13.604790342516026
17692,2026.02.05 18:46,LONG,8,5,5,0,24,13,13,0.5417,0.5417,11.208,11.208,315.0,0,ADX_Value:hi|AT_Regime_ST:==1|KAMA_Dist:hi|Micro_TickIntensity:hi|Micro_WickImbalance:lo|OBV_Macd:lo|OR_High_Side:==-1|OR_Low_Side:==-1|PrevDay_Low_Side:==-1|RangeOsc_State:==-2|ST_Flip_Event:==-1|Slope_Accel_LT:hi|Sqz_State:==1,70|128|130|148|149|150|151|152,36.38770409666596,22.008964,330,0.290907,-0.045436,1,-1.1e-05,21.20075584842148,20.34657927196911
17696,2026.02.05 18:50,LONG,9,5,5,0,27,15,15,0.5556,0.5556,12.905,12.905,168.5,0,AT_Regime_ST:==1|AT_Slope_LT:lo|KAMA_Dist:hi|Micro_FailedBreak:hi|Micro_Hurst:hi|Micro_LogReturn:hi|Micro_RangeAccel:lo|Micro_TickIntensity:hi|Micro_VPIN:lo|Momentum_Value:hi|OBV_Macd:lo|OR_Low_Side:==-1|PrevDay_Low_Side:==-1|Slope_Accel_LT:hi|Volume_Ratio_10:hi,15|70|94|118|132|148|149|150|190,32.62705103042859,33.070979,392,0.537227,0.589641,1,-3e-06,23.473053431498993,22.401786415067697
17719,2026.02.05 19:13,LONG,7,7,7,0,21,11,11,0.5238,0.5238,9.018,9.018,106.4,0,AT_Regime_ST:==1|D2D_DirStep:==-1|Micro_HLAsymmetry:hi|Micro_RangeAccel:hi|Micro_RangeVelocity:hi|Micro_Rejection:lo|Micro_RollProxy:lo|OR_Low_Side:==-1|PrevDay_Low_Side:==-1|Slope_Accel_LT:hi|Slope_EMA_ST:lo,111|148|167|170|171|172|174,24.09845234631637,30.308843,326,0.360499,0.032994,1,-8.5e-05,18.856446644718016,18.199528660922656
17721,2026.02.05 19:15,LONG,6,6,6,0,18,15,15,0.8333,0.8333,13.877,13.877,75.6,0,AT_Regime_LT:==1|AT_Regime_ST:==1|AT_Slope_LT:lo|AT_Slope_ST:lo|Micro_OrderFlowDelta:hi|Micro_RangeAccel:lo|Micro_RangeVelocity:lo|Micro_RollProxy:hi|Micro_TickIntensity:hi|Micro_WickImbalance:lo|OR_Low_Side:==-1|OR_Position:lo|PrevDay_Low_Side:==-1|Slope_Accel_LT:hi|Slope_EMA_ST:lo,14|30|32|148|149|173,21.72910791024062,26.020054,329,0.480838,0.0,1,-6e-05,16.435780104648117,15.954503499974125
17832,2026.02.05 21:06,LONG,9,9,9,0,27,19,19,0.7037,0.7037,16.894,16.894,509.4,0,AT_Regime_ST:==1|D2D_Signal:==1|EMA_Oscillator:hi|Efficiency_Ratio:hi|KAMA_Dist:hi|Micro_HLAsymmetry:hi|Micro_RangeVelocity:hi|Micro_Rejection:lo|Micro_TickIntensity:lo|Micro_VPIN:lo|Momentum_Value:hi|OBV_Macd:lo|OR_High_Side:==-1|OR_Low_Side:==-1|PoC_Side:==1|PrevDay_Low_Side:==-1|Slope_Accel_LT:lo|Slope_EMA_ST:lo|Upper_Wick:hi,67|70|111|122|158|167|172|177|180,26.663527498958217,33.089556,225,0.404968,0.241768,1,-4.8e-05,23.473053431498993,22.401786415067697
17836,2026.02.05 21:10,LONG,7,7,7,0,21,12,12,0.5714,0.5714,8.784,8.784,90.3,0,AT_Lookback_ST:hi|AT_Slope_ST:lo|Body_Size:hi|D2D_Signal:==0|Micro_BarOverlap:lo|Micro_FailedBreak:hi|Micro_OrderFlowDelta:hi|Micro_RollProxy:hi|Micro_WickImbalance:lo|Momentum_Value:hi|VWAP_Side:==-1|VWAP_Sigma:hi,2|25|26|30|39|40|41,27.47322838614101,26.485556,237,0.354827,0.566346,1,-5.2e-05,18.856446644718016,18.199528660922656
20286,2026.02.09 16:30,SHORT,4,4,4,0,12,11,11,0.9167,0.9167,10.691,10.691,110.8,0,D2D_Dynamic_Sensitivity:lo|Micro_BarEntropy:hi|Micro_Entropy:lo|Micro_RollProxy:hi|OBV_Velocity:hi|PoC_Side:==0|PrevDay_High_Dist_ATR:lo|Round_100_Dist_ATR:lo|Upper_Wick:hi|VAH_Side:==-1|VWAP_Z:lo,226|238|246|274,30.994310441422453,51.193103,529,0.425274,-0.529759,-1,-3.1e-05,11.61144858072867,11.371771386700862
20292,2026.02.09 16:36,SHORT,5,5,5,0,15,10,10,0.6667,0.6667,9.125,9.125,190.5,0,Micro_MomoTransfer:hi|Micro_OrderFlowDelta:lo|Micro_PriceAccel:lo|Micro_RangeAccel:lo|Micro_Rejection:hi|Micro_WickImbalance:lo|OBVf_Signal:==1|PrevDay_High_Dist_ATR:lo|VAH_Side:==0|VAL_Side:==0,262|263|264|265|266,32.33149587964056,68.452751,459,0.484853,-0.642779,-1,-2.9e-05,14.358215859511613,13.967131712972364
20332,2026.02.09 17:16,LONG,5,5,5,0,15,10,10,0.6667,0.6667,8.615,8.615,582.5,0,ADX_Rising:==1|AT_Slope_LT:lo|Micro_FailedBreak:hi|Micro_RangeAccel:lo|PrevDay_Close_Side:==-1|PrevDay_High_Dist_ATR:lo|PrevDay_Low_Side:==-1|Sqz_State:==1|VWAP_Side:==-1|WeeklyOpen_Side:==-1,15|135|136|138|139,27.241402650684496,28.452788,241,0.360909,0.421751,1,7.8e-05,13.933964781772266,13.604790342516026
22954,2026.02.11 15:32,LONG,3,3,3,0,9,7,7,0.7778,0.7778,6.24,6.24,185.1,0,Micro_HLAsymmetry:hi|Micro_LogReturn:hi|Micro_RangeVelocity:lo|Micro_VolOfVol:hi|Micro_WickImbalance:lo|Slope_Accel_LT:lo|Volume:hi,153|155|159,32.77028298816295,56.450207,347,0.560185,0.203719,1,0.000122,8.665108670454496,8.56108508618842
23051,2026.02.11 17:09,SHORT,5,5,5,0,15,10,10,0.6667,0.6667,8.813,8.813,79.5,0,DailyOpen_Dist_ATR:lo|Lower_Wick:lo|Micro_Entropy:lo|Micro_MomoTransfer:hi|Micro_WickImbalance:lo|OBVf_DirStepCount:hi|TChan_A15:hi|VAH_Side:==-1|VAL_Side:==0|WeeklyOpen_Side:==-1,228|244|245|264|277,30.615618547076803,31.51457,324,0.378149,-1.031269,-1,-0.000164,14.358215859511613,13.967131712972364
23100,2026.02.11 17:58,SHORT,7,7,7,0,21,12,12,0.5714,0.5714,9.427,9.427,85.4,0,AT_Lookback_ST:hi|AT_Slope_ST:lo|D2D_ATR_MA:hi|Micro_CSSpread:lo|Micro_MomoTransfer:hi|Micro_OrderFlowDelta:hi|Micro_RangeAccel:lo|Micro_TickIntensity:hi|OBVf_Signal:==1|Session_High_Dist_ATR:hi|Slope_Accel_LT:lo|Sqz_Val:hi,194|208|217|263|284|291|292,25.378116705791985,25.287913,322,0.409012,-0.079089,-1,-9.6e-05,19.676030442106526,18.888596375345333
23102,2026.02.11 18:00,SHORT,6,6,6,0,18,12,12,0.6667,0.6667,10.198,10.198,92.4,0,AT_Slope_ST:lo|D2D_ATR_MA:hi|KAMA_Dist:hi|Micro_CSSpread:lo|Micro_IBSP:hi|Micro_OrderFlowDelta:hi|Momentum_Value:hi|OBVf_Signal:==1|Session_High_Dist_ATR:hi|Slope_Accel_LT:lo|Sqz_Val:hi|TChan_A15:hi,208|217|234|273|284|291,22.86785955023404,30.643485,364,0.428334,0.44055,-1,-0.000102,17.045884868532983,16.47150210578053
23113,2026.02.11 18:11,LONG,30,30,20,1,90,35,35,0.3889,0.3889,22.855,22.855,646.0,0,AT_Lookback_ST:hi|AT_Regime_LT:==1|AT_Regime_ST:==1|AT_Slope_LT:lo|AT_Slope_ST:lo|Bar_Range:hi|Bars_Since_Flip:hi|Body_Size:hi|D2D_ATR:hi|D2D_ATR_MA:hi|D2D_DirStep:==1|Lower_Wick:hi|Micro_AutoCorr:hi|Micro_HLAsymmetry:hi|Micro_LogReturn:hi|Micro_PriceAccel:lo|Micro_RangeAccel:lo|Micro_RangeVelocity:lo|Micro_RollProxy:hi|Micro_VPIN:lo|Micro_VolOfVol:hi|Momentum_Value:hi|MultiDay_Position:lo|OBVf_Signal:==1|OR_Low_Side:==-1|OR_Position:lo|PrevDay_Low_Dist_ATR:lo|RangeOsc_State:==-1|RangeOsc_Val:lo|Session_Low_Dist_ATR:lo|Slope_EMA_ST:lo|Sqz_State:==1|TChan_A15:hi|Volume:hi|Volume_Avg_10:hi,2|4|14|18|21|22|32|33|34|35|36|37|38|39|41|42|43|44|49|51|53|56|57|58|60|82|115|164|173|176,17.673356909651606,58.759086,381,0.482072,0.161677,1,-7.2e-05,59.462564666454256,51.37799378032662
23116,2026.02.11 18:14,LONG,17,10,10,0,51,25,25,0.4902,0.4902,18.578,18.578,100.0,0,AT_Regime_LT:==1|AT_Regime_ST:==1|AT_Slope_ST:lo|Bars_Since_Flip:hi|D2D_ATR:hi|D2D_ATR_MA:hi|D2D_Signal:==0|Micro_HLAsymmetry:hi|Micro_OrderFlowDelta:lo|Micro_PriceAccel:lo|Micro_RangeAccel:lo|Micro_RangeVelocity:lo|Micro_VolOfVol:hi|Micro_WickImbalance:hi|Momentum_Value:hi|MultiDay_Position:lo|OBV_Macd:lo|OBVf_Signal:==1|OR_Low_Side:==-1|OR_Position:lo|PrevDay_Low_Dist_ATR:lo|RangeOsc_Val:lo|Slope_EMA_ST:lo|Volume:hi|Volume_Avg_10:hi,32|35|36|37|38|40|42|51|53|56|58|60|115|127|166|173|176,22.82411022867341,21.717,319,0.474772,-0.322328,1,-5.5e-05,39.47019718129435,36.124585777632284
23117,2026.02.11 18:15,LONG,24,17,11,1,72,29,29,0.4028,0.4028,20.166,20.166,1002.1,0,AT_Lookback_ST:hi|AT_Regime_ST:==1|AT_Slope_LT:lo|AT_Slope_ST:lo|Bar_Range:hi|Bars_Since_Flip:hi|D2D_ATR:hi|D2D_ATR_MA:hi|D2D_Signal:==0|Lower_Wick:hi|Micro_BarOverlap:lo|Micro_MomoTransfer:hi|Micro_RangeVelocity:hi|Micro_RollProxy:hi|Micro_TickIntensity:hi|Micro_VolOfVol:hi|Momentum_Value:hi|MultiDay_Position:lo|OBV_Macd:lo|OBVf_Signal:==1|OR_Low_Side:==-1|OR_Position:lo|PrevDay_Low_Dist_ATR:lo|RangeOsc_State:==-1|RangeOsc_Val:lo|Slope_EMA_ST:lo|VWAP_Sigma:hi|Volume:hi|Volume_Avg_10:hi,2|14|18|25|33|35|36|37|38|40|41|43|47|48|53|56|58|60|109|115|164|172|176|177,23.40913056384988,22.416287,356,0.486911,-0.267663,1,-4.9e-05,50.979605083615624,45.16536621748482
23119,2026.02.11 18:17,LONG,15,7,7,0,45,19,19,0.4222,0.4222,12.633,12.633,199.5,0,AT_Lookback_ST:hi|AT_Slope_LT:lo|AT_Slope_ST:lo|Body_Size:hi|D2D_ATR_MA:hi|D2D_Signal:==0|Lower_Wick:hi|Micro_FailedBreak:hi|Micro_HLAsymmetry:hi|Micro_RollProxy:hi|Micro_VolOfVol:hi|Momentum_Value:hi|OBVf_Signal:==1|OR_Position:lo|RangeOsc_State:==-1|RangeOsc_Val:lo|Slope_EMA_ST:lo|VWAP_Side:==-1|Volume:hi,2|14|16|26|33|35|36|37|39|40|41|42|43|60|164,25.563599473787004,26.275865,319,0.481806,0.496653,1,-8.7e-05,35.79399126148347,33.088813498458386
23122,2026.02.11 18:20,LONG,4,4,4,0,12,11,11,0.9167,0.9167,10.691,10.691,40.4,0,AT_Regime_LT:==1|AT_Slope_LT:lo|Bar_Range:hi|Lower_Wick:lo|Micro_FailedBreak:hi|Micro_MicroGap:hi|Micro_RangeAccel:lo|Micro_RollProxy:hi|Micro_TickIntensity:hi|Micro_WickImbalance:hi|OBV_Macd:lo,15|48|116|126,30.067244093980072,21.904459,300,0.460817,0.661966,1,0.000212,11.345701020588308,11.143020262773083
23125,2026.02.11 18:23,LONG,4,4,4,0,12,9,9,0.75,0.75,8.123,8.123,56.0,0,Bar_Range:hi|Harmonic_LLEMA:hi|Micro_Rejection:lo|Micro_TickIntensity:hi|OBV_Macd:lo|OR_Low_Side:==-1|RangeOsc_State:==-2|Slope_Accel_LT:hi|WeeklyOpen_Side:==-1,48|123|140|150,36.06530814871997,28.358806,321,0.276916,0.0,1,0.000234,11.345701020588308,11.143020262773083
23135,2026.02.11 18:33,LONG,4,4,4,0,12,7,7,0.5833,0.5833,6.447,6.447,88.0,0,AT_Regime_ST:==1|OBV_Macd:lo|OR_Low_Side:==-1|RangeOsc_State:==-2|Slope_Accel_LT:hi|Sqz_State:==1|WeeklyOpen_Side:==-1,130|140|148|152,27.79326967548188,41.654089,374,0.408445,0.600181,1,0.000104,11.345701020588308,11.143020262773083
23181,2026.02.11 19:19,SHORT,4,4,4,0,12,7,7,0.5833,0.5833,5.744,5.744,47.2,0,D2D_ATR_MA:hi|Micro_OrderFlowDelta:hi|Micro_TickIntensity:hi|Momentum_Value:hi|Session_High_Dist_ATR:hi|Sqz_Val:hi|TChan_A15:hi,217|273|291|292,20.73174896418416,24.69449,281,0.38637,0.546681,-1,4.9e-05,11.61144858072867,11.371771386700862
23196,2026.02.11 19:34,LONG,5,5,5,0,15,9,9,0.6,0.6,7.585,7.585,48.5,0,AT_Regime_ST:==1|D2D_ATR_MA:hi|Micro_VPIN:lo|OR_High_Side:==-1|OR_Low_Side:==-1|ST_Flip_Event:==-1|Slope_Accel_LT:hi|Slope_Accel_ST:lo|Volume:hi,61|114|148|151|162,15.646218107662312,21.137832,287,0.41351,-0.212888,1,-9e-06,13.933964781772266,13.604790342516026
23250,2026.02.11 20:28,LONG,12,12,12,0,36,23,23,0.6389,0.6389,19.488,19.488,138.0,0,AT_Regime_ST:==1|Bar_Range:hi|Micro_AutoCorr:hi|Micro_FailedBreak:hi|Micro_HLAsymmetry:hi|Micro_Hurst:hi|Micro_LogReturn:hi|Micro_RangeVelocity:lo|Micro_WickImbalance:lo|Momentum_Value:hi|OBV_Macd:lo|OR_High_Side:==-1|OR_Low_Side:==-1|OR_Position:lo|PrevDay_High_Side:==-1|RangeOsc_State:==-2|Slope_Accel_LT:lo|Slope_EMA_ST:lo|Sqz_State:==1|Sqz_Val:hi|VWAP_Side:==-1|Volume:hi|WeeklyOpen_Side:==-1,49|118|130|140|153|155|156|165|168|169|173|179,29.268866145260816,24.101457,226,0.516175,0.562207,1,-1.2e-05,29.895732127216817,28.07020869698633
23276,2026.02.11 20:54,SHORT,3,3,3,0,9,6,6,0.6667,0.6667,5.349,5.349,29.4,0,D2D_ATR_MA:hi|Micro_OrderFlowDelta:hi|Momentum_Value:hi|Session_High_Dist_ATR:hi|Sqz_Val:hi|TChan_A15:hi,217|273|291,17.335112904916247,21.254052,270,0.520463,0.023525,-1,3e-05,8.803955007256892,8.681536388140161
24468,2026.02.12 18:01,SHORT,5,5,5,0,15,13,13,0.8667,0.8667,12.469,12.469,1464.0,0,Bar_Range:hi|DailyOpen_Dist_ATR:lo|Lower_Wick:lo|Micro_AutoCorr:lo|Micro_MicroGap:hi|Micro_MomoTransfer:hi|Micro_PriceAccel:lo|Micro_RangeAccel:lo|Micro_RangeVelocity:lo|TChan_A15:hi|VAH_Side:==-1|VAL_Side:==0|WeeklyOpen_Side:==-1,211|228|236|237|266,42.0473183344395,35.209573,355,0.413754,-0.355017,-1,-0.00011,14.358215859511613,13.967131712972364
24473,2026.02.12 18:06,SHORT,4,4,4,0,12,10,10,0.8333,0.8333,9.118,9.118,676.4,0,Micro_Entropy:lo|Micro_FailedBreak:lo|Micro_PriceAccel:hi|Micro_TickIntensity:hi|Micro_WickImbalance:lo|OBV_Velocity:lo|OBVf_DirStepCount:hi|VAH_Side:==-1|VAL_Side:==0|WeeklyOpen_Side:==-1,245|249|275|277,49.779411425863984,35.853529,337,0.4202,-0.474151,-1,-0.000309,11.61144858072867,11.371771386700862
24492,2026.02.12 18:25,SHORT,6,6,6,0,18,12,12,0.6667,0.6667,11.014,11.014,165.6,0,Bar_Range:hi|Lower_Wick:lo|Micro_AutoCorr:lo|Micro_Entropy:lo|Micro_FailedBreak:lo|Micro_PriceAccel:hi|Micro_RangeVelocity:lo|Micro_WickImbalance:lo|OBVf_DirStepCount:hi|VAH_Side:==-1|VAL_Side:==0|WeeklyOpen_Side:==-1,211|237|244|245|249|277,67.97361805152063,51.044834,405,0.365212,-0.656286,-1,-0.000299,17.045884868532983,16.47150210578053
24526,2026.02.12 18:59,SHORT,5,5,5,0,15,10,10,0.6667,0.6667,8.615,8.615,194.0,0,AT_Slope_ST:lo|D2D_ATR_MA:hi|Micro_CSSpread:lo|Micro_IBSP:hi|Micro_OrderFlowDelta:hi|Micro_VolAccel:hi|Session_High_Dist_ATR:hi|Slope_Accel_LT:lo|Sqz_Val:hi|VWAP_Z:lo,208|217|256|284|291,22.18872813804053,34.820165,410,0.42219,0.746694,-1,-0.000169,14.358215859511613,13.967131712972364
24550,2026.02.12 19:23,SHORT,8,8,8,0,24,14,14,0.5833,0.5833,10.566,10.566,96.0,0,ADX_Value:lo|AT_Lookback_ST:hi|AT_Slope_ST:lo|Bars_Since_Flip:hi|D2D_ATR_MA:hi|Micro_CSSpread:lo|Micro_OrderFlowDelta:hi|Micro_ThrustEff:hi|Micro_TickIntensity:hi|PrevDay_Close_Dist_ATR:hi|Session_High_Dist_ATR:hi|Slope_EMA_ST:lo|Sqz_Val:hi|Volume_Avg_10:hi,194|208|213|217|289|291|292|293,17.338490082297213,24.931,351,0.409781,0.100277,-1,-0.000121,22.250175986451605,21.221965111549544
24553,2026.02.12 19:26,SHORT,7,7,7,0,21,16,16,0.7619,0.7619,14.132,14.132,112.7,0,AT_Slope_ST:lo|Bars_Since_Flip:hi|D2D_ATR_MA:hi|Lower_Wick:hi|Micro_CSSpread:lo|Micro_LogReturn:lo|Micro_MomoTransfer:hi|Micro_RangeAccel:lo|Momentum_Value:hi|OBVf_Signal:==1|PrevDay_Close_Dist_ATR:hi|Session_High_Dist_ATR:hi|Sqz_Val:hi|TChan_A15:hi|Volume_Avg_10:hi|WeeklyOpen_Dist_ATR:hi,208|213|217|259|263|273|293,16.758841884795647,31.750919,390,0.525454,0.0,-1,-0.00011,19.676030442106526,18.888596375345333
24554,2026.02.12 19:27,SHORT,7,3,3,0,21,11,11,0.5238,0.5238,8.47,8.47,94.8,0,AT_Lookback_ST:hi|Bars_Since_Flip:hi|D2D_ATR_MA:hi|Micro_OrderFlowDelta:hi|Micro_TickIntensity:hi|Momentum_Value:hi|PrevDay_Close_Dist_ATR:hi|Session_High_Dist_ATR:hi|Sqz_Val:hi|TChan_A15:hi|Volume_Avg_10:hi,194|213|217|273|291|292|293,16.013177051337376,28.866761,389,0.525633,0.606234,-1,-0.000107,19.676030442106526,18.888596375345333
24583,2026.02.12 19:56,SHORT,4,4,4,0,12,10,10,0.8333,0.8333,9.524,9.524,75.6,0,AT_Score_LT:lo|Dist_To_PoC_ATR:lo|Micro_Lambda:hi|Micro_LogReturn:lo|RangeOsc_Val:lo|Slope_Accel_LT:hi|Slope_Accel_ST:lo|TChan_A15:hi|VAL_Side:==-1|Volume_Avg_10:hi,199|280|281|285,18.2171024951732,36.57756,354,0.385506,-1.585672,-1,-0.000127,11.61144858072867,11.371771386700862
24584,2026.02.12 19:57,SHORT,6,4,4,0,18,13,13,0.7222,0.7222,12.247,12.247,70.0,0,AT_Slope_ST:lo|Dist_To_PoC_ATR:lo|Lower_Wick:hi|Micro_BarOverlap:lo|Micro_FailedBreak:lo|Micro_LogReturn:lo|Micro_PriceAccel:hi|OBV_Velocity:hi|RangeOsc_Val:lo|Slope_Accel_LT:hi|Slope_EMA_ST:lo|VAH_Side:==-1|WeeklyOpen_Dist_ATR:hi,207|249|259|280|281|290,19.755178559228487,34.229125,324,0.396207,-0.452831,-1,-0.000138,17.045884868532983,16.47150210578053
24594,2026.02.12 20:07,SHORT,8,8,8,0,24,16,16,0.6667,0.6667,13.963,13.963,291.2,0,AT_Slope_ST:lo|Bars_Since_Flip:hi|D2D_ATR_MA:hi|DailyOpen_Dist_ATR:hi|Micro_BarOverlap:lo|Micro_HLAsymmetry:hi|Micro_Hurst:lo|Micro_OrderFlowDelta:hi|Momentum_Value:hi|OBV_Velocity:hi|PrevDay_Close_Dist_ATR:hi|Session_High_Dist_ATR:hi|Slope_EMA_ST:lo|Sqz_Val:hi|TChan_A15:hi|Volume_Avg_10:hi,207|213|217|251|273|290|291|293,20.24549171728813,32.844784,377,0.31143,0.532809,-1,-6.5e-05,22.250175986451605,21.221965111549544
24611,2026.02.12 20:24,SHORT,4,4,4,0,12,12,12,1.0,1.0,12.0,12.0,120.8,0,ADX_Value:lo|Body_Size:lo|Dist_To_PoC_ATR:lo|Micro_ThrustEff:hi|Micro_VolAccel:hi|Momentum_Value:hi|OR_Low_Side:==-1|RangeOsc_Val:lo|Session_High_Dist_ATR:hi|Slope_Accel_LT:hi|Slope_EMA_ST:lo|TChan_A15:hi,270|273|280|289,15.047194770951824,27.651543,293,0.372965,0.0,-1,-6e-05,11.61144858072867,11.371771386700862
24613,2026.02.12 20:26,LONG,14,14,14,0,42,22,22,0.5238,0.5238,18.703,18.703,233.8,0,AT_Regime_ST:==1|AT_Score_LT:lo|AT_Slope_ST:lo|Bars_Since_Flip:hi|Body_Size:hi|D2D_ATR:hi|D2D_Signal:==1|EMA_Oscillator:hi|Micro_OrderFlowDelta:hi|Micro_PriceAccel:hi|Micro_WickImbalance:lo|Momentum_Value:hi|MultiDay_Position:lo|OR_Low_Side:==-1|PoC_Side:==1|PrevDay_Low_Side:==-1|Session_Low_Dist_ATR:lo|Slope_Accel_LT:hi|Upper_Wick:hi|VWAP_Sigma:hi|Volume:hi|Volume_Avg_10:hi,10|12|19|30|38|39|44|56|57|58|67|108|148|180,17.100748288752243,32.837909,311,0.416703,0.395884,1,-5.7e-05,33.88149573876854,31.48140431384581
24616,2026.02.12 20:29,LONG,32,24,7,1,96,37,37,0.3854,0.3854,27.953,27.953,289.1,0,ADX_Rising:==0|AT_Lookback_ST:hi|AT_Regime_LT:==1|AT_Regime_ST:==1|AT_Score_LT:lo|AT_Slope_ST:lo|Bars_Since_Flip:hi|Body_Size:hi|D2D_ATR:hi|D2D_ATR_MA:hi|Harmonic_OBVf_Concordance:==0|KAMA_Dist:lo|Lower_Wick:hi|Micro_Amihud:hi|Micro_MicroGap:lo|Micro_RangeAccel:lo|Micro_RangeVelocity:lo|Micro_VolOfVol:hi|Micro_WickImbalance:hi|MultiDay_Position:lo|MultiDay_Slope:lo|OBV_Macd:lo|OBVf_Signal:==1|OR_High_Side:==-1|OR_Low_Side:==-1|OR_Position:lo|PrevDay_High_Side:==-1|RangeOsc_State:==-1|Session_Low_Dist_ATR:lo|Slope_Accel_LT:hi|Slope_EMA_ST:lo|Sqz_State:==1|Upper_Wick:hi|VWAP_Sigma:hi|Volume:hi|Volume_Avg_10:hi|Volume_Ratio_10:hi,4|8|10|12|18|19|20|32|35|36|37|44|56|57|58|60|71|72|73|74|75|76|77|80|99|115|129|132|148|164|173|176,18.0642238590146,73.804342,425,0.466917,0.0,1,-5.4e-05,62.05476462084386,53.20075695803382
24620,2026.02.12 20:33,LONG,32,21,7,1,96,36,36,0.375,0.375,24.722,24.722,142.1,0,AT_Lookback_ST:hi|AT_Regime_ST:==1|AT_Slope_LT:lo|AT_Slope_ST:lo|Bars_Since_Flip:hi|Body_Size:hi|D2D_ATR:hi|D2D_ATR_MA:hi|D2D_Signal:==0|DailyOpen_Side:==-1|Micro_GarmanKlass:hi|Micro_HLAsymmetry:hi|Micro_OrderFlowDelta:hi|Micro_RangeAccel:hi|Micro_RangeVelocity:hi|Micro_Rejection:lo|Micro_RollProxy:hi|Micro_VPIN:lo|Micro_VolOfVol:hi|Momentum_Value:hi|MultiDay_Position:lo|OBVf_Signal:==1|OR_Low_Side:==-1|OR_Position:lo|PrevDay_Close_Dist_ATR:hi|PrevDay_High_Dist_ATR:hi|PrevDay_Low_Side:==-1|RangeOsc_State:==-1|Round_100_Dist_ATR:lo|Session_Low_Dist_ATR:lo|Slope_Accel_LT:hi|Slope_EMA_ST:lo|Sqz_State:==1|Upper_Wick:hi|Volume:hi|Volume_Avg_10:hi,2|4|14|19|33|34|35|36|37|38|39|40|41|44|55|56|57|58|59|60|87|103|111|115|148|167|170|172|175|176|177|185,15.736508435879433,38.8785,363,0.457066,0.308654,1,-5.6e-05,62.05476462084386,53.20075695803382
24622,2026.02.12 20:35,LONG,26,18,7,1,78,31,31,0.3974,0.3974,23.725,23.725,611.8,0,AT_Lookback_ST:hi|AT_Regime_ST:==1|AT_Slope_ST:lo|Bars_Since_Flip:hi|D2D_ATR:hi|D2D_ATR_MA:hi|D2D_Signal:==0|Micro_GarmanKlass:hi|Micro_HLAsymmetry:hi|Micro_RangeAccel:hi|Micro_RangeVelocity:hi|Micro_Rejection:lo|Micro_VPIN:lo|Micro_VolOfVol:hi|Momentum_Value:hi|MultiDay_Position:lo|OBV_Macd:lo|OBVf_Signal:==1|OR_Low_Side:==-1|OR_Position:lo|PrevDay_Close_Dist_ATR:hi|PrevDay_High_Dist_ATR:hi|PrevDay_Low_Side:==-1|RangeOsc_State:==-2|Slope_Accel_LT:hi|Slope_EMA_ST:lo|Sqz_State:==1|Upper_Wick:hi|Volume:hi|Volume_Avg_10:hi|WeeklyOpen_Side:==-1,4|19|34|35|36|37|38|40|55|56|58|59|60|87|111|115|130|140|148|152|167|170|172|176|177|185,15.653923571303748,25.119056,327,0.355894,0.059716,1,-5.3e-05,53.933459433015955,47.371944708310544
24624,2026.02.12 20:37,LONG,23,12,7,1,69,31,31,0.4493,0.4493,22.534,22.534,88.2,0,AT_Lookback_ST:hi|AT_Regime_ST:==1|AT_Slope_LT:lo|AT_Slope_ST:lo|Bars_Since_Flip:hi|Body_Size:hi|D2D_ATR:hi|D2D_ATR_MA:hi|D2D_Signal:==0|EMA_Oscillator:hi|Micro_FailedBreak:hi|Micro_GarmanKlass:hi|Micro_RangeVelocity:hi|Micro_VolOfVol:hi|Momentum_Value:hi|MultiDay_Position:lo|OBV_Macd:lo|OBVf_Signal:==1|OR_Low_Side:==-1|OR_Position:lo|PrevDay_Close_Dist_ATR:hi|PrevDay_Low_Side:==-1|RangeOsc_State:==-2|Slope_Accel_LT:hi|Slope_EMA_ST:lo|Sqz_State:==1|Sqz_Val:hi|VWAP_Side:==-1|Volume:hi|Volume_Avg_10:hi|WeeklyOpen_Side:==-1,4|16|26|35|36|37|38|39|40|56|58|60|67|87|115|130|140|148|152|172|176|177|179,16.49750698700496,26.080752,345,0.222439,0.479281,1,-5e-05,49.451194076210285,44.00539132611583
24625,2026.02.12 20:38,LONG,24,13,13,0,72,33,33,0.4583,0.4583,25.972,25.972,162.5,0,AT_Lookback_ST:hi|AT_Regime_LT:==1|AT_Regime_ST:==1|AT_Slope_LT:lo|AT_Slope_ST:lo|Bars_Since_Flip:hi|D2D_ATR:hi|D2D_Signal:==0|EMA_Oscillator:hi|KAMA_Dist:hi|Micro_BarOverlap:lo|Micro_HLAsymmetry:hi|Micro_PriceAccel:lo|Micro_RangeAccel:lo|Micro_RangeVelocity:lo|Micro_Rejection:lo|Micro_RollProxy:hi|Momentum_Value:hi|MultiDay_Position:lo|OBV_Macd:lo|OR_Low_Side:==-1|OR_Position:lo|PrevDay_High_Dist_ATR:hi|PrevDay_Low_Side:==-1|RangeOsc_State:==-2|Slope_Accel_LT:hi|Slope_EMA_ST:lo|Sqz_State:==1|Sqz_Val:hi|Upper_Wick:hi|VWAP_Sigma:hi|Volume_Avg_10:hi|WeeklyOpen_Side:==-1,2|4|14|19|25|32|38|40|41|51|56|58|59|67|70|111|130|140|148|152|167|173|179|185,17.66199601165974,25.807417,350,0.394383,0.213117,1,-4.8e-05,50.979605083615624,45.16536621748482
24626,2026.02.12 20:39,LONG,21,17,17,0,63,29,29,0.4603,0.4603,21.364,21.364,278.8,0,AT_Lookback_ST:hi|AT_Regime_ST:==1|AT_Slope_LT:lo|AT_Slope_ST:lo|Bars_Since_Flip:hi|Body_Size:hi|D2D_ATR:hi|D2D_Signal:==0|EMA_Oscillator:hi|KAMA_Dist:hi|Lower_Wick:hi|Micro_FailedBreak:hi|Micro_MicroGap:lo|Micro_OrderFlowDelta:hi|Micro_RangeAccel:hi|Micro_RangeVelocity:hi|Micro_RollProxy:hi|Micro_WickImbalance:lo|Momentum_Value:hi|MultiDay_Position:lo|MultiDay_Slope:lo|OBV_Macd:lo|OR_Low_Side:==-1|PrevDay_Low_Side:==-1|RangeOsc_State:==2|Slope_Accel_LT:hi|Slope_EMA_ST:lo|VWAP_Side:==-1|Volume_Avg_10:hi,2|14|16|18|26|30|31|38|39|40|41|56|58|67|70|99|129|148|165|172|177,18.949604113111075,32.259202,343,0.461969,1.286455,1,-4.7e-05,46.28470196545552,41.56260791425236
24630,2026.02.12 20:43,LONG,6,6,4,1,18,12,12,0.6667,0.6667,11.339,11.339,42.0,0,Efficiency_Ratio:hi|Micro_CSSpread:lo|Micro_Lambda:lo|Micro_RangeVelocity:lo|Micro_RollProxy:hi|Micro_TickIntensity:hi|Momentum_Value:hi|OBV_Macd:lo|PrevDay_Low_Side:==-1|RangeOsc_State:==2|ST_Flip_Event:==1|Slope_Accel_LT:hi,69|92|117|124|149|150,24.24463632222617,22.427523,321,0.428346,0.002229,1,9.7e-05,16.435780104648117,15.954503499974125
24648,2026.02.12 21:01,LONG,9,9,9,0,27,14,14,0.5185,0.5185,11.537,11.537,92.7,0,AT_Regime_ST:==1|D2D_ATR:hi|EMA_Oscillator:hi|KAMA_Dist:hi|Micro_Rejection:lo|Micro_TickIntensity:hi|Micro_VolOfVol:hi|OR_High_Side:==-1|OR_Low_Side:==-1|PrevDay_High_Dist_ATR:hi|PrevDay_Low_Side:==-1|ST_Flip_Event:==-1|Slope_Accel_LT:hi|Volume_Avg_10:hi,59|67|70|111|115|148|149|151|185,27.63599927567927,22.247554,319,0.409977,0.067423,1,-1e-06,23.473053431498993,22.401786415067697
24652,2026.02.12 21:05,LONG,5,5,5,0,15,9,9,0.6,0.6,7.585,7.585,72.0,0,AT_Regime_ST:==1|KAMA_Dist:hi|Micro_Amihud:hi|Micro_GarmanKlass:hi|Micro_VolOfVol:hi|OR_Low_Side:==-1|PrevDay_Close_Dist_ATR:hi|PrevDay_Low_Side:==-1|Slope_Accel_LT:hi,70|80|87|115|148,22.08160665921011,29.048623,293,0.328567,0.0,1,-1.6e-05,13.933964781772266,13.604790342516026
24659,2026.02.12 21:12,LONG,10,8,8,0,30,15,15,0.5,0.5,13.327,13.327,120.8,0,AT_Regime_ST:==1|D2D_ATR:hi|DailyOpen_Side:==-1|Lower_Wick:lo|Micro_LogReturn:hi|Micro_OrderFlowDelta:hi|Micro_Rejection:lo|Micro_TickIntensity:hi|Micro_VPIN:lo|Micro_VolOfVol:hi|OR_Low_Side:==-1|PrevDay_High_Dist_ATR:hi|PrevDay_Low_Side:==-1|Slope_Accel_LT:hi|Volume_Avg_10:hi,59|94|95|103|104|111|115|148|149|185,17.759487313516722,30.15408,284,0.345167,0.0,1,-1.9e-05,25.67729340170544,24.370762681353153
24675,2026.02.12 21:28,LONG,11,11,11,0,33,18,18,0.5455,0.5455,14.894,14.894,150.7,0,AT_Regime_ST:==1|D2D_ATR_MA:hi|Micro_AutoCorr:hi|Micro_FractalDim:lo|Micro_LogReturn:hi|Micro_RangeVelocity:lo|Micro_TickIntensity:hi|Micro_VPIN:lo|OR_High_Side:==-1|OR_Low_Side:==-1|PrevDay_Low_Side:==-1|ST_Flip_Event:==-1|Slope_Accel_LT:hi|Slope_Accel_ST:lo|Sqz_State:==-1|TChan_A15:hi|Volume:hi|Volume_Ratio_10:hi,61|94|110|114|148|149|151|162|188|189|190,21.30676188029493,27.817829,351,0.510341,0.0,1,-3e-06,27.817084794051137,26.258658030358355
24677,2026.02.12 21:30,LONG,7,5,5,0,21,13,13,0.619,0.619,12.079,12.079,476.0,0,AT_Regime_ST:==1|AT_Slope_ST:lo|D2D_ATR:hi|Micro_FractalDim:lo|Micro_HLAsymmetry:hi|Micro_Hurst:hi|Micro_Rejection:lo|Micro_TickIntensity:hi|OR_Low_Side:==-1|PrevDay_High_Dist_ATR:hi|PrevDay_Low_Side:==-1|Slope_Accel_LT:hi|Volume_Avg_10:hi,27|28|59|111|148|149|185,20.33628524371837,21.084996,340,0.548809,-0.284563,1,-5.1e-05,18.856446644718016,18.199528660922656
24679,2026.02.12 21:32,LONG,13,8,8,0,39,22,22,0.5641,0.5641,17.713,17.713,200.8,0,AT_Regime_ST:==1|AT_Slope_ST:lo|D2D_ATR:hi|D2D_DirStep:==1|KAMA_Dist:hi|Micro_AutoCorr:hi|Micro_BarOverlap:lo|Micro_FailedBreak:hi|Micro_FractalDim:lo|Micro_HLAsymmetry:hi|Micro_Hurst:hi|Micro_LogReturn:hi|Micro_Rejection:lo|Micro_VPIN:lo|OBVf_Signal:==1|OR_Low_Side:==-1|PrevDay_High_Dist_ATR:hi|PrevDay_Low_Side:==-1|Slope_Accel_LT:hi|VWAP_Side:==-1|VWAP_Sigma:hi|Volume_Avg_10:hi,21|22|25|26|27|28|34|59|70|111|148|182|185,18.55116014659409,25.913743,312,0.527215,0.501664,1,-5.3e-05,31.916270451489858,29.809780066432648
25567,2026.02.13 13:35,LONG,3,3,3,0,9,8,8,0.8889,0.8889,7.715,7.715,88.2,0,AT_Regime_ST:==1|Bars_Since_Flip:hi|KAMA_Dist:hi|Micro_Hurst:hi|Momentum_Value:hi|MultiDay_Position:lo|PrevDay_Low_Side:==-1|VWAP_Sigma_ATR:lo,52|70|118,20.35448214137941,29.522953,158,0.53185,0.897607,1,-2.4e-05,8.665108670454496,8.56108508618842
25698,2026.02.13 15:46,LONG,6,6,6,0,18,11,11,0.6111,0.6111,9.622,9.622,429.0,0,AT_Regime_ST:==1|D2D_ATR_MA:hi|EMA_Oscillator:hi|KAMA_Dist:hi|Micro_OrderFlowDelta:hi|Micro_VPIN:lo|PrevDay_Low_Side:==-1|ST_Flip_Event:==-1|Session_High_Dist_ATR:lo|Slope_Accel_ST:lo|Volume:hi,61|67|70|105|114|162,20.72925784472776,32.312055,313,0.553947,-0.108319,1,-6e-06,16.435780104648117,15.954503499974125
25744,2026.02.13 16:32,SHORT,4,4,4,0,12,9,9,0.75,0.75,8.123,8.123,168.0,0,D2D_Dynamic_Sensitivity:lo|EMA_Oscillator:lo|Lower_Wick:lo|Micro_IBSP:lo|Micro_VPIN:lo|Micro_WickImbalance:hi|RangeOsc_State:==-1|Slope_EMA_LT:hi|Volume:hi,220|221|222|286,22.96562036758002,124.924695,512,0.381778,-0.452272,-1,-3e-05,11.61144858072867,11.371771386700862
25757,2026.02.13 16:45,SHORT,4,4,4,0,12,10,10,0.8333,0.8333,9.118,9.118,168.0,0,ATR_1M:hi|Micro_BarEntropy:lo|Micro_BarOverlap:lo|Micro_CSSpread:hi|Micro_Hurst:hi|OR_High_Side:==1|PrevDay_Close_Side:==-1|RangeOsc_State:==2|Round_500_Dist_ATR:lo|Session_High_Dist_ATR:lo,191|240|243|279,42.73060675486862,102.47219,498,0.555448,0.951478,-1,-0.000158,11.61144858072867,11.371771386700862
25760,2026.02.13 16:48,SHORT,3,3,3,0,9,8,8,0.8889,0.8889,7.715,7.715,92.1,0,ATR_1M:hi|Micro_CSSpread:hi|Micro_FailedBreak:lo|Micro_FractalDim:lo|Micro_HLAsymmetry:hi|PrevDay_Close_Side:==-1|RangeOsc_State:==2|Round_500_Dist_ATR:lo,191|247|279,35.35169354210279,56.085255,452,0.551125,-0.46358,-1,-8.6e-05,8.803955007256892,8.681536388140161
25767,2026.02.13 16:55,SHORT,5,5,5,0,15,11,11,0.7333,0.7333,10.364,10.364,210.0,0,AT_Slope_ST:hi|DailyOpen_Side:==-1|Efficiency_Ratio:lo|KAMA_Dist:hi|Micro_BarEntropy:lo|Micro_IBSP:hi|Micro_MicroGap:hi|OBVf_Signal:==1|OR_High_Side:==1|PrevDay_Close_Side:==-1|Slope_EMA_ST:hi,204|232|233|234|287,26.15363305068481,89.189547,475,0.315679,0.644694,-1,0.000172,14.358215859511613,13.967131712972364
25790,2026.02.13 17:18,LONG,5,5,5,0,15,10,10,0.6667,0.6667,8.813,8.813,170.0,0,AT_Regime_ST:==1|D2D_ATR_MA:hi|KAMA_Dist:hi|Micro_OrderFlowDelta:hi|Micro_VPIN:lo|PrevDay_Low_Side:==-1|ST_Flip_Event:==-1|Session_High_Dist_ATR:lo|Slope_Accel_ST:lo|Volume:hi,61|70|105|114|162,17.15736286118172,61.736867,466,0.222879,0.915174,1,-2.4e-05,13.933964781772266,13.604790342516026
25792,2026.02.13 17:20,LONG,8,6,6,0,24,15,15,0.625,0.625,11.909,11.909,229.2,0,AT_Regime_ST:==1|AT_Slope_ST:lo|D2D_ATR_MA:hi|KAMA_Dist:hi|Lower_Wick:hi|Micro_Amihud:hi|Micro_OrderFlowDelta:hi|Micro_RangeAccel:hi|Micro_VolOfVol:hi|Micro_WickImbalance:lo|OBVf_Signal:==1|PrevDay_Low_Side:==-1|RangeOsc_State:==2|Session_High_Dist_ATR:lo|Volume:hi,20|30|31|35|37|60|70|105,15.683910479787032,68.724353,452,0.264312,1.40416,1,-7.3e-05,21.20075584842148,20.34657927196911
25816,2026.02.13 17:44,SHORT,5,5,5,0,15,13,13,0.8667,0.8667,12.469,12.469,149.5,0,D2D_Signal:==-1|Micro_BarOverlap:lo|Micro_HLAsymmetry:lo|Micro_Hurst:hi|Micro_MicroGap:hi|Micro_ThrustEff:lo|OBVf_Signal:==1|OR_High_Side:==1|PrevDay_Close_Side:==-1|RangeOsc_State:==2|Round_500_Dist_ATR:lo|Session_High_Dist_ATR:lo|Slope_EMA_ST:hi,243|253|260|279|287,23.57021025970736,54.813876,418,0.533057,-0.702377,-1,8.1e-05,14.358215859511613,13.967131712972364
25852,2026.02.13 18:20,LONG,3,3,3,0,9,5,5,0.5556,0.5556,4.327,4.327,143.7,0,D2D_ATR_MA:hi|Micro_VPIN:lo|ST_Flip_Event:==-1|Slope_Accel_ST:lo|Volume:hi,61|114|162,19.818162956417883,44.914399,354,0.54981,-0.545482,1,-7e-06,8.665108670454496,8.56108508618842
26126,2026.02.13 22:54,LONG,4,4,4,0,12,10,10,0.8333,0.8333,9.524,9.524,194.4,0,AT_Regime_LT:==1|AT_Slope_LT:lo|D2D_Signal:==1|Micro_FailedBreak:hi|Micro_MomoTransfer:hi|Micro_RangeAccel:lo|PoC_Side:==1|Upper_Wick:hi|VWAP_Dist_ATR:lo|VWAP_Side:==1,15|100|180|181,23.40581949164989,45.462311,322,0.577475,0.736874,1,8.1e-05,11.345701020588308,11.143020262773083
26131,2026.02.13 22:59,LONG,7,6,6,0,21,14,14,0.6667,0.6667,12.904,12.904,73.8,0,AT_Slope_LT:lo|Bar_Range:hi|D2D_ATR:hi|Micro_FailedBreak:hi|Micro_LogReturn:hi|Micro_MicroGap:hi|Micro_RangeAccel:lo|Micro_Rejection:lo|Micro_RollProxy:hi|Micro_TickIntensity:hi|OBV_Macd:lo|PrevDay_High_Dist_ATR:hi|Volume_Avg_10:hi|Volume_Ratio_10:hi,15|48|59|126|182|185|190,26.8712751795186,25.571845,384,0.484968,0.469266,1,0.000144,18.856446644718016,18.199528660922656
28174,2026.02.17 15:22,LONG,5,5,5,0,15,10,10,0.6667,0.6667,9.125,9.125,131.0,0,AT_Regime_ST:==1|KAMA_Dist:hi|Micro_Hurst:hi|Momentum_Value:hi|OR_Low_Side:==1|PrevDay_Close_Side:==-1|PrevDay_High_Dist_ATR:lo|PrevDay_Low_Side:==-1|VWAP_Side:==-1|WeeklyOpen_Side:==-1,70|118|136|137|139,33.58372983481948,26.792328,201,0.503246,0.746482,1,-3.5e-05,13.933964781772266,13.604790342516026
28202,2026.02.17 15:50,LONG,7,7,7,0,21,16,16,0.7619,0.7619,14.362,14.362,200.9,0,ADX_Rising:==1|AT_Regime_LT:==1|AT_Regime_ST:==1|D2D_Signal:==1|KAMA_Dist:hi|MultiDay_Position:hi|OR_Low_Side:==1|PoC_Side:==1|PrevDay_Close_Side:==-1|PrevDay_High_Dist_ATR:lo|PrevDay_Low_Side:==-1|Round_1000_Dist_ATR:lo|Upper_Wick:hi|VWAP_Dist_ATR:lo|VWAP_Side:==1|WeeklyOpen_Side:==-1,70|135|136|137|143|180|181,21.53998188989809,52.798838,243,0.414122,1.136389,1,-6e-06,18.856446644718016,18.199528660922656
28203,2026.02.17 15:51,LONG,7,6,6,0,21,12,12,0.5714,0.5714,10.325,10.325,933.6,0,AT_Regime_LT:==1|DailyOpen_Side:==-1|Micro_Entropy:lo|Micro_Hurst:hi|Micro_MomoTransfer:hi|Micro_RangeAccel:lo|Micro_RangeVelocity:lo|Momentum_Value:hi|MultiDay_Position:hi|OR_High_Side:==1|Round_1000_Dist_ATR:lo|ST_Flip_Event:==1,83|85|86|100|101|119|143,23.899035428024654,67.342545,408,0.5422,0.757322,1,5.2e-05,18.856446644718016,18.199528660922656
28294,2026.02.17 17:22,LONG,6,6,6,0,18,13,13,0.7222,0.7222,11.896,11.896,-721.2,1,KAMA_Dist:lo|Micro_LogReturn:lo|Micro_Rejection:lo|OBV_Macd:lo|OR_Low_Side:==1|PrevDay_Close_Side:==-1|PrevDay_High_Dist_ATR:lo|PrevDay_Low_Side:==-1|RangeOsc_State:==-1|Session_Low_Dist_ATR:lo|Upper_Wick:hi|VWAP_Side:==-1|WeeklyOpen_Side:==-1,77|112|125|136|137|139,20.200349840918413,58.624294,435,0.433782,-0.187636,1,5.3e-05,16.435780104648117,15.954503499974125
28327,2026.02.17 17:55,LONG,6,6,6,0,18,11,11,0.6111,0.6111,9.442,9.442,117.6,0,ADX_Rising:==1|D2D_Persist:hi|D2D_Signal:==1|OR_Low_Side:==1|PoC_Side:==1|PrevDay_Close_Side:==-1|PrevDay_High_Dist_ATR:lo|PrevDay_Low_Side:==-1|Upper_Wick:hi|VWAP_Side:==-1|WeeklyOpen_Side:==-1,64|135|136|137|139|180,21.491964489461864,37.621016,428,0.218122,0.279099,1,0.000134,16.435780104648117,15.954503499974125
28332,2026.02.17 18:00,LONG,5,5,5,0,15,8,8,0.5333,0.5333,6.42,6.42,1340.0,0,ADX_Rising:==1|OR_Low_Side:==1|PrevDay_Close_Side:==-1|PrevDay_High_Dist_ATR:lo|PrevDay_Low_Side:==-1|Sqz_State:==1|VWAP_Side:==-1|WeeklyOpen_Side:==-1,135|136|137|138|139,26.49560352679327,32.261896,400,0.388155,-0.17048,1,0.000117,13.933964781772266,13.604790342516026
28342,2026.02.17 18:10,LONG,4,4,4,0,12,8,8,0.6667,0.6667,7.237,7.237,356.0,0,AT_Regime_LT:==1|AT_Slope_LT:lo|DailyOpen_Side:==-1|Micro_Entropy:lo|Micro_FailedBreak:hi|Micro_MomoTransfer:hi|Micro_RangeAccel:lo|OR_High_Side:==1,15|83|85|100,44.02638873372188,30.667915,320,0.384199,0.570629,1,0.000285,11.345701020588308,11.143020262773083
28376,2026.02.17 18:44,SHORT,4,4,4,0,12,10,10,0.8333,0.8333,9.524,9.524,43.2,0,AT_Lookback_ST:hi|AT_Slope_LT:hi|DailyOpen_Side:==-1|Efficiency_Ratio:lo|Micro_BarOverlap:hi|Micro_TickIntensity:hi|OBVf_Signal:==1|OR_High_Side:==1|PrevDay_Close_Side:==-1|Sqz_Val:hi,194|202|232|233,25.028140157839346,22.986566,304,0.312922,0.174015,-1,3.1e-05,11.61144858072867,11.371771386700862
29629,2026.02.18 16:53,LONG,10,10,10,0,30,14,14,0.4667,0.4667,10.364,10.364,1215.0,0,AT_Regime_LT:==1|AT_Regime_ST:==1|AT_Slope_ST:lo|D2D_DirStep:==1|D2D_Signal:==0|Micro_AutoCorr:hi|Micro_FractalDim:lo|Micro_HLAsymmetry:hi|Micro_Hurst:hi|Micro_RangeAccel:lo|Micro_RollProxy:hi|Momentum_Value:hi|MultiDay_Position:hi|Round_1000_Dist_ATR:lo,21|27|28|29|32|38|40|41|118|143,20.705826082202403,41.507835,356,0.51726,0.072276,1,-5.6e-05,25.67729340170544,24.370762681353153
29986,2026.02.18 22:50,LONG,4,4,4,0,12,8,8,0.6667,0.6667,6.928,6.928,68.4,0,AT_Regime_LT:==1|AT_Score_LT:lo|Body_Size:hi|Micro_RangeAccel:hi|MultiDay_Position:hi|Round_1000_Dist_ATR:lo|Slope_Accel_LT:hi|VWAP_Sigma:hi,10|11|12|143,38.53358306826063,33.438496,313,0.347426,0.402231,1,0.000123,11.345701020588308,11.143020262773083
31007,2026.02.19 17:06,SHORT,3,3,3,0,9,8,8,0.8889,0.8889,7.715,7.715,79.5,0,D2D_Dn_Count:hi|D2D_Signal:==-1|Micro_MicroGap:hi|Micro_RangeAccel:lo|Micro_ThrustEff:lo|Micro_VolAccel:lo|Slope_Accel_ST:lo|VWAP_Sigma_ATR:lo,219|260|268,16.234572216789633,49.125763,345,0.546917,-0.407118,-1,-2.9e-05,8.803955007256892,8.681536388140161
31052,2026.02.19 17:51,SHORT,5,5,5,0,15,13,13,0.8667,0.8667,12.469,12.469,95.0,0,Bar_Range:hi|D2D_Dn_Count:hi|D2D_Signal:==-1|Lower_Wick:lo|Micro_RangeAccel:lo|Micro_RangeVelocity:lo|Micro_VolAccel:lo|PrevDay_Close_Side:==-1|RangeOsc_State:==2|Round_500_Dist_ATR:lo|Slope_Accel_ST:lo|VWAP_Dist_ATR:lo|VWAP_Sigma_ATR:lo,211|219|267|268|279,20.07858626848492,36.627652,317,0.370995,-0.46413,-1,-9e-05,14.358215859511613,13.967131712972364
31138,2026.02.19 19:17,LONG,5,5,5,0,15,11,11,0.7333,0.7333,10.009,10.009,78.5,0,Bars_Since_Flip:hi|Dist_To_PoC_ATR:lo|Micro_AutoCorr:hi|Micro_VolOfVol:lo|MultiDay_Position:lo|OR_Low_Side:==-1|PrevDay_Low_Dist_ATR:lo|Round_1000_Dist_ATR:lo|Session_Low_Dist_ATR:lo|TChan_A15:hi|Volume_Avg_10:hi,53|56|57|66|82,22.423559936043752,31.235603,268,0.495526,1.136524,1,-2.7e-05,13.933964781772266,13.604790342516026
32339,2026.02.20 16:33,SHORT,4,4,4,0,12,10,10,0.8333,0.8333,9.118,9.118,156.0,0,D2D_Dynamic_Sensitivity:lo|Micro_MomoTransfer:hi|Micro_RangeAccel:lo|MultiDay_Slope:lo|OBV_Macd:lo|OBVf_Signal:==1|RangeOsc_Val:lo|Upper_Wick:hi|VAH_Side:==-1|Volume_Avg_10:hi,223|224|226|263,28.133792148800232,69.984336,427,0.386984,0.0,-1,-6e-05,11.61144858072867,11.371771386700862
32364,2026.02.20 16:58,LONG,4,4,4,0,12,11,11,0.9167,0.9167,10.691,10.691,1267.2,0,Bar_Range:hi|D2D_Signal:==1|DailyOpen_Dist_ATR:lo|Lower_Wick:hi|Micro_Amihud:lo|Micro_RangeAccel:lo|Micro_TickIntensity:hi|Micro_VPIN:hi|MultiDay_Slope:lo|OBV_Macd:lo|OBV_Velocity:hi,48|81|129|133,17.702178922005327,31.356777,343,0.422734,0.334856,1,0.000121,11.345701020588308,11.143020262773083
32381,2026.02.20 17:15,LONG,8,8,8,0,24,15,15,0.625,0.625,12.136,12.136,764.8,0,AT_Slope_ST:lo|Bar_Range:hi|D2D_ATR_MA:hi|Micro_Lambda:lo|Micro_RangeAccel:hi|Micro_RangeVelocity:lo|Micro_VPIN:lo|OBVf_Signal:==1|OR_High_Side:==-1|RangeOsc_State:==2|ST_Flip_Event:==-1|Slope_Accel_LT:hi|Slope_Accel_ST:lo|Sqz_State:==-1|Volume:hi,31|34|46|61|110|114|151|162,28.133787997531083,41.07732,458,0.421081,0.097377,1,-6e-05,21.20075584842148,20.34657927196911
32383,2026.02.20 17:17,LONG,5,5,5,0,15,8,8,0.5333,0.5333,6.916,6.916,210.0,0,AT_Slope_ST:lo|D2D_ATR_MA:hi|Micro_FailedBreak:hi|Micro_VolOfVol:hi|Momentum_Value:lo|OBVf_Signal:==1|Round_500_Dist_ATR:lo|Volume:hi,35|37|60|120|121,25.436276179147647,115.857197,481,0.373286,0.8545,1,-0.000143,13.933964781772266,13.604790342516026
32465,2026.02.20 18:39,SHORT,4,4,4,0,12,9,9,0.75,0.75,8.485,8.485,69.6,0,AT_Regime_ST:==0|Bar_Range:hi|Lower_Wick:lo|Micro_BarOverlap:lo|Micro_RangeVelocity:lo|Micro_VolAccel:lo|Momentum_Value:hi|OR_High_Side:==1|RangeOsc_State:==2,211|243|269|272,21.640039528576104,34.060885,281,0.574571,0.587184,-1,-4.5e-05,11.61144858072867,11.371771386700862
32467,2026.02.20 18:41,SHORT,4,3,3,0,12,12,12,1.0,1.0,12.0,12.0,35.1,0,AT_Regime_ST:==0|AT_Slope_LT:hi|Lower_Wick:lo|Micro_BarOverlap:hi|Micro_RangeVelocity:lo|Micro_RollProxy:lo|OBVf_Signal:==1|Slope_Accel_ST:hi|Slope_EMA_ST:hi|VA_Position:hi|Volume:hi|Volume_Ratio_10:lo,202|269|288|296,21.665739056991875,24.490077,270,0.557813,-0.796241,-1,0.000134,11.61144858072867,11.371771386700862
32531,2026.02.20 19:45,LONG,5,5,5,0,15,10,10,0.6667,0.6667,9.125,9.125,123.0,0,Micro_HLAsymmetry:hi|Micro_LogReturn:hi|Micro_TickIntensity:lo|OBV_Macd:lo|OR_High_Side:==-1|RangeOsc_State:==-2|Slope_Accel_LT:lo|Sqz_State:==1|Sqz_Val:hi|Volume:hi,130|153|156|158|179,21.23442860457676,45.988874,317,0.449926,1.054603,1,0.000112,13.933964781772266,13.604790342516026
32552,2026.02.20 20:06,LONG,3,3,3,0,9,7,7,0.7778,0.7778,6.614,6.614,63.9,0,AT_Regime_LT:==1|Micro_LogReturn:hi|Micro_MomoTransfer:hi|Micro_RangeAccel:lo|Micro_RangeVelocity:lo|Micro_TickIntensity:hi|Micro_VPIN:lo,94|100|101,16.483874596089485,22.754941,272,0.544297,0.197759,1,9e-06,8.665108670454496,8.56108508618842
32579,2026.02.20 20:33,LONG,4,4,4,0,12,10,10,0.8333,0.8333,9.118,9.118,150.0,0,D2D_Signal:==1|Micro_FailedBreak:hi|Micro_Rejection:lo|PoC_Side:==1|Session_High_Dist_ATR:lo|Upper_Wick:hi|VWAP_Dist_ATR:lo|VWAP_Side:==1|Volume:hi|Volume_Avg_10:hi,145|180|181|182,17.694902697018833,67.448127,395,0.405718,0.637527,1,0.000118,11.345701020588308,11.143020262773083
32581,2026.02.20 20:35,LONG,5,5,5,0,15,11,11,0.7333,0.7333,10.364,10.364,660.0,0,DailyOpen_Side:==-1|OR_High_Side:==-1|OR_Position:hi|PrevDay_High_Dist_ATR:lo|RangeOsc_State:==-2|Session_Low_Dist_ATR:lo|Slope_Accel_LT:hi|Sqz_State:==1|Sqz_Val:hi|VWAP_Side:==-1|WeeklyOpen_Side:==-1,139|146|147|152|179,17.01118421471028,102.792061,485,0.500154,-0.341563,1,0.000117,13.933964781772266,13.604790342516026
33456,2026.02.23 12:26,LONG,5,5,5,0,15,11,11,0.7333,0.7333,9.666,9.666,141.5,0,ADX_Rising:==1|AT_Score_LT:hi|Micro_GarmanKlass:hi|Micro_OrderFlowDelta:hi|Micro_Rejection:hi|PrevDay_Close_Side:==-1|PrevDay_High_Dist_ATR:lo|PrevDay_Low_Side:==-1|Session_High_Dist_ATR:lo|Sqz_State:==1|WeeklyOpen_Side:==-1,5|105|135|136|138,19.95223688087984,28.623502,229,0.563488,-0.163851,1,1.9e-05,13.933964781772266,13.604790342516026
33713,2026.02.23 16:43,LONG,11,11,11,0,33,20,20,0.6061,0.6061,15.782,15.782,565.4,0,ADX_Rising:==0|Bar_Range:hi|DailyOpen_Dist_ATR:lo|Efficiency_Ratio:hi|Harmonic_OBVf_Concordance:==0|KAMA_Dist:lo|Lower_Wick:hi|Micro_Lambda:lo|Micro_RangeVelocity:lo|Micro_WickImbalance:hi|OR_Low_Side:==1|OR_Position:hi|PrevDay_Close_Side:==-1|PrevDay_High_Dist_ATR:lo|PrevDay_High_Side:==-1|PrevDay_Low_Side:==-1|RangeOsc_State:==2|VWAP_Dist_ATR:lo|Volume:hi|WeeklyOpen_Side:==-1,46|69|71|72|73|75|76|78|93|136|137,37.14932873882408,47.840428,407,0.544164,0.376251,1,0.000101,27.817084794051137,26.258658030358355
33715,2026.02.23 16:45,LONG,3,3,3,0,9,8,8,0.8889,0.8889,7.715,7.715,-532.5,1,Bars_Since_Flip:hi|Micro_CSSpread:hi|OR_Low_Side:==1|PrevDay_Close_Side:==-1|PrevDay_High_Dist_ATR:lo|PrevDay_Low_Side:==-1|Upper_Wick:hi|WeeklyOpen_Side:==-1,50|136|137,32.69051844320438,42.868429,413,0.531745,-0.419889,1,5.9e-05,8.665108670454496,8.56108508618842
33717,2026.02.23 16:47,SHORT,13,13,13,0,39,24,24,0.6154,0.6154,20.435,20.435,14667.9,0,AT_Regime_ST:==0|AT_Slope_LT:hi|Bar_Range:hi|D2D_Dn_Count:hi|D2D_Dynamic_Sensitivity:lo|D2D_Signal:==-1|EMA_Oscillator:lo|Efficiency_Ratio:hi|Lower_Wick:lo|Micro_Entropy:lo|Micro_IBSP:lo|Micro_MicroGap:hi|Micro_RangeAccel:lo|Micro_RangeVelocity:lo|Micro_ThrustEff:lo|Micro_VolAccel:lo|Micro_VolOfVol:lo|Micro_WickImbalance:lo|PrevDay_Low_Side:==-1|Slope_Accel_ST:lo|VWAP_Dist_ATR:lo|VWAP_Sigma_ATR:lo|Volume:hi|Volume_Avg_10:hi,203|211|218|219|220|221|227|244|260|267|268|269|271,30.908822865254542,41.097473,438,0.490283,-0.012166,-1,5.1e-05,34.3308344935808,31.746671800661016
33726,2026.02.23 16:56,SHORT,4,4,4,0,12,9,9,0.75,0.75,8.123,8.123,89.2,0,Body_Size:hi|Efficiency_Ratio:hi|Micro_AutoCorr:lo|Micro_BarEntropy:hi|Micro_Entropy:lo|Micro_WickImbalance:lo|OBVf_DirStepCount:hi|VAL_Side:==0|WeeklyOpen_Side:==-1,231|237|245|277,35.70713118741959,42.13201,345,0.342837,-0.415361,-1,-0.000403,11.61144858072867,11.371771386700862
33732,2026.02.23 17:02,SHORT,5,5,5,0,15,10,10,0.6667,0.6667,7.998,7.998,80.0,0,Micro_AutoCorr:lo|Micro_Entropy:lo|Micro_PriceAccel:lo|Micro_RangeAccel:lo|Micro_TickIntensity:hi|Micro_WickImbalance:lo|OBV_Velocity:lo|OBVf_DirStepCount:hi|VAL_Side:==0|WeeklyOpen_Side:==-1,237|245|266|275|277,40.11269913169203,31.655703,351,0.468293,0.0,-1,-0.000289,14.358215859511613,13.967131712972364
33812,2026.02.23 18:22,SHORT,5,5,5,0,15,9,9,0.6,0.6,7.855,7.855,66.5,0,AT_Lookback_ST:hi|Bars_Since_Flip:hi|Micro_TickIntensity:hi|Momentum_Value:hi|PrevDay_Close_Dist_ATR:hi|Session_High_Dist_ATR:hi|Sqz_Val:hi|TChan_A15:hi|Volume_Avg_10:hi,194|213|273|292|293,36.812730828468425,27.14055,317,0.45837,-0.405298,-1,-6.8e-05,14.358215859511613,13.967131712972364
33814,2026.02.23 18:24,SHORT,3,3,3,0,9,6,6,0.6667,0.6667,5.349,5.349,-186.9,1,Bars_Since_Flip:hi|Micro_OrderFlowDelta:hi|PrevDay_Close_Dist_ATR:hi|Session_High_Dist_ATR:hi|Sqz_Val:hi|Volume_Avg_10:hi,213|291|293,32.18166669300636,29.670206,296,0.526496,0.741485,-1,-6.3e-05,8.803955007256892,8.681536388140161
33818,2026.02.23 18:28,LONG,21,21,18,1,63,23,23,0.3651,0.3651,16.763,16.763,603.0,0,AT_Lookback_ST:hi|AT_Regime_ST:==1|AT_Slope_LT:lo|AT_Slope_ST:lo|Bars_Since_Flip:hi|D2D_ATR:hi|EMA_Oscillator:hi|Lower_Wick:hi|Micro_FailedBreak:hi|Micro_Hurst:hi|Micro_RangeVelocity:hi|Micro_RollProxy:hi|Momentum_Value:hi|MultiDay_Position:lo|OR_Low_Side:==-1|PrevDay_High_Side:==-1|PrevDay_Low_Side:==-1|RangeOsc_State:==-1|RangeOsc_Val:lo|Round_1000_Dist_ATR:lo|Slope_EMA_ST:lo|VWAP_Side:==-1|Volume_Avg_10:hi,2|13|14|16|17|18|26|29|33|38|41|43|56|58|67|118|164|168|169|172|177,25.82205072647317,32.945965,278,0.549997,1.274815,1,-6e-05,46.28470196545552,41.56260791425236
33837,2026.02.23 18:47,LONG,5,5,5,0,15,11,11,0.7333,0.7333,10.364,10.364,75.0,0,AT_Regime_LT:==1|AT_Regime_ST:==1|AT_Slope_LT:lo|AT_Slope_ST:lo|Micro_FailedBreak:hi|Micro_FractalDim:hi|Micro_RangeAccel:lo|OBV_Velocity:hi|OR_Low_Side:==-1|Slope_Accel_LT:hi|VWAP_Side:==-1,15|26|32|134|148,18.403127276299365,29.987676,256,0.22084,0.61692,1,-6.6e-05,13.933964781772266,13.604790342516026
33839,2026.02.23 18:49,LONG,9,7,7,0,27,15,15,0.5556,0.5556,12.024,12.024,97.3,0,AT_Regime_ST:==1|AT_Slope_LT:lo|AT_Slope_ST:lo|D2D_DirStep:==-1|Micro_FailedBreak:hi|Micro_RangeAccel:hi|Micro_RangeVelocity:hi|Micro_Rejection:lo|Micro_RollProxy:lo|OR_Low_Side:==-1|PrevDay_Low_Side:==-1|Round_100_Dist_ATR:lo|Slope_Accel_LT:hi|Slope_EMA_ST:lo|VWAP_Side:==-1,16|26|111|148|170|171|172|174|175,17.098796089482363,28.233255,260,0.325579,0.743804,1,-7.3e-05,23.473053431498993,22.401786415067697
33840,2026.02.23 18:50,LONG,11,9,9,0,33,20,20,0.6061,0.6061,16.493,16.493,94.5,0,AT_Regime_LT:==1|AT_Regime_ST:==1|AT_Slope_LT:lo|AT_Slope_ST:lo|Micro_HLAsymmetry:hi|Micro_MicroGap:lo|Micro_RangeAccel:lo|Micro_RangeVelocity:lo|Micro_RollProxy:hi|Micro_TickIntensity:hi|Micro_VPIN:lo|OBV_Macd:lo|OBVf_Signal:==1|OR_Low_Side:==-1|OR_Position:lo|PrevDay_Low_Side:==-1|RangeOsc_State:==-1|RangeOsc_Val:lo|Slope_Accel_LT:hi|Slope_EMA_ST:lo,14|32|33|34|42|43|99|148|149|150|173,15.998840874153585,22.532104,287,0.265562,-0.355049,1,-6.5e-05,27.817084794051137,26.258658030358355
33903,2026.02.23 19:53,LONG,6,6,6,0,18,12,12,0.6667,0.6667,10.198,10.198,105.0,0,D2D_Signal:==1|Micro_FractalDim:hi|OBV_Macd:lo|OBV_Velocity:hi|OR_Low_Side:==-1|PoC_Side:==1|RangeOsc_State:==-2|Slope_Accel_LT:hi|Sqz_State:==1|Sqz_Val:hi|Upper_Wick:hi|WeeklyOpen_Side:==-1,130|134|140|152|179|180,19.25658526073889,34.196118,238,0.492015,0.716456,1,-3.5e-05,16.435780104648117,15.954503499974125
35065,2026.02.24 16:30,SHORT,4,4,4,0,12,11,11,0.9167,0.9167,10.691,10.691,158.4,0,D2D_Dynamic_Sensitivity:lo|Micro_BarEntropy:hi|Micro_HLAsymmetry:lo|Micro_Hurst:hi|Micro_TickIntensity:lo|OBV_Velocity:lo|PoC_Side:==0|Round_100_Dist_ATR:lo|Session_High_Dist_ATR:lo|Upper_Wick:hi|VAH_Side:==-1,226|238|253|276,40.784060555650456,70.952477,498,0.498475,-1.030549,-1,-5.5e-05,11.61144858072867,11.371771386700862
35068,2026.02.24 16:33,LONG,7,7,7,0,21,16,16,0.7619,0.7619,14.725,14.725,1848.0,0,AT_Regime_LT:==1|D2D_Signal:==1|Lower_Wick:lo|Micro_Hurst:hi|Micro_OrderFlowDelta:hi|Micro_Rejection:lo|Micro_WickImbalance:hi|Momentum_Value:hi|PoC_Side:==1|ST_Flip_Event:==1|Session_High_Dist_ATR:lo|Upper_Wick:hi|VWAP_Dist_ATR:lo|VWAP_Side:==1|VWAP_Sigma:lo|Volume:hi,104|113|116|119|145|180|181,39.00498404890087,101.859337,489,0.522087,0.510508,1,2.9e-05,18.856446644718016,18.199528660922656
35069,2026.02.24 16:34,LONG,4,3,3,0,12,6,6,0.5,0.5,5.345,5.345,1332.0,0,Micro_IBSP:lo|Micro_OrderFlowDelta:lo|Micro_Rejection:lo|VWAP_Sigma:lo|Volume:hi|Volume_Avg_10:hi,91|113|184|186,37.91914549964557,92.411784,480,0.52983,0.0,1,-4.2e-05,11.345701020588308,11.143020262773083
35070,2026.02.24 16:35,LONG,4,4,4,0,12,8,8,0.6667,0.6667,7.56,7.56,1914.8,0,Bar_Range:hi|Micro_HLAsymmetry:lo|Micro_Lambda:lo|Micro_RollProxy:hi|OR_Position:hi|RangeOsc_State:==2|VWAP_Sigma:lo|Volume_Avg_10:hi,46|89|92|183,36.254314309522485,67.318346,507,0.524738,0.059419,1,8.1e-05,11.345701020588308,11.143020262773083
36431,2026.02.25 16:31,SHORT,7,7,7,0,21,18,18,0.8571,0.8571,17.227,17.227,294.0,0,AT_Score_LT:hi|D2D_ATR:hi|D2D_Dn_Count:hi|D2D_Dynamic_Sensitivity:lo|D2D_Signal:==-1|Micro_IBSP:lo|Micro_RangeAccel:lo|Micro_VolAccel:lo|Micro_WickImbalance:hi|PrevDay_Close_Dist_ATR:lo|PrevDay_High_Side:==1|RangeOsc_State:==-1|Slope_Accel_ST:lo|VWAP_Dist_ATR:lo|VWAP_Side:==1|VWAP_Sigma_ATR:lo|Volume:hi|Volume_Ratio_10:hi,198|214|219|222|267|268|278,22.182610643349136,117.57824,511,0.403881,-0.374219,-1,-5.4e-05,19.676030442106526,18.888596375345333
36432,2026.02.25 16:32,SHORT,10,7,7,0,30,20,20,0.6667,0.6667,18.251,18.251,294.0,0,AT_Score_LT:hi|AT_Slope_ST:lo|Bar_Range:hi|D2D_ATR:hi|D2D_Dynamic_Sensitivity:lo|EMA_Oscillator:lo|Lower_Wick:lo|Micro_BarOverlap:hi|Micro_HLAsymmetry:lo|Micro_LogReturn:hi|Micro_RangeVelocity:lo|Micro_VPIN:lo|MultiDay_Slope:hi|PrevDay_Close_Dist_ATR:lo|PrevDay_High_Side:==1|RangeOsc_State:==-1|Slope_EMA_LT:hi|VWAP_Side:==1|Volume:hi|Volume_Ratio_10:hi,198|209|211|214|220|221|241|254|278|286,20.95342354677564,101.554762,502,0.405696,0.0,-1,-7.1e-05,27.23631370730495,25.650956100239245
36437,2026.02.25 16:37,SHORT,6,6,6,0,18,12,12,0.6667,0.6667,10.499,10.499,142.2,0,ATR_1M:hi|AT_Lookback_LT:hi|Body_Size:hi|Micro_Amihud:lo|Micro_BarOverlap:lo|Micro_CSSpread:hi|Micro_HLAsymmetry:hi|MultiDay_Slope:hi|OBV_Velocity:hi|OR_High_Side:==1|RangeOsc_State:==2|Slope_EMA_ST:lo,191|192|193|243|252|290,19.44845103593012,44.440281,411,0.416704,0.191268,-1,-5.4e-05,17.045884868532983,16.47150210578053
37822,2026.02.26 16:57,SHORT,5,5,5,0,15,11,11,0.7333,0.7333,10.009,10.009,127.0,0,AT_Score_LT:hi|D2D_ATR:hi|D2D_Signal:==-1|Micro_MicroGap:hi|Micro_ThrustEff:lo|OR_High_Side:==-1|PrevDay_Close_Dist_ATR:lo|PrevDay_High_Side:==1|RangeOsc_State:==-1|VWAP_Side:==1|Volume_Avg_10:hi,196|197|214|260|278,23.03002002879343,47.28544,337,0.532852,-0.8565,-1,2.3e-05,14.358215859511613,13.967131712972364
37823,2026.02.26 16:58,SHORT,3,3,3,0,9,6,6,0.6667,0.6667,5.67,5.67,59.4,0,Micro_BarOverlap:hi|Micro_HLAsymmetry:lo|Micro_LogReturn:hi|Micro_ThrustEff:lo|MultiDay_Slope:hi|PrevDay_High_Side:==1,241|254|258,23.99513225706489,38.01362,314,0.532444,0.631353,-1,2.3e-05,8.803955007256892,8.681536388140161
37827,2026.02.26 17:02,SHORT,4,4,4,0,12,8,8,0.6667,0.6667,7.237,7.237,71.2,0,AT_Score_LT:hi|D2D_ATR:hi|OR_High_Side:==-1|PrevDay_Close_Dist_ATR:lo|PrevDay_High_Side:==1|RangeOsc_State:==-1|VWAP_Side:==1|Volume_Avg_10:hi,196|197|214|278,27.12069456576125,34.648487,348,0.395026,0.202029,-1,2e-05,11.61144858072867,11.371771386700862
37833,2026.02.26 17:08,SHORT,4,4,4,0,12,8,8,0.6667,0.6667,7.237,7.237,56.4,0,AT_Score_LT:hi|D2D_ATR:hi|OR_High_Side:==-1|PrevDay_Close_Dist_ATR:lo|PrevDay_High_Side:==1|RangeOsc_State:==-1|VWAP_Side:==1|Volume_Avg_10:hi,196|197|214|278,29.400987379564167,28.526287,296,0.398691,-0.035055,-1,-0.000128,11.61144858072867,11.371771386700862
37835,2026.02.26 17:10,SHORT,6,6,6,0,18,12,12,0.6667,0.6667,10.198,10.198,1683.0,0,AT_Score_LT:hi|AT_Slope_ST:lo|Bar_Range:hi|D2D_ATR:hi|Micro_VPIN:lo|OR_High_Side:==-1|PrevDay_Close_Dist_ATR:lo|PrevDay_High_Side:==1|RangeOsc_State:==-1|Slope_EMA_LT:hi|VWAP_Side:==1|Volume_Avg_10:hi,196|197|209|214|278|286,30.109205731822712,39.374691,293,0.410865,0.380955,-1,-0.000114,17.045884868532983,16.47150210578053
37846,2026.02.26 17:21,SHORT,5,5,5,0,15,12,12,0.8,0.8,10.978,10.978,159.5,0,Micro_Entropy:lo|Micro_MomoTransfer:hi|Micro_OrderFlowDelta:lo|Micro_PriceAccel:lo|Micro_RangeAccel:lo|Micro_TickIntensity:lo|Micro_WickImbalance:lo|OBV_Velocity:lo|PoC_Side:==0|PrevDay_High_Dist_ATR:lo|VAH_Side:==0|VAL_Side:==0,245|264|265|266|276,42.2668343540641,58.237389,393,0.544774,-0.978753,-1,-0.000386,14.358215859511613,13.967131712972364
37868,2026.02.26 17:43,SHORT,5,5,5,0,15,13,13,0.8667,0.8667,12.469,12.469,-365.0,1,AT_Regime_ST:==0|AT_Slope_ST:hi|Bar_Range:hi|DailyOpen_Side:==-1|Lower_Wick:lo|Micro_BarEntropy:lo|Micro_MicroGap:hi|Micro_RangeVelocity:lo|Micro_RollProxy:lo|OBVf_Signal:==1|Slope_EMA_ST:hi|Volume:hi|Volume_Ratio_10:lo,204|211|269|287|296,28.7262445346781,34.977291,289,0.52475,-0.071475,-1,0.000243,14.358215859511613,13.967131712972364
37870,2026.02.26 17:45,LONG,4,4,4,0,12,9,9,0.75,0.75,8.485,8.485,84.4,0,D2D_Signal:==1|DailyOpen_Dist_ATR:lo|OBV_Velocity:hi|PoC_Side:==1|PrevDay_Close_Side:==-1|PrevDay_High_Dist_ATR:lo|Upper_Wick:hi|VWAP_Side:==-1|WeeklyOpen_Side:==-1,133|136|139|180,28.43633263675796,40.119925,320,0.427468,0.984548,1,0.00026,11.345701020588308,11.143020262773083
37873,2026.02.26 17:48,LONG,4,4,4,0,12,8,8,0.6667,0.6667,6.735,6.735,75.2,0,DailyOpen_Dist_ATR:lo|DailyOpen_Side:==1|Micro_IBSP:hi|OR_Low_Side:==-1|RangeOsc_State:==-2|Round_500_Dist_ATR:lo|VWAP_Side:==1|WeeklyOpen_Side:==-1,65|90|140|144,29.958303604379044,36.384885,325,0.271071,0.549679,1,0.000243,11.345701020588308,11.143020262773083
38039,2026.02.26 20:34,LONG,6,6,6,0,18,13,13,0.7222,0.7222,11.896,11.896,349.2,0,AT_Regime_LT:==1|AT_Slope_LT:lo|Micro_AutoCorr:hi|Micro_Entropy:lo|Micro_FailedBreak:hi|Micro_MomoTransfer:hi|Micro_RangeAccel:lo|PrevDay_Close_Side:==-1|PrevDay_High_Dist_ATR:lo|TChan_A15:hi|VWAP_Side:==-1|Volume_Ratio_10:hi|WeeklyOpen_Side:==-1,15|85|100|136|139|188,23.468834532147245,53.464926,360,0.540279,0.935193,1,0.000103,16.435780104648117,15.954503499974125
38042,2026.02.26 20:37,LONG,4,4,4,0,12,12,12,1.0,1.0,12.0,12.0,87.2,0,DailyOpen_Dist_ATR:lo|Micro_FractalDim:lo|OR_Low_Side:==-1|OR_Position:lo|PrevDay_Close_Side:==-1|PrevDay_High_Dist_ATR:lo|PrevDay_Low_Side:==1|RangeOsc_Val:hi|TChan_A15:hi|VWAP_Side:==1|Volume_Ratio_10:hi|WeeklyOpen_Side:==-1,65|136|141|189,33.074489901515214,41.41538,325,0.409343,0.048291,1,0.000224,11.345701020588308,11.143020262773083
39119,2026.02.27 15:49,LONG,6,6,6,0,18,13,13,0.7222,0.7222,11.339,11.339,55.8,0,AT_Regime_ST:==1|AT_Slope_LT:lo|D2D_Signal:==1|KAMA_Dist:hi|Micro_FailedBreak:hi|Micro_RangeVelocity:hi|Micro_WickImbalance:lo|Momentum_Value:hi|OR_Low_Side:==-1|PoC_Side:==1|PrevDay_Low_Side:==-1|Slope_EMA_ST:lo|Upper_Wick:hi,16|70|165|172|177|180,29.844119795716374,20.546421,169,0.265072,0.997741,1,-2.7e-05,16.435780104648117,15.954503499974125
39197,2026.02.27 17:07,LONG,5,5,5,0,15,11,11,0.7333,0.7333,10.009,10.009,129.0,0,D2D_Signal:==1|Micro_HLAsymmetry:hi|Micro_Hurst:hi|Micro_LogReturn:hi|Micro_PriceAccel:hi|OR_High_Side:==-1|PoC_Side:==1|Slope_Accel_LT:lo|Upper_Wick:hi|VWAP_Sigma:hi|Volume:hi,108|153|154|156|180,20.7991980103247,48.038143,375,0.506795,-0.020817,1,0.000139,13.933964781772266,13.604790342516026
39210,2026.02.27 17:20,LONG,20,20,20,0,60,26,26,0.4333,0.4333,16.149,16.149,1070.0,0,AT_Lookback_ST:hi|AT_Regime_ST:==1|AT_Score_LT:lo|AT_Slope_LT:lo|AT_Slope_ST:lo|Body_Size:hi|D2D_DirStep:==1|D2D_Signal:==0|KAMA_Dist:hi|Micro_AutoCorr:hi|Micro_FailedBreak:hi|Micro_HLAsymmetry:hi|Micro_Hurst:hi|Micro_LogReturn:hi|Micro_MicroGap:lo|Micro_OrderFlowDelta:hi|Micro_RangeVelocity:hi|Micro_RollProxy:hi|Micro_WickImbalance:lo|Momentum_Value:hi|OR_High_Side:==-1|OR_Low_Side:==-1|PrevDay_Low_Side:==-1|RangeOsc_State:==-1|Round_1000_Dist_ATR:lo|VWAP_Side:==-1,2|8|13|14|21|22|23|24|26|28|29|30|33|38|39|40|41|70|99|118,19.32798214433544,49.584766,398,0.531338,0.625192,1,-5.2e-05,44.64370103320821,40.275647028201504
39228,2026.02.27 17:38,LONG,5,5,5,0,15,10,10,0.6667,0.6667,8.615,8.615,60.0,0,AT_Regime_LT:==1|AT_Score_LT:lo|Micro_MomoTransfer:hi|Micro_RangeAccel:hi|Micro_RangeVelocity:lo|Micro_TickIntensity:hi|OBV_Macd:lo|PrevDay_Low_Side:==-1|Slope_Accel_LT:hi|VWAP_Sigma:hi,11|12|101|149|150,17.40743419063589,25.058862,246,0.474283,0.39906,1,0.000167,13.933964781772266,13.604790342516026
39246,2026.02.27 17:56,SHORT,4,4,4,0,12,12,12,1.0,1.0,12.0,12.0,81.6,0,ADX_Value:lo|AT_Score_LT:lo|Micro_AutoCorr:hi|Micro_Lambda:hi|Micro_ThrustEff:hi|PrevDay_Close_Side:==-1|RangeOsc_State:==2|Round_500_Dist_ATR:lo|Slope_EMA_ST:lo|TChan_A15:hi|VA_Position:hi|VWAP_Side:==-1,199|235|279|289,17.013916707723872,38.963737,317,0.406995,0.795612,-1,-9.1e-05,11.61144858072867,11.371771386700862
39252,2026.02.27 18:02,SHORT,4,4,4,0,12,10,10,0.8333,0.8333,9.524,9.524,38.4,0,D2D_ATR_MA:hi|KAMA_Dist:hi|Micro_IBSP:hi|Micro_OrderFlowDelta:hi|Micro_RollProxy:lo|OBVf_Signal:==1|Session_High_Dist_ATR:hi|Sqz_Val:hi|Volume:hi|Volume_Ratio_10:lo,217|234|291|296,15.356549068748338,21.067971,235,0.412084,0.757073,-1,5.5e-05,11.61144858072867,11.371771386700862
39271,2026.02.27 18:21,LONG,4,4,4,0,12,9,9,0.75,0.75,8.123,8.123,42.0,0,DailyOpen_Side:==-1|Harmonic_LLEMA:hi|Lower_Wick:lo|Micro_LogReturn:hi|Micro_OrderFlowDelta:hi|Micro_Rejection:lo|Micro_TickIntensity:hi|Micro_VolOfVol:hi|OBV_Macd:lo,95|103|104|123,18.4873264842522,22.562939,275,0.396867,0.177282,1,9.1e-05,11.345701020588308,11.143020262773083
39346,2026.02.27 19:36,SHORT,3,3,3,0,9,7,7,0.7778,0.7778,6.614,6.614,37.5,0,AT_Slope_ST:lo|D2D_ATR_MA:hi|Micro_CSSpread:lo|Momentum_Value:hi|Session_High_Dist_ATR:hi|Sqz_Val:hi|TChan_A15:hi,208|217|273,38.73983542807832,25.865323,302,0.526887,-0.695912,-1,-8.5e-05,8.803955007256892,8.681536388140161
39348,2026.02.27 19:38,SHORT,3,3,3,0,9,6,6,0.6667,0.6667,5.349,5.349,30.3,0,D2D_ATR_MA:hi|Micro_TickIntensity:hi|PrevDay_Close_Dist_ATR:hi|Session_High_Dist_ATR:hi|Sqz_Val:hi|Volume_Avg_10:hi,217|292|293,36.47014095375043,21.802745,268,0.57231,0.0,-1,4.8e-05,8.803955007256892,8.681536388140161
39366,2026.02.27 19:56,SHORT,4,4,4,0,12,8,8,0.6667,0.6667,6.928,6.928,38.0,0,D2D_ATR_MA:hi|Micro_TickIntensity:hi|Momentum_Value:hi|PrevDay_Close_Dist_ATR:hi|Session_High_Dist_ATR:hi|Sqz_Val:hi|TChan_A15:hi|Volume_Avg_10:hi,217|273|292|293,22.36517749287007,20.766775,215,0.400111,0.0,-1,6e-05,11.61144858072867,11.371771386700862
39600,2026.03.02 01:05,SHORT,4,4,4,0,12,7,7,0.5833,0.5833,6.447,6.447,168.0,0,D2D_Dynamic_Sensitivity:lo|EMA_Oscillator:lo|Lower_Wick:lo|Micro_Entropy:lo|Micro_MomoTransfer:hi|Micro_WickImbalance:lo|VAL_Side:==0,220|244|245|264,23.238216924295124,284.623103,223,0.430752,-1.605281,-1,-0.000285,11.61144858072867,11.371771386700862
39601,2026.03.02 01:06,SHORT,5,5,5,0,15,11,11,0.7333,0.7333,9.666,9.666,210.0,0,Body_Size:hi|Efficiency_Ratio:hi|Micro_BarEntropy:hi|Micro_OrderFlowDelta:hi|Micro_TickIntensity:lo|OBV_Velocity:lo|PoC_Side:==0|Round_100_Dist_ATR:lo|Slope_Accel_LT:lo|VAH_Side:==0|WeeklyOpen_Dist_ATR:lo,231|238|239|276|282,27.69978549541744,186.427386,251,0.429793,0.308431,-1,-0.000472,14.358215859511613,13.967131712972364
40180,2026.03.02 10:45,LONG,4,4,4,0,12,8,8,0.6667,0.6667,6.928,6.928,108.4,0,AT_Score_LT:lo|Body_Size:hi|Lower_Wick:hi|Micro_RangeAccel:hi|MultiDay_Slope:lo|OBV_Macd:lo|Slope_Accel_LT:hi|VWAP_Sigma:hi,10|11|12|129,22.919460617246244,27.608817,204,0.540445,1.557473,1,0.000145,11.345701020588308,11.143020262773083
40185,2026.03.02 10:50,LONG,4,4,4,0,12,10,10,0.8333,0.8333,9.524,9.524,72.4,0,AT_Score_LT:lo|AT_Slope_LT:lo|Body_Size:hi|Micro_FailedBreak:hi|Micro_MicroGap:hi|Micro_RangeAccel:lo|Micro_RollProxy:hi|OBV_Macd:lo|Slope_Accel_LT:hi|VWAP_Sigma:hi,10|12|15|126,29.777512886197734,35.19272,139,0.460572,0.767204,1,0.000122,11.345701020588308,11.143020262773083
40195,2026.03.02 11:00,LONG,11,11,11,0,33,23,23,0.697,0.697,19.62,19.62,157.3,0,AT_Regime_ST:==1|Bar_Range:hi|D2D_ATR_MA:hi|D2D_Dynamic_Sensitivity:lo|Efficiency_Ratio:hi|KAMA_Dist:hi|Lower_Wick:hi|Micro_FractalDim:lo|Micro_Lambda:lo|Micro_LogReturn:lo|Micro_MicroGap:lo|Micro_VPIN:lo|MultiDay_Slope:lo|OBV_Macd:lo|OR_High_Side:==0|PrevDay_Low_Side:==-1|RangeOsc_State:==2|ST_Flip_Event:==-1|Slope_Accel_ST:lo|TChan_A15:hi|Upper_Wick:hi|Volume:hi|Volume_Ratio_10:hi,46|61|63|70|97|114|122|129|132|162|189,28.785510132278176,28.829984,245,0.425175,0.468262,1,-1e-05,27.817084794051137,26.258658030358355
40199,2026.03.02 11:04,LONG,6,6,6,0,18,11,11,0.6111,0.6111,9.906,9.906,95.4,0,AT_Regime_ST:==1|KAMA_Dist:hi|Micro_LogReturn:lo|Micro_OrderFlowDelta:lo|Micro_Rejection:lo|Micro_WickImbalance:hi|OBV_Macd:lo|OR_High_Side:==0|PrevDay_Low_Side:==-1|Upper_Wick:hi|Volume_Ratio_10:hi,70|97|111|125|127|132,26.83577757044776,31.428504,214,0.301967,-0.350001,1,-1.2e-05,16.435780104648117,15.954503499974125
40457,2026.03.02 15:22,LONG,4,4,4,0,12,10,10,0.8333,0.8333,9.524,9.524,51.2,0,Bars_Since_Flip:hi|D2D_Persist:hi|Micro_CSSpread:hi|Micro_Lambda:lo|OR_Low_Side:==1|OR_Position:hi|PrevDay_Low_Side:==-1|Round_500_Dist_ATR:lo|Upper_Wick:hi|VA_Position:hi,50|54|64|93,23.83086893764937,26.372736,193,0.481562,-0.094795,1,9.9e-05,11.345701020588308,11.143020262773083
40525,2026.03.02 16:30,LONG,6,6,6,0,18,14,14,0.7778,0.7778,12.247,12.247,252.0,0,D2D_Dynamic_Sensitivity:lo|D2D_Signal:==1|DailyOpen_Dist_ATR:lo|Micro_MicroGap:lo|Micro_OrderFlowDelta:hi|OBV_Macd:lo|OBV_Velocity:hi|PoC_Side:==1|PrevDay_Low_Side:==-1|Session_High_Dist_ATR:lo|Upper_Wick:hi|VWAP_Dist_ATR:lo|VWAP_Side:==1|Volume:hi,63|105|133|145|180|181,19.63268680436452,75.151395,536,0.433745,1.741551,1,3.1e-05,16.435780104648117,15.954503499974125
40532,2026.03.02 16:37,LONG,5,5,5,0,15,9,9,0.6,0.6,7.855,7.855,203.5,0,ADX_Rising:==1|D2D_Persist:hi|Lower_Wick:lo|Micro_OrderFlowDelta:hi|Micro_Rejection:lo|OR_Low_Side:==1|PrevDay_High_Dist_ATR:lo|PrevDay_Low_Side:==-1|Session_High_Dist_ATR:lo,64|104|105|135|137,37.35286849768337,72.832379,446,0.311778,0.240278,1,0.000278,13.933964781772266,13.604790342516026
40549,2026.03.02 16:54,LONG,4,4,4,0,12,9,9,0.75,0.75,8.123,8.123,72.8,0,Bar_Range:hi|D2D_Persist:hi|Micro_MomoTransfer:hi|Micro_OrderFlowDelta:hi|Micro_TickIntensity:hi|OR_Low_Side:==1|PrevDay_Low_Side:==-1|Session_High_Dist_ATR:lo|Slope_Accel_LT:hi,47|64|105|149,54.32194679445838,35.316924,452,0.415627,0.028315,1,0.000157,11.345701020588308,11.143020262773083
40557,2026.03.02 17:02,LONG,4,4,4,0,12,7,7,0.5833,0.5833,5.744,5.744,151.2,0,ADX_Rising:==1|Micro_OrderFlowDelta:hi|OR_Low_Side:==1|PrevDay_High_Dist_ATR:lo|PrevDay_Low_Side:==-1|Session_High_Dist_ATR:lo|Sqz_State:==1,105|135|137|138,44.58329988921693,68.013127,443,0.428701,0.720449,1,0.000111,11.345701020588308,11.143020262773083
40559,2026.03.02 17:04,LONG,5,5,5,0,15,10,10,0.6667,0.6667,7.998,7.998,114.0,0,ADX_Rising:==1|Micro_Lambda:lo|Micro_OrderFlowDelta:hi|Micro_TickIntensity:hi|OR_Low_Side:==1|OR_Position:hi|PrevDay_High_Dist_ATR:lo|PrevDay_Low_Side:==-1|Session_High_Dist_ATR:lo|Slope_Accel_LT:hi,93|105|135|137|149,46.08058875343417,42.956917,425,0.505985,0.221152,1,0.000153,13.933964781772266,13.604790342516026
40562,2026.03.02 17:07,LONG,4,4,4,0,12,7,7,0.5833,0.5833,6.0,6.0,126.8,0,ADX_Rising:==1|D2D_Persist:hi|Micro_OrderFlowDelta:hi|OR_Low_Side:==1|PrevDay_High_Dist_ATR:lo|PrevDay_Low_Side:==-1|Session_High_Dist_ATR:lo,64|105|135|137,49.23765039224914,31.382762,388,0.554785,0.477969,1,0.000213,11.345701020588308,11.143020262773083
40578,2026.03.02 17:23,LONG,4,4,4,0,12,9,9,0.75,0.75,8.123,8.123,-612.0,1,Bars_Since_Flip:hi|Micro_OrderFlowDelta:hi|OR_Low_Side:==1|PrevDay_High_Dist_ATR:lo|PrevDay_Low_Side:==-1|Round_500_Dist_ATR:lo|Session_High_Dist_ATR:lo|Sqz_State:==1|VA_Position:hi,54|105|137|138,38.71373700536158,63.658722,392,0.335608,-0.172796,1,0.000158,11.345701020588308,11.143020262773083
40621,2026.03.02 18:06,LONG,4,4,4,0,12,7,7,0.5833,0.5833,6.0,6.0,44.8,0,ADX_Rising:==1|D2D_Persist:hi|Micro_OrderFlowDelta:hi|OR_Low_Side:==1|PrevDay_High_Dist_ATR:lo|PrevDay_Low_Side:==-1|Session_High_Dist_ATR:lo,64|105|135|137,17.604152371120104,23.609354,273,0.480231,0.0,1,0.000157,11.345701020588308,11.143020262773083
40655,2026.03.02 18:40,LONG,8,8,8,0,24,15,15,0.625,0.625,13.367,13.367,351.2,0,ADX_Rising:==1|D2D_Signal:==1|Micro_HLAsymmetry:hi|Micro_OrderFlowDelta:hi|Micro_PriceAccel:hi|OBVf_Signal:==-1|OR_Low_Side:==1|PoC_Side:==1|PrevDay_High_Dist_ATR:lo|PrevDay_Low_Side:==-1|Session_High_Dist_ATR:lo|Slope_Accel_LT:lo|Upper_Wick:hi|VWAP_Sigma:hi|Volume:hi,105|108|135|137|145|153|161|180,23.859552328882703,39.072044,338,0.441114,0.870187,1,4.5e-05,21.20075584842148,20.34657927196911
41564,2026.03.03 11:04,SHORT,6,6,6,0,18,11,11,0.6111,0.6111,9.136,9.136,57.6,0,AT_Lookback_ST:hi|Bars_Since_Flip:hi|D2D_ATR_MA:hi|Micro_FailedBreak:lo|Micro_HLAsymmetry:hi|Micro_TickIntensity:hi|Micro_VolAccel:hi|PrevDay_Close_Dist_ATR:hi|Session_High_Dist_ATR:hi|Sqz_Val:hi|Volume_Avg_10:hi,194|213|217|248|292|293,37.47378705950861,21.020034,261,0.41166,-0.499523,-1,-8e-05,17.045884868532983,16.47150210578053
41566,2026.03.03 11:06,SHORT,4,4,4,0,12,8,8,0.6667,0.6667,7.237,7.237,44.8,0,AT_Lookback_ST:hi|AT_Score_LT:lo|D2D_ATR_MA:hi|Micro_CSSpread:hi|Micro_TickIntensity:hi|Session_High_Dist_ATR:hi|Sqz_Val:hi|Volume_Avg_10:hi,194|201|217|292,33.59788876013275,23.728752,265,0.375949,-0.463573,-1,-7.5e-05,11.61144858072867,11.371771386700862
41568,2026.03.03 11:08,LONG,8,8,8,0,24,16,16,0.6667,0.6667,13.328,13.328,93.6,0,AT_Regime_LT:==1|AT_Regime_ST:==1|AT_Slope_ST:lo|Bars_Since_Flip:hi|Body_Size:hi|D2D_ATR_MA:hi|D2D_Signal:==1|Micro_PriceAccel:hi|Micro_RangeAccel:lo|Micro_VolOfVol:hi|Momentum_Value:hi|MultiDay_Position:lo|OBVf_Signal:==1|Slope_EMA_ST:lo|VWAP_Sigma:hi|Volume_Avg_10:hi,32|35|38|39|56|60|108|176,29.31062109726889,24.503888,237,0.397521,0.285669,1,-6.9e-05,21.20075584842148,20.34657927196911
41569,2026.03.03 11:09,LONG,18,17,17,0,54,20,20,0.3704,0.3704,14.342,14.342,222.7,0,AT_Lookback_ST:hi|AT_Regime_ST:==1|AT_Slope_LT:lo|AT_Slope_ST:lo|Bars_Since_Flip:hi|D2D_ATR:hi|D2D_Signal:==0|Micro_BarOverlap:lo|Micro_CSSpread:hi|Micro_FailedBreak:hi|Micro_HLAsymmetry:hi|Micro_Hurst:hi|Micro_RollProxy:hi|Momentum_Value:hi|PrevDay_High_Side:==-1|RangeOsc_State:==-1|Slope_EMA_ST:lo|Upper_Wick:hi|VWAP_Side:==-1|VWAP_Sigma:hi,2|13|14|16|17|19|25|26|28|33|38|40|41|50|58|118|168|169,28.20935566177609,26.910729,238,0.510808,0.483079,1,-6.7e-05,41.238202492134135,37.559158007015945
41663,2026.03.03 12:43,SHORT,4,4,4,0,12,7,7,0.5833,0.5833,6.0,6.0,46.4,0,AT_Lookback_ST:hi|Bars_Since_Flip:hi|Micro_TickIntensity:hi|PrevDay_Close_Dist_ATR:hi|Session_High_Dist_ATR:hi|Sqz_Val:hi|Volume_Avg_10:hi,194|213|292|293,24.92113641489977,24.400433,243,0.509837,-0.040983,-1,-4.5e-05,11.61144858072867,11.371771386700862
41665,2026.03.03 12:45,LONG,6,6,6,0,18,12,12,0.6667,0.6667,11.014,11.014,-640.8,1,AT_Regime_LT:==1|AT_Regime_ST:==1|AT_Slope_LT:lo|EMA_Oscillator:hi|KAMA_Dist:hi|Lower_Wick:lo|Micro_FailedBreak:hi|Micro_MomoTransfer:hi|Micro_RangeAccel:lo|Micro_RangeVelocity:lo|Micro_WickImbalance:hi|PrevDay_Low_Side:==-1,15|67|70|100|101|116,24.080517370135293,25.953317,282,0.476069,0.886207,1,-4.1e-05,16.435780104648117,15.954503499974125
41708,2026.03.03 13:28,SHORT,3,3,3,0,9,8,8,0.8889,0.8889,7.715,7.715,33.9,0,Bars_Since_Flip:hi|D2D_ATR_MA:hi|Lower_Wick:lo|Micro_Entropy:lo|Micro_WickImbalance:lo|PrevDay_Close_Dist_ATR:hi|Session_High_Dist_ATR:hi|Sqz_Val:hi,213|217|244,23.685069225221305,23.826886,255,0.526013,-0.146893,-1,-2.7e-05,8.803955007256892,8.681536388140161
41711,2026.03.03 13:31,SHORT,6,6,6,0,18,10,10,0.5556,0.5556,8.459,8.459,64.2,0,AT_Lookback_ST:hi|AT_Score_LT:lo|Bars_Since_Flip:hi|D2D_ATR_MA:hi|Micro_CSSpread:hi|Micro_TickIntensity:hi|PrevDay_Close_Dist_ATR:hi|Session_High_Dist_ATR:hi|Sqz_Val:hi|Volume_Avg_10:hi,194|201|213|217|292|293,20.56350983954816,22.795326,232,0.392694,-0.175475,-1,-2.6e-05,17.045884868532983,16.47150210578053
41713,2026.03.03 13:33,SHORT,4,4,4,0,12,7,7,0.5833,0.5833,6.0,6.0,39.6,0,Bars_Since_Flip:hi|D2D_ATR_MA:hi|Micro_OrderFlowDelta:hi|PrevDay_Close_Dist_ATR:hi|Session_High_Dist_ATR:hi|Sqz_Val:hi|Volume_Avg_10:hi,213|217|291|293,18.309645368835348,21.531021,240,0.384774,0.60378,-1,-2.5e-05,11.61144858072867,11.371771386700862
41826,2026.03.03 15:26,LONG,5,5,5,0,15,10,10,0.6667,0.6667,8.32,8.32,-253.0,1,AT_Regime_LT:==1|Harmonic_OBVf_Concordance:==0|KAMA_Dist:lo|Lower_Wick:lo|Micro_VPIN:lo|Micro_WickImbalance:hi|OR_High_Side:==-1|PrevDay_High_Side:==-1|ST_Flip_Event:==-1|Slope_Accel_ST:lo,72|74|75|116|162,16.005998118675585,23.811368,116,0.34556,-0.377971,1,-1.5e-05,13.933964781772266,13.604790342516026
41891,2026.03.03 16:31,LONG,3,3,3,0,9,7,7,0.7778,0.7778,6.614,6.614,252.0,0,D2D_Signal:==1|Micro_CSSpread:lo|Micro_Hurst:hi|Momentum_Value:hi|PoC_Side:==1|ST_Flip_Event:==1|Upper_Wick:hi,117|119|180,27.956483577639165,97.73219,502,0.531498,-0.194409,1,9.8e-05,8.665108670454496,8.56108508618842
41958,2026.03.03 17:38,SHORT,4,4,4,0,12,6,6,0.5,0.5,5.117,5.117,86.0,0,AT_Lookback_ST:hi|D2D_ATR_MA:hi|Micro_OrderFlowDelta:hi|Micro_TickIntensity:hi|Session_High_Dist_ATR:hi|Sqz_Val:hi,194|217|291|292,19.34237005641432,40.909979,461,0.403639,0.537766,-1,-6.1e-05,11.61144858072867,11.371771386700862
41964,2026.03.03 17:44,SHORT,5,5,5,0,15,10,10,0.6667,0.6667,8.32,8.32,90.5,0,D2D_ATR_MA:hi|Micro_OrderFlowDelta:hi|Micro_TickIntensity:hi|PrevDay_Close_Dist_ATR:hi|Session_High_Dist_ATR:hi|Slope_Accel_ST:hi|Slope_EMA_ST:hi|Sqz_Val:hi|VA_Position:hi|Volume_Avg_10:hi,217|288|291|292|293,24.89412974538946,35.239023,446,0.394924,0.468231,-1,0.000163,14.358215859511613,13.967131712972364
41980,2026.03.03 18:00,SHORT,6,6,6,0,18,11,11,0.6111,0.6111,9.721,9.721,96.6,0,AT_Lookback_ST:hi|D2D_ATR_MA:hi|Micro_FailedBreak:lo|Micro_FractalDim:lo|Micro_HLAsymmetry:hi|Micro_TickIntensity:hi|Micro_VolAccel:hi|PrevDay_Close_Dist_ATR:hi|Session_High_Dist_ATR:hi|Sqz_Val:hi|Volume_Avg_10:hi,194|217|247|248|292|293,19.45380455352012,31.786156,439,0.486477,-0.644935,-1,-6.1e-05,17.045884868532983,16.47150210578053
41983,2026.03.03 18:03,LONG,7,7,7,0,21,14,14,0.6667,0.6667,12.079,12.079,2361.1,0,AT_Score_LT:lo|Body_Size:hi|D2D_Signal:==1|Micro_MicroGap:lo|Micro_PriceAccel:hi|Micro_RangeAccel:hi|OR_High_Side:==-1|OR_Low_Side:==-1|PoC_Side:==1|RangeOsc_State:==-2|Slope_Accel_LT:hi|Upper_Wick:hi|VWAP_Sigma:hi|WeeklyOpen_Side:==-1,8|10|11|12|108|140|180,20.522212468360863,47.681627,466,0.555071,0.608201,1,0.000102,18.856446644718016,18.199528660922656
41984,2026.03.03 18:04,LONG,6,3,3,0,18,12,12,0.6667,0.6667,10.699,10.699,236.4,0,AT_Regime_LT:==1|AT_Score_LT:lo|AT_Slope_LT:lo|Body_Size:hi|Micro_Entropy:lo|Micro_FailedBreak:hi|Micro_MicroGap:lo|Micro_MomoTransfer:hi|Micro_RangeAccel:lo|OR_High_Side:==-1|Slope_Accel_LT:hi|VWAP_Sigma:hi,8|10|12|15|85|100,22.44590729698601,70.700487,450,0.564976,0.685992,1,0.000159,16.435780104648117,15.954503499974125
41987,2026.03.03 18:07,LONG,7,5,5,0,21,13,13,0.619,0.619,11.782,11.782,216.0,0,AT_Score_LT:lo|Bar_Range:hi|Efficiency_Ratio:hi|Micro_Lambda:lo|Micro_MicroGap:lo|Micro_RangeVelocity:lo|Micro_TickIntensity:hi|OBV_Macd:lo|OR_High_Side:==-1|PrevDay_Low_Side:==-1|RangeOsc_State:==2|Slope_Accel_LT:hi|VWAP_Sigma:hi,8|12|46|48|69|149|150,28.578565816459943,41.019642,405,0.574837,0.0,1,0.000284,18.856446644718016,18.199528660922656
41989,2026.03.03 18:09,LONG,5,3,3,0,15,9,9,0.6,0.6,8.035,8.035,122.7,0,AT_Score_LT:lo|Bar_Range:hi|Micro_MicroGap:lo|Micro_TickIntensity:hi|OBV_Macd:lo|OR_High_Side:==-1|PrevDay_Low_Side:==-1|Slope_Accel_LT:hi|VWAP_Sigma:hi,8|12|48|149|150,32.43951921319229,39.091652,429,0.52065,0.0,1,0.000316,13.933964781772266,13.604790342516026
41995,2026.03.03 18:15,LONG,9,6,6,0,27,17,17,0.6296,0.6296,14.482,14.482,118.2,0,AT_Regime_LT:==1|AT_Score_LT:lo|Bar_Range:hi|Body_Size:hi|Lower_Wick:lo|Micro_MicroGap:lo|Micro_MomoTransfer:hi|Micro_RangeAccel:lo|Micro_RangeVelocity:lo|Micro_TickIntensity:hi|Micro_VolOfVol:lo|Micro_WickImbalance:hi|OR_High_Side:==-1|PrevDay_Low_Side:==-1|Round_500_Dist_ATR:lo|Slope_Accel_LT:hi|VWAP_Sigma:hi,8|9|10|12|47|100|101|116|149,44.05777211348664,37.80495,397,0.465611,0.449677,1,0.000298,23.473053431498993,22.401786415067697
42018,2026.03.03 18:38,LONG,5,5,5,0,15,13,13,0.8667,0.8667,12.469,12.469,86.5,0,AT_Score_LT:lo|Bar_Range:hi|Bars_Since_Flip:hi|Lower_Wick:hi|Micro_MicroGap:lo|Micro_MomoTransfer:hi|Micro_RangeVelocity:hi|Micro_TickIntensity:hi|OR_High_Side:==-1|OR_Low_Side:==-1|PrevDay_Low_Dist_ATR:lo|Round_500_Dist_ATR:lo|VA_Position:hi,8|47|53|54|109,35.04678639508966,33.829571,438,0.405524,-0.354719,1,5.8e-05,13.933964781772266,13.604790342516026
42072,2026.03.03 19:32,LONG,3,3,3,0,9,8,8,0.8889,0.8889,7.715,7.715,96.6,0,ADX_Value:lo|AT_Lookback_ST:hi|Bars_Since_Flip:hi|Micro_CSSpread:hi|Micro_LogReturn:lo|Micro_PriceAccel:hi|Slope_EMA_ST:hi|Upper_Wick:hi,3|50|96,16.815366119891834,31.847484,359,0.547292,-0.455295,1,7.3e-05,8.665108670454496,8.56108508618842
42122,2026.03.03 20:22,LONG,5,5,5,0,15,12,12,0.8,0.8,11.368,11.368,77.5,0,ADX_Value:lo|AT_Lookback_ST:hi|AT_Score_LT:hi|Bars_Since_Flip:hi|Micro_CSSpread:hi|Micro_FailedBreak:hi|Micro_Rejection:lo|Round_500_Dist_ATR:lo|Slope_EMA_ST:hi|Upper_Wick:hi|VA_Position:hi|Volume_Avg_10:hi,3|7|50|54|182,18.514492507739785,30.913548,280,0.403955,0.582269,1,5.8e-05,13.933964781772266,13.604790342516026
42133,2026.03.03 20:33,LONG,4,4,4,0,12,9,9,0.75,0.75,8.123,8.123,69.2,0,Bars_Since_Flip:hi|DailyOpen_Side:==-1|Lower_Wick:lo|Micro_FailedBreak:hi|Micro_OrderFlowDelta:hi|Micro_Rejection:lo|Round_500_Dist_ATR:lo|VA_Position:hi|Volume_Avg_10:hi,54|103|104|182,28.86534354609749,33.824495,339,0.501771,0.45677,1,0.000137,11.345701020588308,11.143020262773083
42197,2026.03.03 21:37,LONG,7,7,7,0,21,17,17,0.8095,0.8095,16.127,16.127,294.0,0,Bars_Since_Flip:hi|D2D_Signal:==1|DailyOpen_Side:==-1|Micro_AutoCorr:hi|Micro_Entropy:lo|Micro_HLAsymmetry:hi|Micro_PriceAccel:hi|OBVf_Signal:==-1|OR_High_Side:==1|Round_500_Dist_ATR:lo|Session_High_Dist_ATR:lo|Slope_Accel_LT:lo|TChan_A15:hi|VA_Position:hi|VWAP_Sigma:hi|Volume:hi|Volume_Ratio_10:hi,54|83|108|145|153|161|188,24.736025366417127,96.437718,475,0.466254,1.327282,1,5.3e-05,18.856446644718016,18.199528660922656
42282,2026.03.03 23:02,SHORT,3,3,3,0,9,6,6,0.6667,0.6667,5.349,5.349,33.9,0,Micro_BarEntropy:lo|Micro_HLAsymmetry:lo|Micro_Hurst:hi|Micro_Lambda:hi|Micro_RangeVelocity:lo|Session_High_Dist_ATR:lo,240|253|255,18.857131697073,23.877017,140,0.525916,-0.439753,-1,-2e-05,8.803955007256892,8.681536388140161
42451,2026.03.04 03:06,SHORT,5,5,5,0,15,12,12,0.8,0.8,11.368,11.368,70.5,0,D2D_Dn_Count:hi|D2D_Signal:==-1|DailyOpen_Dist_ATR:lo|Micro_IBSP:lo|Micro_MicroGap:lo|Micro_OrderFlowDelta:lo|Micro_VolOfVol:lo|PrevDay_High_Dist_ATR:lo|PrevDay_Low_Side:==1|VAH_Side:==0|VWAP_Sigma:lo|VWAP_Sigma_ATR:lo,218|229|261|265|271,17.461309053665193,28.503948,272,0.485527,-0.789364,-1,-2.3e-05,14.358215859511613,13.967131712972364
42488,2026.03.04 03:43,SHORT,5,5,5,0,15,11,11,0.7333,0.7333,10.009,10.009,251.0,0,AT_Regime_ST:==0|AT_Slope_ST:hi|D2D_ATR_MA:hi|DailyOpen_Side:==-1|Lower_Wick:lo|Micro_BarEntropy:lo|Micro_MicroGap:lo|Micro_OrderFlowDelta:lo|Micro_RangeVelocity:lo|Upper_Wick:hi|VWAP_Sigma:lo,204|205|216|261|269,23.79986664886269,22.179328,190,0.393026,-0.360696,-1,0.00011,14.358215859511613,13.967131712972364
43285,2026.03.04 17:00,LONG,9,9,9,0,27,18,18,0.6667,0.6667,15.206,15.206,378.0,0,D2D_Signal:==1|Micro_FailedBreak:hi|Micro_HLAsymmetry:hi|Micro_LogReturn:hi|Micro_Rejection:lo|Micro_TickIntensity:lo|Micro_VolOfVol:hi|Micro_WickImbalance:lo|OBVf_Signal:==-1|OR_High_Side:==-1|PoC_Side:==1|Session_High_Dist_ATR:lo|Slope_Accel_LT:lo|Upper_Wick:hi|VWAP_Dist_ATR:lo|VWAP_Side:==1|Volume:hi|Volume_Avg_10:hi,145|153|156|158|159|161|180|181|182,16.487044450610917,78.914055,449,0.435895,0.671617,1,0.000161,23.473053431498993,22.401786415067697
43357,2026.03.04 18:12,SHORT,5,5,5,0,15,11,11,0.7333,0.7333,10.009,10.009,81.5,0,Bar_Range:hi|D2D_Dn_Count:hi|D2D_Signal:==-1|Micro_BarEntropy:lo|Micro_HLAsymmetry:lo|Micro_Hurst:hi|Micro_IBSP:lo|Micro_VolOfVol:lo|PrevDay_Low_Dist_ATR:hi|Session_High_Dist_ATR:lo|VWAP_Sigma_ATR:lo,210|218|240|253|271,23.68247961065409,32.091873,321,0.531558,-0.872495,-1,-4.5e-05,14.358215859511613,13.967131712972364
43439,2026.03.04 19:34,SHORT,4,4,4,0,12,7,7,0.5833,0.5833,6.0,6.0,72.8,0,ATR_1M:hi|Micro_BarOverlap:lo|Micro_CSSpread:hi|Micro_HLAsymmetry:hi|MultiDay_Slope:hi|OR_High_Side:==1|RangeOsc_State:==2,191|192|243|252,20.090764305217363,35.339688,294,0.555269,0.537639,-1,-0.000107,11.61144858072867,11.371771386700862
43852,2026.03.05 03:42,SHORT,4,4,4,0,12,10,10,0.8333,0.8333,9.524,9.524,95.6,0,D2D_Dynamic_Sensitivity:lo|DailyOpen_Dist_ATR:lo|Micro_Entropy:lo|Micro_OrderFlowDelta:lo|MultiDay_Position:hi|PrevDay_High_Dist_ATR:lo|PrevDay_Low_Side:==1|Slope_Accel_LT:lo|VAH_Side:==0|VWAP_Z:lo,225|229|246|265,43.41292275431787,44.770575,277,0.50681,-1.206149,-1,-5.1e-05,11.61144858072867,11.371771386700862
44621,2026.03.05 16:31,LONG,8,8,8,0,24,16,16,0.6667,0.6667,13.662,13.662,477.6,0,AT_Regime_ST:==1|AT_Score_LT:lo|Bars_Since_Flip:hi|D2D_Dynamic_Sensitivity:lo|D2D_Signal:==1|Micro_Hurst:hi|Micro_MicroGap:lo|Micro_VolOfVol:hi|Momentum_Value:hi|OBV_Macd:lo|OR_High_Side:==-1|OR_Low_Side:==-1|PoC_Side:==1|PrevDay_Low_Dist_ATR:lo|Upper_Wick:hi|Volume_Ratio_10:hi,8|53|63|99|115|118|132|180,28.74551413867323,54.761093,499,0.580272,0.082175,1,-4.4e-05,21.20075584842148,20.34657927196911
44626,2026.03.05 16:36,LONG,10,10,10,0,30,16,16,0.5333,0.5333,13.327,13.327,330.0,0,ADX_Value:hi|AT_Regime_ST:==1|AT_Score_LT:lo|Bars_Since_Flip:hi|Body_Size:hi|Micro_MicroGap:lo|Micro_PriceAccel:lo|Micro_RangeAccel:hi|Micro_VolOfVol:hi|Micro_WickImbalance:lo|OBV_Macd:lo|OR_High_Side:==-1|OR_Low_Side:==-1|PrevDay_Low_Dist_ATR:lo|Slope_Accel_LT:hi|Volume_Ratio_10:hi,8|10|11|51|53|99|115|128|132|148,34.225203966183074,60.032978,444,0.3077,-0.024986,1,-3.6e-05,25.67729340170544,24.370762681353153
44647,2026.03.05 16:57,SHORT,4,4,4,0,12,9,9,0.75,0.75,8.123,8.123,646.0,0,ATR_1M:hi|KAMA_Dist:hi|Micro_HLAsymmetry:hi|Micro_IBSP:hi|MultiDay_Slope:hi|OBVf_Signal:==1|PrevDay_Close_Side:==-1|RangeOsc_State:==2|Round_500_Dist_ATR:lo,192|234|252|279,20.761265867694828,39.154776,406,0.36332,1.047126,-1,5.6e-05,11.61144858072867,11.371771386700862
44743,2026.03.05 18:33,SHORT,4,4,4,0,12,8,8,0.6667,0.6667,6.928,6.928,41.6,0,D2D_ATR_MA:hi|Micro_TickIntensity:hi|Momentum_Value:hi|PrevDay_Close_Dist_ATR:hi|Session_High_Dist_ATR:hi|Sqz_Val:hi|TChan_A15:hi|Volume_Avg_10:hi,217|273|292|293,20.576285954977056,22.335794,323,0.386096,-0.537254,-1,-2.3e-05,11.61144858072867,11.371771386700862
44748,2026.03.05 18:38,SHORT,4,4,4,0,12,8,8,0.6667,0.6667,6.928,6.928,49.6,0,D2D_ATR_MA:hi|Micro_TickIntensity:hi|Momentum_Value:hi|PrevDay_Close_Dist_ATR:hi|Session_High_Dist_ATR:hi|Sqz_Val:hi|TChan_A15:hi|Volume_Avg_10:hi,217|273|292|293,16.14694290999914,25.646688,354,0.426697,-0.27294,-1,7.9e-05,11.61144858072867,11.371771386700862
44802,2026.03.05 19:32,SHORT,4,4,4,0,12,8,8,0.6667,0.6667,6.735,6.735,64.0,0,Micro_AutoCorr:lo|Micro_Entropy:lo|Micro_TickIntensity:hi|Micro_WickImbalance:lo|OBV_Velocity:lo|OBVf_DirStepCount:hi|VAL_Side:==0|WeeklyOpen_Side:==-1,237|245|275|277,34.5245969414237,31.719189,366,0.403424,0.031527,-1,-0.000141,11.61144858072867,11.371771386700862
44874,2026.03.05 20:44,LONG,6,6,6,0,18,15,15,0.8333,0.8333,13.877,13.877,-768.6,1,AT_Regime_ST:==1|Bars_Since_Flip:hi|D2D_Signal:==1|EMA_Oscillator:hi|Micro_PriceAccel:hi|MultiDay_Position:lo|OBV_Macd:lo|OR_Low_Side:==-1|PrevDay_Low_Side:==-1|RangeOsc_State:==-2|Sqz_State:==1|Sqz_Val:hi|VWAP_Sigma:hi|Volume_Avg_10:hi|WeeklyOpen_Side:==-1,56|67|108|130|140|179,15.509212885834838,31.285464,286,0.230061,0.159819,1,-2.7e-05,16.435780104648117,15.954503499974125
44882,2026.03.05 20:52,SHORT,4,4,4,0,12,9,9,0.75,0.75,8.485,8.485,58.8,0,AT_Score_LT:lo|Micro_CSSpread:hi|Micro_HLAsymmetry:lo|Micro_LogReturn:hi|Micro_ThrustEff:lo|MultiDay_Slope:hi|Slope_Accel_ST:lo|VAL_Side:==-1|Volume_Avg_10:hi,201|254|258|285,17.108180970449073,29.45098,324,0.543318,0.560253,-1,-4.1e-05,11.61144858072867,11.371771386700862
44966,2026.03.05 22:16,LONG,4,4,4,0,12,9,9,0.75,0.75,8.123,8.123,184.8,0,AT_Slope_LT:lo|Micro_FailedBreak:hi|Micro_HLAsymmetry:lo|Micro_LogReturn:hi|Micro_MicroGap:hi|Micro_RangeAccel:lo|Micro_TickIntensity:hi|Micro_VPIN:lo|Micro_VolOfVol:hi,15|88|94|95,30.014848187022896,27.32851,349,0.423541,0.658653,1,0.000196,11.345701020588308,11.143020262773083
46015,2026.03.06 17:00,LONG,45,45,21,1,135,49,49,0.363,0.363,32.041,32.041,882.0,0,AT_Lookback_ST:hi|AT_Regime_ST:==1|AT_Slope_LT:lo|AT_Slope_ST:lo|Bar_Range:hi|Bars_Since_Flip:hi|Body_Size:hi|D2D_ATR:hi|D2D_ATR_MA:hi|D2D_DirStep:==1|D2D_Signal:==1|DailyOpen_Side:==-1|KAMA_Dist:hi|Lower_Wick:lo|Micro_Amihud:hi|Micro_AutoCorr:hi|Micro_BarOverlap:lo|Micro_FailedBreak:hi|Micro_HLAsymmetry:hi|Micro_LogReturn:hi|Micro_OrderFlowDelta:hi|Micro_PriceAccel:hi|Micro_RangeAccel:hi|Micro_RangeVelocity:hi|Micro_Rejection:lo|Micro_RollProxy:hi|Micro_VolOfVol:hi|Micro_WickImbalance:lo|Momentum_Value:hi|MultiDay_Position:lo|OBV_Macd:lo|OR_Low_Side:==-1|OR_Position:lo|PoC_Side:==1|PrevDay_Low_Dist_ATR:lo|PrevDay_Low_Side:==-1|RangeOsc_State:==-1|RangeOsc_Val:lo|Round_100_Dist_ATR:lo|Session_Low_Dist_ATR:lo|Slope_EMA_ST:lo|Sqz_State:==1|Upper_Wick:hi|VWAP_Side:==-1|VWAP_Sigma:hi|VWAP_Sigma_ATR:lo|Volume:hi|Volume_Avg_10:hi|Volume_Ratio_10:hi,2|4|14|16|19|21|22|23|24|25|26|30|33|36|37|38|39|41|42|43|44|49|52|53|56|57|58|60|70|80|103|104|108|111|115|132|165|167|170|172|175|176|177|180|182,23.02145860539197,136.486581,528,0.471082,0.802277,1,-0.000122,76.61812763626206,62.8018733871313
46016,2026.03.06 17:01,LONG,31,19,19,0,93,39,39,0.4194,0.4194,25.633,25.633,798.0,0,AT_Lookback_ST:hi|AT_Regime_LT:==1|AT_Regime_ST:==1|AT_Slope_LT:lo|AT_Slope_ST:lo|Bar_Range:hi|Bars_Since_Flip:hi|D2D_ATR:hi|D2D_ATR_MA:hi|D2D_DirStep:==1|D2D_Signal:==0|KAMA_Dist:hi|Micro_Amihud:hi|Micro_AutoCorr:hi|Micro_HLAsymmetry:hi|Micro_Lambda:lo|Micro_MicroGap:hi|Micro_OrderFlowDelta:lo|Micro_PriceAccel:lo|Micro_RangeAccel:lo|Micro_RangeVelocity:lo|Micro_Rejection:lo|Micro_RollProxy:hi|Micro_VolOfVol:hi|Micro_WickImbalance:lo|Momentum_Value:hi|MultiDay_Position:lo|OBV_Macd:lo|OR_Low_Side:==-1|OR_Position:lo|PrevDay_Low_Dist_ATR:lo|PrevDay_Low_Side:==-1|RangeOsc_State:==-1|RangeOsc_Val:lo|Round_100_Dist_ATR:lo|Slope_EMA_ST:lo|Upper_Wick:hi|Volume:hi|Volume_Avg_10:hi,2|14|19|21|24|32|33|36|37|38|40|41|42|43|49|51|53|56|58|60|70|80|111|115|124|126|166|167|173|175|176,24.06844752861618,98.130267,484,0.464383,0.0,1,-0.000116,60.772218820870066,52.30329971386627
46018,2026.03.06 17:03,LONG,18,18,18,0,54,26,26,0.4815,0.4815,18.663,18.663,612.0,0,AT_Regime_ST:==1|AT_Slope_ST:lo|Bars_Since_Flip:hi|D2D_ATR:hi|D2D_ATR_MA:hi|D2D_Signal:==0|EMA_Oscillator:hi|KAMA_Dist:hi|Lower_Wick:hi|Micro_BarOverlap:lo|Micro_PriceAccel:lo|Micro_VolOfVol:hi|Momentum_Value:hi|MultiDay_Position:lo|MultiDay_Slope:lo|OBV_Macd:lo|OBVf_Signal:==1|OR_Low_Side:==-1|OR_Position:lo|PrevDay_Low_Dist_ATR:lo|PrevDay_Low_Side:==-1|RangeOsc_State:==-1|Slope_EMA_ST:lo|VWAP_Sigma:hi|Volume:hi|Volume_Avg_10:hi,18|25|35|36|37|38|40|51|53|56|58|60|67|70|115|129|164|176,25.011964614452936,61.694264,452,0.470991,-0.170194,1,-0.000104,41.238202492134135,37.559158007015945
46019,2026.03.06 17:04,LONG,26,11,11,0,78,34,34,0.4359,0.4359,24.071,24.071,410.3,0,AT_Regime_ST:==1|AT_Score_LT:lo|AT_Slope_LT:lo|AT_Slope_ST:lo|Bars_Since_Flip:hi|Body_Size:hi|D2D_ATR:hi|D2D_ATR_MA:hi|D2D_Signal:==0|EMA_Oscillator:hi|Efficiency_Ratio:hi|KAMA_Dist:hi|Lower_Wick:hi|Micro_FailedBreak:hi|Micro_MicroGap:lo|Micro_OrderFlowDelta:hi|Micro_RangeVelocity:hi|Micro_VPIN:lo|Micro_VolOfVol:hi|Micro_WickImbalance:lo|Momentum_Value:hi|MultiDay_Position:lo|OBV_Macd:lo|OBVf_Signal:==1|OR_High_Side:==-1|OR_Low_Side:==-1|OR_Position:lo|PrevDay_Low_Dist_ATR:lo|PrevDay_Low_Side:==-1|RangeOsc_State:==-1|Slope_EMA_ST:lo|VWAP_Side:==-1|Volume:hi|Volume_Avg_10:hi,8|16|18|26|30|34|35|36|37|38|39|40|53|56|58|60|67|70|99|115|122|164|165|172|176|177,25.36366187648281,67.097159,464,0.416285,0.462017,1,-9.7e-05,53.933459433015955,47.371944708310544
46021,2026.03.06 17:06,LONG,21,16,10,1,63,30,30,0.4762,0.4762,20.799,20.799,420.0,0,AT_Regime_LT:==1|AT_Regime_ST:==1|AT_Score_LT:lo|AT_Slope_ST:lo|Bars_Since_Flip:hi|Body_Size:hi|D2D_ATR:hi|D2D_ATR_MA:hi|D2D_Signal:==0|EMA_Oscillator:hi|KAMA_Dist:hi|Micro_Amihud:hi|Micro_MicroGap:lo|Micro_OrderFlowDelta:hi|Micro_RangeAccel:lo|Micro_RangeVelocity:lo|Micro_VPIN:lo|Micro_VolOfVol:hi|Micro_WickImbalance:lo|Momentum_Value:hi|MultiDay_Position:lo|OBVf_Signal:==1|OR_High_Side:==-1|OR_Low_Side:==-1|OR_Position:lo|PrevDay_Low_Dist_ATR:lo|PrevDay_Low_Side:==-1|Slope_EMA_ST:lo|Volume:hi|Volume_Avg_10:hi,8|30|32|34|35|36|37|38|39|40|53|56|58|60|67|70|80|99|115|173|176,25.993487075322022,75.751818,478,0.420552,0.0,1,-8.6e-05,46.28470196545552,41.56260791425236
46028,2026.03.06 17:13,LONG,31,23,21,1,93,35,35,0.3763,0.3763,26.282,26.282,1285.2,0,AT_Lookback_ST:hi|AT_Regime_ST:==1|AT_Score_LT:lo|AT_Slope_LT:lo|AT_Slope_ST:lo|Bars_Since_Flip:hi|Body_Size:hi|D2D_ATR:hi|D2D_Signal:==0|EMA_Oscillator:hi|KAMA_Dist:hi|Micro_Amihud:hi|Micro_FailedBreak:hi|Micro_HLAsymmetry:hi|Micro_Hurst:hi|Micro_MicroGap:hi|Micro_RangeAccel:hi|Micro_RollProxy:hi|Momentum_Value:hi|MultiDay_Position:lo|OBV_Macd:lo|OR_Low_Side:==-1|PrevDay_High_Side:==-1|PrevDay_Low_Dist_ATR:lo|PrevDay_Low_Side:==-1|RangeOsc_State:==-2|Round_1000_Dist_ATR:lo|Slope_Accel_LT:hi|Slope_EMA_ST:lo|Sqz_State:==1|Sqz_Val:hi|VWAP_Side:==-1|VWAP_Sigma:hi|Volume_Avg_10:hi|WeeklyOpen_Side:==-1,2|4|10|11|12|13|14|16|17|26|28|29|38|39|40|41|53|56|58|67|70|80|118|126|130|140|148|152|168|169|179,22.53915426906229,55.962292,440,0.531325,0.455664,1,-6.4e-05,60.772218820870066,52.30329971386627
46035,2026.03.06 17:20,LONG,9,6,6,0,27,17,17,0.6296,0.6296,14.765,14.765,79.2,0,AT_Score_LT:lo|D2D_ATR:hi|Harmonic_LLEMA:hi|Micro_MicroGap:lo|Micro_RangeAccel:hi|Micro_Rejection:lo|Micro_TickIntensity:hi|OBV_Macd:lo|OR_High_Side:==-1|OR_Low_Side:==-1|PrevDay_High_Dist_ATR:hi|PrevDay_Low_Side:==-1|RangeOsc_State:==-2|Slope_Accel_LT:hi|VWAP_Sigma:hi|Volume_Avg_10:hi|WeeklyOpen_Side:==-1,8|11|12|59|123|140|149|150|185,26.37925085097678,27.075146,438,0.381335,-0.406277,1,0.000169,23.473053431498993,22.401786415067697
46037,2026.03.06 17:22,LONG,4,4,4,0,12,10,10,0.8333,0.8333,9.524,9.524,83.2,0,AT_Score_LT:lo|AT_Slope_LT:lo|Body_Size:hi|Efficiency_Ratio:hi|Micro_FailedBreak:hi|Micro_RangeAccel:lo|Micro_RangeVelocity:lo|RangeOsc_State:==2|Slope_Accel_LT:hi|VWAP_Sigma:hi,10|12|15|69,26.94267451280516,39.650159,438,0.336472,0.504412,1,0.000206,11.345701020588308,11.143020262773083
46038,2026.03.06 17:23,LONG,4,4,4,0,12,7,7,0.5833,0.5833,6.0,6.0,96.4,0,D2D_ATR:hi|Harmonic_LLEMA:hi|Micro_LogReturn:lo|Micro_Rejection:lo|OBV_Macd:lo|PrevDay_High_Dist_ATR:hi|Volume_Avg_10:hi,59|123|125|185,27.920966179363987,45.218207,410,0.274956,-0.276437,1,0.000213,11.345701020588308,11.143020262773083
46042,2026.03.06 17:27,LONG,5,5,5,0,15,10,10,0.6667,0.6667,9.125,9.125,125.0,0,D2D_ATR:hi|Micro_Rejection:lo|OR_Low_Side:==-1|PrevDay_High_Dist_ATR:hi|RangeOsc_State:==-2|Slope_Accel_LT:hi|Sqz_State:==1|Sqz_Val:hi|Volume_Avg_10:hi|WeeklyOpen_Side:==-1,59|140|152|179|185,28.80035458616197,46.664523,428,0.400065,-0.235725,1,0.00015,13.933964781772266,13.604790342516026
46070,2026.03.06 17:55,LONG,19,19,19,0,57,29,29,0.5088,0.5088,21.415,21.415,756.2,0,AT_Regime_LT:==1|AT_Regime_ST:==1|AT_Slope_LT:lo|AT_Slope_ST:lo|Bar_Range:hi|D2D_ATR_MA:hi|D2D_DirStep:==1|D2D_Signal:==1|KAMA_Dist:hi|Lower_Wick:lo|Micro_Amihud:hi|Micro_AutoCorr:hi|Micro_BarOverlap:lo|Micro_FailedBreak:hi|Micro_LogReturn:hi|Micro_PriceAccel:hi|Micro_RangeVelocity:hi|Micro_RollProxy:hi|Micro_VolOfVol:hi|Micro_WickImbalance:hi|OR_Low_Side:==-1|OR_Position:lo|PrevDay_Low_Side:==-1|Slope_EMA_ST:lo|TChan_A15:hi|VWAP_Side:==-1|VWAP_Sigma:hi|Volume:hi|Volume_Ratio_10:hi,14|16|21|22|23|25|26|36|37|49|60|70|80|108|115|116|172|176|188,24.66583461191475,71.383846,426,0.469341,1.379864,1,-0.000129,42.962100437447624,38.94197630079839
46089,2026.03.06 18:14,LONG,8,8,8,0,24,13,13,0.5417,0.5417,10.843,10.843,292.8,0,AT_Regime_LT:==1|AT_Slope_ST:lo|Micro_Amihud:lo|Micro_Entropy:lo|Micro_HLAsymmetry:lo|Micro_MicroGap:hi|Micro_MomoTransfer:hi|Micro_RangeAccel:lo|Micro_RangeVelocity:lo|Micro_ThrustEff:lo|Micro_VPIN:hi|OBVf_Signal:==-1|OR_Low_Side:==-1,32|81|84|85|86|98|100|101,21.01510912806041,21.973664,347,0.374354,-0.2503,1,-0.000151,21.20075584842148,20.34657927196911
46091,2026.03.06 18:16,LONG,11,11,11,0,33,19,19,0.5758,0.5758,14.312,14.312,238.7,0,AT_Regime_ST:==1|AT_Slope_ST:lo|Bar_Range:hi|D2D_ATR:hi|D2D_DirStep:==-1|Micro_BarOverlap:lo|Micro_HLAsymmetry:hi|Micro_Lambda:lo|Micro_OrderFlowDelta:lo|Micro_RangeAccel:hi|Micro_RangeVelocity:hi|Micro_Rejection:lo|OR_Low_Side:==-1|PrevDay_High_Dist_ATR:hi|PrevDay_Low_Side:==-1|Round_100_Dist_ATR:lo|Slope_EMA_ST:lo|VWAP_Sigma:hi|Volume_Avg_10:hi,25|45|59|111|166|167|170|171|172|175|185,19.841879030031944,41.092737,399,0.463649,0.085173,1,-0.00016,27.817084794051137,26.258658030358355
46223,2026.03.06 20:28,LONG,5,5,5,0,15,13,13,0.8667,0.8667,12.469,12.469,81.0,0,AT_Regime_LT:==1|D2D_ATR:hi|Efficiency_Ratio:hi|Lower_Wick:lo|Micro_RangeVelocity:lo|Micro_Rejection:lo|Micro_VolOfVol:hi|Micro_WickImbalance:hi|Momentum_Value:lo|PrevDay_High_Dist_ATR:hi|RangeOsc_State:==2|Volume:hi|Volume_Avg_10:hi,59|69|116|121|185,21.354882000512955,32.033081,360,0.392186,-0.14048,1,2.2e-05,13.933964781772266,13.604790342516026
46331,2026.03.06 22:16,LONG,10,10,10,0,30,18,18,0.6,0.6,14.874,14.874,157.0,0,AT_Regime_ST:==1|AT_Slope_ST:lo|D2D_DirStep:==-1|Micro_BarOverlap:lo|Micro_FailedBreak:hi|Micro_HLAsymmetry:hi|Micro_RangeAccel:hi|Micro_RangeVelocity:hi|Micro_Rejection:lo|Momentum_Value:lo|OR_Low_Side:==-1|PrevDay_Low_Side:==-1|RangeOsc_State:==2|Round_100_Dist_ATR:lo|Round_500_Dist_ATR:lo|Slope_EMA_ST:lo|VWAP_Side:==-1|VWAP_Sigma:hi,25|26|31|111|120|167|170|171|172|175,16.926265630407414,31.207389,326,0.427271,0.688939,1,-0.000111,25.67729340170544,24.370762681353153
46332,2026.03.06 22:17,LONG,7,5,5,0,21,14,14,0.6667,0.6667,12.079,12.079,-522.0,1,AT_Regime_LT:==1|AT_Regime_ST:==1|AT_Slope_ST:lo|D2D_DirStep:==1|Micro_AutoCorr:hi|Micro_HLAsymmetry:hi|Micro_LogReturn:hi|Micro_RangeAccel:lo|Micro_RangeVelocity:lo|Micro_Rejection:lo|Micro_WickImbalance:lo|OR_Position:lo|PrevDay_Low_Side:==-1|Slope_EMA_ST:lo,21|22|24|32|111|167|173,16.34362126846399,25.358496,347,0.415901,-0.197173,1,-9.8e-05,18.856446644718016,18.199528660922656
46359,2026.03.06 22:44,SHORT,4,4,4,0,12,12,12,1.0,1.0,12.0,12.0,51.2,0,AT_Slope_ST:hi|D2D_ATR_MA:hi|OR_High_Dist_ATR:hi|PrevDay_Close_Side:==-1|RangeOsc_State:==2|Round_500_Dist_ATR:lo|Session_High_Dist_ATR:hi|Slope_Accel_ST:hi|Slope_EMA_ST:hi|Sqz_State:==-1|Sqz_Val:hi|VA_Position:hi,206|217|279|288,20.31036628229357,26.282139,295,0.546325,-0.43756,-1,0.000115,11.61144858072867,11.371771386700862
46360,2026.03.06 22:45,SHORT,8,4,4,0,24,19,19,0.7917,0.7917,17.213,17.213,139.2,0,AT_Slope_ST:hi|D2D_ATR_MA:hi|Micro_MicroGap:lo|Micro_TickIntensity:hi|Momentum_Value:hi|OR_High_Dist_ATR:hi|PrevDay_Close_Dist_ATR:hi|PrevDay_Close_Side:==-1|RangeOsc_State:==2|Round_500_Dist_ATR:lo|Session_High_Dist_ATR:hi|Slope_Accel_ST:hi|Slope_EMA_ST:hi|Sqz_State:==-1|Sqz_Val:hi|TChan_A15:hi|Upper_Wick:hi|VA_Position:hi|Volume_Avg_10:hi,205|206|217|273|279|288|292|293,19.846076366876343,20.984066,308,0.536936,0.0,-1,0.000114,22.250175986451605,21.221965111549544
46426,2026.03.09 01:06,SHORT,4,4,4,0,12,11,11,0.9167,0.9167,10.691,10.691,168.0,0,D2D_Dynamic_Sensitivity:lo|Micro_IBSP:lo|Micro_MomoTransfer:hi|Micro_OrderFlowDelta:lo|Micro_PriceAccel:hi|Micro_RangeAccel:lo|Micro_WickImbalance:hi|OBVf_Signal:==1|PrevDay_High_Dist_ATR:lo|Session_High_Dist_ATR:lo|VAH_Side:==0,222|257|263|265,25.56842148121857,342.512287,270,0.425029,-0.243787,-1,-0.000825,11.61144858072867,11.371771386700862
46466,2026.03.09 01:46,LONG,5,5,5,0,15,12,12,0.8,0.8,10.978,10.978,131.0,0,D2D_Signal:==1|DailyOpen_Dist_ATR:lo|Micro_LogReturn:hi|Micro_RangeVelocity:lo|Micro_VolOfVol:hi|Micro_WickImbalance:lo|OBV_Velocity:hi|PoC_Side:==1|Slope_Accel_LT:lo|Upper_Wick:hi|VWAP_Dist_ATR:lo|VWAP_Side:==1,133|155|159|180|181,28.070433163345527,48.613799,118,0.470541,0.298269,1,6.2e-05,13.933964781772266,13.604790342516026
46861,2026.03.09 08:21,LONG,5,5,5,0,15,11,11,0.7333,0.7333,9.666,9.666,383.0,0,AT_Regime_ST:==1|EMA_Oscillator:hi|KAMA_Dist:hi|Micro_Entropy:lo|Micro_Hurst:hi|Micro_MomoTransfer:hi|Micro_OrderFlowDelta:hi|Micro_RangeAccel:lo|Momentum_Value:hi|PrevDay_Low_Side:==-1|Session_High_Dist_ATR:lo,67|70|85|105|118,23.90284917175952,68.858322,260,0.528848,1.205374,1,4.5e-05,13.933964781772266,13.604790342516026
46878,2026.03.09 08:38,LONG,3,3,3,0,9,7,7,0.7778,0.7778,6.614,6.614,140.7,0,AT_Regime_ST:==1|D2D_ATR_MA:hi|EMA_Oscillator:hi|Micro_VPIN:lo|PrevDay_Low_Side:==-1|ST_Flip_Event:==-1|Slope_Accel_ST:lo,61|67|162,45.40457974098175,22.044291,149,0.563265,-0.408269,1,-0.0,8.665108670454496,8.56108508618842
47353,2026.03.09 16:33,SHORT,4,4,4,0,12,9,9,0.75,0.75,8.485,8.485,168.0,0,AT_Slope_LT:hi|D2D_Signal:==-1|Micro_MicroGap:hi|Micro_MomoTransfer:hi|Micro_RangeAccel:lo|Micro_ThrustEff:lo|OBVf_Signal:==1|PrevDay_Low_Side:==-1|VWAP_Sigma_ATR:lo,203|260|263|268,20.58623569469513,78.20876,497,0.461225,-0.051145,-1,1.4e-05,11.61144858072867,11.371771386700862
47402,2026.03.09 17:22,LONG,6,6,6,0,18,12,12,0.6667,0.6667,11.014,11.014,252.0,0,D2D_Signal:==1|DailyOpen_Dist_ATR:lo|DailyOpen_Side:==1|Micro_IBSP:hi|Micro_OrderFlowDelta:hi|OR_Low_Side:==-1|PrevDay_Low_Side:==-1|Round_500_Dist_ATR:lo|Session_High_Dist_ATR:lo|VWAP_Dist_ATR:lo|VWAP_Side:==1|Volume:hi,65|90|105|144|145|181,19.970694774114133,106.704728,462,0.448939,0.93248,1,0.000157,16.435780104648117,15.954503499974125
47407,2026.03.09 17:27,LONG,8,8,8,0,24,11,11,0.4583,0.4583,7.645,7.645,3006.4,0,ADX_Rising:==0|DailyOpen_Dist_ATR:lo|Harmonic_OBVf_Concordance:==0|KAMA_Dist:lo|Micro_WickImbalance:hi|OR_High_Side:==-1|PrevDay_High_Side:==-1|RangeOsc_State:==-1|Upper_Wick:hi|VWAP_Dist_ATR:lo|Volume:hi,71|72|74|75|76|77|78|79,17.03006224068503,57.388709,452,0.414659,-0.418201,1,0.000164,21.20075584842148,20.34657927196911
47416,2026.03.09 17:36,LONG,3,3,3,0,9,5,5,0.5556,0.5556,4.586,4.586,181.5,0,ADX_Rising:==1|D2D_Persist:hi|OR_Low_Side:==1|PrevDay_High_Dist_ATR:lo|PrevDay_Low_Side:==-1,64|135|137,15.95541818204415,55.385239,399,0.531038,0.704159,1,0.000102,8.665108670454496,8.56108508618842
47423,2026.03.09 17:43,LONG,4,4,4,0,12,12,12,1.0,1.0,12.0,12.0,74.8,0,AT_Lookback_LT:hi|D2D_Persist:hi|Efficiency_Ratio:hi|Micro_Amihud:lo|Micro_RangeAccel:lo|Micro_RangeVelocity:lo|Micro_VPIN:hi|OR_Low_Side:==1|PrevDay_Low_Side:==-1|RangeOsc_State:==2|VAH_Dist_ATR:hi|WeeklyOpen_Dist_ATR:lo,1|64|69|81,23.300023742901185,36.241373,382,0.283286,-0.193149,1,0.00023,11.345701020588308,11.143020262773083
47432,2026.03.09 17:52,LONG,6,6,6,0,18,11,11,0.6111,0.6111,8.875,8.875,280.2,0,ADX_Rising:==1|AT_Lookback_LT:hi|D2D_Persist:hi|Micro_OrderFlowDelta:hi|OR_Low_Side:==1|PrevDay_High_Dist_ATR:lo|PrevDay_Low_Side:==-1|Session_High_Dist_ATR:lo|Sqz_State:==1|VAH_Dist_ATR:hi|WeeklyOpen_Dist_ATR:lo,1|64|105|135|137|138,28.68291024274346,43.918716,316,0.525181,0.569233,1,0.000162,16.435780104648117,15.954503499974125
47437,2026.03.09 17:57,LONG,4,4,4,0,12,9,9,0.75,0.75,8.123,8.123,114.0,0,Bars_Since_Flip:hi|D2D_Persist:hi|Micro_OrderFlowDelta:hi|OR_Low_Side:==1|PrevDay_High_Dist_ATR:lo|PrevDay_Low_Side:==-1|Round_500_Dist_ATR:lo|Session_High_Dist_ATR:lo|VA_Position:hi,54|64|105|137,29.87542604185712,52.499478,415,0.416816,0.0,1,0.000191,11.345701020588308,11.143020262773083
47443,2026.03.09 18:03,LONG,7,7,7,0,21,14,14,0.6667,0.6667,11.454,11.454,161.7,0,ADX_Rising:==1|AT_Lookback_LT:hi|Bars_Since_Flip:hi|D2D_Persist:hi|Micro_OrderFlowDelta:hi|OR_Low_Side:==1|PrevDay_High_Dist_ATR:lo|PrevDay_Low_Side:==-1|Round_500_Dist_ATR:lo|Session_High_Dist_ATR:lo|Sqz_State:==1|VAH_Dist_ATR:hi|VA_Position:hi|WeeklyOpen_Dist_ATR:lo,1|54|64|105|135|137|138,25.63953287060141,43.46082,337,0.502568,0.230092,1,0.00017,18.856446644718016,18.199528660922656
47456,2026.03.09 18:16,LONG,5,5,5,0,15,9,9,0.6,0.6,7.585,7.585,87.5,0,ADX_Rising:==1|AT_Lookback_LT:hi|D2D_Persist:hi|OR_Low_Side:==1|PrevDay_High_Dist_ATR:lo|PrevDay_Low_Side:==-1|Sqz_State:==1|VAH_Dist_ATR:hi|WeeklyOpen_Dist_ATR:lo,1|64|135|137|138,26.673844695125737,34.18773,296,0.295686,0.0,1,0.000122,13.933964781772266,13.604790342516026
47507,2026.03.09 19:07,LONG,5,5,5,0,15,10,10,0.6667,0.6667,8.32,8.32,207.5,0,ADX_Rising:==1|AT_Lookback_LT:hi|Micro_OrderFlowDelta:hi|OR_Low_Side:==1|PrevDay_High_Dist_ATR:lo|PrevDay_Low_Side:==-1|Session_High_Dist_ATR:lo|Sqz_State:==1|VAH_Dist_ATR:hi|WeeklyOpen_Dist_ATR:lo,1|105|135|137|138,20.369404580236544,37.073428,243,0.304529,0.404602,1,1.8e-05,13.933964781772266,13.604790342516026
47538,2026.03.09 19:38,LONG,3,3,3,0,9,8,8,0.8889,0.8889,7.715,7.715,427.8,0,D2D_Persist:hi|Micro_Lambda:lo|Micro_MicroGap:hi|Micro_ThrustEff:lo|OBVf_Signal:==-1|OR_Low_Side:==1|OR_Position:hi|PrevDay_Low_Side:==-1,64|93|98,19.944723844322773,24.762603,302,0.556355,0.242301,1,3.7e-05,8.665108670454496,8.56108508618842
47547,2026.03.09 19:47,LONG,5,4,4,0,15,9,9,0.6,0.6,7.292,7.292,-381.6,1,ADX_Rising:==1|D2D_Persist:hi|Micro_OrderFlowDelta:hi|Micro_TickIntensity:hi|OR_Low_Side:==1|PrevDay_High_Dist_ATR:lo|PrevDay_Low_Side:==-1|Session_High_Dist_ATR:lo|Slope_Accel_LT:hi,64|105|135|137|149,24.708115847540988,23.103195,236,0.471832,0.302988,1,0.000153,13.933964781772266,13.604790342516026
47625,2026.03.09 21:05,LONG,5,5,5,0,15,9,9,0.6,0.6,7.585,7.585,93.5,0,ADX_Rising:==1|AT_Lookback_LT:hi|D2D_Persist:hi|OR_Low_Side:==1|PrevDay_High_Dist_ATR:lo|PrevDay_Low_Side:==-1|Sqz_State:==1|VAH_Dist_ATR:hi|WeeklyOpen_Dist_ATR:lo,1|64|135|137|138,28.650617327651112,36.234856,271,0.334396,1.034915,1,6.7e-05,13.933964781772266,13.604790342516026
47642,2026.03.09 21:22,LONG,5,5,5,0,15,11,11,0.7333,0.7333,10.009,10.009,111.5,0,ADX_Rising:==1|AT_Lookback_LT:hi|D2D_Persist:hi|Micro_Amihud:lo|Micro_RangeAccel:lo|Micro_VPIN:hi|OR_Low_Side:==1|PrevDay_High_Dist_ATR:lo|PrevDay_Low_Side:==-1|VAH_Dist_ATR:hi|WeeklyOpen_Dist_ATR:lo,1|64|81|135|137,28.58829150645139,42.195852,335,0.501231,-0.142194,1,0.000111,13.933964781772266,13.604790342516026
47655,2026.03.09 21:35,LONG,5,5,5,0,15,8,8,0.5333,0.5333,6.42,6.42,103.0,0,ADX_Rising:==1|D2D_Persist:hi|Micro_OrderFlowDelta:hi|OR_Low_Side:==1|PrevDay_High_Dist_ATR:lo|PrevDay_Low_Side:==-1|Session_High_Dist_ATR:lo|Sqz_State:==1,64|105|135|137|138,32.010752472339995,39.287461,262,0.38503,-0.063634,1,5.4e-05,13.933964781772266,13.604790342516026
47697,2026.03.09 22:17,LONG,5,5,5,0,15,12,12,0.8,0.8,10.364,10.364,1997.0,0,AT_Lookback_LT:hi|D2D_Signal:==1|DailyOpen_Dist_ATR:lo|Micro_PriceAccel:hi|OBV_Velocity:hi|PoC_Side:==1|Session_High_Dist_ATR:lo|Upper_Wick:hi|VAH_Dist_ATR:hi|VWAP_Sigma:hi|Volume:hi|WeeklyOpen_Dist_ATR:lo,1|108|133|145|180,17.368191585542412,47.901574,390,0.404028,0.814169,1,5.8e-05,13.933964781772266,13.604790342516026
48131,2026.03.10 06:46,SHORT,3,3,3,0,9,8,8,0.8889,0.8889,7.715,7.715,31.2,0,D2D_Dynamic_Sensitivity:lo|Micro_Entropy:lo|Micro_Rejection:hi|MultiDay_Position:hi|PrevDay_High_Dist_ATR:lo|PrevDay_High_Side:==1|Slope_Accel_LT:lo|VWAP_Z:lo,225|246|283,38.318548465990496,22.366719,230,0.586489,0.223546,-1,-0.000106,8.803955007256892,8.681536388140161
48672,2026.03.10 15:47,LONG,5,5,5,0,15,10,10,0.6667,0.6667,9.125,9.125,66.5,0,AT_Regime_ST:==1|AT_Score_LT:lo|Bars_Since_Flip:hi|Micro_Amihud:hi|Micro_CSSpread:hi|Micro_MicroGap:lo|Micro_PriceAccel:lo|OR_High_Side:==-1|OR_Low_Side:==-1|Upper_Wick:hi,8|50|51|80|99,17.54706064603131,27.146497,174,0.481417,-0.147349,1,-4.1e-05,13.933964781772266,13.604790342516026
48963,2026.03.10 20:38,SHORT,4,4,4,0,12,9,9,0.75,0.75,8.485,8.485,892.8,0,ATR_1M:hi|D2D_ATR:hi|Lower_Wick:hi|Micro_CSSpread:hi|Micro_LogReturn:lo|MultiDay_Slope:hi|PrevDay_High_Side:==1|RangeOsc_State:==2|WeeklyOpen_Dist_ATR:hi,191|192|215|259,34.281158629005766,37.69207,406,0.416314,-0.238777,-1,-0.000206,11.61144858072867,11.371771386700862
48997,2026.03.10 21:12,SHORT,5,4,4,0,15,11,11,0.7333,0.7333,10.009,10.009,838.0,0,ATR_1M:hi|Bar_Range:hi|Micro_BarOverlap:lo|Micro_GarmanKlass:hi|Micro_HLAsymmetry:hi|MultiDay_Slope:hi|OR_High_Side:==1|PrevDay_High_Side:==1|PrevDay_Low_Dist_ATR:hi|RangeOsc_State:==2|WeeklyOpen_Dist_ATR:hi,192|212|243|250|252,22.20613094006946,35.413445,296,0.478192,0.536519,-1,-8.8e-05,14.358215859511613,13.967131712972364
48999,2026.03.10 21:14,SHORT,6,6,6,0,18,13,13,0.7222,0.7222,11.896,11.896,252.0,0,D2D_Dynamic_Sensitivity:lo|EMA_Oscillator:lo|Lower_Wick:lo|Micro_BarEntropy:lo|Micro_HLAsymmetry:lo|Micro_Hurst:hi|MultiDay_Position:hi|PrevDay_Close_Dist_ATR:lo|PrevDay_High_Side:==1|Session_High_Dist_ATR:lo|Slope_Accel_LT:lo|VWAP_Side:==1|Volume:hi,220|221|225|240|253|278,26.35506746412825,138.914079,523,0.494953,-1.166188,-1,-0.000227,17.045884868532983,16.47150210578053
49021,2026.03.10 21:36,SHORT,4,4,4,0,12,12,12,1.0,1.0,12.0,12.0,168.0,0,Micro_CSSpread:lo|Micro_HLAsymmetry:lo|Micro_LogReturn:hi|Micro_MicroGap:hi|MultiDay_Slope:hi|OBVf_Signal:==1|PrevDay_Close_Dist_ATR:lo|PrevDay_High_Side:==1|Slope_Accel_LT:lo|Slope_EMA_ST:hi|Sqz_Val:hi|VWAP_Side:==1,254|278|284|287,23.87463988930199,85.944092,446,0.458803,0.703946,-1,0.000129,11.61144858072867,11.371771386700862
49034,2026.03.10 21:49,SHORT,4,4,4,0,12,7,7,0.5833,0.5833,6.447,6.447,65.2,0,Bar_Range:hi|D2D_ATR:hi|Micro_GarmanKlass:hi|Micro_Hurst:hi|PrevDay_High_Side:==1|PrevDay_Low_Dist_ATR:hi|WeeklyOpen_Dist_ATR:hi,210|212|215|250,22.37886315678127,32.213088,375,0.540344,-0.931298,-1,-5.8e-05,11.61144858072867,11.371771386700862
50074,2026.03.11 16:24,LONG,6,6,6,0,18,9,9,0.5,0.5,7.862,7.862,137.4,0,AT_Regime_LT:==1|AT_Slope_LT:lo|Efficiency_Ratio:hi|Micro_Entropy:lo|Micro_FailedBreak:hi|Micro_MomoTransfer:hi|Micro_RangeAccel:lo|Micro_RangeVelocity:lo|RangeOsc_State:==2,15|69|85|86|100|101,24.816655601943825,24.092722,224,0.553145,0.456569,1,0.000102,16.435780104648117,15.954503499974125
50122,2026.03.11 17:12,LONG,7,7,7,0,21,11,11,0.5238,0.5238,7.543,7.543,184.1,0,ADX_Rising:==0|AT_Regime_ST:==1|Harmonic_OBVf_Concordance:==0|KAMA_Dist:lo|Lower_Wick:hi|Micro_MicroGap:lo|Micro_WickImbalance:hi|OR_High_Side:==-1|OR_Low_Side:==-1|PrevDay_High_Side:==-1|Volume:hi,71|72|73|74|75|76|99,19.54910759543307,48.906361,451,0.470455,0.306709,1,-2.9e-05,18.856446644718016,18.199528660922656
50153,2026.03.11 17:43,LONG,8,8,8,0,24,14,14,0.5833,0.5833,12.171,12.171,159.2,0,AT_Regime_LT:==1|Efficiency_Ratio:hi|Lower_Wick:lo|Micro_AutoCorr:hi|Micro_Entropy:lo|Micro_MomoTransfer:hi|Micro_RangeAccel:lo|Micro_RangeVelocity:lo|Micro_Rejection:lo|Micro_WickImbalance:hi|RangeOsc_State:==2|Session_Low_Dist_ATR:lo|Slope_EMA_ST:hi|TChan_A15:hi,69|82|85|86|100|101|116|163,19.50053855185036,38.159123,394,0.4362,-0.078618,1,0.000273,21.20075584842148,20.34657927196911
50173,2026.03.11 18:03,LONG,6,6,6,0,18,11,11,0.6111,0.6111,9.442,9.442,165.0,0,AT_Regime_ST:==1|D2D_ATR_MA:hi|Micro_Amihud:hi|Micro_RangeVelocity:lo|Micro_VPIN:lo|Micro_VolOfVol:hi|OR_Low_Side:==-1|ST_Flip_Event:==-1|Slope_Accel_ST:lo|Sqz_State:==-1|Volume:hi,61|80|110|114|115|162,20.524221304193404,50.800524,334,0.513064,0.118109,1,-1.1e-05,16.435780104648117,15.954503499974125
50281,2026.03.11 19:51,LONG,6,6,6,0,18,16,16,0.8889,0.8889,15.43,15.43,61.2,0,AT_Regime_LT:==1|Bars_Since_Flip:hi|Lower_Wick:lo|Micro_AutoCorr:hi|Micro_CSSpread:hi|Micro_Rejection:lo|Micro_WickImbalance:hi|OR_Low_Side:==-1|PrevDay_Low_Dist_ATR:lo|RangeOsc_State:==-2|Session_Low_Dist_ATR:lo|Slope_Accel_LT:hi|Slope_EMA_ST:hi|Sqz_State:==1|TChan_A15:hi|Upper_Wick:hi,50|53|82|116|152|163,22.610360398229385,21.932873,261,0.391864,0.273562,1,6.9e-05,16.435780104648117,15.954503499974125
50344,2026.03.11 20:54,SHORT,3,3,3,0,9,9,9,1.0,1.0,9.0,9.0,47.7,0,AT_Slope_ST:hi|D2D_ATR_MA:hi|D2D_Dynamic_Sensitivity:lo|Lower_Wick:lo|OR_High_Dist_ATR:hi|Session_High_Dist_ATR:hi|Sqz_State:==-1|Sqz_Val:hi|Volume:hi,206|217|221,20.762717092242625,31.425552,316,0.555976,-0.350034,-1,0.000124,8.803955007256892,8.681536388140161
51574,2026.03.12 18:39,LONG,6,6,6,0,18,13,13,0.7222,0.7222,11.339,11.339,252.0,0,ADX_Rising:==1|AT_Regime_LT:==1|AT_Regime_ST:==1|KAMA_Dist:hi|Lower_Wick:lo|Micro_Amihud:hi|Micro_VolOfVol:hi|Micro_WickImbalance:hi|OBV_Macd:lo|OR_Low_Side:==-1|PrevDay_High_Dist_ATR:lo|PrevDay_Low_Side:==-1|Volume_Ratio_10:hi,70|80|115|116|132|135,17.23686301644845,111.573529,444,0.402178,1.290629,1,-7e-06,16.435780104648117,15.954503499974125
51592,2026.03.12 18:57,LONG,6,6,6,0,18,11,11,0.6111,0.6111,9.442,9.442,90.6,0,AT_Regime_ST:==1|D2D_ATR_MA:hi|Micro_FractalDim:hi|Micro_VPIN:lo|OBV_Velocity:hi|OR_High_Side:==-1|OR_Low_Side:==-1|ST_Flip_Event:==-1|Slope_Accel_LT:hi|Slope_Accel_ST:lo|Volume:hi,61|114|134|148|151|162,21.620144607089923,30.202278,335,0.307264,0.0,1,-8e-06,16.435780104648117,15.954503499974125
51627,2026.03.12 19:32,LONG,6,6,6,0,18,11,11,0.6111,0.6111,8.875,8.875,117.6,0,AT_Slope_ST:lo|Micro_AutoCorr:hi|Micro_FailedBreak:hi|Micro_LogReturn:hi|Micro_RangeAccel:hi|Micro_RangeVelocity:hi|RangeOsc_State:==2|Session_Low_Dist_ATR:lo|TChan_A15:hi|VWAP_Side:==-1|Volume:hi,22|23|26|31|44|82,18.959364756884465,37.624056,379,0.407337,1.807354,1,-0.000141,16.435780104648117,15.954503499974125
51628,2026.03.12 19:33,LONG,9,5,5,0,27,17,17,0.6296,0.6296,13.021,13.021,230.0,0,AT_Regime_LT:==1|AT_Regime_ST:==1|AT_Slope_ST:lo|D2D_DirStep:==1|KAMA_Dist:hi|Micro_AutoCorr:hi|Micro_FailedBreak:hi|Micro_HLAsymmetry:hi|Micro_Hurst:hi|Micro_LogReturn:hi|Micro_RangeAccel:lo|PrevDay_Low_Side:==-1|Round_1000_Dist_ATR:lo|Session_Low_Dist_ATR:lo|TChan_A15:hi|VWAP_Side:==-1|Volume:hi,21|22|26|28|29|32|44|70|82,18.546641792667515,43.334961,344,0.523735,0.715358,1,-0.000135,23.473053431498993,22.401786415067697
51631,2026.03.12 19:36,LONG,10,8,8,0,30,14,14,0.4667,0.4667,11.103,11.103,255.2,0,AT_Regime_ST:==1|AT_Slope_ST:lo|Micro_HLAsymmetry:hi|Micro_Hurst:hi|Micro_OrderFlowDelta:lo|Micro_RangeAccel:hi|Micro_Rejection:lo|PrevDay_High_Side:==-1|PrevDay_Low_Side:==-1|RangeOsc_State:==2|Round_1000_Dist_ATR:lo|Round_100_Dist_ATR:lo|Slope_EMA_ST:lo|VWAP_Side:==-1,28|29|31|111|166|167|168|169|170|175,17.521037333985227,29.106874,360,0.517696,-0.36074,1,-0.00011,25.67729340170544,24.370762681353153
52519,2026.03.13 11:39,LONG,6,6,6,0,18,14,14,0.7778,0.7778,12.481,12.481,56.4,0,AT_Regime_ST:==1|AT_Score_LT:lo|Bars_Since_Flip:hi|EMA_Oscillator:hi|KAMA_Dist:hi|Micro_CSSpread:hi|Micro_OrderFlowDelta:lo|Micro_Rejection:lo|Micro_WickImbalance:hi|OBV_Macd:lo|PrevDay_Low_Side:==-1|Slope_Accel_LT:hi|Upper_Wick:hi|VWAP_Sigma:hi,12|50|67|70|111|127,27.62080866966205,20.709782,230,0.423886,0.193145,1,-4.2e-05,16.435780104648117,15.954503499974125
52541,2026.03.13 12:01,LONG,4,4,4,0,12,9,9,0.75,0.75,8.123,8.123,78.8,0,ADX_Rising:==1|AT_Score_LT:lo|PrevDay_Close_Side:==-1|PrevDay_High_Dist_ATR:lo|PrevDay_Low_Side:==-1|Slope_Accel_LT:hi|VWAP_Side:==-1|VWAP_Sigma:hi|WeeklyOpen_Side:==-1,12|135|136|139,48.427214946047656,37.848535,262,0.453352,0.0,1,0.000174,11.345701020588308,11.143020262773083
52881,2026.03.13 17:41,LONG,3,3,3,0,9,7,7,0.7778,0.7778,6.614,6.614,122.7,0,DailyOpen_Dist_ATR:lo|KAMA_Dist:lo|Micro_RangeVelocity:lo|OR_High_Side:==-1|ST_Flip_Event:==-1|Sqz_State:==-1|VWAP_Dist_ATR:lo,78|79|110,16.54360152200291,39.050495,400,0.527274,-0.460942,1,-2e-06,8.665108670454496,8.56108508618842
52961,2026.03.13 19:01,LONG,5,5,5,0,15,12,12,0.8,0.8,11.368,11.368,103.0,0,AT_Regime_LT:==1|AT_Regime_ST:==1|Micro_MicroGap:lo|Micro_MomoTransfer:hi|Micro_RangeAccel:lo|OBV_Macd:lo|OR_Low_Side:==-1|PrevDay_Close_Side:==-1|PrevDay_High_Dist_ATR:lo|VA_Position:hi|VWAP_Side:==-1|WeeklyOpen_Side:==-1,99|100|131|136|139,15.731621353338612,39.253362,339,0.477249,0.382133,1,-5.7e-05,13.933964781772266,13.604790342516026
53868,2026.03.16 11:23,SHORT,4,4,4,0,12,9,9,0.75,0.75,8.485,8.485,66.8,0,ATR_1M:hi|Micro_BarEntropy:lo|Micro_HLAsymmetry:hi|Micro_Hurst:hi|Micro_Lambda:hi|Micro_RangeVelocity:lo|MultiDay_Slope:hi|RangeOsc_State:==2|Session_High_Dist_ATR:lo,192|240|252|255,21.671440499951565,32.905508,217,0.535512,0.774946,-1,-5.5e-05,11.61144858072867,11.371771386700862
54235,2026.03.16 17:30,SHORT,4,4,4,0,12,11,11,0.9167,0.9167,10.691,10.691,91.6,0,ATR_1M:hi|AT_Score_LT:hi|D2D_Signal:==-1|Micro_BarOverlap:lo|Micro_MicroGap:hi|Micro_ThrustEff:lo|MultiDay_Slope:hi|OR_High_Side:==1|RangeOsc_State:==2|Volume:hi|Volume_Ratio_10:hi,192|198|243|260,15.51519172970078,43.248486,407,0.365917,-0.855521,-1,4.3e-05,11.61144858072867,11.371771386700862
54243,2026.03.16 17:38,SHORT,4,4,4,0,12,9,9,0.75,0.75,8.123,8.123,99.2,0,AT_Score_LT:hi|AT_Slope_ST:lo|Bar_Range:hi|D2D_ATR:hi|Lower_Wick:lo|Micro_Entropy:lo|Micro_WickImbalance:lo|RangeOsc_State:==-1|Volume_Avg_10:hi,197|209|214|244,26.66666540123226,46.326295,326,0.400275,-1.036129,-1,-0.000235,11.61144858072867,11.371771386700862
54276,2026.03.16 18:11,LONG,5,5,5,0,15,10,10,0.6667,0.6667,8.813,8.813,87.0,0,ADX_Rising:==0|AT_Slope_ST:lo|Harmonic_OBVf_Concordance:==0|KAMA_Dist:lo|Lower_Wick:hi|Micro_RollProxy:hi|Micro_VPIN:lo|Micro_WickImbalance:hi|OBVf_Signal:==1|RangeOsc_State:==-1,33|34|71|72|73,20.582672275816325,34.053779,256,0.453886,-0.234923,1,-9.4e-05,13.933964781772266,13.604790342516026
54315,2026.03.16 18:50,SHORT,3,3,3,0,9,7,7,0.7778,0.7778,6.614,6.614,59.1,0,Micro_BarEntropy:lo|Micro_HLAsymmetry:lo|Micro_Hurst:hi|RangeOsc_State:==-2|Session_High_Dist_ATR:lo|VWAP_Sigma:hi|Volume_Ratio_10:hi,240|253|295,17.864288159928442,37.856505,200,0.562201,-0.911336,-1,-3.9e-05,8.803955007256892,8.681536388140161
54530,2026.03.16 22:25,SHORT,3,3,3,0,9,6,6,0.6667,0.6667,5.349,5.349,40.2,0,Bar_Range:hi|Micro_BarEntropy:lo|Micro_HLAsymmetry:lo|Micro_Hurst:hi|PrevDay_Low_Dist_ATR:hi|Session_High_Dist_ATR:lo,210|240|253,15.132299729258524,27.412723,188,0.537952,-1.094382,-1,-6.3e-05,8.803955007256892,8.681536388140161
55575,2026.03.17 17:05,SHORT,4,4,4,0,12,8,8,0.6667,0.6667,7.237,7.237,74.4,0,AT_Score_LT:hi|AT_Slope_ST:lo|Bar_Range:hi|D2D_ATR:hi|Micro_GarmanKlass:hi|PrevDay_High_Side:==1|PrevDay_Low_Dist_ATR:hi|WeeklyOpen_Dist_ATR:hi,209|212|215|250,26.997618620203976,35.987863,334,0.45862,0.208404,-1,-0.000149,11.61144858072867,11.371771386700862
55583,2026.03.17 17:13,SHORT,5,5,5,0,15,11,11,0.7333,0.7333,10.009,10.009,295.5,0,ATR_1M:hi|AT_Score_LT:hi|AT_Slope_ST:lo|Bar_Range:hi|D2D_ATR:hi|Micro_Hurst:hi|MultiDay_Slope:hi|PrevDay_High_Side:==1|PrevDay_Low_Dist_ATR:hi|RangeOsc_State:==2|WeeklyOpen_Dist_ATR:hi,192|209|210|212|215,28.937605775560662,34.512721,265,0.502866,-0.101412,-1,-0.000141,14.358215859511613,13.967131712972364
55588,2026.03.17 17:18,SHORT,5,4,4,0,15,11,11,0.7333,0.7333,10.009,10.009,108.8,0,AT_Score_LT:hi|AT_Slope_ST:lo|Bar_Range:hi|D2D_ATR:hi|Lower_Wick:lo|Micro_HLAsymmetry:lo|Micro_LogReturn:hi|Micro_RangeVelocity:lo|MultiDay_Slope:hi|RangeOsc_State:==-1|Volume_Avg_10:hi,197|209|211|214|254,37.99213390702041,50.357142,333,0.451068,0.0,-1,-0.00023,14.358215859511613,13.967131712972364
56901,2026.03.18 16:26,LONG,22,22,21,1,66,25,25,0.3788,0.3788,17.802,17.802,237.3,0,AT_Lookback_ST:hi|AT_Regime_LT:==1|AT_Regime_ST:==1|AT_Slope_LT:lo|AT_Slope_ST:lo|Bars_Since_Flip:hi|Micro_Amihud:hi|Micro_BarOverlap:lo|Micro_FailedBreak:hi|Micro_HLAsymmetry:hi|Micro_Hurst:hi|Micro_RangeAccel:lo|Micro_RangeVelocity:lo|Micro_RollProxy:hi|Micro_WickImbalance:lo|Momentum_Value:hi|OR_Low_Side:==-1|OR_Position:lo|PrevDay_High_Side:==-1|PrevDay_Low_Dist_ATR:lo|RangeOsc_State:==-1|RangeOsc_Val:lo|Slope_EMA_ST:lo|VWAP_Side:==-1|VWAP_Sigma:hi,2|13|14|15|16|17|25|26|28|32|33|38|41|42|43|53|80|118|165|168|169|173,20.48204799578262,23.78289,170,0.520577,0.546611,1,-9.2e-05,47.88669881748988,42.80514220523547
56906,2026.03.18 16:31,LONG,32,32,21,1,96,39,39,0.4062,0.4062,26.286,26.286,882.0,0,AT_Lookback_ST:hi|AT_Regime_LT:==1|AT_Regime_ST:==1|AT_Score_LT:lo|AT_Slope_LT:lo|AT_Slope_ST:lo|Bars_Since_Flip:hi|Body_Size:hi|D2D_ATR:hi|D2D_ATR_MA:hi|D2D_Dynamic_Sensitivity:lo|D2D_Signal:==0|Lower_Wick:hi|Micro_Amihud:hi|Micro_FailedBreak:hi|Micro_MicroGap:lo|Micro_OrderFlowDelta:hi|Micro_RangeAccel:lo|Micro_RangeVelocity:hi|Micro_VPIN:lo|Micro_VolOfVol:hi|Micro_WickImbalance:lo|Momentum_Value:hi|MultiDay_Position:lo|OBV_Macd:lo|OBVf_Signal:==1|OR_High_Side:==-1|OR_Low_Side:==-1|OR_Position:lo|PrevDay_Low_Dist_ATR:lo|RangeOsc_State:==-1|Session_Low_Dist_ATR:lo|Slope_EMA_ST:lo|Sqz_State:==1|Upper_Wick:hi|VWAP_Side:==-1|VWAP_Sigma_ATR:lo|Volume:hi|Volume_Ratio_10:hi,4|8|15|16|18|19|20|26|30|32|34|35|36|37|38|39|40|44|52|53|58|60|63|80|99|115|132|164|165|172|176|177,19.70902634169597,105.635115,502,0.464477,0.76679,1,-7.4e-05,62.05476462084386,53.20075695803382
56915,2026.03.18 16:40,LONG,6,6,6,0,18,14,14,0.7778,0.7778,12.849,12.849,81.0,0,AT_Score_LT:lo|Micro_CSSpread:lo|Micro_FractalDim:hi|Micro_LogReturn:hi|Micro_RangeAccel:hi|Micro_TickIntensity:hi|Micro_VolOfVol:hi|Momentum_Value:hi|OBV_Macd:lo|OBV_Velocity:hi|OR_Low_Side:==-1|ST_Flip_Event:==1|Slope_Accel_LT:hi|VWAP_Sigma:hi,11|12|95|117|134|150,19.904004416999665,27.525919,390,0.425486,0.399623,1,9.2e-05,16.435780104648117,15.954503499974125
56945,2026.03.18 17:10,SHORT,3,3,3,0,9,8,8,0.8889,0.8889,7.715,7.715,100.5,0,AT_Score_LT:lo|Micro_FailedBreak:lo|Micro_Hurst:hi|Micro_Lambda:hi|Micro_PriceAccel:hi|Micro_RangeVelocity:lo|TChan_A15:hi|VAH_Side:==-1,199|249|255,18.89990608641632,60.900362,387,0.529816,-0.878484,-1,-9.6e-05,8.803955007256892,8.681536388140161
56995,2026.03.18 18:00,LONG,11,11,11,0,33,21,21,0.6364,0.6364,18.226,18.226,275.0,0,AT_Regime_ST:==1|AT_Slope_LT:lo|Bars_Since_Flip:hi|D2D_Signal:==1|EMA_Oscillator:hi|KAMA_Dist:hi|Micro_Amihud:hi|Micro_FailedBreak:hi|Micro_PriceAccel:hi|Micro_RangeVelocity:hi|Momentum_Value:hi|MultiDay_Position:lo|OBV_Macd:lo|OR_Low_Side:==-1|PrevDay_Low_Dist_ATR:lo|PrevDay_Low_Side:==-1|Session_Low_Dist_ATR:lo|Slope_EMA_ST:lo|VWAP_Sigma:hi|Volume_Avg_10:hi|Volume_Ratio_10:hi,16|53|56|57|67|70|80|108|132|172|177,15.680704361147384,46.704109,329,0.479122,1.07057,1,-3.9e-05,27.817084794051137,26.258658030358355
57000,2026.03.18 18:05,LONG,8,3,3,0,24,15,15,0.625,0.625,13.179,13.179,88.5,0,AT_Regime_ST:==1|AT_Score_LT:lo|Bars_Since_Flip:hi|EMA_Oscillator:hi|KAMA_Dist:hi|Micro_Hurst:hi|Micro_MicroGap:lo|Momentum_Value:hi|MultiDay_Position:lo|OR_High_Side:==-1|OR_Low_Side:==-1|PrevDay_Low_Dist_ATR:lo|PrevDay_Low_Side:==-1|Session_Low_Dist_ATR:lo|Volume_Avg_10:hi,8|53|56|57|67|70|99|118,18.79693806962413,29.578189,267,0.525454,0.845217,1,-3e-05,21.20075584842148,20.34657927196911
57001,2026.03.18 18:06,LONG,5,4,4,0,15,12,12,0.8,0.8,10.978,10.978,-1190.0,1,AT_Score_LT:lo|AT_Slope_LT:lo|Body_Size:hi|Micro_FailedBreak:hi|Micro_Hurst:hi|Micro_MicroGap:lo|Micro_RangeAccel:lo|Momentum_Value:hi|OR_High_Side:==-1|ST_Flip_Event:==1|Slope_Accel_LT:hi|VWAP_Sigma:hi,8|10|12|15|119,20.11820177939264,36.43489,263,0.531324,0.658709,1,0.000162,13.933964781772266,13.604790342516026
57005,2026.03.18 18:10,LONG,5,3,3,0,15,11,11,0.7333,0.7333,9.666,9.666,81.9,0,AT_Score_LT:lo|Body_Size:hi|Micro_AutoCorr:hi|Micro_OrderFlowDelta:lo|Micro_RangeAccel:hi|Micro_WickImbalance:hi|OBV_Macd:lo|Session_Low_Dist_ATR:lo|Slope_Accel_LT:hi|TChan_A15:hi|VWAP_Sigma:hi,10|11|12|82|127,24.211175637054343,27.757993,306,0.528256,-0.432308,1,0.000156,13.933964781772266,13.604790342516026
57215,2026.03.18 21:40,SHORT,4,4,4,0,12,11,11,0.9167,0.9167,10.691,10.691,90.4,0,Bar_Range:hi|Lower_Wick:lo|Micro_Entropy:lo|Micro_FailedBreak:lo|Micro_PriceAccel:hi|Micro_RangeVelocity:lo|Micro_WickImbalance:lo|Slope_Accel_ST:lo|VAH_Side:==-1|VAL_Side:==-1|Volume_Avg_10:hi,211|244|249|285,23.786877901807227,42.728186,381,0.491123,-0.585094,-1,-0.000158,11.61144858072867,11.371771386700862
57445,2026.03.19 02:45,SHORT,5,5,5,0,15,11,11,0.7333,0.7333,9.666,9.666,203.0,0,ATR_1M:hi|D2D_Signal:==-1|Micro_CSSpread:hi|Micro_MicroGap:hi|Micro_MomoTransfer:hi|Micro_RangeAccel:lo|Micro_ThrustEff:lo|OBVf_Signal:==1|RangeOsc_State:==2|VWAP_Dist_ATR:lo|VWAP_Sigma_ATR:lo,191|260|263|267|268,33.14821339850596,38.821772,246,0.473718,0.128794,-1,2.1e-05,14.358215859511613,13.967131712972364
58272,2026.03.19 16:32,SHORT,4,4,4,0,12,10,10,0.8333,0.8333,9.524,9.524,168.0,0,AT_Score_LT:lo|Bar_Range:hi|D2D_Dynamic_Sensitivity:lo|Lower_Wick:lo|Micro_CSSpread:hi|Micro_RangeVelocity:lo|MultiDay_Slope:lo|OBV_Macd:lo|Volume:hi|Volume_Avg_10:hi,201|211|221|223,23.301951222216505,86.18302,484,0.421409,0.440922,-1,-9.3e-05,11.61144858072867,11.371771386700862
58289,2026.03.19 16:49,LONG,4,4,4,0,12,9,9,0.75,0.75,8.123,8.123,242.4,0,AT_Score_LT:lo|Body_Size:hi|D2D_Signal:==1|DailyOpen_Dist_ATR:lo|Micro_RangeAccel:hi|Micro_VolOfVol:lo|OBV_Velocity:hi|Round_500_Dist_ATR:lo|Slope_Accel_LT:hi,9|10|11|133,18.296315831473137,55.474399,426,0.523913,0.73908,1,0.000133,11.345701020588308,11.143020262773083
58335,2026.03.19 17:35,LONG,8,8,8,0,24,14,14,0.5833,0.5833,10.566,10.566,-1224.0,1,AT_Lookback_ST:hi|AT_Regime_LT:==1|AT_Slope_ST:lo|Bar_Range:hi|Body_Size:hi|D2D_DirStep:==1|Micro_AutoCorr:hi|Micro_FailedBreak:hi|Micro_LogReturn:hi|Micro_RangeAccel:lo|Micro_RollProxy:hi|Momentum_Value:hi|Slope_EMA_ST:lo|VWAP_Side:==-1,2|21|22|26|32|39|41|49,26.897411309537706,57.995452,392,0.428898,0.879379,1,-0.000123,21.20075584842148,20.34657927196911
58342,2026.03.19 17:42,LONG,9,9,9,0,27,15,15,0.5556,0.5556,10.4,10.4,178.2,0,ADX_Rising:==0|AT_Regime_LT:==1|Harmonic_OBVf_Concordance:==0|KAMA_Dist:lo|Lower_Wick:lo|Micro_LogReturn:lo|Micro_OrderFlowDelta:lo|Micro_Rejection:lo|Micro_WickImbalance:hi|OBV_Macd:lo|OR_High_Side:==-1|PrevDay_High_Side:==-1|RangeOsc_State:==-1|Upper_Wick:hi|Volume:hi,71|72|74|75|76|77|116|125|127,19.219025477001185,37.991474,357,0.424621,-0.15793,1,0.000122,23.473053431498993,22.401786415067697
58355,2026.03.19 17:55,LONG,5,5,5,0,15,8,8,0.5333,0.5333,6.061,6.061,64.0,0,Harmonic_OBVf_Concordance:==0|KAMA_Dist:lo|Micro_OrderFlowDelta:lo|Micro_WickImbalance:hi|OBV_Macd:lo|OR_High_Side:==-1|PrevDay_High_Side:==-1|Volume:hi,72|74|75|76|127,15.131621057159167,26.353893,354,0.443207,-0.379451,1,-3.1e-05,13.933964781772266,13.604790342516026
58358,2026.03.19 17:58,LONG,7,7,7,0,21,14,14,0.6667,0.6667,12.586,12.586,196.0,0,AT_Regime_ST:==1|Bar_Range:hi|D2D_ATR:hi|Micro_Lambda:lo|Micro_Rejection:lo|Micro_RollProxy:hi|OBV_Macd:lo|OR_Low_Side:==-1|PrevDay_High_Dist_ATR:hi|PrevDay_Low_Side:==-1|RangeOsc_State:==-2|Sqz_State:==1|Volume_Avg_10:hi|WeeklyOpen_Side:==-1,45|59|111|124|130|140|185,15.088534225659592,28.364382,331,0.523853,-0.035255,1,-2.5e-05,18.856446644718016,18.199528660922656
58370,2026.03.19 18:10,LONG,4,4,4,0,12,7,7,0.5833,0.5833,6.447,6.447,70.0,0,Bar_Range:hi|D2D_ATR:hi|Micro_Lambda:lo|Micro_Rejection:lo|PrevDay_High_Dist_ATR:hi|RangeOsc_State:==2|Volume_Avg_10:hi,45|46|59|185,16.13472933251208,34.16475,353,0.477303,-0.219525,1,0.000165,11.345701020588308,11.143020262773083
59338,2026.03.20 11:33,SHORT,3,3,3,0,9,7,7,0.7778,0.7778,6.614,6.614,46.8,0,Micro_AutoCorr:hi|Micro_BarEntropy:lo|Micro_HLAsymmetry:lo|Micro_Hurst:hi|Session_High_Dist_ATR:lo|VA_Position:hi|VWAP_Side:==-1,235|240|253,37.816387031144096,30.996399,185,0.54316,0.338749,-1,-6.9e-05,8.803955007256892,8.681536388140161
59458,2026.03.20 13:33,LONG,5,5,5,0,15,12,12,0.8,0.8,11.368,11.368,102.5,0,ADX_Value:hi|AT_Regime_LT:==1|D2D_Signal:==1|Harmonic_LLEMA:hi|Micro_Entropy:lo|Micro_MomoTransfer:hi|Micro_RangeAccel:lo|Micro_Rejection:lo|Micro_WickImbalance:lo|OBV_Macd:lo|PoC_Side:==1|Upper_Wick:hi,85|100|123|128|180,36.192302350362056,22.057672,155,0.376593,0.158675,1,-5e-05,13.933964781772266,13.604790342516026
59703,2026.03.20 17:38,LONG,3,3,3,0,9,7,7,0.7778,0.7778,6.614,6.614,151.5,0,Micro_AutoCorr:hi|PrevDay_Close_Side:==-1|PrevDay_High_Dist_ATR:lo|Session_Low_Dist_ATR:lo|TChan_A15:hi|VWAP_Side:==-1|WeeklyOpen_Side:==-1,82|136|139,17.050218001909066,47.113923,382,0.553041,0.191026,1,-7.5e-05,8.665108670454496,8.56108508618842
59927,2026.03.20 21:22,SHORT,6,6,6,0,18,15,15,0.8333,0.8333,14.287,14.287,243.0,0,D2D_Dynamic_Sensitivity:lo|EMA_Oscillator:lo|Lower_Wick:lo|Micro_MomoTransfer:hi|Micro_OrderFlowDelta:lo|Micro_TickIntensity:lo|Micro_WickImbalance:lo|OBV_Velocity:lo|OBVf_DirStepCount:hi|PoC_Side:==0|PrevDay_High_Dist_ATR:lo|VAH_Side:==0|VAL_Side:==0|Volume:hi|WeeklyOpen_Side:==-1,220|221|264|265|276|277,22.60915719306908,72.562544,438,0.455602,-0.875107,-1,-0.000177,17.045884868532983,16.47150210578053
60018,2026.03.20 22:53,LONG,8,8,8,0,24,21,21,0.875,0.875,19.049,19.049,2972.8,0,AT_Regime_ST:==1|AT_Score_LT:lo|D2D_Signal:==1|DailyOpen_Dist_ATR:lo|Micro_Hurst:hi|Micro_PriceAccel:hi|Micro_VolOfVol:lo|Momentum_Value:hi|OBV_Velocity:hi|PoC_Side:==1|PrevDay_High_Dist_ATR:lo|RangeOsc_State:==-2|Round_500_Dist_ATR:lo|Session_High_Dist_ATR:lo|Sqz_State:==1|Sqz_Val:hi|Upper_Wick:hi|VWAP_Side:==-1|VWAP_Sigma:hi|Volume:hi|WeeklyOpen_Side:==-1,9|108|118|133|139|145|179|180,17.303721394207432,48.424927,310,0.525405,0.505938,1,-3.4e-05,21.20075584842148,20.34657927196911
60019,2026.03.20 22:54,LONG,6,4,4,0,18,15,15,0.8333,0.8333,13.877,13.877,216.8,0,AT_Score_LT:lo|AT_Slope_LT:lo|Body_Size:hi|Micro_FailedBreak:hi|Micro_Hurst:hi|Micro_RangeAccel:lo|Micro_VolOfVol:lo|Momentum_Value:hi|PrevDay_High_Dist_ATR:lo|Round_500_Dist_ATR:lo|ST_Flip_Event:==1|Slope_Accel_LT:hi|VWAP_Side:==-1|VWAP_Sigma:hi|WeeklyOpen_Side:==-1,9|10|12|15|119|139,18.260747035916868,50.169958,334,0.534174,0.518238,1,0.000175,16.435780104648117,15.954503499974125
60094,2026.03.23 01:24,LONG,5,5,5,0,15,10,10,0.6667,0.6667,9.125,9.125,124.5,0,ADX_Rising:==0|AT_Lookback_ST:hi|AT_Slope_ST:lo|D2D_Signal:==0|Micro_HLAsymmetry:hi|Micro_Rejection:lo|Micro_RollProxy:hi|Momentum_Value:hi|Session_High_Dist_ATR:lo|Slope_EMA_ST:lo,2|40|41|167|178,29.755677480452395,46.551731,221,0.422989,0.29,1,-0.000201,13.933964781772266,13.604790342516026
60223,2026.03.23 03:33,SHORT,5,5,5,0,15,11,11,0.7333,0.7333,10.364,10.364,45.5,0,D2D_Signal:==-1|Lower_Wick:lo|Micro_BarEntropy:lo|Micro_Entropy:lo|Micro_HLAsymmetry:lo|Micro_Hurst:hi|Micro_RangeAccel:lo|Micro_WickImbalance:lo|Session_High_Dist_ATR:lo|VWAP_Dist_ATR:lo|VWAP_Sigma_ATR:lo,240|244|253|267|268,18.977765406949764,20.154969,232,0.542495,-0.818657,-1,-6.5e-05,14.358215859511613,13.967131712972364
60670,2026.03.23 11:00,LONG,5,5,5,0,15,9,9,0.6,0.6,7.585,7.585,140.0,0,ADX_Rising:==1|AT_Regime_ST:==1|KAMA_Dist:hi|PrevDay_Close_Side:==-1|PrevDay_High_Dist_ATR:lo|PrevDay_Low_Side:==-1|Sqz_State:==1|VWAP_Side:==-1|WeeklyOpen_Side:==-1,70|135|136|138|139,16.894404837850328,51.620798,408,0.364336,1.036404,1,-7e-06,13.933964781772266,13.604790342516026
60677,2026.03.23 11:07,LONG,5,5,5,0,15,11,11,0.7333,0.7333,10.009,10.009,75.0,0,ADX_Rising:==1|Efficiency_Ratio:hi|Micro_RangeVelocity:lo|Micro_TickIntensity:hi|PrevDay_Close_Side:==-1|PrevDay_High_Dist_ATR:lo|PrevDay_Low_Side:==-1|RangeOsc_State:==2|Slope_Accel_LT:hi|VWAP_Side:==-1|WeeklyOpen_Side:==-1,69|135|136|139|149,25.876866432084725,29.980387,317,0.256099,-0.233486,1,0.000146,13.933964781772266,13.604790342516026
60683,2026.03.23 11:13,LONG,4,4,4,0,12,8,8,0.6667,0.6667,7.237,7.237,57.6,0,Micro_TickIntensity:hi|PrevDay_Close_Side:==-1|PrevDay_High_Dist_ATR:lo|PrevDay_Low_Side:==-1|Slope_Accel_LT:hi|Sqz_State:==1|VWAP_Side:==-1|WeeklyOpen_Side:==-1,136|138|139|149,27.48409692000504,28.94012,331,0.411028,0.259156,1,0.000106,11.345701020588308,11.143020262773083
60685,2026.03.23 11:15,LONG,5,5,5,0,15,9,9,0.6,0.6,7.585,7.585,70.0,0,ADX_Rising:==1|Micro_TickIntensity:hi|PrevDay_Close_Side:==-1|PrevDay_High_Dist_ATR:lo|PrevDay_Low_Side:==-1|Slope_Accel_LT:hi|Sqz_State:==1|VWAP_Side:==-1|WeeklyOpen_Side:==-1,135|136|138|139|149,28.61655345876369,28.256525,322,0.364797,0.0,1,9.7e-05,13.933964781772266,13.604790342516026
60705,2026.03.23 11:35,LONG,3,3,3,0,9,6,6,0.6667,0.6667,5.349,5.349,85.5,0,PrevDay_Close_Side:==-1|PrevDay_High_Dist_ATR:lo|PrevDay_Low_Side:==-1|Sqz_State:==1|VWAP_Side:==-1|WeeklyOpen_Side:==-1,136|138|139,21.662202368060864,28.757709,258,0.524386,-0.278186,1,6.4e-05,8.665108670454496,8.56108508618842
60734,2026.03.23 12:04,LONG,5,5,5,0,15,11,11,0.7333,0.7333,10.364,10.364,88.0,0,AT_Regime_ST:==1|AT_Slope_ST:lo|Micro_AutoCorr:hi|Micro_LogReturn:hi|Micro_RangeVelocity:hi|Micro_Rejection:lo|PrevDay_Close_Side:==-1|PrevDay_High_Dist_ATR:lo|PrevDay_Low_Side:==-1|VWAP_Side:==-1|WeeklyOpen_Side:==-1,22|23|111|136|139,15.868598689809,34.271949,240,0.458214,0.379319,1,-9.5e-05,13.933964781772266,13.604790342516026
60840,2026.03.23 13:50,LONG,14,14,14,0,42,22,22,0.5238,0.5238,18.213,18.213,16338.0,0,ADX_Rising:==1|AT_Regime_ST:==1|D2D_Signal:==1|DailyOpen_Side:==-1|KAMA_Dist:hi|Micro_OrderFlowDelta:hi|Micro_Rejection:lo|OBV_Macd:lo|OR_Low_Side:==1|PoC_Side:==1|PrevDay_Close_Side:==-1|PrevDay_High_Dist_ATR:lo|PrevDay_Low_Side:==-1|RangeOsc_State:==-2|Session_High_Dist_ATR:lo|Session_Low_Dist_ATR:lo|Sqz_State:==1|Upper_Wick:hi|VWAP_Side:==-1|Volume:hi|Volume_Ratio_10:hi|WeeklyOpen_Side:==-1,70|103|105|111|112|130|132|135|136|137|138|139|145|180,18.36304315808195,105.666107,387,0.442378,0.955841,1,-1.7e-05,33.88149573876854,31.48140431384581
60851,2026.03.23 14:01,LONG,4,4,4,0,12,9,9,0.75,0.75,8.485,8.485,3740.0,0,D2D_Persist:hi|Efficiency_Ratio:hi|Micro_Lambda:lo|Micro_RangeVelocity:lo|Micro_RollProxy:hi|OBV_Macd:lo|OR_Low_Side:==1|PrevDay_Low_Side:==-1|RangeOsc_State:==2,64|69|92|124,27.13752874961024,24.426912,223,0.432556,-0.020469,1,0.000121,11.345701020588308,11.143020262773083
60862,2026.03.23 14:13,LONG,6,6,6,0,18,11,11,0.6111,0.6111,9.136,9.136,252.0,0,AT_Lookback_LT:hi|Micro_HLAsymmetry:hi|Micro_LogReturn:hi|Micro_MomoTransfer:lo|Micro_RangeVelocity:lo|Micro_TickIntensity:lo|OR_High_Side:==-1|PrevDay_High_Side:==1|Round_100_Dist_ATR:lo|Slope_Accel_LT:lo|Volume:hi,0|153|155|156|158|160,52.72908353025528,196.603947,414,0.331133,-0.035605,1,0.002652,16.435780104648117,15.954503499974125
60870,2026.03.23 14:21,LONG,6,6,6,0,18,10,10,0.5556,0.5556,7.361,7.361,252.0,0,ADX_Rising:==0|Harmonic_OBVf_Concordance:==0|KAMA_Dist:lo|Lower_Wick:hi|Micro_HLAsymmetry:lo|Micro_LogReturn:hi|Micro_MicroGap:hi|Micro_WickImbalance:hi|OR_High_Side:==-1|Volume:hi,71|72|73|74|76|88,53.508059597727375,107.186058,505,0.356121,0.11662,1,0.000735,16.435780104648117,15.954503499974125
60872,2026.03.23 14:23,LONG,5,5,5,0,15,7,7,0.4667,0.4667,5.13,5.13,210.0,0,ADX_Rising:==0|Harmonic_OBVf_Concordance:==0|KAMA_Dist:lo|Lower_Wick:hi|Micro_WickImbalance:hi|OR_High_Side:==-1|Volume:hi,71|72|73|74|76,50.50092605201127,138.326045,402,0.293863,0.0,1,0.001164,13.933964781772266,13.604790342516026
60875,2026.03.23 14:26,LONG,5,5,5,0,15,9,9,0.6,0.6,7.161,7.161,206.5,0,ADX_Rising:==0|Bars_Since_Flip:hi|Harmonic_OBVf_Concordance:==0|KAMA_Dist:lo|Micro_WickImbalance:hi|OR_High_Side:==-1|Round_500_Dist_ATR:lo|VA_Position:hi|Volume:hi,54|71|72|74|76,44.47696380561693,73.852324,453,0.349253,-0.324973,1,0.00068,13.933964781772266,13.604790342516026
60921,2026.03.23 15:12,SHORT,6,6,6,0,18,16,16,0.8889,0.8889,15.43,15.43,168.6,0,ATR_1M:hi|AT_Slope_LT:hi|AT_Slope_ST:hi|Micro_BarOverlap:hi|Micro_CSSpread:hi|Micro_HLAsymmetry:lo|Micro_MicroGap:lo|Micro_VolAccel:lo|Momentum_Value:hi|OBVf_Signal:==1|PrevDay_High_Side:==1|RangeOsc_State:==2|Slope_Accel_ST:hi|Slope_EMA_ST:hi|Upper_Wick:hi|VA_Position:hi,191|202|205|241|272|288,18.14585283183967,51.847014,363,0.515028,0.0,-1,0.000185,17.045884868532983,16.47150210578053
60926,2026.03.23 15:17,SHORT,4,4,4,0,12,11,11,0.9167,0.9167,10.691,10.691,154.4,0,Micro_BarOverlap:lo|Micro_Hurst:hi|Micro_Lambda:hi|Micro_MicroGap:hi|Micro_OrderFlowDelta:hi|Micro_PriceAccel:lo|Micro_RangeVelocity:lo|OBVf_Signal:==1|Slope_Accel_ST:hi|Slope_EMA_ST:hi|VA_Position:hi,242|255|287|288,15.262854128989892,69.37746,336,0.566714,0.68466,-1,0.000165,11.61144858072867,11.371771386700862
60935,2026.03.23 15:26,LONG,4,4,4,0,12,8,8,0.6667,0.6667,6.928,6.928,147.6,0,Micro_HLAsymmetry:lo|Micro_LogReturn:hi|Micro_MicroGap:hi|Micro_RangeVelocity:lo|Micro_RollProxy:hi|OR_High_Side:==-1|PrevDay_High_Side:==1|Slope_Accel_LT:lo,88|155|156|157,17.133736388863447,35.740716,275,0.524869,0.0,1,0.000206,11.345701020588308,11.143020262773083
60939,2026.03.23 15:30,LONG,4,4,4,0,12,9,9,0.75,0.75,8.123,8.123,285.2,0,Micro_AutoCorr:hi|Micro_RollProxy:hi|Micro_TickIntensity:lo|OR_High_Side:==-1|PrevDay_High_Side:==1|Round_100_Dist_ATR:lo|Slope_Accel_LT:lo|TChan_A15:hi|Volume_Ratio_10:hi,157|158|160|188,18.1776494112591,64.38788,359,0.548226,-0.380506,1,0.000151,11.345701020588308,11.143020262773083
60944,2026.03.23 15:35,LONG,6,6,6,0,18,12,12,0.6667,0.6667,9.868,9.868,230.4,0,AT_Slope_ST:lo|Micro_AutoCorr:hi|Micro_FractalDim:lo|Micro_Hurst:hi|Micro_LogReturn:hi|Micro_RangeAccel:hi|Micro_RangeVelocity:hi|Micro_VPIN:lo|OBVf_Signal:==1|OR_High_Side:==-1|RangeOsc_State:==2|Slope_Accel_LT:lo,22|23|27|31|34|156,15.01831996183743,37.009068,326,0.568975,0.67551,1,-0.000144,16.435780104648117,15.954503499974125
60952,2026.03.23 15:43,LONG,10,10,10,0,30,19,19,0.6333,0.6333,14.323,14.323,840.0,0,Micro_AutoCorr:hi|Micro_FractalDim:lo|Micro_HLAsymmetry:hi|Micro_Hurst:hi|Micro_LogReturn:hi|Micro_RangeVelocity:lo|Micro_RollProxy:hi|Micro_VolOfVol:hi|Micro_WickImbalance:lo|OBVf_Signal:==-1|OR_High_Side:==-1|PrevDay_High_Side:==1|Round_100_Dist_ATR:lo|Session_High_Dist_ATR:lo|Slope_Accel_LT:lo|TChan_A15:hi|Upper_Wick:hi|Volume:hi|Volume_Ratio_10:hi,153|154|155|156|157|159|160|161|188|189,16.439070142881825,107.68837,440,0.555051,0.255366,1,0.000174,25.67729340170544,24.370762681353153
60961,2026.03.23 15:52,LONG,4,4,4,0,12,8,8,0.6667,0.6667,6.735,6.735,-514.8,1,Micro_HLAsymmetry:hi|Micro_LogReturn:hi|Micro_RangeVelocity:lo|Micro_RollProxy:hi|OR_High_Side:==-1|PrevDay_High_Side:==1|Slope_Accel_LT:lo|Volume:hi,153|155|156|157,25.601495828506472,31.427108,381,0.497784,0.350016,1,0.000397,11.345701020588308,11.143020262773083
60975,2026.03.23 16:06,SHORT,4,4,4,0,12,11,11,0.9167,0.9167,10.691,10.691,99.6,0,ATR_1M:hi|AT_Slope_LT:hi|D2D_Dn_Count:hi|Micro_BarOverlap:hi|Micro_CSSpread:hi|Micro_HLAsymmetry:lo|Micro_VolAccel:lo|OBVf_Signal:==1|PrevDay_High_Side:==1|RangeOsc_State:==2|Slope_Accel_ST:lo,191|202|219|241,16.547292401484047,46.472037,326,0.308407,0.0,-1,-0.00017,11.61144858072867,11.371771386700862
61021,2026.03.23 16:52,SHORT,4,4,4,0,12,12,12,1.0,1.0,12.0,12.0,104.4,0,KAMA_Dist:hi|Micro_CSSpread:lo|Micro_IBSP:hi|Micro_RollProxy:hi|OBV_Velocity:hi|OBVf_Signal:==1|PrevDay_High_Dist_ATR:lo|Slope_Accel_LT:lo|Slope_Accel_ST:hi|Slope_EMA_ST:hi|Sqz_Val:hi|VA_Position:hi,234|274|284|288,20.762481292194657,48.417837,429,0.517123,0.433724,-1,0.000183,11.61144858072867,11.371771386700862
61025,2026.03.23 16:56,SHORT,4,4,4,0,12,10,10,0.8333,0.8333,9.118,9.118,122.0,0,AT_Slope_LT:hi|KAMA_Dist:hi|Micro_BarOverlap:hi|Micro_Hurst:hi|Micro_IBSP:hi|Micro_Lambda:hi|Micro_MicroGap:hi|Micro_RangeVelocity:lo|OBVf_Signal:==1|Slope_EMA_ST:hi,202|234|255|287,19.32440004300875,55.782046,425,0.496877,0.0,-1,0.000123,11.61144858072867,11.371771386700862
61027,2026.03.23 16:58,LONG,6,6,6,0,18,11,11,0.6111,0.6111,9.136,9.136,207.6,0,D2D_Signal:==1|Micro_HLAsymmetry:hi|Micro_LogReturn:hi|Micro_RangeVelocity:lo|Micro_RollProxy:hi|OR_High_Side:==-1|PrevDay_High_Side:==1|Round_100_Dist_ATR:lo|Session_High_Dist_ATR:lo|Slope_Accel_LT:lo|Volume:hi,145|153|155|156|157|160,19.19884537773721,62.652741,382,0.514683,0.430947,1,0.000163,16.435780104648117,15.954503499974125
61111,2026.03.23 18:22,SHORT,3,3,3,0,9,7,7,0.7778,0.7778,6.614,6.614,811.2,0,Bar_Range:hi|Lower_Wick:lo|Micro_BarEntropy:lo|Micro_Hurst:hi|Micro_Lambda:hi|Micro_RangeVelocity:lo|Session_High_Dist_ATR:lo,211|240|255,18.24594484515959,50.636072,351,0.536286,0.918318,-1,-9.7e-05,8.803955007256892,8.681536388140161
61185,2026.03.23 19:36,SHORT,4,4,4,0,12,8,8,0.6667,0.6667,7.237,7.237,45.6,0,AT_Lookback_ST:hi|D2D_ATR_MA:hi|Micro_Rejection:hi|Micro_TickIntensity:hi|PrevDay_High_Side:==1|Session_High_Dist_ATR:hi|Slope_Accel_LT:lo|Sqz_Val:hi,194|217|283|292,33.39826821495724,24.005202,337,0.276666,0.0,-1,-0.000125,11.61144858072867,11.371771386700862
61186,2026.03.23 19:37,SHORT,4,4,4,0,12,10,10,0.8333,0.8333,9.524,9.524,60.4,0,AT_Slope_ST:lo|Bar_Range:hi|DailyOpen_Dist_ATR:hi|Micro_BarOverlap:lo|Micro_HLAsymmetry:hi|Micro_Hurst:lo|OBV_Velocity:hi|PrevDay_High_Side:==1|PrevDay_Low_Dist_ATR:hi|Slope_EMA_ST:lo,207|212|251|290,32.10877166655572,30.192981,365,0.280504,0.231842,-1,-0.000118,11.61144858072867,11.371771386700862
61190,2026.03.23 19:41,SHORT,7,7,7,0,21,14,14,0.6667,0.6667,11.593,11.593,88.9,0,AT_Lookback_ST:hi|D2D_ATR_MA:hi|KAMA_Dist:hi|Micro_IBSP:hi|Micro_OrderFlowDelta:hi|Micro_Rejection:hi|Micro_TickIntensity:hi|Momentum_Value:hi|OBVf_Signal:==1|PrevDay_High_Side:==1|Session_High_Dist_ATR:hi|Slope_Accel_LT:lo|Sqz_Val:hi|TChan_A15:hi,194|217|234|273|283|291|292,26.242468477889915,26.111447,294,0.467351,0.0,-1,-0.000112,19.676030442106526,18.888596375345333
61192,2026.03.23 19:43,SHORT,4,4,4,0,12,7,7,0.5833,0.5833,6.172,6.172,52.0,0,AT_Lookback_ST:hi|D2D_ATR_MA:hi|Micro_TickIntensity:hi|Momentum_Value:hi|Session_High_Dist_ATR:hi|Sqz_Val:hi|TChan_A15:hi,194|217|273|292,23.13568280709607,26.584927,320,0.353412,0.0,-1,-0.000102,11.61144858072867,11.371771386700862
61242,2026.03.23 20:33,LONG,7,7,7,0,21,14,14,0.6667,0.6667,12.904,12.904,290.5,0,AT_Regime_ST:==1|Bars_Since_Flip:hi|D2D_Signal:==1|Efficiency_Ratio:hi|Micro_PriceAccel:hi|Micro_VPIN:lo|OBV_Macd:lo|PoC_Side:==1|Round_500_Dist_ATR:lo|Slope_Accel_LT:hi|Upper_Wick:hi|VA_Position:hi|VWAP_Sigma:hi|Volume_Ratio_10:hi,54|55|108|122|131|132|180,17.76008028323765,74.179059,318,0.404678,1.038029,1,-3.2e-05,18.856446644718016,18.199528660922656
61385,2026.03.23 22:56,SHORT,3,3,3,0,9,6,6,0.6667,0.6667,5.349,5.349,47.7,0,Bar_Range:hi|Micro_BarEntropy:lo|Micro_HLAsymmetry:lo|Micro_Hurst:hi|PrevDay_Low_Dist_ATR:hi|Session_High_Dist_ATR:lo,210|240|253,27.74437758211884,31.453679,253,0.523449,-0.842509,-1,-0.000148,8.803955007256892,8.681536388140161
62396,2026.03.24 17:02,LONG,4,4,4,0,12,10,10,0.8333,0.8333,9.524,9.524,138.8,0,AT_Regime_LT:==1|AT_Score_LT:lo|Body_Size:hi|D2D_Signal:==1|Micro_RangeAccel:hi|MultiDay_Position:hi|PoC_Side:==1|Round_1000_Dist_ATR:lo|Slope_Accel_LT:hi|Upper_Wick:hi,10|11|143|180,23.520617069831687,62.83009,375,0.306093,0.994746,1,0.000178,11.345701020588308,11.143020262773083
62400,2026.03.24 17:06,LONG,4,4,4,0,12,11,11,0.9167,0.9167,10.691,10.691,111.2,0,AT_Regime_LT:==1|AT_Score_LT:lo|AT_Slope_LT:lo|Body_Size:hi|Micro_FailedBreak:hi|Micro_MicroGap:lo|Micro_RangeAccel:lo|MultiDay_Position:hi|OR_High_Side:==-1|Round_1000_Dist_ATR:lo|Slope_Accel_LT:hi,8|10|15|143,27.54077184105917,51.269091,350,0.327624,0.984999,1,0.000247,11.345701020588308,11.143020262773083
62414,2026.03.24 17:20,LONG,7,7,7,0,21,13,13,0.619,0.619,11.308,11.308,104.3,0,AT_Regime_LT:==1|AT_Regime_ST:==1|D2D_ATR_MA:hi|Micro_VPIN:lo|Micro_VolOfVol:hi|MultiDay_Position:hi|OR_High_Side:==-1|OR_Low_Side:==-1|Round_1000_Dist_ATR:lo|ST_Flip_Event:==-1|Slope_Accel_LT:hi|Slope_Accel_ST:lo|Volume:hi,61|114|115|143|148|151|162,22.59105004844222,29.768156,364,0.466207,0.470301,1,-0.0,18.856446644718016,18.199528660922656
62416,2026.03.24 17:22,LONG,3,3,3,0,9,8,8,0.8889,0.8889,7.715,7.715,180.9,0,AT_Regime_LT:==1|AT_Regime_ST:==1|Micro_FractalDim:hi|MultiDay_Position:hi|OBV_Velocity:hi|OR_Low_Side:==-1|Round_1000_Dist_ATR:lo|Slope_Accel_LT:hi,134|143|148,20.43821270663357,55.261393,385,0.52974,-0.56097,1,-2.6e-05,8.665108670454496,8.56108508618842
62420,2026.03.24 17:26,LONG,5,5,5,0,15,13,13,0.8667,0.8667,12.469,12.469,136.5,0,AT_Regime_LT:==1|DailyOpen_Side:==-1|Lower_Wick:lo|Micro_FractalDim:hi|Micro_OrderFlowDelta:hi|Micro_Rejection:lo|MultiDay_Position:hi|OBV_Velocity:hi|OR_Low_Side:==-1|OR_Position:lo|PrevDay_Low_Side:==1|RangeOsc_Val:hi|Round_1000_Dist_ATR:lo,103|104|134|141|143,16.371519960014375,50.455492,372,0.30844,0.297292,1,9e-06,13.933964781772266,13.604790342516026
62557,2026.03.24 19:43,SHORT,4,4,4,0,12,9,9,0.75,0.75,8.485,8.485,71.2,0,Bar_Range:hi|DailyOpen_Side:==-1|Efficiency_Ratio:lo|Micro_BarEntropy:lo|Micro_Hurst:hi|OR_High_Side:==1|PrevDay_Close_Side:==-1|PrevDay_Low_Dist_ATR:hi|Session_High_Dist_ATR:lo,210|232|233|240,27.243342443615365,34.674437,280,0.502904,0.980549,-1,-0.00012,11.61144858072867,11.371771386700862
62562,2026.03.24 19:48,SHORT,5,3,3,0,15,12,12,0.8,0.8,10.978,10.978,42.0,0,Bar_Range:hi|D2D_Dynamic_Sensitivity:lo|Micro_BarEntropy:lo|Micro_BarOverlap:lo|Micro_HLAsymmetry:lo|Micro_Hurst:hi|MultiDay_Position:hi|OR_High_Side:==1|PrevDay_Low_Dist_ATR:hi|RangeOsc_State:==2|Session_High_Dist_ATR:lo|Slope_Accel_LT:lo,210|225|240|243|253,21.748241327375936,28.396264,285,0.535144,-0.950829,-1,4.1e-05,14.358215859511613,13.967131712972364
62569,2026.03.24 19:55,SHORT,5,3,3,0,15,11,11,0.7333,0.7333,10.009,10.009,202.2,0,ATR_1M:hi|Bar_Range:hi|Micro_BarOverlap:lo|Micro_CSSpread:hi|Micro_HLAsymmetry:lo|Micro_Hurst:hi|MultiDay_Slope:hi|OR_High_Side:==1|PrevDay_Low_Dist_ATR:hi|RangeOsc_State:==2|Session_High_Dist_ATR:lo,191|192|210|243|253,15.951475715951664,39.092347,322,0.558523,-0.459169,-1,2.4e-05,14.358215859511613,13.967131712972364
62570,2026.03.24 19:56,SHORT,5,3,3,0,15,9,9,0.6,0.6,8.32,8.32,332.1,0,ATR_1M:hi|DailyOpen_Side:==-1|Efficiency_Ratio:lo|Micro_CSSpread:hi|Micro_HLAsymmetry:hi|MultiDay_Slope:hi|OR_High_Side:==1|PrevDay_Close_Side:==-1|RangeOsc_State:==2,191|192|232|233|252,15.65061393667188,47.380351,278,0.541649,0.212113,-1,1.9e-05,14.358215859511613,13.967131712972364
62578,2026.03.24 20:04,SHORT,3,3,3,0,9,6,6,0.6667,0.6667,5.349,5.349,74.7,0,Micro_BarEntropy:lo|Micro_HLAsymmetry:lo|Micro_Hurst:hi|Micro_IBSP:lo|Micro_PriceAccel:hi|Session_High_Dist_ATR:lo,240|253|257,18.11614258393584,46.566633,364,0.567124,-0.429492,-1,-0.00012,8.803955007256892,8.681536388140161
62775,2026.03.24 23:21,LONG,5,5,5,0,15,13,13,0.8667,0.8667,12.469,12.469,660.0,0,ADX_Value:hi|AT_Regime_LT:==1|D2D_Dynamic_Sensitivity:lo|Micro_LogReturn:lo|Micro_MicroGap:lo|Micro_OrderFlowDelta:lo|Micro_WickImbalance:lo|MultiDay_Position:hi|OBV_Macd:lo|OR_High_Side:==0|Round_1000_Dist_ATR:lo|Session_Low_Dist_ATR:lo|Upper_Wick:hi,63|97|107|128|143,33.31353300269066,112.367108,478,0.450244,-0.244734,1,0.000243,13.933964781772266,13.604790342516026
63436,2026.03.25 11:37,SHORT,4,4,4,0,12,10,10,0.8333,0.8333,9.524,9.524,110.0,0,AT_Slope_LT:hi|Micro_BarOverlap:hi|Micro_HLAsymmetry:lo|Micro_IBSP:lo|Micro_PriceAccel:hi|OBVf_Signal:==1|PrevDay_Close_Dist_ATR:lo|PrevDay_High_Side:==1|Session_High_Dist_ATR:lo|VWAP_Side:==1,202|241|257|278,35.10576250809587,50.85321,313,0.415381,0.0,-1,6.3e-05,11.61144858072867,11.371771386700862
63628,2026.03.25 14:49,SHORT,4,4,4,0,12,9,9,0.75,0.75,8.123,8.123,135.6,0,AT_Regime_ST:==0|Bar_Range:hi|Lower_Wick:lo|Micro_Entropy:lo|Micro_RangeVelocity:lo|Micro_WickImbalance:lo|PrevDay_Close_Dist_ATR:lo|PrevDay_High_Side:==1|VWAP_Side:==1,211|244|269|278,32.6598314094496,61.528356,282,0.408039,0.0,-1,1.8e-05,11.61144858072867,11.371771386700862
63662,2026.03.25 15:23,SHORT,3,3,3,0,9,7,7,0.7778,0.7778,6.614,6.614,123.6,0,Micro_BarEntropy:lo|Micro_BarOverlap:lo|Micro_HLAsymmetry:lo|Micro_Hurst:hi|Micro_OrderFlowDelta:hi|Micro_PriceAccel:lo|Session_High_Dist_ATR:lo,240|242|253,35.82451476188487,73.692442,463,0.560911,-0.149269,-1,-0.000242,8.803955007256892,8.681536388140161
63785,2026.03.25 17:26,LONG,11,11,11,0,33,16,16,0.4848,0.4848,11.481,11.481,442.2,0,ADX_Rising:==0|AT_Regime_ST:==1|DailyOpen_Dist_ATR:lo|DailyOpen_Side:==1|Harmonic_OBVf_Concordance:==0|KAMA_Dist:lo|Lower_Wick:hi|Micro_Amihud:hi|Micro_VolOfVol:hi|Micro_WickImbalance:hi|OR_High_Side:==-1|OR_Low_Side:==-1|PrevDay_High_Side:==-1|Round_500_Dist_ATR:lo|VWAP_Dist_ATR:lo|Volume:hi,71|72|73|74|75|76|78|79|80|115|144,18.65268253792479,71.98582,389,0.478577,0.0,1,-5e-06,27.817084794051137,26.258658030358355
63835,2026.03.25 18:16,SHORT,6,6,6,0,18,13,13,0.7222,0.7222,12.247,12.247,252.0,0,DailyOpen_Dist_ATR:lo|Micro_Entropy:lo|Micro_MomoTransfer:hi|Micro_OrderFlowDelta:lo|Micro_TickIntensity:lo|Micro_WickImbalance:lo|OBV_Velocity:lo|PoC_Side:==0|PrevDay_High_Dist_ATR:lo|PrevDay_Low_Side:==1|VAH_Side:==0|VAL_Side:==0|VWAP_Z:lo,229|245|246|264|265|276,34.84923835318597,77.795882,447,0.385589,-1.240426,-1,-0.000352,17.045884868532983,16.47150210578053
65101,2026.03.26 16:37,LONG,5,5,5,0,15,10,10,0.6667,0.6667,9.125,9.125,1134.0,0,AT_Regime_LT:==1|Bars_Since_Flip:hi|DailyOpen_Side:==-1|Lower_Wick:lo|Micro_FailedBreak:hi|Micro_OrderFlowDelta:hi|Micro_Rejection:lo|Micro_WickImbalance:hi|MultiDay_Position:lo|Volume_Avg_10:hi,56|103|104|116|182,25.57105415756297,34.816769,402,0.432631,0.416466,1,6.2e-05,13.933964781772266,13.604790342516026
65104,2026.03.26 16:40,LONG,11,7,7,0,33,18,18,0.5455,0.5455,15.132,15.132,1572.9,0,AT_Regime_LT:==1|Bars_Since_Flip:hi|DailyOpen_Side:==-1|Lower_Wick:lo|Micro_Entropy:lo|Micro_OrderFlowDelta:hi|Micro_Rejection:lo|Micro_WickImbalance:hi|MultiDay_Position:lo|OR_High_Side:==1|OR_Low_Side:==1|OR_Position:hi|PrevDay_Close_Side:==-1|RangeOsc_Val:hi|Session_Low_Dist_ATR:lo|Slope_EMA_ST:hi|VWAP_Sigma_ATR:lo|Volume_Avg_10:hi,52|56|57|83|103|104|112|116|142|146|163,24.883170399441745,47.428905,375,0.31091,0.042168,1,6.1e-05,27.817084794051137,26.258658030358355
65177,2026.03.26 17:53,SHORT,3,3,3,0,9,7,7,0.7778,0.7778,6.24,6.24,91.2,0,ADX_Value:lo|EMA_Oscillator:lo|Micro_HLAsymmetry:lo|Micro_Hurst:hi|Micro_Lambda:hi|Micro_RangeVelocity:lo|Session_High_Dist_ATR:lo,230|253|255,15.663855954856288,55.678991,383,0.538272,-0.538803,-1,-0.0002,8.803955007256892,8.681536388140161
65498,2026.03.26 23:14,LONG,4,4,4,0,12,10,10,0.8333,0.8333,9.118,9.118,168.0,0,D2D_Dynamic_Sensitivity:lo|Lower_Wick:hi|Micro_LogReturn:lo|Micro_MicroGap:lo|Micro_OrderFlowDelta:lo|Micro_WickImbalance:hi|MultiDay_Slope:lo|OBV_Macd:lo|OR_High_Side:==0|Upper_Wick:hi,63|97|127|129,32.28168583533037,165.178807,428,0.409781,-0.390486,1,0.000488,11.345701020588308,11.143020262773083
65503,2026.03.26 23:19,LONG,3,3,3,0,9,7,7,0.7778,0.7778,6.614,6.614,113.7,0,Micro_MicroGap:hi|Micro_OrderFlowDelta:lo|Micro_RollProxy:hi|Micro_ThrustEff:lo|Micro_WickImbalance:hi|OBV_Macd:lo|OBVf_Signal:==-1,98|126|127,41.07114220878504,36.547972,284,0.566468,-0.465142,1,0.000364,8.665108670454496,8.56108508618842
66460,2026.03.27 16:31,SHORT,5,5,5,0,15,10,10,0.6667,0.6667,8.813,8.813,210.0,0,Bar_Range:hi|D2D_Dynamic_Sensitivity:lo|EMA_Oscillator:lo|Lower_Wick:lo|Micro_Hurst:hi|Micro_Lambda:hi|Micro_RangeVelocity:lo|MultiDay_Slope:lo|OBV_Macd:lo|Volume:hi,211|220|221|223|255,23.471281667736942,84.295033,445,0.50514,-0.670265,-1,-8.8e-05,14.358215859511613,13.967131712972364
66482,2026.03.27 16:53,SHORT,4,4,4,0,12,12,12,1.0,1.0,12.0,12.0,72.0,0,AT_Slope_ST:hi|D2D_ATR_MA:hi|Micro_MicroGap:hi|Micro_RollProxy:lo|OBVf_Signal:==1|OR_High_Dist_ATR:hi|Session_High_Dist_ATR:hi|Slope_EMA_ST:hi|Sqz_State:==-1|Sqz_Val:hi|Volume:hi|Volume_Ratio_10:lo,206|217|287|296,25.894870611488,35.026158,302,0.500737,0.0,-1,6.4e-05,11.61144858072867,11.371771386700862
66519,2026.03.27 17:30,LONG,8,8,8,0,24,15,15,0.625,0.625,12.895,12.895,170.4,0,AT_Regime_ST:==1|AT_Slope_LT:lo|AT_Slope_ST:lo|D2D_ATR:hi|Micro_AutoCorr:hi|Micro_FailedBreak:hi|Micro_Hurst:hi|Micro_Rejection:lo|Micro_WickImbalance:lo|Momentum_Value:lo|PrevDay_High_Dist_ATR:hi|PrevDay_Low_Side:==-1|Round_500_Dist_ATR:lo|VWAP_Side:==-1|Volume_Avg_10:hi,13|24|26|59|111|120|182|185,15.121451188881167,22.782501,334,0.564293,0.438933,1,-8.7e-05,21.20075584842148,20.34657927196911
66563,2026.03.27 18:14,LONG,7,7,7,0,21,13,13,0.619,0.619,11.308,11.308,1057.0,0,AT_Regime_ST:==1|AT_Slope_LT:lo|AT_Slope_ST:lo|D2D_ATR:hi|Micro_BarOverlap:lo|Micro_HLAsymmetry:hi|Micro_Hurst:hi|Micro_Rejection:lo|Micro_RollProxy:hi|PrevDay_High_Dist_ATR:hi|PrevDay_Low_Side:==-1|VWAP_Sigma:hi|Volume_Avg_10:hi,13|14|25|28|59|111|185,16.779574216114966,26.170344,268,0.567801,0.382112,1,-8.4e-05,18.856446644718016,18.199528660922656
66572,2026.03.27 18:23,LONG,14,14,14,0,42,24,24,0.5714,0.5714,19.979,19.979,588.0,0,AT_Regime_ST:==1|AT_Slope_LT:lo|Bar_Range:hi|D2D_Signal:==1|KAMA_Dist:hi|Micro_Amihud:hi|Micro_AutoCorr:hi|Micro_FailedBreak:hi|Micro_PriceAccel:hi|Micro_RangeVelocity:hi|Micro_VolOfVol:hi|Micro_WickImbalance:lo|Momentum_Value:hi|OR_Low_Side:==-1|PoC_Side:==1|PrevDay_Close_Side:==-1|PrevDay_Low_Side:==-1|RangeOsc_Val:hi|Session_Low_Dist_ATR:lo|Slope_EMA_ST:lo|TChan_A15:hi|Upper_Wick:hi|VWAP_Sigma:hi|Volume_Ratio_10:hi,16|49|70|80|82|108|115|142|165|172|176|177|180|188,16.53340932174225,99.289432,401,0.412173,1.173337,1,-2.2e-05,33.88149573876854,31.48140431384581
66658,2026.03.27 19:49,SHORT,4,4,4,0,12,8,8,0.6667,0.6667,7.237,7.237,40.0,0,AT_Lookback_ST:hi|Bars_Since_Flip:hi|Micro_TickIntensity:hi|Momentum_Value:hi|PrevDay_Close_Dist_ATR:hi|Session_High_Dist_ATR:hi|Sqz_Val:hi|TChan_A15:hi,194|213|273|292,23.354885979182253,21.707627,224,0.499393,-0.092134,-1,-2.7e-05,11.61144858072867,11.371771386700862
66661,2026.03.27 19:52,SHORT,4,4,4,0,12,8,8,0.6667,0.6667,7.237,7.237,40.0,0,AT_Lookback_ST:hi|Bars_Since_Flip:hi|Micro_TickIntensity:hi|Momentum_Value:hi|PrevDay_Close_Dist_ATR:hi|Session_High_Dist_ATR:hi|Sqz_Val:hi|TChan_A15:hi,194|213|273|292,21.055656532771504,21.714509,215,0.560332,-0.368417,-1,-1.3e-05,11.61144858072867,11.371771386700862
66849,2026.03.27 23:00,SHORT,5,5,5,0,15,11,11,0.7333,0.7333,10.009,10.009,128.0,0,AT_Score_LT:lo|Bar_Range:hi|Lower_Wick:lo|Micro_BarEntropy:lo|Micro_CSSpread:hi|Micro_HLAsymmetry:lo|Micro_Hurst:hi|Micro_Lambda:hi|Micro_RangeVelocity:lo|Session_High_Dist_ATR:lo|Volume_Avg_10:hi,201|211|240|253|255,26.49234666264483,47.730657,324,0.513944,-0.859406,-1,-3.2e-05,14.358215859511613,13.967131712972364
67035,2026.03.30 03:21,LONG,3,3,3,0,9,9,9,1.0,1.0,9.0,9.0,158.4,0,ADX_Rising:==1|Micro_IBSP:lo|Micro_LogReturn:lo|OR_High_Side:==0|PrevDay_High_Dist_ATR:lo|PrevDay_Low_Side:==-1|Upper_Wick:hi|VWAP_Sigma:lo|Volume:hi,91|97|135,25.6427703544464,49.007102,374,0.547913,-0.183647,1,0.000211,8.665108670454496,8.56108508618842
67048,2026.03.30 03:34,LONG,6,6,6,0,18,12,12,0.6667,0.6667,10.499,10.499,54.6,0,AT_Regime_ST:==1|D2D_ATR_MA:hi|EMA_Oscillator:hi|KAMA_Dist:hi|Micro_OrderFlowDelta:hi|Micro_VPIN:lo|PrevDay_High_Dist_ATR:lo|PrevDay_Low_Side:==-1|ST_Flip_Event:==-1|Session_High_Dist_ATR:lo|Slope_Accel_ST:lo|Sqz_State:==1,61|67|70|105|138|162,24.461966772634906,20.090397,169,0.480456,0.721738,1,-7e-06,16.435780104648117,15.954503499974125
67829,2026.03.30 16:35,SHORT,5,5,5,0,15,13,13,0.8667,0.8667,12.469,12.469,190.5,0,AT_Score_LT:hi|D2D_Signal:==-1|Micro_IBSP:lo|Micro_MicroGap:hi|Micro_PriceAccel:hi|Micro_ThrustEff:lo|OR_High_Side:==-1|RangeOsc_State:==-2|Session_High_Dist_ATR:lo|VWAP_Sigma:hi|Volume:hi|Volume_Avg_10:hi|Volume_Ratio_10:hi,196|198|257|260|295,23.460727219186204,68.452292,405,0.479208,-0.693914,-1,-1.3e-05,14.358215859511613,13.967131712972364
67834,2026.03.30 16:40,SHORT,6,5,5,0,18,11,11,0.6111,0.6111,9.721,9.721,115.5,0,AT_Score_LT:hi|AT_Slope_ST:lo|Bar_Range:hi|D2D_ATR:hi|Micro_BarEntropy:lo|Micro_HLAsymmetry:lo|Micro_Hurst:hi|OR_High_Side:==-1|RangeOsc_State:==-1|Session_High_Dist_ATR:lo|Volume_Avg_10:hi,196|197|209|214|240|253,22.40196444421916,43.460252,386,0.545312,-0.805334,-1,-0.000146,17.045884868532983,16.47150210578053
67838,2026.03.30 16:44,SHORT,4,4,4,0,12,7,7,0.5833,0.5833,6.0,6.0,64.0,0,AT_Score_LT:hi|AT_Slope_ST:lo|Bar_Range:hi|D2D_ATR:hi|OR_High_Side:==-1|RangeOsc_State:==-1|Volume_Avg_10:hi,196|197|209|214,24.134268467107223,31.646557,355,0.424876,-0.236993,-1,-0.000193,11.61144858072867,11.371771386700862
67840,2026.03.30 16:46,SHORT,4,4,4,0,12,7,7,0.5833,0.5833,6.0,6.0,163.6,0,AT_Score_LT:hi|AT_Slope_ST:lo|Bar_Range:hi|D2D_ATR:hi|OR_High_Side:==-1|RangeOsc_State:==-1|Volume_Avg_10:hi,196|197|209|214,25.86686422904601,73.248714,408,0.482011,-0.389085,-1,-0.000212,11.61144858072867,11.371771386700862
67843,2026.03.30 16:49,SHORT,5,5,5,0,15,10,10,0.6667,0.6667,8.615,8.615,103.0,0,AT_Score_LT:hi|AT_Slope_ST:lo|Bar_Range:hi|D2D_ATR:hi|Micro_BarOverlap:hi|Micro_HLAsymmetry:lo|OR_High_Side:==-1|PrevDay_High_Side:==1|RangeOsc_State:==-1|Volume_Avg_10:hi,196|197|209|214|241,30.448690466876062,39.299797,372,0.298334,0.0,-1,-0.00027,14.358215859511613,13.967131712972364
67850,2026.03.30 16:56,SHORT,4,4,4,0,12,7,7,0.5833,0.5833,6.0,6.0,69.2,0,AT_Score_LT:hi|AT_Slope_ST:lo|Bar_Range:hi|D2D_ATR:hi|OR_High_Side:==-1|RangeOsc_State:==-1|Volume_Avg_10:hi,196|197|209|214,33.16548947431527,33.768404,341,0.49775,-0.133261,-1,-0.000208,11.61144858072867,11.371771386700862
67854,2026.03.30 17:00,SHORT,6,6,6,0,18,11,11,0.6111,0.6111,8.875,8.875,147.0,0,AT_Score_LT:hi|AT_Slope_ST:lo|Bar_Range:hi|D2D_ATR:hi|Micro_VPIN:lo|OR_High_Side:==-1|RangeOsc_State:==-1|Slope_EMA_LT:hi|Volume:hi|Volume_Avg_10:hi|Volume_Ratio_10:hi,196|197|198|209|214|286,34.450218804690444,45.9049,429,0.488565,0.773338,-1,-0.000144,17.045884868532983,16.47150210578053
67861,2026.03.30 17:07,SHORT,6,3,3,0,18,12,12,0.6667,0.6667,11.014,11.014,61.2,0,AT_Regime_ST:==0|AT_Score_LT:hi|Bar_Range:hi|D2D_ATR:hi|Lower_Wick:lo|Micro_BarEntropy:lo|Micro_Hurst:hi|Micro_RangeVelocity:lo|OR_High_Side:==-1|RangeOsc_State:==-1|Session_High_Dist_ATR:lo|Volume_Avg_10:hi,196|197|211|214|240|269,24.88374230714759,38.968468,325,0.550061,0.0,-1,5.1e-05,17.045884868532983,16.47150210578053
67874,2026.03.30 17:20,SHORT,5,5,5,0,15,10,10,0.6667,0.6667,8.813,8.813,94.5,0,AT_Lookback_LT:hi|AT_Score_LT:hi|Body_Size:hi|D2D_ATR:hi|Micro_Amihud:lo|Micro_VPIN:lo|OR_High_Side:==-1|RangeOsc_State:==-1|Slope_EMA_LT:hi|Volume_Avg_10:hi,193|196|197|214|286,18.5441449749606,36.56589,351,0.432866,0.396544,-1,-3.6e-05,14.358215859511613,13.967131712972364
67975,2026.03.30 19:01,SHORT,4,4,4,0,12,12,12,1.0,1.0,12.0,12.0,49.6,0,AT_Score_LT:hi|D2D_Dn_Count:hi|Micro_BarOverlap:hi|Micro_HLAsymmetry:lo|Micro_IBSP:lo|Micro_PriceAccel:hi|Micro_VolAccel:lo|OR_High_Side:==-1|PrevDay_High_Side:==1|Session_High_Dist_ATR:lo|Slope_Accel_ST:lo|Volume_Avg_10:hi,196|219|241|257,19.752128850188065,25.614358,223,0.474286,0.037089,-1,-8.6e-05,11.61144858072867,11.371771386700862
67976,2026.03.30 19:02,SHORT,5,4,4,0,15,12,12,0.8,0.8,11.368,11.368,64.4,0,ATR_1M:hi|AT_Score_LT:hi|AT_Slope_ST:lo|Bar_Range:hi|Micro_BarEntropy:lo|Micro_CSSpread:hi|Micro_HLAsymmetry:lo|Micro_Hurst:hi|OR_High_Side:==-1|RangeOsc_State:==2|Session_High_Dist_ATR:lo|Volume_Avg_10:hi,191|196|209|240|253,20.49178215895251,31.883071,231,0.513831,-0.940938,-1,-0.000118,14.358215859511613,13.967131712972364
68082,2026.03.30 20:48,LONG,6,6,6,0,18,13,13,0.7222,0.7222,11.555,11.555,149.4,0,AT_Lookback_LT:hi|AT_Regime_ST:==1|Micro_Amihud:hi|Micro_MomoTransfer:lo|Micro_OrderFlowDelta:lo|Micro_RangeVelocity:lo|Micro_VolOfVol:hi|OBV_Macd:lo|OR_Low_Side:==-1|PrevDay_High_Side:==1|VAH_Dist_ATR:hi|VA_Position:hi|WeeklyOpen_Dist_ATR:lo,0|1|80|106|115|131,26.391666977439883,46.561356,247,0.382066,-0.074096,1,-5.2e-05,16.435780104648117,15.954503499974125
68190,2026.03.30 22:36,LONG,26,26,21,1,78,32,32,0.4103,0.4103,23.566,23.566,936.6,0,ADX_Rising:==0|AT_Regime_ST:==1|AT_Slope_LT:lo|AT_Slope_ST:lo|Bar_Range:hi|Bars_Since_Flip:hi|Body_Size:hi|D2D_ATR:hi|D2D_DirStep:==1|D2D_Signal:==1|Micro_AutoCorr:hi|Micro_BarOverlap:lo|Micro_FailedBreak:hi|Micro_LogReturn:hi|Micro_PriceAccel:hi|Micro_RangeVelocity:hi|Micro_RollProxy:hi|Micro_VolOfVol:hi|Momentum_Value:hi|OBV_Macd:lo|PoC_Side:==1|RangeOsc_State:==-1|Session_High_Dist_ATR:lo|Session_Low_Dist_ATR:lo|Slope_EMA_ST:lo|TChan_A15:hi|Upper_Wick:hi|VA_Position:hi|VWAP_Side:==-1|VWAP_Sigma:hi|Volume:hi|Volume_Ratio_10:hi,14|16|19|21|22|23|25|26|33|37|38|39|41|44|49|58|82|108|131|132|145|176|177|178|180|188,39.88049692768676,42.136789,317,0.474892,0.889959,1,-9e-05,53.933459433015955,47.371944708310544
68196,2026.03.30 22:42,LONG,10,6,6,0,30,17,17,0.5667,0.5667,15.171,15.171,91.2,0,ADX_Value:hi|AT_Regime_ST:==1|AT_Slope_ST:lo|Bars_Since_Flip:hi|D2D_ATR:hi|D2D_Signal:==0|Harmonic_LLEMA:hi|Micro_CSSpread:hi|Micro_HLAsymmetry:hi|Micro_OrderFlowDelta:lo|Micro_Rejection:lo|Micro_WickImbalance:lo|Momentum_Value:hi|OBV_Macd:lo|Slope_EMA_ST:lo|Upper_Wick:hi|VA_Position:hi,19|38|40|50|58|123|128|131|166|167,34.20524462447302,30.372724,285,0.448087,-0.148159,1,-7.1e-05,25.67729340170544,24.370762681353153
68197,2026.03.30 22:43,LONG,8,7,7,0,24,14,14,0.5833,0.5833,11.741,11.741,78.4,0,ADX_Value:hi|AT_Regime_ST:==1|AT_Slope_LT:lo|Lower_Wick:hi|Micro_Hurst:hi|Micro_WickImbalance:lo|Momentum_Value:hi|MultiDay_Slope:lo|OBV_Macd:lo|PrevDay_High_Side:==-1|RangeOsc_State:==-1|Slope_EMA_ST:lo|VA_Position:hi|VWAP_Side:==-1,17|118|128|129|131|164|168|169,34.22989195245965,23.723621,216,0.522843,0.21076,1,-6.8e-05,21.20075584842148,20.34657927196911
68469,2026.03.31 04:30,LONG,4,4,4,0,12,9,9,0.75,0.75,8.485,8.485,167.6,0,Micro_AutoCorr:hi|Micro_Entropy:lo|Micro_LogReturn:hi|Micro_MomoTransfer:hi|Micro_RangeAccel:lo|Micro_RangeVelocity:lo|Micro_TickIntensity:hi|TChan_A15:hi|Volume_Ratio_10:hi,85|86|188|190,38.95728604149542,24.950989,319,0.473608,0.541061,1,0.000288,11.345701020588308,11.143020262773083
69055,2026.03.31 14:16,LONG,5,5,5,0,15,8,8,0.5333,0.5333,7.161,7.161,142.5,0,AT_Regime_LT:==1|Lower_Wick:lo|Micro_Entropy:lo|Micro_MomoTransfer:hi|Micro_OrderFlowDelta:hi|Micro_RangeAccel:lo|Micro_RangeVelocity:lo|Micro_Rejection:lo,85|86|100|101|104,54.46393688436032,52.452406,349,0.466304,0.324103,1,0.000229,13.933964781772266,13.604790342516026
69110,2026.03.31 15:11,SHORT,9,9,9,0,27,21,21,0.7778,0.7778,19.841,19.841,347.4,0,ATR_1M:hi|D2D_Dn_Count:hi|D2D_Signal:==-1|Micro_CSSpread:hi|Micro_HLAsymmetry:lo|Micro_Hurst:hi|Micro_IBSP:lo|Micro_Lambda:hi|Micro_PriceAccel:hi|Micro_RangeAccel:lo|Micro_RangeVelocity:lo|Micro_RollProxy:hi|Micro_VolAccel:lo|MultiDay_Slope:hi|OBV_Velocity:hi|PrevDay_High_Dist_ATR:lo|RangeOsc_State:==2|Session_High_Dist_ATR:lo|Slope_Accel_ST:lo|VWAP_Dist_ATR:lo|VWAP_Sigma_ATR:lo,191|192|219|253|255|257|267|268|274,21.17091008203408,69.266013,273,0.522267,-0.223775,-1,2e-06,24.76979519355137,23.47500304855719
69174,2026.03.31 16:15,SHORT,3,3,3,0,9,5,5,0.5556,0.5556,4.586,4.586,41.7,0,ATR_1M:hi|Micro_CSSpread:hi|Micro_HLAsymmetry:hi|MultiDay_Slope:hi|RangeOsc_State:==2,191|192|252,27.826376568882285,28.191485,158,0.570349,0.390189,-1,-1.8e-05,8.803955007256892,8.681536388140161
69189,2026.03.31 16:30,SHORT,4,4,4,0,12,8,8,0.6667,0.6667,7.237,7.237,395.2,0,ATR_1M:hi|D2D_Dynamic_Sensitivity:lo|Lower_Wick:lo|Micro_CSSpread:hi|Micro_HLAsymmetry:hi|MultiDay_Slope:hi|RangeOsc_State:==2|Volume:hi,191|192|221|252,18.47944061523113,56.559158,512,0.507444,0.233207,-1,-8e-06,11.61144858072867,11.371771386700862
69192,2026.03.31 16:33,SHORT,4,4,4,0,12,9,9,0.75,0.75,8.485,8.485,163.6,0,D2D_Dynamic_Sensitivity:lo|Micro_HLAsymmetry:lo|Micro_Hurst:hi|Micro_LogReturn:hi|Micro_ThrustEff:lo|MultiDay_Position:hi|MultiDay_Slope:hi|Session_High_Dist_ATR:lo|Slope_Accel_LT:lo,225|253|254|258,18.85183823900896,73.216432,420,0.522367,0.0,-1,-0.000108,11.61144858072867,11.371771386700862
69201,2026.03.31 16:42,SHORT,4,4,4,0,12,10,10,0.8333,0.8333,9.524,9.524,123.6,0,ADX_Value:lo|ATR_1M:hi|Micro_HLAsymmetry:hi|Micro_RollProxy:lo|Micro_ThrustEff:hi|MultiDay_Slope:hi|RangeOsc_State:==2|Slope_EMA_ST:lo|Volume:hi|Volume_Ratio_10:lo,192|252|289|296,18.071927451406623,56.575909,351,0.356324,0.362345,-1,-5e-06,11.61144858072867,11.371771386700862
69242,2026.03.31 17:23,SHORT,4,4,4,0,12,9,9,0.75,0.75,8.485,8.485,706.0,0,ADX_Value:lo|ATR_1M:hi|EMA_Oscillator:lo|Micro_BarEntropy:lo|Micro_HLAsymmetry:hi|Micro_Hurst:hi|MultiDay_Slope:hi|RangeOsc_State:==2|Session_High_Dist_ATR:lo,192|230|240|252,16.503575453275168,49.866731,302,0.511926,0.782085,-1,-0.000127,11.61144858072867,11.371771386700862
69285,2026.03.31 18:06,LONG,3,3,3,0,9,9,9,1.0,1.0,9.0,9.0,184.5,0,ADX_Value:hi|Micro_FailedBreak:hi|Micro_FractalDim:lo|Micro_Rejection:lo|Micro_WickImbalance:lo|OBV_Macd:lo|TChan_A15:hi|Volume_Avg_10:hi|Volume_Ratio_10:hi,128|182|189,33.6914856455664,56.289033,381,0.530943,0.710618,1,0.000285,8.665108670454496,8.56108508618842
69290,2026.03.31 18:11,LONG,4,3,3,0,12,9,9,0.75,0.75,8.123,8.123,90.3,0,AT_Regime_LT:==1|Harmonic_LLEMA:hi|Lower_Wick:lo|Micro_FailedBreak:hi|Micro_OrderFlowDelta:hi|Micro_Rejection:lo|Micro_WickImbalance:hi|OBV_Macd:lo|Volume_Avg_10:hi,104|116|123|182,35.927689159014754,30.124206,322,0.559654,0.365155,1,0.000344,11.345701020588308,11.143020262773083
69307,2026.03.31 18:28,SHORT,5,5,5,0,15,12,12,0.8,0.8,11.368,11.368,100.0,0,ATR_1M:hi|Bar_Range:hi|KAMA_Dist:hi|Micro_CSSpread:hi|Micro_IBSP:hi|Micro_LogReturn:hi|Micro_ThrustEff:lo|MultiDay_Slope:hi|OBVf_Signal:==1|PrevDay_High_Side:==1|PrevDay_Low_Dist_ATR:hi|RangeOsc_State:==2,191|192|212|234|258,26.02048764324437,38.256848,316,0.43405,1.202399,-1,-0.000112,14.358215859511613,13.967131712972364
69314,2026.03.31 18:35,SHORT,4,4,4,0,12,8,8,0.6667,0.6667,7.237,7.237,88.8,0,ATR_1M:hi|Micro_BarOverlap:lo|Micro_CSSpread:hi|Micro_HLAsymmetry:hi|Micro_OrderFlowDelta:hi|Micro_PriceAccel:lo|MultiDay_Slope:hi|RangeOsc_State:==2,191|192|242|252,22.45499438720436,42.043976,334,0.525862,0.570831,-1,-0.000155,11.61144858072867,11.371771386700862
69320,2026.03.31 18:41,SHORT,5,5,5,0,15,13,13,0.8667,0.8667,12.469,12.469,54.5,0,Bar_Range:hi|KAMA_Dist:hi|Micro_HLAsymmetry:lo|Micro_Hurst:hi|Micro_IBSP:hi|Micro_LogReturn:hi|MultiDay_Slope:hi|OBVf_Signal:==1|PrevDay_Close_Dist_ATR:hi|PrevDay_High_Side:==1|PrevDay_Low_Dist_ATR:hi|Sqz_Val:hi|Volume_Avg_10:hi,210|212|234|254|293,16.05944797302137,23.166658,326,0.536366,0.47482,-1,-6.3e-05,14.358215859511613,13.967131712972364
69437,2026.03.31 20:38,LONG,6,6,6,0,18,15,15,0.8333,0.8333,14.287,14.287,210.6,0,ADX_Value:lo|AT_Lookback_ST:hi|Bars_Since_Flip:hi|Micro_AutoCorr:hi|Micro_FractalDim:lo|Micro_LogReturn:lo|Micro_PriceAccel:hi|Micro_VolOfVol:hi|Momentum_Value:lo|Round_500_Dist_ATR:lo|Slope_EMA_ST:hi|TChan_A15:hi|VA_Position:hi|Volume:hi|Volume_Ratio_10:hi,3|54|96|121|188|189,17.190807140805994,63.467173,449,0.504169,0.078781,1,0.000105,16.435780104648117,15.954503499974125
69487,2026.03.31 21:28,LONG,8,8,8,0,24,17,17,0.7083,0.7083,13.662,13.662,388.0,0,ADX_Value:lo|AT_Lookback_ST:hi|Micro_GarmanKlass:hi|Micro_HLAsymmetry:hi|Micro_Hurst:hi|Micro_RollProxy:hi|Micro_VolOfVol:hi|Micro_WickImbalance:lo|OBVf_Signal:==-1|PrevDay_Close_Dist_ATR:hi|PrevDay_High_Side:==1|Round_100_Dist_ATR:lo|Session_High_Dist_ATR:lo|Slope_Accel_LT:lo|Slope_EMA_ST:hi|Upper_Wick:hi|Volume:hi,3|87|153|154|157|159|160|161,17.82843242021817,45.422527,415,0.529086,0.329132,1,4.7e-05,21.20075584842148,20.34657927196911
69495,2026.03.31 21:36,LONG,5,5,5,0,15,13,13,0.8667,0.8667,12.041,12.041,67.0,0,Bars_Since_Flip:hi|Micro_CSSpread:hi|Micro_FailedBreak:hi|Micro_HLAsymmetry:hi|Micro_LogReturn:hi|Micro_RangeVelocity:lo|Micro_Rejection:lo|Micro_RollProxy:hi|PrevDay_High_Side:==1|Slope_Accel_LT:lo|Upper_Wick:hi|Volume:hi|Volume_Avg_10:hi,50|153|155|157|182,16.158494920319427,27.396444,304,0.472753,0.385086,1,4.4e-05,13.933964781772266,13.604790342516026
69504,2026.03.31 21:45,LONG,6,6,6,0,18,14,14,0.7778,0.7778,12.849,12.849,77.4,0,Bars_Since_Flip:hi|Lower_Wick:lo|Micro_CSSpread:hi|Micro_FailedBreak:hi|Micro_HLAsymmetry:hi|Micro_Hurst:hi|Micro_OrderFlowDelta:hi|Micro_Rejection:lo|Micro_RollProxy:hi|PrevDay_High_Side:==1|Slope_Accel_LT:lo|Upper_Wick:hi|Volume:hi|Volume_Avg_10:hi,50|104|153|154|157|182,15.700597666928791,26.427797,276,0.522903,0.908135,1,4.3e-05,16.435780104648117,15.954503499974125
69579,2026.03.31 23:00,SHORT,3,3,3,0,9,6,6,0.6667,0.6667,5.67,5.67,74.4,0,Bar_Range:hi|Micro_Hurst:hi|PrevDay_Close_Dist_ATR:lo|PrevDay_High_Side:==1|PrevDay_Low_Dist_ATR:hi|VWAP_Side:==1,210|212|278,21.035595728783644,46.262203,424,0.54419,0.0,-1,2.8e-05,8.803955007256892,8.681536388140161
69810,2026.04.01 04:06,SHORT,5,5,5,0,15,10,10,0.6667,0.6667,9.449,9.449,77.0,0,ATR_1M:hi|Bar_Range:hi|Micro_CSSpread:hi|Micro_Hurst:hi|MultiDay_Slope:hi|PrevDay_Close_Dist_ATR:lo|PrevDay_High_Side:==1|PrevDay_Low_Dist_ATR:hi|RangeOsc_State:==2|VWAP_Side:==1,191|192|210|212|278,22.1621977154569,30.643212,235,0.515972,-0.685307,-1,1.5e-05,14.358215859511613,13.967131712972364
70215,2026.04.01 10:51,SHORT,4,4,4,0,12,9,9,0.75,0.75,8.485,8.485,79.6,0,AT_Score_LT:hi|D2D_Dynamic_Sensitivity:lo|Micro_GarmanKlass:hi|Micro_Rejection:hi|MultiDay_Position:hi|PrevDay_High_Side:==1|RangeOsc_State:==-1|Slope_Accel_LT:lo|WeeklyOpen_Dist_ATR:hi,195|225|250|283,23.11089340070845,38.19315,251,0.551691,0.013091,-1,3e-05,11.61144858072867,11.371771386700862
70219,2026.04.01 10:55,SHORT,4,3,3,0,12,8,8,0.6667,0.6667,7.56,7.56,39.3,0,Bar_Range:hi|Lower_Wick:hi|Micro_GarmanKlass:hi|Micro_Hurst:hi|Micro_LogReturn:lo|PrevDay_High_Side:==1|PrevDay_Low_Dist_ATR:hi|WeeklyOpen_Dist_ATR:hi,210|212|250|259,31.3246909392917,26.888432,196,0.543131,-0.334716,-1,2.6e-05,11.61144858072867,11.371771386700862
70504,2026.04.01 15:40,SHORT,4,4,4,0,12,8,8,0.6667,0.6667,7.237,7.237,64.4,0,AT_Score_LT:hi|AT_Slope_ST:lo|Bar_Range:hi|Micro_GarmanKlass:hi|Micro_Hurst:hi|PrevDay_High_Side:==1|PrevDay_Low_Dist_ATR:hi|WeeklyOpen_Dist_ATR:hi,209|210|212|250,44.2572001964361,31.763816,174,0.506926,0.708353,-1,-8.2e-05,11.61144858072867,11.371771386700862
70508,2026.04.01 15:44,LONG,11,11,11,0,33,21,21,0.6364,0.6364,15.735,15.735,924.0,0,AT_Regime_ST:==1|D2D_Signal:==1|Micro_FailedBreak:hi|Micro_HLAsymmetry:hi|Micro_RangeAccel:hi|Micro_RangeVelocity:hi|Micro_Rejection:lo|Micro_RollProxy:lo|Micro_VolOfVol:hi|Micro_WickImbalance:lo|Momentum_Value:hi|OR_High_Side:==-1|OR_Low_Side:==1|OR_Position:hi|PoC_Side:==1|Round_100_Dist_ATR:lo|Session_Low_Dist_ATR:lo|Slope_EMA_ST:lo|Upper_Wick:hi|VWAP_Dist_ATR:lo|VWAP_Side:==1,112|147|165|167|170|174|175|176|177|180|181,41.210602497478135,168.502114,174,0.402557,1.379805,1,-3.5e-05,27.817084794051137,26.258658030358355
70513,2026.04.01 15:49,LONG,6,6,6,0,18,15,15,0.8333,0.8333,13.877,13.877,679.8,0,AT_Score_LT:hi|D2D_ATR_MA:hi|DailyOpen_Dist_ATR:lo|KAMA_Dist:lo|Micro_GarmanKlass:hi|Micro_Rejection:hi|Micro_VolOfVol:hi|Momentum_Value:lo|OR_High_Side:==-1|OR_Position:lo|PrevDay_High_Side:==1|RangeOsc_State:==-1|Upper_Wick:hi|VWAP_Dist_ATR:lo|Volume:hi,5|62|77|78|79|121,43.476475070865455,48.476085,359,0.397982,0.103144,1,-1.7e-05,16.435780104648117,15.954503499974125
70515,2026.04.01 15:51,LONG,13,10,10,0,39,22,22,0.5641,0.5641,18.401,18.401,185.0,0,AT_Regime_ST:==1|D2D_ATR_MA:hi|DailyOpen_Side:==1|EMA_Oscillator:lo|KAMA_Dist:lo|Micro_HLAsymmetry:lo|Micro_IBSP:lo|Micro_OrderFlowDelta:lo|Micro_Rejection:lo|Micro_VolOfVol:hi|Micro_WickImbalance:lo|OR_High_Side:==-1|OR_Low_Side:==-1|OR_Position:lo|PrevDay_High_Side:==1|RangeOsc_State:==-1|Round_500_Dist_ATR:lo|Upper_Wick:hi|VWAP_Dist_ATR:lo|VWAP_Sigma:lo|Volume:hi|Volume_Avg_10:hi,62|68|77|79|91|106|113|115|144|183|184|186|187,41.997034829770655,35.82071,337,0.375877,-0.251251,1,-4.6e-05,31.916270451489858,29.809780066432648
70519,2026.04.01 15:55,SHORT,8,8,8,0,24,14,14,0.5833,0.5833,12.171,12.171,82.4,0,AT_Score_LT:hi|Bar_Range:hi|D2D_ATR:hi|D2D_ATR_MA:hi|Micro_GarmanKlass:hi|Micro_MicroGap:lo|Micro_Rejection:hi|OR_High_Side:==-1|PrevDay_High_Side:==1|PrevDay_Low_Dist_ATR:hi|RangeOsc_State:==-1|VWAP_Sigma:lo|Volume_Avg_10:hi|WeeklyOpen_Dist_ATR:hi,195|196|197|212|214|215|216|250,36.83931024047694,22.09254,295,0.226204,0.882651,-1,-5.9e-05,22.250175986451605,21.221965111549544
70523,2026.04.01 15:59,SHORT,5,5,5,0,15,8,8,0.5333,0.5333,6.916,6.916,45.5,0,AT_Score_LT:hi|D2D_ATR:hi|Micro_Rejection:hi|OR_High_Side:==-1|PrevDay_High_Side:==1|RangeOsc_State:==-1|Volume_Avg_10:hi|WeeklyOpen_Dist_ATR:hi,195|196|197|214|215,30.877550217795857,20.096223,227,0.284347,0.87081,-1,-7.2e-05,14.358215859511613,13.967131712972364
70567,2026.04.01 16:43,SHORT,4,4,4,0,12,10,10,0.8333,0.8333,9.524,9.524,129.2,0,Body_Size:hi|D2D_Signal:==-1|Micro_RangeAccel:lo|PrevDay_Close_Dist_ATR:lo|PrevDay_High_Side:==1|VWAP_Dist_ATR:lo|VWAP_Side:==1|VWAP_Sigma:lo|VWAP_Sigma_ATR:lo|Volume_Avg_10:hi,267|268|278|294,24.47857225606793,58.908491,373,0.491154,-0.509264,-1,8.4e-05,11.61144858072867,11.371771386700862
70583,2026.04.01 16:59,SHORT,4,4,4,0,12,9,9,0.75,0.75,8.485,8.485,80.4,0,ATR_1M:hi|D2D_ATR:hi|Micro_GarmanKlass:hi|Micro_VolAccel:lo|Momentum_Value:hi|MultiDay_Slope:hi|PrevDay_High_Side:==1|RangeOsc_State:==2|WeeklyOpen_Dist_ATR:hi,192|215|250|272,16.970017606030428,38.533217,197,0.353106,0.0,-1,0.000139,11.61144858072867,11.371771386700862
70584,2026.04.01 17:00,SHORT,4,4,4,0,12,11,11,0.9167,0.9167,10.691,10.691,139.6,0,AT_Lookback_LT:hi|Body_Size:hi|Micro_Amihud:lo|Micro_MicroGap:hi|OBVf_Signal:==1|PrevDay_Close_Dist_ATR:lo|PrevDay_High_Side:==1|Slope_EMA_ST:hi|VWAP_Side:==1|VWAP_Sigma:lo|Volume_Avg_10:hi,193|278|287|294,17.490937574421885,63.225818,373,0.400865,-0.272515,-1,0.000136,11.61144858072867,11.371771386700862
70826,2026.04.01 21:02,SHORT,4,4,4,0,12,8,8,0.6667,0.6667,7.56,7.56,71.6,0,Bar_Range:hi|Lower_Wick:hi|Micro_GarmanKlass:hi|Micro_Hurst:hi|Micro_LogReturn:lo|PrevDay_High_Side:==1|PrevDay_Low_Dist_ATR:hi|WeeklyOpen_Dist_ATR:hi,210|212|250|259,30.633929445652868,34.862388,329,0.549336,-0.543566,-1,-0.000136,11.61144858072867,11.371771386700862
71173,2026.04.02 04:04,SHORT,4,4,4,0,12,8,8,0.6667,0.6667,6.735,6.735,168.0,0,Bar_Range:hi|D2D_Dynamic_Sensitivity:lo|EMA_Oscillator:lo|Lower_Wick:lo|Micro_Entropy:lo|Micro_RangeVelocity:lo|Micro_WickImbalance:lo|Volume:hi,211|220|221|244,36.33738485512059,86.974906,320,0.415536,0.0,-1,-0.000137,11.61144858072867,11.371771386700862
71181,2026.04.02 04:12,SHORT,5,5,5,0,15,11,11,0.7333,0.7333,10.009,10.009,1785.0,0,Body_Size:hi|D2D_ATR_MA:hi|Micro_HLAsymmetry:lo|Micro_Hurst:hi|Micro_Lambda:hi|Micro_MicroGap:lo|Micro_OrderFlowDelta:lo|Micro_RangeVelocity:lo|Session_High_Dist_ATR:lo|VWAP_Sigma:lo|Volume_Avg_10:hi,216|253|255|261|294,34.232188056434424,105.105887,263,0.502146,-0.318726,-1,-0.000162,14.358215859511613,13.967131712972364
71921,2026.04.02 16:32,LONG,7,7,7,0,21,12,12,0.5714,0.5714,10.071,10.071,294.0,0,AT_Regime_ST:==1|D2D_ATR_MA:hi|Micro_Amihud:hi|Micro_Entropy:lo|Micro_HLAsymmetry:lo|Micro_MicroGap:lo|Micro_VPIN:lo|Micro_VolOfVol:hi|OR_Low_Side:==-1|ST_Flip_Event:==-1|Slope_Accel_ST:lo|Volume:hi,61|80|84|99|114|115|162,22.46561927691836,76.530608,468,0.235132,0.013067,1,-4e-06,18.856446644718016,18.199528660922656
71925,2026.04.02 16:36,LONG,6,6,6,0,18,11,11,0.6111,0.6111,9.442,9.442,136.8,0,AT_Regime_ST:==1|Bar_Range:hi|D2D_ATR:hi|Micro_Lambda:lo|Micro_Rejection:lo|OR_Low_Side:==1|PrevDay_High_Dist_ATR:hi|PrevDay_Low_Side:==-1|RangeOsc_State:==2|Session_Low_Dist_ATR:lo|Volume_Avg_10:hi,45|46|59|111|112|185,23.44596917034403,43.081696,378,0.296502,0.0,1,-4.1e-05,16.435780104648117,15.954503499974125
71943,2026.04.02 16:54,LONG,4,4,4,0,12,12,12,1.0,1.0,12.0,12.0,85.2,0,Bar_Range:hi|D2D_Persist:hi|Dist_To_PoC_ATR:lo|Micro_Lambda:lo|Micro_VolOfVol:lo|OR_Low_Side:==1|PrevDay_Close_Side:==-1|PrevDay_High_Dist_ATR:hi|PrevDay_Low_Side:==-1|RangeOsc_Val:hi|Round_1000_Dist_ATR:lo|Session_Low_Dist_ATR:lo,45|64|66|142,27.0681377214687,40.573842,366,0.295406,-0.295757,1,0.000199,11.345701020588308,11.143020262773083
71944,2026.04.02 16:55,LONG,7,4,4,0,21,17,17,0.8095,0.8095,15.73,15.73,65.6,0,AT_Regime_LT:==1|D2D_Persist:hi|DailyOpen_Side:==-1|Dist_To_PoC_ATR:lo|Micro_MomoTransfer:hi|Micro_RangeVelocity:lo|Micro_TickIntensity:hi|Micro_VolOfVol:lo|OR_High_Side:==-1|OR_Low_Side:==1|OR_Position:hi|PrevDay_Close_Side:==-1|PrevDay_Low_Side:==-1|RangeOsc_Val:hi|Round_1000_Dist_ATR:lo|Session_Low_Dist_ATR:lo|Slope_Accel_LT:hi,64|66|101|142|146|147|149,28.32893502156918,32.364687,336,0.256478,0.0,1,0.000223,18.856446644718016,18.199528660922656
71948,2026.04.02 16:59,LONG,5,5,5,0,15,13,13,0.8667,0.8667,12.469,12.469,85.0,0,D2D_Persist:hi|DailyOpen_Side:==-1|Micro_Entropy:lo|Micro_HLAsymmetry:hi|OR_High_Side:==1|OR_Low_Side:==1|OR_Position:hi|PrevDay_Close_Side:==-1|PrevDay_Low_Side:==-1|RangeOsc_Val:hi|Session_Low_Dist_ATR:lo|Slope_Accel_LT:lo|Volume:hi,64|83|142|146|153,34.82191687958587,33.280336,330,0.446408,0.120191,1,0.000272,13.933964781772266,13.604790342516026
71951,2026.04.02 17:02,LONG,6,6,6,0,18,13,13,0.7222,0.7222,10.658,10.658,233.4,0,ADX_Value:hi|D2D_Persist:hi|DailyOpen_Side:==-1|Micro_AutoCorr:hi|Micro_OrderFlowDelta:lo|OR_High_Side:==-1|OR_Low_Side:==1|OR_Position:hi|PrevDay_Close_Side:==-1|PrevDay_Low_Side:==-1|RangeOsc_Val:hi|Session_Low_Dist_ATR:lo|TChan_A15:hi,64|82|107|142|146|147,37.901086879216486,37.389811,368,0.5361,-0.187217,1,0.000224,16.435780104648117,15.954503499974125
71952,2026.04.02 17:03,LONG,8,3,3,0,24,17,17,0.7083,0.7083,14.793,14.793,118.8,0,Bar_Range:hi|D2D_Persist:hi|DailyOpen_Side:==-1|Dist_To_PoC_ATR:lo|Micro_AutoCorr:hi|Micro_Lambda:lo|Micro_VolOfVol:lo|OR_High_Side:==-1|OR_Low_Side:==1|OR_Position:hi|PrevDay_Close_Side:==-1|PrevDay_High_Dist_ATR:hi|PrevDay_Low_Side:==-1|RangeOsc_Val:hi|Round_1000_Dist_ATR:lo|Session_Low_Dist_ATR:lo|TChan_A15:hi,45|64|66|82|93|142|146|147,36.85996561580758,37.995729,358,0.5361,0.0,1,0.000184,21.20075584842148,20.34657927196911
71966,2026.04.02 17:17,LONG,7,7,7,0,21,14,14,0.6667,0.6667,12.586,12.586,3562.3,0,AT_Regime_ST:==1|DailyOpen_Side:==-1|KAMA_Dist:hi|Micro_LogReturn:hi|Micro_TickIntensity:hi|Micro_VPIN:lo|OR_High_Side:==-1|OR_Position:hi|PrevDay_Close_Side:==-1|PrevDay_Low_Side:==-1|RangeOsc_Val:hi|Session_Low_Dist_ATR:lo|Slope_Accel_LT:hi|Volume_Ratio_10:hi,70|94|142|146|147|149|190,24.76230326178951,40.627608,372,0.288555,0.369207,1,8.4e-05,18.856446644718016,18.199528660922656
71968,2026.04.02 17:19,LONG,9,5,5,0,27,16,16,0.5926,0.5926,13.585,13.585,1589.5,0,AT_Regime_ST:==1|D2D_ATR:hi|DailyOpen_Side:==-1|KAMA_Dist:hi|Micro_Lambda:lo|Micro_Rejection:lo|Micro_TickIntensity:hi|OR_Low_Side:==1|OR_Position:hi|PrevDay_Close_Side:==-1|PrevDay_High_Dist_ATR:hi|PrevDay_Low_Side:==-1|RangeOsc_Val:hi|Session_Low_Dist_ATR:lo|Slope_Accel_LT:hi|Volume_Avg_10:hi,59|70|93|111|112|142|146|149|185,25.173507303071247,24.311015,309,0.275272,0.0,1,-6e-06,23.473053431498993,22.401786415067697
71991,2026.04.02 17:42,LONG,4,4,4,0,12,8,8,0.6667,0.6667,6.735,6.735,148.0,0,DailyOpen_Side:==-1|Micro_Rejection:lo|OR_Low_Side:==1|OR_Position:hi|PrevDay_Close_Side:==-1|RangeOsc_Val:hi|Session_Low_Dist_ATR:lo|Slope_EMA_ST:hi,112|142|146|163,53.41704789979305,66.640319,495,0.384075,-0.352639,1,0.000602,11.345701020588308,11.143020262773083
72002,2026.04.02 17:53,LONG,4,4,4,0,12,10,10,0.8333,0.8333,9.118,9.118,135.6,0,ADX_Value:hi|DailyOpen_Side:==-1|Dist_To_PoC_ATR:lo|Micro_OrderFlowDelta:lo|Micro_VolOfVol:lo|OR_Position:hi|PrevDay_Close_Side:==-1|RangeOsc_Val:hi|Round_1000_Dist_ATR:lo|Session_Low_Dist_ATR:lo,66|107|142|146,38.16382419210662,61.498626,382,0.401755,-0.341471,1,0.000128,11.345701020588308,11.143020262773083
72030,2026.04.02 18:21,LONG,10,10,10,0,30,16,16,0.5333,0.5333,12.84,12.84,306.0,0,ADX_Rising:==0|D2D_ATR_MA:hi|DailyOpen_Side:==-1|Harmonic_OBVf_Concordance:==0|KAMA_Dist:lo|Lower_Wick:hi|Micro_VPIN:lo|Micro_WickImbalance:hi|OR_Position:hi|PrevDay_Close_Side:==-1|PrevDay_High_Side:==-1|RangeOsc_Val:hi|ST_Flip_Event:==-1|Session_Low_Dist_ATR:lo|Slope_Accel_ST:lo|Volume:hi,61|71|72|73|75|76|114|142|146|162,19.22064855158868,55.99351,406,0.382838,0.125014,1,-1.8e-05,25.67729340170544,24.370762681353153
72096,2026.04.02 19:27,SHORT,3,3,3,0,9,7,7,0.7778,0.7778,6.614,6.614,29.4,0,DailyOpen_Side:==-1|Efficiency_Ratio:lo|Micro_VPIN:lo|OR_High_Side:==1|PrevDay_Close_Side:==-1|RangeOsc_State:==-1|Slope_EMA_LT:hi,232|233|286,23.303743977490925,21.280758,310,0.578291,0.399422,-1,-5.9e-05,8.803955007256892,8.681536388140161
72101,2026.04.02 19:32,LONG,12,12,12,0,36,19,19,0.5278,0.5278,13.428,13.428,574.8,0,AT_Lookback_ST:hi|AT_Slope_ST:lo|Body_Size:hi|D2D_DirStep:==1|Micro_AutoCorr:hi|Micro_BarOverlap:lo|Micro_HLAsymmetry:hi|Micro_Hurst:hi|Micro_LogReturn:hi|Micro_OrderFlowDelta:hi|Micro_RollProxy:hi|Micro_WickImbalance:lo|Momentum_Value:hi|Round_1000_Dist_ATR:lo|Slope_Accel_LT:lo|TChan_A15:hi|VWAP_Sigma:hi|Volume:hi|Volume_Ratio_10:hi,2|21|22|24|25|28|29|30|39|41|153|188,19.744677767373247,44.945271,374,0.529866,0.734226,1,-6.3e-05,29.895732127216817,28.07020869698633
72107,2026.04.02 19:38,LONG,7,7,7,0,21,12,12,0.5714,0.5714,9.135,9.135,385.7,0,ADX_Rising:==0|DailyOpen_Side:==-1|Harmonic_OBVf_Concordance:==0|KAMA_Dist:lo|Lower_Wick:hi|Micro_AutoCorr:hi|Micro_WickImbalance:hi|OR_Position:hi|PrevDay_High_Side:==-1|Session_Low_Dist_ATR:lo|TChan_A15:hi|Volume:hi,71|72|73|75|76|82|146,18.95655680742776,48.415059,284,0.338445,-0.082619,1,0.000113,18.856446644718016,18.199528660922656
72109,2026.04.02 19:40,LONG,9,5,5,0,27,19,19,0.7037,0.7037,17.009,17.009,210.0,0,DailyOpen_Side:==-1|Micro_AutoCorr:hi|Micro_Entropy:lo|Micro_HLAsymmetry:hi|Micro_Rejection:lo|Micro_VolOfVol:hi|Micro_WickImbalance:lo|OR_High_Side:==1|OR_Low_Side:==1|OR_Position:hi|RangeOsc_State:==-2|Session_Low_Dist_ATR:lo|Slope_Accel_LT:lo|Slope_EMA_ST:hi|Sqz_State:==1|Sqz_Val:hi|TChan_A15:hi|Volume:hi|Volume_Ratio_10:hi,82|83|112|146|153|159|163|179|188,19.18619353054299,88.75131,355,0.384139,0.225349,1,9.9e-05,23.473053431498993,22.401786415067697
72144,2026.04.02 20:15,SHORT,4,4,4,0,12,11,11,0.9167,0.9167,10.691,10.691,59.2,0,AT_Slope_ST:hi|Micro_CSSpread:lo|Micro_OrderFlowDelta:hi|OR_High_Dist_ATR:hi|RangeOsc_State:==-2|Session_High_Dist_ATR:hi|Slope_Accel_LT:lo|Sqz_State:==-1|Sqz_Val:hi|VWAP_Sigma:hi|Volume_Ratio_10:hi,206|284|291|295,15.03875091465825,29.590361,289,0.481027,-0.168974,-1,6.9e-05,11.61144858072867,11.371771386700862
74197,2026.04.06 16:34,LONG,5,5,5,0,15,12,12,0.8,0.8,10.978,10.978,210.0,0,D2D_Signal:==1|Lower_Wick:hi|Micro_MicroGap:hi|Micro_RollProxy:hi|MultiDay_Slope:lo|OBV_Macd:lo|PoC_Side:==1|Session_High_Dist_ATR:lo|Upper_Wick:hi|VWAP_Dist_ATR:lo|VWAP_Side:==1|Volume:hi,126|129|145|180|181,16.194230221840616,83.20392,353,0.374058,0.192299,1,1.1e-05,13.933964781772266,13.604790342516026
74225,2026.04.06 17:02,LONG,5,5,5,0,15,7,7,0.4667,0.4667,5.853,5.853,180.0,0,Micro_IBSP:lo|Micro_OrderFlowDelta:lo|Micro_Rejection:lo|Micro_WickImbalance:lo|VWAP_Sigma:lo|Volume:hi|Volume_Avg_10:hi,91|113|184|186|187,15.976556227162982,64.926815,397,0.363147,-0.346544,1,0.000151,13.933964781772266,13.604790342516026
74262,2026.04.06 17:39,SHORT,4,4,4,0,12,9,9,0.75,0.75,8.123,8.123,168.0,0,AT_Slope_LT:hi|Bar_Range:hi|D2D_Dynamic_Sensitivity:lo|EMA_Oscillator:lo|Lower_Wick:lo|Micro_BarOverlap:hi|Micro_RangeVelocity:lo|OBVf_Signal:==1|Volume:hi,202|211|220|221,24.637556485323707,75.028752,449,0.406063,0.0,-1,-0.000127,11.61144858072867,11.371771386700862
74276,2026.04.06 17:53,SHORT,3,3,3,0,9,8,8,0.8889,0.8889,7.715,7.715,32.1,0,ADX_Value:lo|EMA_Oscillator:lo|Micro_FailedBreak:lo|Micro_FractalDim:lo|Micro_HLAsymmetry:hi|Micro_Hurst:hi|Micro_ThrustEff:hi|Slope_EMA_ST:lo,230|247|289,15.692055329568984,22.78148,305,0.565904,-0.570639,-1,-7.1e-05,8.803955007256892,8.681536388140161
74508,2026.04.06 21:45,LONG,5,5,5,0,15,9,9,0.6,0.6,8.32,8.32,54.5,0,AT_Slope_ST:lo|D2D_DirStep:==-1|Micro_AutoCorr:hi|Micro_HLAsymmetry:hi|Micro_LogReturn:hi|Micro_RangeVelocity:hi|Micro_Rejection:lo|Round_100_Dist_ATR:lo|Slope_EMA_ST:lo,22|23|167|171|175,25.85501593600764,23.118797,190,0.403806,0.302784,1,-8.3e-05,13.933964781772266,13.604790342516026
74651,2026.04.07 01:23,SHORT,4,4,4,0,12,10,10,0.8333,0.8333,9.524,9.524,82.0,0,ATR_1M:hi|DailyOpen_Dist_ATR:lo|Micro_CSSpread:hi|Micro_MicroGap:lo|Micro_OrderFlowDelta:lo|PrevDay_High_Dist_ATR:lo|PrevDay_Low_Side:==1|RangeOsc_State:==2|VAH_Side:==0|VWAP_Sigma:lo,191|229|261|265,20.87073432806691,39.086493,218,0.41545,-1.176877,-1,3.4e-05,11.61144858072867,11.371771386700862
75240,2026.04.07 11:12,LONG,4,4,4,0,12,6,6,0.5,0.5,5.345,5.345,47.6,0,Micro_IBSP:lo|Micro_OrderFlowDelta:lo|Micro_Rejection:lo|VWAP_Sigma:lo|Volume:hi|Volume_Avg_10:hi,91|113|184|186,36.35719439615756,24.878897,247,0.462577,-0.361752,1,0.000112,11.345701020588308,11.143020262773083
75357,2026.04.07 13:09,SHORT,4,4,4,0,12,12,12,1.0,1.0,12.0,12.0,168.0,0,ATR_1M:hi|AT_Score_LT:hi|Micro_BarOverlap:lo|Micro_CSSpread:hi|Micro_OrderFlowDelta:hi|Micro_PriceAccel:lo|PrevDay_Close_Dist_ATR:lo|PrevDay_High_Side:==1|RangeOsc_State:==2|VWAP_Side:==1|Volume:hi|Volume_Ratio_10:hi,191|198|242|278,18.87504655091034,85.3827,316,0.418427,-0.216672,-1,-3.4e-05,11.61144858072867,11.371771386700862
75359,2026.04.07 13:11,SHORT,4,4,4,0,12,11,11,0.9167,0.9167,10.691,10.691,161.6,0,AT_Score_LT:hi|AT_Slope_ST:lo|Bar_Range:hi|D2D_Dynamic_Sensitivity:lo|MultiDay_Position:hi|PrevDay_Close_Dist_ATR:lo|PrevDay_High_Side:==1|Slope_Accel_LT:lo|VWAP_Side:==1|Volume:hi|Volume_Ratio_10:hi,198|209|225|278,24.65812391151737,72.385204,266,0.436947,0.0,-1,-7.4e-05,11.61144858072867,11.371771386700862
75486,2026.04.07 15:18,LONG,5,5,5,0,15,11,11,0.7333,0.7333,10.364,10.364,298.5,0,AT_Score_LT:lo|Body_Size:hi|D2D_Signal:==1|DailyOpen_Dist_ATR:lo|OBV_Velocity:hi|PoC_Side:==1|RangeOsc_State:==-2|Slope_Accel_LT:hi|Sqz_State:==1|Sqz_Val:hi|Upper_Wick:hi,10|133|152|179|180,18.86486871388709,54.791479,350,0.527422,0.520154,1,-4.7e-05,13.933964781772266,13.604790342516026
75559,2026.04.07 16:31,SHORT,7,7,7,0,21,17,17,0.8095,0.8095,15.73,15.73,482.3,0,Bar_Range:hi|D2D_Dn_Count:hi|D2D_Dynamic_Sensitivity:lo|D2D_Signal:==-1|Lower_Wick:lo|Micro_MomoTransfer:hi|Micro_RangeAccel:lo|Micro_RangeVelocity:lo|Micro_VolAccel:lo|OBVf_Signal:==1|PrevDay_Close_Side:==-1|RangeOsc_State:==2|Round_500_Dist_ATR:lo|Slope_Accel_ST:lo|VWAP_Dist_ATR:lo|VWAP_Sigma_ATR:lo|Volume:hi,211|219|221|263|267|268|279,15.207356664632863,59.925606,455,0.46395,-0.392153,-1,-1.2e-05,19.676030442106526,18.888596375345333
75561,2026.04.07 16:33,SHORT,5,3,3,0,15,10,10,0.6667,0.6667,8.32,8.32,102.6,0,Bar_Range:hi|D2D_Dynamic_Sensitivity:lo|EMA_Oscillator:lo|Efficiency_Ratio:hi|Lower_Wick:lo|Micro_Entropy:lo|Micro_RangeVelocity:lo|Micro_WickImbalance:lo|Volume:hi|Volume_Avg_10:hi,211|220|221|227|244,18.47375943326381,61.947149,448,0.534345,0.0,-1,-0.000115,14.358215859511613,13.967131712972364
75563,2026.04.07 16:35,SHORT,5,5,5,0,15,10,10,0.6667,0.6667,9.449,9.449,174.0,0,DailyOpen_Dist_ATR:lo|Micro_Entropy:lo|Micro_MomoTransfer:hi|Micro_OrderFlowDelta:lo|Micro_WickImbalance:lo|PrevDay_High_Dist_ATR:lo|PrevDay_Low_Side:==1|VAH_Side:==0|VAL_Side:==0|VWAP_Z:lo,229|245|246|264|265,23.304441918354268,63.013357,460,0.401475,-0.801417,-1,-0.000241,14.358215859511613,13.967131712972364
75608,2026.04.07 17:20,LONG,17,17,17,0,51,25,25,0.4902,0.4902,19.485,19.485,452.2,0,AT_Lookback_ST:hi|AT_Regime_LT:==1|AT_Slope_LT:lo|AT_Slope_ST:lo|Bar_Range:hi|Body_Size:hi|D2D_DirStep:==1|D2D_Signal:==1|Micro_AutoCorr:hi|Micro_Entropy:lo|Micro_FailedBreak:hi|Micro_HLAsymmetry:hi|Micro_LogReturn:hi|Micro_MomoTransfer:hi|Micro_RangeAccel:lo|Micro_RollProxy:hi|Momentum_Value:hi|OR_High_Side:==-1|PoC_Side:==1|RangeOsc_State:==-1|Slope_Accel_LT:lo|Slope_EMA_ST:lo|Upper_Wick:hi|VWAP_Side:==-1|Volume:hi,2|14|15|16|21|22|26|32|33|39|41|49|85|100|153|156|180,25.808891633920418,49.256937,352,0.473031,0.83237,1,-9.2e-05,39.47019718129435,36.124585777632284
75708,2026.04.07 19:00,LONG,4,4,4,0,12,7,7,0.5833,0.5833,6.0,6.0,628.0,0,Bar_Range:hi|Micro_LogReturn:hi|Micro_MomoTransfer:hi|Micro_TickIntensity:hi|Micro_VolOfVol:hi|OBV_Macd:lo|Volume_Ratio_10:hi,47|48|95|190,22.36273553106475,26.667921,367,0.451504,0.712466,1,0.0001,11.345701020588308,11.143020262773083
75712,2026.04.07 19:04,LONG,4,4,4,0,12,9,9,0.75,0.75,8.123,8.123,168.0,0,ADX_Value:hi|Bar_Range:hi|Micro_FractalDim:lo|Micro_TickIntensity:hi|Micro_WickImbalance:lo|OBV_Macd:lo|Slope_Accel_LT:hi|TChan_A15:hi|Volume_Ratio_10:hi,48|128|150|189,33.76162928396272,75.670052,424,0.401354,-0.218052,1,0.000269,11.345701020588308,11.143020262773083
75906,2026.04.07 22:18,LONG,11,11,11,0,33,22,22,0.6667,0.6667,19.311,19.311,893.2,0,AT_Regime_ST:==1|AT_Slope_LT:lo|Bars_Since_Flip:hi|D2D_Signal:==1|DailyOpen_Dist_ATR:lo|Micro_FailedBreak:hi|Micro_RangeVelocity:hi|Micro_VolOfVol:hi|Micro_WickImbalance:lo|Momentum_Value:hi|MultiDay_Position:lo|OBV_Macd:lo|OBV_Velocity:hi|PoC_Side:==1|Session_High_Dist_ATR:lo|Session_Low_Dist_ATR:lo|Slope_EMA_ST:lo|Upper_Wick:hi|VWAP_Sigma_ATR:lo|Volume:hi|Volume_Avg_10:hi|Volume_Ratio_10:hi,16|52|56|57|132|133|145|165|176|177|180,32.8370036233461,72.678666,424,0.423476,0.935625,1,-5.5e-05,27.817084794051137,26.258658030358355
75907,2026.04.07 22:19,LONG,7,5,5,0,21,15,15,0.7143,0.7143,14.132,14.132,420.0,0,ADX_Value:hi|AT_Regime_ST:==1|AT_Slope_LT:lo|Bars_Since_Flip:hi|Micro_AutoCorr:hi|Micro_FailedBreak:hi|Micro_Hurst:hi|Micro_RangeAccel:lo|Micro_WickImbalance:lo|Momentum_Value:hi|OBV_Macd:lo|Session_Low_Dist_ATR:lo|TChan_A15:hi|Volume_Avg_10:hi|Volume_Ratio_10:hi,15|57|82|118|128|132|188,35.18074569818727,101.617554,484,0.549002,0.506802,1,-3.2e-05,18.856446644718016,18.199528660922656
75908,2026.04.07 22:20,LONG,8,5,5,0,24,16,16,0.6667,0.6667,14.474,14.474,420.0,0,ADX_Value:hi|D2D_Dynamic_Sensitivity:lo|Micro_AutoCorr:hi|Micro_FractalDim:lo|Micro_Hurst:hi|Micro_MicroGap:lo|Micro_OrderFlowDelta:lo|Micro_Rejection:lo|Micro_WickImbalance:lo|Momentum_Value:hi|OBV_Macd:lo|ST_Flip_Event:==1|Session_Low_Dist_ATR:lo|Slope_EMA_ST:hi|TChan_A15:hi|Volume_Ratio_10:hi,63|82|107|119|128|163|188|189,37.68565956077819,107.280783,480,0.544033,-0.298283,1,0.000287,21.20075584842148,20.34657927196911
75909,2026.04.07 22:21,LONG,12,10,10,0,36,19,19,0.5278,0.5278,17.232,17.232,9840.0,0,ADX_Value:hi|AT_Regime_LT:==1|Efficiency_Ratio:hi|Micro_AutoCorr:hi|Micro_Entropy:lo|Micro_FractalDim:lo|Micro_MicroGap:hi|Micro_MomoTransfer:hi|Micro_OrderFlowDelta:lo|Micro_RangeAccel:lo|Micro_RangeVelocity:lo|Micro_RollProxy:hi|Micro_VPIN:lo|Micro_WickImbalance:lo|OBV_Macd:lo|RangeOsc_State:==2|Session_Low_Dist_ATR:lo|TChan_A15:hi|Volume_Ratio_10:hi,69|82|85|86|100|101|107|122|126|128|188|189,39.083379346849874,85.493141,441,0.517321,-0.128665,1,-4.9e-05,29.895732127216817,28.07020869698633
76026,2026.04.08 01:33,SHORT,4,4,4,0,12,9,9,0.75,0.75,8.123,8.123,168.0,0,AT_Regime_ST:==0|Bar_Range:hi|Lower_Wick:lo|Micro_Entropy:lo|Micro_RangeVelocity:lo|Micro_WickImbalance:lo|PrevDay_Close_Dist_ATR:lo|PrevDay_High_Side:==1|VWAP_Side:==1,211|244|269|278,48.96511868529058,435.166712,262,0.35518,0.0,-1,0.000153,11.61144858072867,11.371771386700862
76029,2026.04.08 01:36,SHORT,4,4,4,0,12,10,10,0.8333,0.8333,9.524,9.524,168.0,0,AT_Regime_ST:==0|Bar_Range:hi|KAMA_Dist:hi|Lower_Wick:lo|Micro_IBSP:hi|Micro_RangeVelocity:lo|Micro_RollProxy:hi|OBV_Velocity:hi|OBVf_Signal:==1|PrevDay_High_Dist_ATR:lo,211|234|269|274,46.39827269822272,136.697879,172,0.421392,0.179227,-1,0.000191,11.61144858072867,11.371771386700862
76034,2026.04.08 01:41,SHORT,9,9,9,0,27,18,18,0.6667,0.6667,16.048,16.048,138.6,0,AT_Regime_ST:==0|AT_Slope_LT:hi|Bar_Range:hi|Bars_Since_Flip:hi|Lower_Wick:lo|Micro_BarEntropy:lo|Micro_BarOverlap:hi|Micro_Hurst:hi|Micro_Lambda:hi|Micro_MomoTransfer:hi|Micro_RangeAccel:lo|Micro_RangeVelocity:lo|OBVf_Signal:==1|PrevDay_Close_Dist_ATR:hi|PrevDay_High_Side:==1|PrevDay_Low_Dist_ATR:hi|Session_High_Dist_ATR:lo|Sqz_Val:hi,202|210|211|212|213|240|255|263|269,33.88914191825874,30.743126,200,0.524712,0.0,-1,0.000237,24.76979519355137,23.47500304855719
76120,2026.04.08 03:07,SHORT,4,4,4,0,12,8,8,0.6667,0.6667,7.56,7.56,64.8,0,ADX_Value:lo|Bar_Range:hi|EMA_Oscillator:lo|Micro_Hurst:hi|Micro_Rejection:hi|PrevDay_High_Side:==1|PrevDay_Low_Dist_ATR:hi|Slope_Accel_LT:lo,210|212|230|283,17.9352865912031,32.056369,232,0.509721,0.545913,-1,0.000135,11.61144858072867,11.371771386700862
76534,2026.04.08 10:01,SHORT,3,3,3,0,9,9,9,1.0,1.0,9.0,9.0,36.0,0,Lower_Wick:hi|Micro_HLAsymmetry:lo|Micro_Hurst:hi|Micro_LogReturn:lo|RangeOsc_State:==-2|Session_High_Dist_ATR:lo|VWAP_Sigma:hi|Volume_Ratio_10:hi|WeeklyOpen_Dist_ATR:hi,253|259|295,15.827592700557934,25.082784,151,0.56588,-0.019934,-1,-5.1e-05,8.803955007256892,8.681536388140161
76853,2026.04.08 15:20,SHORT,4,4,4,0,12,9,9,0.75,0.75,8.123,8.123,96.8,0,AT_Score_LT:hi|AT_Slope_ST:lo|Bar_Range:hi|Micro_Rejection:hi|PrevDay_High_Side:==1|PrevDay_Low_Dist_ATR:hi|RangeOsc_State:==-1|Volume:hi|Volume_Ratio_10:hi,195|198|209|212,23.17350985008774,45.406246,345,0.406798,-0.209222,-1,-7.5e-05,11.61144858072867,11.371771386700862
76855,2026.04.08 15:22,SHORT,7,7,7,0,21,14,14,0.6667,0.6667,12.586,12.586,-902.3,1,AT_Score_LT:hi|AT_Slope_ST:lo|Bar_Range:hi|D2D_ATR:hi|D2D_Dynamic_Sensitivity:lo|EMA_Oscillator:lo|Lower_Wick:lo|Micro_BarOverlap:hi|Micro_HLAsymmetry:lo|Micro_RangeVelocity:lo|PrevDay_High_Side:==1|RangeOsc_State:==-1|Volume:hi|Volume_Ratio_10:hi,198|209|211|214|220|221|241,29.74651371506574,62.935306,290,0.476716,0.0,-1,-0.000155,19.676030442106526,18.888596375345333
76946,2026.04.08 16:53,LONG,5,5,5,0,15,7,7,0.4667,0.4667,5.13,5.13,182.0,0,ADX_Rising:==0|Harmonic_OBVf_Concordance:==0|KAMA_Dist:lo|Lower_Wick:hi|Micro_WickImbalance:hi|OR_High_Side:==-1|Volume:hi,71|72|73|74|76,25.716758074124623,65.621708,352,0.371208,-0.220963,1,5e-05,13.933964781772266,13.604790342516026
76948,2026.04.08 16:55,LONG,7,7,7,0,21,12,12,0.5714,0.5714,9.909,9.909,189.0,0,Bar_Range:hi|D2D_ATR:hi|D2D_DirStep:==-1|Micro_HLAsymmetry:hi|Micro_Lambda:lo|Micro_OrderFlowDelta:lo|Micro_RangeAccel:hi|Micro_RangeVelocity:hi|Micro_Rejection:lo|PrevDay_High_Dist_ATR:hi|Slope_EMA_ST:lo|Volume_Avg_10:hi,45|59|166|167|170|171|185,24.86448694916348,49.990992,406,0.361666,-0.300054,1,-0.000154,18.856446644718016,18.199528660922656
76952,2026.04.08 16:59,LONG,8,8,8,0,24,14,14,0.5833,0.5833,11.455,11.455,171.2,0,AT_Slope_ST:lo|D2D_ATR:hi|D2D_DirStep:==-1|Micro_BarOverlap:lo|Micro_HLAsymmetry:hi|Micro_RangeAccel:hi|Micro_RangeVelocity:hi|Micro_Rejection:lo|PrevDay_High_Dist_ATR:hi|RangeOsc_State:==2|Round_100_Dist_ATR:lo|Slope_EMA_ST:lo|VWAP_Sigma:hi|Volume_Avg_10:hi,25|31|59|167|170|171|175|185,20.55283845978732,40.683561,402,0.375105,0.294959,1,-0.000159,21.20075584842148,20.34657927196911
76979,2026.04.08 17:26,SHORT,4,4,4,0,12,7,7,0.5833,0.5833,6.447,6.447,58.0,0,AT_Score_LT:hi|D2D_ATR:hi|OR_High_Side:==-1|PrevDay_High_Side:==1|RangeOsc_State:==-1|Volume_Avg_10:hi|WeeklyOpen_Dist_ATR:hi,196|197|214|215,26.75087699655457,29.138626,343,0.491292,0.0,-1,-0.00011,11.61144858072867,11.371771386700862
76981,2026.04.08 17:28,SHORT,8,4,4,0,24,13,13,0.5417,0.5417,11.488,11.488,63.6,0,AT_Score_LT:hi|AT_Slope_ST:lo|Bar_Range:hi|D2D_ATR:hi|Lower_Wick:hi|Micro_GarmanKlass:hi|Micro_LogReturn:lo|OR_High_Side:==-1|PrevDay_High_Side:==1|PrevDay_Low_Dist_ATR:hi|RangeOsc_State:==-1|Volume_Avg_10:hi|WeeklyOpen_Dist_ATR:hi,196|197|209|212|214|215|250|259,28.99471689594018,31.442002,297,0.384722,-0.41346,-1,-0.000129,22.250175986451605,21.221965111549544
76982,2026.04.08 17:29,SHORT,7,4,4,0,21,11,11,0.5238,0.5238,9.909,9.909,64.4,0,AT_Score_LT:hi|AT_Slope_ST:lo|Bar_Range:hi|D2D_ATR:hi|Micro_GarmanKlass:hi|OR_High_Side:==-1|PrevDay_High_Side:==1|PrevDay_Low_Dist_ATR:hi|RangeOsc_State:==-1|Volume_Avg_10:hi|WeeklyOpen_Dist_ATR:hi,196|197|209|212|214|215|250,30.47873059923498,31.763028,330,0.469451,-0.29909,-1,-0.000147,19.676030442106526,18.888596375345333
76985,2026.04.08 17:32,SHORT,7,7,7,0,21,12,12,0.5714,0.5714,10.159,10.159,167.3,0,AT_Score_LT:hi|AT_Slope_ST:lo|Bar_Range:hi|D2D_ATR:hi|Lower_Wick:lo|Micro_Hurst:hi|Micro_RangeVelocity:lo|OR_High_Side:==-1|PrevDay_High_Side:==1|PrevDay_Low_Dist_ATR:hi|RangeOsc_State:==-1|Volume_Avg_10:hi,196|197|209|210|211|212|214,35.96988015019578,44.898473,335,0.492249,0.0,-1,-0.000203,19.676030442106526,18.888596375345333
76990,2026.04.08 17:37,SHORT,6,6,6,0,18,12,12,0.6667,0.6667,10.499,10.499,121.2,0,AT_Score_LT:hi|AT_Slope_ST:lo|Bar_Range:hi|D2D_ATR:hi|DailyOpen_Dist_ATR:hi|Micro_HLAsymmetry:hi|Micro_Hurst:lo|OR_High_Side:==-1|PrevDay_High_Side:==1|PrevDay_Low_Dist_ATR:hi|RangeOsc_State:==-1|Volume_Avg_10:hi,196|197|209|212|214|251,41.31496322151444,38.620839,372,0.295873,0.323659,-1,-0.000231,17.045884868532983,16.47150210578053
76994,2026.04.08 17:41,SHORT,8,8,8,0,24,14,14,0.5833,0.5833,12.439,12.439,122.4,0,AT_Score_LT:hi|AT_Slope_ST:lo|Bar_Range:hi|D2D_ATR:hi|DailyOpen_Dist_ATR:hi|Micro_GarmanKlass:hi|Micro_HLAsymmetry:hi|Micro_Hurst:lo|OR_High_Side:==-1|PrevDay_High_Side:==1|PrevDay_Low_Dist_ATR:hi|RangeOsc_State:==-1|Volume_Avg_10:hi|WeeklyOpen_Dist_ATR:hi,196|197|209|212|214|215|250|251,42.00296736689044,30.50132,332,0.249413,0.213106,-1,-0.000202,22.250175986451605,21.221965111549544
77000,2026.04.08 17:47,SHORT,6,6,6,0,18,9,9,0.5,0.5,8.094,8.094,73.8,0,AT_Score_LT:hi|D2D_ATR:hi|Micro_GarmanKlass:hi|Micro_Rejection:hi|OR_High_Side:==-1|PrevDay_High_Side:==1|RangeOsc_State:==-1|Volume_Avg_10:hi|WeeklyOpen_Dist_ATR:hi,195|196|197|214|215|250,34.91888407906631,25.580961,333,0.532928,0.488645,-1,-0.000141,17.045884868532983,16.47150210578053
77001,2026.04.08 17:48,SHORT,6,3,3,0,18,10,10,0.5556,0.5556,8.742,8.742,57.0,0,AT_Score_LT:hi|AT_Slope_ST:lo|Bar_Range:hi|D2D_ATR:hi|Micro_Hurst:hi|OR_High_Side:==-1|PrevDay_High_Side:==1|PrevDay_Low_Dist_ATR:hi|RangeOsc_State:==-1|Volume_Avg_10:hi,196|197|209|210|212|214,32.69500677115541,36.720169,373,0.527078,1.007621,-1,-0.000121,17.045884868532983,16.47150210578053
77005,2026.04.08 17:52,SHORT,5,5,5,0,15,10,10,0.6667,0.6667,9.125,9.125,226.5,0,AT_Score_LT:hi|Body_Size:lo|D2D_ATR:hi|Micro_VolAccel:hi|OR_High_Side:==-1|OR_Low_Side:==-1|PrevDay_High_Side:==1|RangeOsc_State:==-1|Volume_Avg_10:hi|WeeklyOpen_Dist_ATR:hi,196|197|214|215|270,27.999555100724063,26.814445,315,0.473426,0.037293,-1,-8.5e-05,14.358215859511613,13.967131712972364
77007,2026.04.08 17:54,SHORT,4,4,4,0,12,9,9,0.75,0.75,8.485,8.485,247.2,0,AT_Lookback_LT:hi|Bar_Range:hi|Body_Size:hi|Micro_Amihud:lo|Micro_GarmanKlass:hi|Micro_Hurst:hi|PrevDay_High_Side:==1|PrevDay_Low_Dist_ATR:hi|WeeklyOpen_Dist_ATR:hi,193|210|212|250,26.54204962769264,26.987131,313,0.507751,0.592875,-1,-0.00011,11.61144858072867,11.371771386700862
77017,2026.04.08 18:04,SHORT,4,4,4,0,12,9,9,0.75,0.75,8.123,8.123,44.0,0,AT_Lookback_ST:hi|Bars_Since_Flip:hi|Micro_RollProxy:lo|Micro_TickIntensity:hi|PrevDay_Close_Dist_ATR:hi|Sqz_Val:hi|Volume:hi|Volume_Avg_10:hi|Volume_Ratio_10:lo,194|213|293|296,21.931496552076943,23.340488,296,0.514413,0.0,-1,-8e-05,11.61144858072867,11.371771386700862
77019,2026.04.08 18:06,SHORT,4,4,4,0,12,9,9,0.75,0.75,8.123,8.123,90.4,0,AT_Lookback_ST:hi|Bars_Since_Flip:hi|Micro_RollProxy:lo|Micro_TickIntensity:hi|PrevDay_Close_Dist_ATR:hi|Sqz_Val:hi|Volume:hi|Volume_Avg_10:hi|Volume_Ratio_10:lo,194|213|293|296,19.57318178614244,21.364337,278,0.503237,0.353393,-1,-6.7e-05,11.61144858072867,11.371771386700862
77025,2026.04.08 18:12,SHORT,4,4,4,0,12,9,9,0.75,0.75,8.485,8.485,64.8,0,ADX_Value:lo|AT_Lookback_LT:hi|Bar_Range:hi|Body_Size:hi|EMA_Oscillator:lo|Micro_Amihud:lo|Micro_Hurst:hi|PrevDay_High_Side:==1|PrevDay_Low_Dist_ATR:hi,193|210|212|230,16.789654918585384,31.940795,328,0.511946,0.860968,-1,-4.5e-05,11.61144858072867,11.371771386700862
77214,2026.04.08 21:21,SHORT,3,3,3,0,9,8,8,0.8889,0.8889,7.715,7.715,86.4,0,Micro_BarOverlap:hi|Micro_HLAsymmetry:lo|Micro_LogReturn:hi|MultiDay_Slope:hi|PrevDay_High_Side:==1|RangeOsc_State:==-2|VWAP_Sigma:hi|Volume_Ratio_10:hi,241|254|295,36.93113742155582,52.936246,418,0.527607,0.500602,-1,-0.000139,8.803955007256892,8.681536388140161
78293,2026.04.09 16:35,LONG,7,7,7,0,21,12,12,0.5714,0.5714,9.791,9.791,141.4,0,Bar_Range:hi|Micro_IBSP:lo|Micro_Lambda:lo|Micro_OrderFlowDelta:lo|Micro_Rejection:lo|Micro_WickImbalance:lo|OR_Low_Side:==1|RangeOsc_State:==2|Session_Low_Dist_ATR:lo|VWAP_Sigma:lo|Volume:hi|Volume_Avg_10:hi,46|91|112|113|184|186|187,20.75718466741248,38.591979,414,0.46628,0.025912,1,1e-05,18.856446644718016,18.199528660922656
78312,2026.04.09 16:54,LONG,5,5,5,0,15,9,9,0.6,0.6,7.855,7.855,97.5,0,ADX_Value:hi|Micro_IBSP:lo|Micro_MomoTransfer:lo|Micro_OrderFlowDelta:lo|Micro_WickImbalance:lo|Session_Low_Dist_ATR:lo|VWAP_Sigma:lo|Volume:hi|Volume_Avg_10:hi,91|102|107|184|187,36.155965592932894,37.531451,339,0.225994,-0.039966,1,6e-05,13.933964781772266,13.604790342516026
78330,2026.04.09 17:12,LONG,5,5,5,0,15,10,10,0.6667,0.6667,8.813,8.813,80.0,0,Dist_To_PoC_ATR:lo|Micro_MomoTransfer:lo|Micro_Rejection:lo|Micro_VolOfVol:lo|OR_Low_Side:==1|Round_1000_Dist_ATR:lo|Session_Low_Dist_ATR:lo|VWAP_Sigma:lo|Volume:hi|Volume_Avg_10:hi,66|102|112|113|186,23.940229179708925,31.699301,341,0.262643,0.078866,1,1e-05,13.933964781772266,13.604790342516026
78445,2026.04.09 19:07,LONG,4,4,4,0,12,8,8,0.6667,0.6667,7.237,7.237,44.4,0,Bars_Since_Flip:hi|Micro_CSSpread:hi|Micro_Rejection:lo|Micro_WickImbalance:lo|Upper_Wick:hi|VWAP_Sigma:lo|Volume:hi|Volume_Avg_10:hi,50|113|186|187,62.67233613982787,23.568453,263,0.477134,0.297007,1,0.000154,11.345701020588308,11.143020262773083
78562,2026.04.09 21:04,SHORT,3,3,3,0,9,9,9,1.0,1.0,9.0,9.0,77.4,0,AT_Score_LT:hi|Micro_BarOverlap:lo|Micro_Rejection:hi|OR_High_Side:==1|PrevDay_High_Side:==1|RangeOsc_State:==2|Slope_Accel_LT:lo|Volume:hi|Volume_Ratio_10:hi,198|243|283,23.61100084919568,47.926824,423,0.525274,-0.113715,-1,3.8e-05,8.803955007256892,8.681536388140161
79654,2026.04.10 16:31,SHORT,5,5,5,0,15,12,12,0.8,0.8,10.978,10.978,165.0,0,D2D_Dn_Count:hi|D2D_Dynamic_Sensitivity:lo|D2D_Signal:==-1|Micro_MomoTransfer:hi|Micro_RangeAccel:lo|Micro_VolAccel:lo|MultiDay_Slope:lo|OBV_Macd:lo|OBVf_Signal:==1|Slope_Accel_ST:lo|VWAP_Dist_ATR:lo|VWAP_Sigma_ATR:lo,219|223|263|267|268,15.204163292056286,60.022811,439,0.500449,-0.416508,-1,-2.2e-05,14.358215859511613,13.967131712972364
79655,2026.04.10 16:32,SHORT,4,3,3,0,12,11,11,0.9167,0.9167,10.691,10.691,105.3,0,ADX_Value:lo|D2D_Dynamic_Sensitivity:lo|EMA_Oscillator:lo|Micro_Hurst:hi|Micro_MicroGap:lo|Micro_OrderFlowDelta:lo|MultiDay_Slope:lo|OBV_Macd:lo|Upper_Wick:hi|VAH_Side:==-1|VWAP_Sigma:lo,223|226|230|261,18.564001590883684,63.527798,423,0.552177,-0.220376,-1,3e-06,11.61144858072867,11.371771386700862
79656,2026.04.10 16:33,SHORT,3,3,3,0,9,9,9,1.0,1.0,9.0,9.0,113.7,0,D2D_Dynamic_Sensitivity:lo|Micro_Entropy:lo|Micro_TickIntensity:lo|MultiDay_Slope:lo|OBV_Macd:lo|OBV_Velocity:lo|PoC_Side:==0|PrevDay_High_Dist_ATR:lo|VWAP_Z:lo,223|246|276,22.475455827614173,68.133639,397,0.538609,-0.667805,-1,-0.00013,8.803955007256892,8.681536388140161
79664,2026.04.10 16:41,SHORT,4,4,4,0,12,11,11,0.9167,0.9167,10.691,10.691,61.2,0,Body_Size:hi|DailyOpen_Dist_ATR:lo|Micro_OrderFlowDelta:lo|Micro_RollProxy:lo|PrevDay_High_Dist_ATR:lo|PrevDay_Low_Side:==1|VAH_Side:==0|VWAP_Sigma:lo|Volume:hi|Volume_Avg_10:hi|Volume_Ratio_10:lo,229|265|294|296,35.255090149614844,30.443395,293,0.393105,-0.262783,-1,-0.000203,11.61144858072867,11.371771386700862
80903,2026.04.13 14:35,SHORT,3,3,3,0,9,7,7,0.7778,0.7778,6.614,6.614,154.8,0,Micro_AutoCorr:hi|Micro_FailedBreak:lo|Micro_FractalDim:lo|Micro_HLAsymmetry:hi|Micro_VolAccel:hi|VA_Position:hi|VWAP_Side:==-1,235|247|248,48.740706,22.732614,128,0.523253,-0.395907,-1,-0.000274,8.803955007256892,8.681536388140161
80976,2026.04.13 15:48,LONG,8,8,8,0,24,13,13,0.5417,0.5417,11.24,11.24,73.6,0,AT_Regime_ST:==1|Bars_Since_Flip:hi|DailyOpen_Side:==1|Lower_Wick:hi|Micro_Amihud:hi|Micro_PriceAccel:lo|MultiDay_Slope:lo|OBV_Macd:lo|OR_Low_Side:==-1|PrevDay_Low_Dist_ATR:lo|Round_500_Dist_ATR:lo|VA_Position:hi|Volume_Ratio_10:hi,51|53|54|80|129|131|132|144,19.088009,20.293813,122,0.34613,-0.246381,1,-7e-06,21.20075584842148,20.34657927196911
81019,2026.04.13 16:31,LONG,5,5,5,0,15,10,10,0.6667,0.6667,9.125,9.125,-512.0,1,Bars_Since_Flip:hi|D2D_Persist:hi|MultiDay_Position:lo|OR_Low_Side:==1|PrevDay_High_Dist_ATR:lo|PrevDay_Low_Side:==-1|Round_500_Dist_ATR:lo|Sqz_State:==1|VA_Position:hi|VWAP_Sigma_ATR:lo,52|54|64|137|138,63.649776,49.715433,425,0.380605,0.0,1,0.000119,13.933964781772266,13.604790342516026
81021,2026.04.13 16:33,LONG,15,15,15,0,45,25,25,0.5556,0.5556,18.342,18.342,1222.5,0,ADX_Rising:==0|Bars_Since_Flip:hi|DailyOpen_Dist_ATR:lo|DailyOpen_Side:==1|Harmonic_OBVf_Concordance:==0|KAMA_Dist:lo|Lower_Wick:hi|Micro_Entropy:lo|Micro_HLAsymmetry:lo|Micro_VPIN:lo|Micro_WickImbalance:hi|MultiDay_Position:lo|OR_High_Side:==-1|OR_Low_Side:==-1|PrevDay_High_Dist_ATR:lo|PrevDay_High_Side:==-1|PrevDay_Low_Dist_ATR:lo|PrevDay_Low_Side:==-1|Round_500_Dist_ATR:lo|Slope_Accel_LT:hi|Sqz_State:==1|VA_Position:hi|VWAP_Dist_ATR:lo|VWAP_Sigma_ATR:lo|Volume:hi,52|53|54|55|71|72|73|74|75|76|78|79|84|138|144,57.020617,70.378072,421,0.378488,-0.163403,1,8.9e-05,35.79399126148347,33.088813498458386
81036,2026.04.13 16:48,LONG,13,10,10,0,39,23,23,0.5897,0.5897,19.929,19.929,385.0,0,ADX_Rising:==1|Bars_Since_Flip:hi|D2D_Signal:==1|Lower_Wick:lo|Micro_FailedBreak:hi|Micro_OrderFlowDelta:hi|Micro_Rejection:lo|MultiDay_Position:lo|OR_Low_Side:==1|PoC_Side:==1|PrevDay_Close_Side:==-1|PrevDay_High_Dist_ATR:lo|PrevDay_Low_Side:==-1|RangeOsc_Val:hi|Round_500_Dist_ATR:lo|Session_Low_Dist_ATR:lo|Sqz_State:==1|Upper_Wick:hi|VA_Position:hi|VWAP_Dist_ATR:lo|VWAP_Side:==1|VWAP_Sigma_ATR:lo|Volume_Avg_10:hi,52|54|56|57|104|112|135|137|138|142|180|181|182,25.672585,69.147349,382,0.482075,0.817096,1,1.3e-05,31.916270451489858,29.809780066432648
81038,2026.04.13 16:50,LONG,11,6,6,0,33,22,22,0.6667,0.6667,18.669,18.669,252.0,0,ADX_Rising:==1|Bars_Since_Flip:hi|Micro_HLAsymmetry:hi|Micro_Hurst:hi|Micro_LogReturn:hi|Micro_OrderFlowDelta:hi|Micro_RangeVelocity:lo|Micro_VolOfVol:hi|Micro_WickImbalance:lo|MultiDay_Position:lo|OR_High_Side:==-1|OR_Low_Side:==1|PrevDay_High_Dist_ATR:lo|PrevDay_Low_Side:==-1|Round_500_Dist_ATR:lo|Session_High_Dist_ATR:lo|Slope_Accel_LT:lo|Upper_Wick:hi|VA_Position:hi|VWAP_Sigma_ATR:lo|Volume:hi|Volume_Avg_10:hi,52|54|56|105|135|137|153|154|155|156|159,29.403662,79.1818,465,0.507096,0.056831,1,4.2e-05,27.817084794051137,26.258658030358355
81040,2026.04.13 16:52,LONG,5,5,5,0,15,11,11,0.7333,0.7333,9.449,9.449,176.0,0,Bars_Since_Flip:hi|Micro_CSSpread:hi|MultiDay_Position:lo|OR_Low_Side:==1|PrevDay_High_Dist_ATR:lo|PrevDay_Low_Side:==-1|Round_500_Dist_ATR:lo|Upper_Wick:hi|VA_Position:hi|VWAP_Sigma_ATR:lo|Volume_Avg_10:hi,50|52|54|56|137,28.308057,63.608286,417,0.46863,0.007861,1,4.3e-05,13.933964781772266,13.604790342516026
81069,2026.04.13 17:21,LONG,5,5,5,0,15,10,10,0.6667,0.6667,8.813,8.813,70.0,0,ADX_Rising:==1|Bars_Since_Flip:hi|Micro_VPIN:lo|MultiDay_Position:lo|OR_Low_Side:==1|PrevDay_High_Dist_ATR:lo|PrevDay_Low_Side:==-1|Slope_Accel_LT:hi|Sqz_State:==1|Volume_Avg_10:hi,55|56|135|137|138,19.497838,28.297191,262,0.432838,0.143124,1,5e-05,13.933964781772266,13.604790342516026
81081,2026.04.13 17:33,LONG,6,6,6,0,18,11,11,0.6111,0.6111,8.875,8.875,74.4,0,ADX_Rising:==1|Bars_Since_Flip:hi|D2D_Persist:hi|Micro_OrderFlowDelta:hi|MultiDay_Position:lo|OR_Low_Side:==1|PrevDay_High_Dist_ATR:lo|PrevDay_Low_Side:==-1|Session_High_Dist_ATR:lo|Sqz_State:==1|Volume_Avg_10:hi,56|64|105|135|137|138,18.961823,25.608281,230,0.419502,0.0,1,4.8e-05,16.435780104648117,15.954503499974125
81093,2026.04.13 17:45,LONG,5,5,5,0,15,8,8,0.5333,0.5333,6.42,6.42,-221.5,1,ADX_Rising:==1|D2D_Persist:hi|Micro_OrderFlowDelta:hi|OR_Low_Side:==1|PrevDay_High_Dist_ATR:lo|PrevDay_Low_Side:==-1|Session_High_Dist_ATR:lo|Sqz_State:==1,64|105|135|137|138,29.491766,20.67114,209,0.318745,0.0,1,6.5e-05,13.933964781772266,13.604790342516026
81148,2026.04.13 18:40,LONG,6,6,6,0,18,12,12,0.6667,0.6667,10.392,10.392,243.6,0,ADX_Rising:==1|Micro_HLAsymmetry:hi|Micro_LogReturn:hi|Micro_VolOfVol:hi|Micro_WickImbalance:lo|OR_High_Side:==-1|OR_Low_Side:==1|PrevDay_High_Dist_ATR:lo|PrevDay_Low_Side:==-1|Slope_Accel_LT:lo|Sqz_State:==1|Volume:hi,135|137|138|153|156|159,25.954453,24.208161,224,0.341283,0.123925,1,6e-05,16.435780104648117,15.954503499974125
81189,2026.04.13 19:21,LONG,4,4,4,0,12,7,7,0.5833,0.5833,6.0,6.0,213.6,0,ADX_Rising:==1|D2D_Persist:hi|Micro_OrderFlowDelta:hi|OR_Low_Side:==1|PrevDay_High_Dist_ATR:lo|PrevDay_Low_Side:==-1|Session_High_Dist_ATR:lo,64|105|135|137,54.597524,31.343505,263,0.343372,0.0,1,0.000118,11.345701020588308,11.143020262773083
82209,2026.04.14 13:39,SHORT,4,4,4,0,12,10,10,0.8333,0.8333,9.524,9.524,89.6,0,D2D_Dn_Count:hi|D2D_Signal:==-1|Micro_Hurst:hi|Micro_Lambda:hi|Micro_RangeAccel:lo|Micro_RangeVelocity:lo|Micro_VolAccel:lo|Slope_Accel_ST:lo|VWAP_Dist_ATR:lo|VWAP_Sigma_ATR:lo,219|255|267|268,24.418139,42.282799,134,0.580054,-0.271978,-1,-2.9e-05,11.61144858072867,11.371771386700862
83641,2026.04.15 14:46,LONG,5,5,5,0,15,9,9,0.6,0.6,8.035,8.035,145.0,0,Micro_IBSP:lo|Micro_MomoTransfer:lo|Micro_Rejection:lo|OR_High_Side:==-1|OR_Low_Side:==1|OR_Position:hi|Session_Low_Dist_ATR:lo|VWAP_Sigma:lo|Volume:hi,91|102|112|113|147,19.588051,53.346747,209,0.520716,-0.186141,1,-2e-06,13.933964781772266,13.604790342516026
83758,2026.04.15 16:43,SHORT,7,7,7,0,21,15,15,0.7143,0.7143,14.132,14.132,788.9,0,ADX_Value:lo|AT_Score_LT:hi|Bar_Range:hi|D2D_ATR:hi|D2D_Signal:==-1|EMA_Oscillator:lo|Lower_Wick:lo|Micro_Hurst:hi|Micro_Lambda:hi|Micro_RangeAccel:lo|Micro_RangeVelocity:lo|RangeOsc_State:==-1|VWAP_Dist_ATR:lo|VWAP_Sigma_ATR:lo|Volume_Avg_10:hi,197|211|214|230|255|267|268,18.911999,38.568979,310,0.506347,-0.933393,-1,1.6e-05,19.676030442106526,18.888596375345333
85191,2026.04.16 17:51,LONG,8,8,8,0,24,11,11,0.4583,0.4583,7.645,7.645,79.2,0,AT_Lookback_ST:hi|AT_Regime_LT:==1|AT_Slope_LT:lo|AT_Slope_ST:lo|D2D_Signal:==0|Micro_HLAsymmetry:hi|Micro_RangeAccel:lo|Micro_RollProxy:hi|Momentum_Value:hi|RangeOsc_State:==-1|RangeOsc_Val:lo,2|14|32|33|40|41|42|43,24.283107,21.483962,205,0.463984,-0.090765,1,-5.8e-05,21.20075584842148,20.34657927196911
85294,2026.04.16 19:34,SHORT,4,4,4,0,12,7,7,0.5833,0.5833,6.0,6.0,110.4,0,AT_Regime_ST:==0|Bar_Range:hi|D2D_Dynamic_Sensitivity:lo|EMA_Oscillator:lo|Lower_Wick:lo|Micro_RangeVelocity:lo|Volume:hi,211|220|221|269,19.678584,50.961444,371,0.372377,0.0,-1,5e-06,11.61144858072867,11.371771386700862
86485,2026.04.17 16:41,LONG,7,7,7,0,21,14,14,0.6667,0.6667,11.593,11.593,117.6,0,ADX_Rising:==0|AT_Score_LT:hi|Harmonic_OBVf_Concordance:==0|KAMA_Dist:lo|Lower_Wick:hi|Micro_CSSpread:hi|Micro_GarmanKlass:hi|Micro_LogReturn:hi|Micro_Rejection:hi|Micro_TickIntensity:hi|Micro_VPIN:lo|Micro_WickImbalance:hi|Volume:hi|Volume_Avg_10:hi,5|7|71|72|73|76|94,24.180524,33.002345,373,0.5245,0.454513,1,8.7e-05,18.856446644718016,18.199528660922656
86507,2026.04.17 17:03,LONG,5,5,5,0,15,11,11,0.7333,0.7333,10.364,10.364,172.5,0,AT_Score_LT:hi|Bars_Since_Flip:hi|D2D_ATR:hi|Micro_Amihud:lo|Micro_CSSpread:hi|Micro_RangeAccel:lo|Micro_Rejection:lo|Micro_VPIN:hi|PrevDay_High_Dist_ATR:hi|Upper_Wick:hi|Volume_Avg_10:hi,7|50|59|81|185,28.99681,20.832076,288,0.507554,0.144009,1,0.000303,13.933964781772266,13.604790342516026
86532,2026.04.17 17:28,LONG,4,4,4,0,12,10,10,0.8333,0.8333,9.524,9.524,90.0,0,Bars_Since_Flip:hi|D2D_ATR:hi|Micro_GarmanKlass:hi|Micro_Rejection:lo|Micro_VolOfVol:hi|PrevDay_Close_Dist_ATR:hi|PrevDay_High_Dist_ATR:hi|Round_500_Dist_ATR:lo|VA_Position:hi|Volume_Avg_10:hi,54|59|87|185,49.103759,23.731608,252,0.559967,-0.044245,1,0.000175,11.345701020588308,11.143020262773083
86545,2026.04.17 17:41,LONG,4,4,4,0,12,11,11,0.9167,0.9167,10.691,10.691,56.8,0,AT_Score_LT:hi|Bar_Range:hi|Bars_Since_Flip:hi|Micro_CSSpread:hi|Micro_GarmanKlass:hi|Micro_Lambda:lo|Micro_VolOfVol:hi|PrevDay_Close_Dist_ATR:hi|PrevDay_High_Dist_ATR:hi|Upper_Wick:hi|Volume_Avg_10:hi,7|45|50|87,43.152293,28.626599,303,0.266543,-0.017466,1,0.000125,11.345701020588308,11.143020262773083
86564,2026.04.17 18:00,LONG,6,6,6,0,18,13,13,0.7222,0.7222,11.555,11.555,66.6,0,ADX_Rising:==0|AT_Score_LT:hi|Bar_Range:hi|KAMA_Dist:lo|Lower_Wick:hi|Micro_CSSpread:hi|Micro_GarmanKlass:hi|Micro_Lambda:lo|Micro_Rejection:hi|Micro_WickImbalance:hi|PrevDay_High_Dist_ATR:hi|Volume:hi|Volume_Avg_10:hi,5|7|45|71|73|76,33.86959,23.447055,250,0.319498,0.063974,1,0.000101,16.435780104648117,15.954503499974125
86566,2026.04.17 18:02,LONG,4,4,4,0,12,8,8,0.6667,0.6667,7.56,7.56,48.8,0,AT_Score_LT:hi|Bars_Since_Flip:hi|D2D_ATR:hi|Micro_CSSpread:hi|Micro_Rejection:lo|PrevDay_High_Dist_ATR:hi|Upper_Wick:hi|Volume_Avg_10:hi,7|50|59|185,29.968631,25.302421,253,0.513664,0.118566,1,0.0001,11.345701020588308,11.143020262773083
86577,2026.04.17 18:13,LONG,4,4,4,0,12,6,6,0.5,0.5,4.762,4.762,-173.2,1,ADX_Rising:==0|Harmonic_OBVf_Concordance:==0|KAMA_Dist:lo|Lower_Wick:hi|Micro_WickImbalance:hi|Volume:hi,71|72|73|76,20.302401,20.173741,238,0.443689,0.470909,1,9.5e-05,11.345701020588308,11.143020262773083
86602,2026.04.17 18:38,SHORT,4,4,4,0,12,10,10,0.8333,0.8333,9.524,9.524,46.8,0,AT_Slope_ST:hi|Bars_Since_Flip:hi|DailyOpen_Dist_ATR:hi|Micro_HLAsymmetry:hi|Micro_Hurst:lo|OR_High_Dist_ATR:hi|PrevDay_Close_Dist_ATR:hi|Sqz_State:==-1|Sqz_Val:hi|Volume_Avg_10:hi,206|213|251|293,20.037164,24.502995,164,0.306882,0.326491,-1,7.1e-05,11.61144858072867,11.371771386700862
86613,2026.04.17 18:49,LONG,5,5,5,0,15,15,15,1.0,1.0,15.0,15.0,258.0,0,ADX_Value:lo|AT_Lookback_ST:hi|D2D_ATR:hi|D2D_Signal:==1|Micro_AutoCorr:hi|Micro_GarmanKlass:hi|Micro_Rejection:lo|Micro_VolOfVol:hi|PoC_Side:==1|PrevDay_Close_Dist_ATR:hi|PrevDay_High_Dist_ATR:hi|Slope_EMA_ST:hi|TChan_A15:hi|Upper_Wick:hi|Volume_Ratio_10:hi,3|59|87|180|188,15.358621,30.340269,300,0.472391,0.362554,1,6.2e-05,13.933964781772266,13.604790342516026
86693,2026.04.17 20:09,SHORT,5,5,5,0,15,9,9,0.6,0.6,8.32,8.32,129.0,0,AT_Score_LT:hi|AT_Slope_ST:lo|Bar_Range:hi|D2D_Dynamic_Sensitivity:lo|EMA_Oscillator:lo|Lower_Wick:lo|Micro_RangeVelocity:lo|Volume:hi|Volume_Ratio_10:hi,198|209|211|220|221,34.11524,48.019776,342,0.4092,0.0,-1,-0.000116,14.358215859511613,13.967131712972364
86705,2026.04.17 20:21,SHORT,4,4,4,0,12,8,8,0.6667,0.6667,6.735,6.735,147.2,0,AT_Score_LT:hi|AT_Slope_ST:lo|Bar_Range:hi|D2D_ATR:hi|Micro_Rejection:hi|RangeOsc_State:==-1|Volume:hi|Volume_Ratio_10:hi,195|198|209|214,55.3123,22.134028,248,0.458614,-0.451793,-1,-0.000107,11.61144858072867,11.371771386700862
86709,2026.04.17 20:25,SHORT,7,7,7,0,21,15,15,0.7143,0.7143,12.904,12.904,247.1,0,AT_Score_LT:hi|AT_Slope_ST:lo|Bar_Range:hi|D2D_ATR:hi|D2D_Dynamic_Sensitivity:lo|Micro_BarOverlap:hi|Micro_HLAsymmetry:lo|Micro_VPIN:lo|PrevDay_High_Side:==1|RangeOsc_State:==-1|RangeOsc_Val:lo|Slope_EMA_LT:hi|Volume:hi|Volume_Avg_10:hi|Volume_Ratio_10:hi,197|198|209|214|224|241|286,57.043973,63.893444,354,0.367043,0.0,-1,-0.000121,19.676030442106526,18.888596375345333
86711,2026.04.17 20:27,SHORT,4,4,4,0,12,8,8,0.6667,0.6667,6.735,6.735,108.8,0,AT_Score_LT:hi|AT_Slope_ST:lo|Bar_Range:hi|D2D_ATR:hi|RangeOsc_State:==-1|Volume:hi|Volume_Avg_10:hi|Volume_Ratio_10:hi,197|198|209|214,58.030303,50.404832,313,0.406314,0.267831,-1,-0.00013,11.61144858072867,11.371771386700862
86721,2026.04.17 20:37,SHORT,4,4,4,0,12,8,8,0.6667,0.6667,6.928,6.928,47.6,0,AT_Score_LT:hi|AT_Slope_ST:lo|Bar_Range:hi|D2D_ATR:hi|Micro_VPIN:lo|RangeOsc_State:==-1|Slope_EMA_LT:hi|Volume_Avg_10:hi,197|209|214|286,54.258773,24.793917,232,0.357397,0.723968,-1,-8.3e-05,11.61144858072867,11.371771386700862
86731,2026.04.17 20:47,SHORT,4,4,4,0,12,10,10,0.8333,0.8333,9.524,9.524,38.0,0,AT_Score_LT:hi|D2D_ATR:hi|Micro_BarOverlap:lo|Micro_OrderFlowDelta:hi|Micro_PriceAccel:lo|Micro_VPIN:lo|RangeOsc_State:==-1|Slope_EMA_LT:hi|Volume:hi|Volume_Ratio_10:hi,198|214|242|286,41.638895,20.828322,237,0.434523,0.552133,-1,-4.3e-05,11.61144858072867,11.371771386700862
86770,2026.04.17 21:26,SHORT,4,4,4,0,12,10,10,0.8333,0.8333,9.524,9.524,49.6,0,AT_Score_LT:hi|AT_Slope_ST:lo|Bar_Range:hi|D2D_ATR:hi|Micro_FailedBreak:lo|Micro_FractalDim:lo|Micro_HLAsymmetry:hi|Micro_VPIN:lo|RangeOsc_State:==-1|Slope_EMA_LT:hi,209|214|247|286,28.459722,25.665839,225,0.521891,-0.487029,-1,-3.6e-05,11.61144858072867,11.371771386700862
86842,2026.04.17 22:38,LONG,5,5,5,0,15,13,13,0.8667,0.8667,12.041,12.041,45.0,0,AT_Regime_ST:==1|AT_Score_LT:lo|D2D_Signal:==1|DailyOpen_Dist_ATR:lo|Micro_PriceAccel:hi|Micro_VolOfVol:lo|OBV_Macd:lo|OBV_Velocity:hi|PoC_Side:==1|Round_500_Dist_ATR:lo|Upper_Wick:hi|VA_Position:hi|VWAP_Sigma:hi,9|108|131|133|180,19.876225,20.070018,128,0.474222,0.89686,1,-6e-06,13.933964781772266,13.604790342516026
87754,2026.04.20 15:05,LONG,5,5,5,0,15,8,8,0.5333,0.5333,7.161,7.161,66.0,0,AT_Regime_LT:==1|D2D_Persist:hi|Micro_Entropy:lo|Micro_MomoTransfer:hi|Micro_RangeAccel:lo|Micro_RangeVelocity:lo|OR_Low_Side:==1|PrevDay_Low_Side:==-1,64|85|86|100|101,27.250681,26.9562,129,0.501076,0.0,1,3.6e-05,13.933964781772266,13.604790342516026
87843,2026.04.20 16:34,LONG,3,3,3,0,9,5,5,0.5556,0.5556,4.586,4.586,160.2,0,ADX_Rising:==1|D2D_Persist:hi|OR_Low_Side:==1|PrevDay_High_Dist_ATR:lo|PrevDay_Low_Side:==-1,64|135|137,49.600016,49.460763,396,0.531841,-0.475124,1,0.000293,8.665108670454496,8.56108508618842
87951,2026.04.20 18:22,LONG,13,13,13,0,39,23,23,0.5897,0.5897,19.199,19.199,330.2,0,ADX_Rising:==1|AT_Lookback_ST:hi|AT_Slope_ST:lo|D2D_ATR_MA:hi|D2D_Signal:==1|Micro_HLAsymmetry:hi|Micro_LogReturn:hi|Micro_RangeVelocity:lo|Micro_RollProxy:hi|Micro_VPIN:lo|Micro_VolOfVol:hi|Micro_WickImbalance:lo|OBV_Macd:lo|OBVf_Signal:==1|OR_Low_Side:==1|PoC_Side:==1|PrevDay_High_Dist_ATR:lo|PrevDay_Low_Side:==-1|RangeOsc_State:==-2|Slope_Accel_LT:lo|Sqz_State:==1|Upper_Wick:hi|Volume:hi,2|34|35|37|60|130|135|137|138|153|155|159|180,19.238578,47.365519,364,0.350705,-0.263905,1,-3.8e-05,31.916270451489858,29.809780066432648
87955,2026.04.20 18:26,LONG,5,5,5,0,15,12,12,0.8,0.8,11.368,11.368,74.5,0,ADX_Rising:==1|Efficiency_Ratio:hi|Micro_FailedBreak:hi|Micro_MicroGap:hi|Micro_Rejection:lo|Micro_RollProxy:hi|Micro_VPIN:lo|OBV_Macd:lo|OR_Low_Side:==1|PrevDay_High_Dist_ATR:lo|PrevDay_Low_Side:==-1|Volume_Avg_10:hi,122|126|135|137|182,23.907668,29.826259,323,0.37795,0.53644,1,0.000115,13.933964781772266,13.604790342516026
88008,2026.04.20 19:19,SHORT,3,3,3,0,9,8,8,0.8889,0.8889,7.715,7.715,30.3,0,ADX_Value:lo|EMA_Oscillator:lo|Efficiency_Ratio:lo|Micro_Hurst:hi|Micro_ThrustEff:hi|OR_High_Side:==1|PrevDay_Close_Side:==-1|Slope_EMA_ST:lo,230|233|289,17.944928,21.853411,151,0.536052,0.480474,-1,-3.8e-05,8.803955007256892,8.681536388140161
89293,2026.04.21 18:00,SHORT,5,5,5,0,15,13,13,0.8667,0.8667,12.469,12.469,149.5,0,Body_Size:hi|DailyOpen_Dist_ATR:lo|Efficiency_Ratio:hi|Micro_BarEntropy:hi|Micro_Entropy:lo|Micro_TickIntensity:lo|OBV_Velocity:lo|PoC_Side:==0|PrevDay_High_Dist_ATR:lo|Round_100_Dist_ATR:lo|TChan_A15:hi|VAH_Side:==-1|VWAP_Z:lo,228|231|238|246|276,55.617507,54.788259,354,0.535504,-0.272869,-1,-0.000162,14.358215859511613,13.967131712972364
89297,2026.04.21 18:04,SHORT,5,5,5,0,15,12,12,0.8,0.8,10.978,10.978,110.5,0,Body_Size:hi|DailyOpen_Dist_ATR:lo|Efficiency_Ratio:hi|Micro_BarEntropy:hi|Micro_Entropy:lo|PoC_Side:==0|PrevDay_High_Dist_ATR:lo|PrevDay_Low_Side:==1|Round_100_Dist_ATR:lo|VAH_Side:==0|VWAP_Z:lo|WeeklyOpen_Dist_ATR:lo,229|231|238|239|246,61.799231,41.777233,400,0.463709,-0.047873,-1,-0.000196,14.358215859511613,13.967131712972364
89305,2026.04.21 18:12,SHORT,4,4,4,0,12,9,9,0.75,0.75,8.123,8.123,44.4,0,AT_Slope_ST:lo|Body_Size:lo|D2D_ATR_MA:hi|Micro_CSSpread:lo|Micro_VolAccel:hi|OR_Low_Side:==-1|Session_High_Dist_ATR:hi|Slope_Accel_LT:lo|Sqz_Val:hi,208|217|270|284,48.205159,23.44877,271,0.407043,0.213231,-1,-0.000148,11.61144858072867,11.371771386700862
89310,2026.04.21 18:17,SHORT,5,4,4,0,15,8,8,0.5333,0.5333,6.529,6.529,51.2,0,AT_Lookback_ST:hi|D2D_ATR_MA:hi|Micro_OrderFlowDelta:hi|Micro_TickIntensity:hi|Momentum_Value:hi|Session_High_Dist_ATR:hi|Sqz_Val:hi|TChan_A15:hi,194|217|273|291|292,40.366895,26.253252,325,0.481342,0.266634,-1,-0.000129,14.358215859511613,13.967131712972364
89353,2026.04.21 19:00,LONG,12,12,12,0,36,20,20,0.5556,0.5556,16.738,16.738,187.2,0,AT_Regime_ST:==1|AT_Slope_LT:lo|AT_Slope_ST:lo|Bars_Since_Flip:hi|Body_Size:hi|D2D_ATR:hi|DailyOpen_Side:==1|Micro_FailedBreak:hi|Micro_HLAsymmetry:hi|Micro_IBSP:hi|Micro_RangeVelocity:hi|Momentum_Value:hi|MultiDay_Position:lo|OR_Low_Side:==-1|RangeOsc_Val:lo|Session_Low_Dist_ATR:lo|Slope_EMA_ST:lo|VWAP_Side:==-1|Volume:hi|Volume_Avg_10:hi,16|26|38|39|42|44|56|57|58|90|172|177,15.515826,31.014089,265,0.352796,1.175272,1,-7.5e-05,29.895732127216817,28.07020869698633
89354,2026.04.21 19:01,LONG,19,14,14,0,57,25,25,0.4386,0.4386,18.47,18.47,240.8,0,AT_Regime_LT:==1|AT_Regime_ST:==1|AT_Slope_ST:lo|Bars_Since_Flip:hi|D2D_ATR:hi|D2D_ATR_MA:hi|Micro_HLAsymmetry:hi|Micro_OrderFlowDelta:lo|Micro_PriceAccel:lo|Micro_RangeAccel:lo|Micro_RangeVelocity:lo|Micro_Rejection:lo|Micro_RollProxy:lo|Micro_VolOfVol:hi|MultiDay_Position:lo|OBVf_Signal:==1|OR_Low_Side:==-1|OR_Position:lo|RangeOsc_Val:lo|Round_100_Dist_ATR:lo|Session_Low_Dist_ATR:lo|Slope_EMA_ST:lo|Upper_Wick:hi|Volume:hi|Volume_Avg_10:hi,19|32|35|36|37|42|44|51|56|57|58|60|115|166|167|173|174|175|176,17.177806,33.605111,276,0.366768,-0.239547,1,-7.3e-05,42.962100437447624,38.94197630079839
89356,2026.04.21 19:03,LONG,19,19,19,0,57,25,25,0.4386,0.4386,18.751,18.751,440.8,0,AT_Regime_ST:==1|AT_Slope_ST:lo|Bars_Since_Flip:hi|D2D_ATR:hi|D2D_ATR_MA:hi|Lower_Wick:hi|Micro_FractalDim:lo|Micro_PriceAccel:lo|Micro_RangeVelocity:hi|Micro_VolOfVol:hi|MultiDay_Position:lo|MultiDay_Slope:lo|OBV_Macd:lo|OBVf_Signal:==1|OR_Low_Side:==-1|OR_Position:lo|PrevDay_Low_Dist_ATR:lo|RangeOsc_State:==-1|Session_Low_Dist_ATR:lo|Slope_EMA_ST:lo|TChan_A15:hi|Upper_Wick:hi|Volume:hi|Volume_Avg_10:hi|Volume_Ratio_10:hi,18|19|35|36|37|44|51|53|56|57|58|60|115|129|132|164|172|176|189,20.638943,43.716488,340,0.374841,-0.329395,1,-6.8e-05,42.962100437447624,38.94197630079839
89419,2026.04.21 20:06,SHORT,4,4,4,0,12,11,11,0.9167,0.9167,10.691,10.691,122.8,0,D2D_Dynamic_Sensitivity:lo|DailyOpen_Dist_ATR:lo|Micro_Hurst:hi|Micro_Lambda:hi|Micro_OrderFlowDelta:lo|Micro_RangeVelocity:lo|MultiDay_Slope:lo|OBV_Macd:lo|PrevDay_High_Dist_ATR:lo|PrevDay_Low_Side:==1|VAH_Side:==0,223|229|255|265,24.409623,56.160043,354,0.515642,-0.079238,-1,-8e-05,11.61144858072867,11.371771386700862
89454,2026.04.21 20:41,LONG,9,9,9,0,27,15,15,0.5556,0.5556,12.785,12.785,205.2,0,AT_Regime_LT:==1|Bar_Range:hi|Efficiency_Ratio:hi|Micro_Entropy:lo|Micro_FractalDim:lo|Micro_LogReturn:hi|Micro_MomoTransfer:hi|Micro_RangeVelocity:lo|Micro_TickIntensity:hi|Micro_VolOfVol:hi|OBV_Macd:lo|RangeOsc_State:==2|Slope_Accel_LT:hi|TChan_A15:hi|Volume_Ratio_10:hi,47|48|69|86|95|101|150|189|190,30.023764,43.011542,405,0.411748,0.0,1,0.000177,23.473053431498993,22.401786415067697
89455,2026.04.21 20:42,LONG,7,4,4,0,21,11,11,0.5238,0.5238,9.665,9.665,64.4,0,Bar_Range:hi|Micro_FractalDim:lo|Micro_Lambda:lo|Micro_MicroGap:hi|Micro_RollProxy:hi|Micro_TickIntensity:hi|OBV_Macd:lo|RangeOsc_State:==2|Slope_Accel_LT:hi|TChan_A15:hi|Volume_Ratio_10:hi,46|48|92|124|126|150|189,32.276587,31.88183,394,0.407498,0.047049,1,0.000198,18.856446644718016,18.199528660922656
89457,2026.04.21 20:44,LONG,5,5,5,0,15,10,10,0.6667,0.6667,8.615,8.615,-402.0,1,ADX_Value:hi|Bar_Range:hi|Efficiency_Ratio:hi|Micro_RangeVelocity:lo|Micro_TickIntensity:hi|Micro_VPIN:lo|Micro_WickImbalance:lo|OBV_Macd:lo|RangeOsc_State:==2|Slope_Accel_LT:hi,48|69|122|128|150,37.354516,38.696698,349,0.396195,0.025842,1,0.00021,13.933964781772266,13.604790342516026
89489,2026.04.21 21:16,SHORT,3,3,3,0,9,9,9,1.0,1.0,9.0,9.0,114.9,0,ADX_Value:lo|D2D_Dynamic_Sensitivity:lo|EMA_Oscillator:lo|Micro_BarOverlap:lo|Micro_Hurst:hi|Micro_OrderFlowDelta:hi|Micro_PriceAccel:lo|MultiDay_Slope:lo|OBV_Macd:lo,223|230|242,17.739779,68.850715,318,0.524742,-0.536668,-1,-5.9e-05,8.803955007256892,8.681536388140161
89533,2026.04.21 22:00,LONG,5,5,5,0,15,9,9,0.6,0.6,8.035,8.035,59.5,0,Bar_Range:hi|Micro_Lambda:lo|Micro_MicroGap:hi|Micro_Rejection:lo|Micro_RollProxy:hi|OBV_Macd:lo|RangeOsc_State:==2|Session_Low_Dist_ATR:lo|Slope_EMA_ST:hi,46|92|124|126|163,30.807486,24.771429,297,0.392933,-0.141292,1,0.000104,13.933964781772266,13.604790342516026
89535,2026.04.21 22:02,LONG,4,4,4,0,12,10,10,0.8333,0.8333,9.524,9.524,38.8,0,ADX_Value:hi|Micro_Amihud:lo|Micro_OrderFlowDelta:lo|Micro_RangeAccel:lo|Micro_Rejection:lo|Micro_VPIN:hi|Micro_WickImbalance:lo|OBV_Macd:lo|Session_Low_Dist_ATR:lo|Slope_EMA_ST:hi,81|107|128|163,35.102128,21.147826,249,0.203316,0.0,1,0.000119,11.345701020588308,11.143020262773083
89575,2026.04.21 22:42,SHORT,5,5,5,0,15,12,12,0.8,0.8,10.978,10.978,210.0,0,D2D_Dynamic_Sensitivity:lo|Efficiency_Ratio:hi|Micro_IBSP:lo|Micro_PriceAccel:lo|Micro_RangeAccel:lo|Micro_TickIntensity:lo|Micro_WickImbalance:hi|OBV_Velocity:lo|PoC_Side:==0|RangeOsc_Val:lo|VAL_Side:==0|Volume_Avg_10:hi,222|224|227|266|276,35.497587,87.69718,497,0.515659,-0.809604,-1,-0.000286,14.358215859511613,13.967131712972364
89602,2026.04.21 23:09,LONG,5,5,5,0,15,11,11,0.7333,0.7333,10.009,10.009,210.0,0,D2D_Signal:==1|Micro_AutoCorr:hi|Micro_PriceAccel:hi|PoC_Side:==1|Session_High_Dist_ATR:lo|Session_Low_Dist_ATR:lo|TChan_A15:hi|Upper_Wick:hi|VWAP_Sigma:hi|Volume:hi|Volume_Ratio_10:hi,82|108|145|180|188,26.817768,173.425006,250,0.425665,1.008274,1,4.3e-05,13.933964781772266,13.604790342516026
89603,2026.04.21 23:10,LONG,11,11,11,0,33,18,18,0.5455,0.5455,12.564,12.564,462.0,0,AT_Regime_LT:==1|AT_Slope_LT:lo|AT_Slope_ST:lo|Body_Size:hi|D2D_ATR_MA:hi|D2D_Signal:==0|Lower_Wick:hi|Micro_Amihud:hi|Micro_OrderFlowDelta:hi|Micro_RangeAccel:lo|Micro_RollProxy:hi|Micro_VolOfVol:hi|Micro_WickImbalance:lo|Momentum_Value:hi|MultiDay_Slope:lo|OBV_Macd:lo|Session_Low_Dist_ATR:lo|Volume:hi,14|20|30|32|37|39|40|41|44|60|129,29.164824,166.31018,501,0.451554,0.0,1,-6.1e-05,27.817084794051137,26.258658030358355
89607,2026.04.21 23:14,LONG,5,5,5,0,15,9,9,0.6,0.6,8.035,8.035,92.5,0,ADX_Value:hi|Bar_Range:hi|Efficiency_Ratio:hi|Micro_Lambda:lo|Micro_RangeVelocity:lo|Micro_RollProxy:hi|Micro_WickImbalance:lo|OBV_Macd:lo|RangeOsc_State:==2,46|69|92|124|128,37.10585,35.801613,246,0.448112,-0.069829,1,0.000306,13.933964781772266,13.604790342516026
90547,2026.04.22 16:09,LONG,5,5,5,0,15,10,10,0.6667,0.6667,8.813,8.813,166.5,0,D2D_Signal:==1|Micro_MomoTransfer:lo|Micro_Rejection:lo|PoC_Side:==1|Session_High_Dist_ATR:lo|Upper_Wick:hi|VWAP_Dist_ATR:lo|VWAP_Side:==1|VWAP_Sigma:lo|Volume:hi,102|113|145|180|181,21.4877,60.535643,270,0.404073,0.82596,1,-1.5e-05,13.933964781772266,13.604790342516026
91132,2026.04.23 03:09,SHORT,4,4,4,0,12,9,9,0.75,0.75,8.485,8.485,94.4,0,D2D_Dynamic_Sensitivity:lo|DailyOpen_Dist_ATR:lo|EMA_Oscillator:lo|Lower_Wick:lo|Micro_Entropy:lo|Micro_WickImbalance:lo|PrevDay_Low_Side:==1|VAH_Side:==0|VAL_Side:==0,220|229|244|245,36.519081,44.406212,173,0.41943,-1.475019,-1,-8.8e-05,11.61144858072867,11.371771386700862
91137,2026.04.23 03:14,SHORT,6,6,6,0,18,11,11,0.6111,0.6111,9.906,9.906,193.8,0,D2D_Dynamic_Sensitivity:lo|EMA_Oscillator:lo|Lower_Wick:lo|Micro_Entropy:lo|Micro_MomoTransfer:hi|Micro_TickIntensity:lo|Micro_WickImbalance:lo|OBV_Velocity:lo|PoC_Side:==0|VAL_Side:==0|Volume:hi,220|221|244|245|264|276,54.166644,58.793792,282,0.170398,-1.105559,-1,-0.000332,17.045884868532983,16.47150210578053
91143,2026.04.23 03:20,SHORT,4,4,4,0,12,11,11,0.9167,0.9167,10.691,10.691,168.0,0,ATR_1M:hi|Micro_CSSpread:hi|Micro_FailedBreak:lo|Micro_FractalDim:lo|Micro_HLAsymmetry:hi|Micro_Hurst:hi|Micro_Lambda:hi|Micro_RangeVelocity:lo|PrevDay_Close_Side:==-1|RangeOsc_State:==2|Round_500_Dist_ATR:lo,191|247|255|279,51.009098,104.492759,346,0.576982,-0.478502,-1,-0.000201,11.61144858072867,11.371771386700862
92002,2026.04.23 17:39,LONG,5,5,5,0,15,8,8,0.5333,0.5333,6.529,6.529,66.5,0,AT_Slope_ST:lo|Bar_Range:hi|D2D_DirStep:==1|Micro_AutoCorr:hi|Micro_LogReturn:hi|Micro_OrderFlowDelta:hi|Micro_WickImbalance:lo|Slope_EMA_ST:lo,21|22|24|30|49,25.184928,27.212891,224,0.422675,0.238857,1,-8e-05,13.933964781772266,13.604790342516026
92198,2026.04.23 20:55,LONG,19,19,19,0,57,24,24,0.4211,0.4211,17.055,17.055,1596.0,0,AT_Lookback_ST:hi|AT_Regime_ST:==1|AT_Slope_LT:lo|AT_Slope_ST:lo|Bars_Since_Flip:hi|Body_Size:hi|D2D_ATR:hi|D2D_ATR_MA:hi|Lower_Wick:hi|Micro_Amihud:hi|Micro_OrderFlowDelta:hi|Micro_RollProxy:hi|Micro_VolOfVol:hi|Micro_WickImbalance:lo|Momentum_Value:hi|MultiDay_Position:lo|MultiDay_Slope:lo|OBV_Macd:lo|RangeOsc_State:==-1|Session_Low_Dist_ATR:lo|Slope_EMA_ST:lo|VWAP_Sigma_ATR:lo|Volume:hi|Volume_Avg_10:hi,2|14|18|20|30|33|37|38|39|41|44|52|56|57|58|60|129|164|176,35.736371,100.817334,457,0.49345,0.352122,1,-0.000102,42.962100437447624,38.94197630079839
92205,2026.04.23 21:02,LONG,4,4,4,0,12,9,9,0.75,0.75,8.485,8.485,149.6,0,Efficiency_Ratio:hi|Lower_Wick:hi|Micro_Rejection:lo|Micro_VPIN:lo|MultiDay_Slope:lo|OBV_Macd:lo|OR_Low_Side:==1|Session_Low_Dist_ATR:lo|Slope_EMA_ST:hi,112|122|129|163,35.503465,67.275699,449,0.339397,0.0,1,0.000402,11.345701020588308,11.143020262773083
92222,2026.04.23 21:19,LONG,5,5,5,0,15,10,10,0.6667,0.6667,8.813,8.813,60.5,0,ADX_Value:hi|DailyOpen_Side:==-1|Harmonic_LLEMA:hi|Lower_Wick:lo|Micro_OrderFlowDelta:hi|Micro_Rejection:lo|Micro_TickIntensity:hi|Micro_WickImbalance:lo|OBV_Macd:lo|Slope_Accel_LT:hi,103|104|123|128|150,37.441175,25.226507,255,0.405981,-0.118923,1,0.00011,13.933964781772266,13.604790342516026
93170,2026.04.24 14:22,LONG,4,4,4,0,12,9,9,0.75,0.75,8.123,8.123,149.6,0,Bars_Since_Flip:hi|Micro_Rejection:lo|Micro_VPIN:lo|OR_High_Side:==-1|OR_Low_Side:==1|OR_Position:hi|Session_Low_Dist_ATR:lo|Slope_Accel_LT:hi|Slope_EMA_ST:hi,55|112|147|163,42.952216,67.294157,321,0.50017,-0.126311,1,0.000102,11.345701020588308,11.143020262773083
93228,2026.04.24 15:20,SHORT,3,3,3,0,9,9,9,1.0,1.0,9.0,9.0,46.8,0,ATR_1M:hi|AT_Slope_LT:hi|Micro_BarOverlap:hi|Micro_CSSpread:hi|Micro_Hurst:hi|Micro_Lambda:hi|Micro_RangeVelocity:lo|OBVf_Signal:==1|RangeOsc_State:==2,191|202|255,18.955504,31.017744,133,0.539087,0.0,-1,1.5e-05,8.803955007256892,8.681536388140161
93299,2026.04.24 16:31,SHORT,5,5,5,0,15,12,12,0.8,0.8,10.978,10.978,210.0,0,D2D_Dn_Count:hi|D2D_Signal:==-1|Micro_MomoTransfer:hi|Micro_RangeAccel:lo|Micro_RollProxy:hi|Micro_VolAccel:lo|OBV_Velocity:hi|OBVf_Signal:==1|PrevDay_High_Dist_ATR:lo|Slope_Accel_ST:lo|VWAP_Dist_ATR:lo|VWAP_Sigma_ATR:lo,219|263|267|268|274,20.653808,84.690264,498,0.454472,-0.743887,-1,-3.8e-05,14.358215859511613,13.967131712972364
93432,2026.04.24 18:44,LONG,5,5,5,0,15,13,13,0.8667,0.8667,12.041,12.041,210.0,0,D2D_Signal:==1|Micro_CSSpread:lo|Momentum_Value:hi|PoC_Side:==1|PrevDay_Close_Side:==-1|RangeOsc_Val:hi|ST_Flip_Event:==1|Session_High_Dist_ATR:lo|Session_Low_Dist_ATR:lo|Upper_Wick:hi|VWAP_Dist_ATR:lo|VWAP_Side:==1|Volume:hi,117|142|145|180|181,18.302157,83.736909,311,0.423386,2.590256,1,4.6e-05,13.933964781772266,13.604790342516026
93435,2026.04.24 18:47,LONG,4,4,4,0,12,8,8,0.6667,0.6667,7.56,7.56,-52.8,1,AT_Regime_LT:==1|Micro_Entropy:lo|Micro_MomoTransfer:hi|Micro_RangeVelocity:lo|Micro_Rejection:lo|OR_Low_Side:==1|Session_Low_Dist_ATR:lo|Slope_EMA_ST:hi,86|101|112|163,28.009248,49.485776,383,0.421778,0.010104,1,0.00018,11.345701020588308,11.143020262773083
94679,2026.04.27 16:47,LONG,6,6,6,0,18,13,13,0.7222,0.7222,11.555,11.555,399.0,0,AT_Slope_ST:lo|Dist_To_PoC_ATR:lo|Micro_AutoCorr:hi|Micro_RangeVelocity:hi|Micro_RollProxy:hi|Micro_VolOfVol:lo|OR_High_Side:==-1|OR_Position:hi|RangeOsc_State:==-1|Round_1000_Dist_ATR:lo|Session_Low_Dist_ATR:lo|TChan_A15:hi|Volume:hi,23|33|44|66|82|147,32.032795,38.609233,346,0.335943,-0.103602,1,-0.000138,16.435780104648117,15.954503499974125
94686,2026.04.27 16:54,SHORT,3,3,3,0,9,7,7,0.7778,0.7778,6.614,6.614,83.4,0,Micro_BarEntropy:lo|Micro_HLAsymmetry:lo|Micro_Hurst:hi|PrevDay_Close_Dist_ATR:lo|PrevDay_High_Side:==1|Session_High_Dist_ATR:lo|VWAP_Side:==1,240|253|278,27.893264,51.262787,335,0.541111,-0.380393,-1,-1.9e-05,8.803955007256892,8.681536388140161
96029,2026.04.28 16:32,LONG,7,7,7,0,21,15,15,0.7143,0.7143,13.784,13.784,294.0,0,AT_Regime_LT:==1|AT_Regime_ST:==1|DailyOpen_Dist_ATR:lo|DailyOpen_Side:==1|KAMA_Dist:lo|Micro_Amihud:hi|Micro_VolOfVol:hi|Momentum_Value:lo|MultiDay_Position:hi|OR_High_Side:==-1|OR_Low_Side:==-1|Round_1000_Dist_ATR:lo|Round_500_Dist_ATR:lo|VWAP_Dist_ATR:lo|Volume:hi,78|79|80|115|121|143|144,25.111691,80.770341,473,0.375903,-0.371423,1,-1.2e-05,18.856446644718016,18.199528660922656
96057,2026.04.28 17:00,SHORT,4,4,4,0,12,9,9,0.75,0.75,8.123,8.123,46.8,0,Body_Size:hi|D2D_ATR_MA:hi|DailyOpen_Dist_ATR:lo|Micro_MicroGap:lo|Micro_OrderFlowDelta:lo|TChan_A15:hi|VAH_Side:==-1|VWAP_Sigma:lo|Volume_Avg_10:hi,216|228|261|294,15.18765,24.462383,266,0.382297,-0.940219,-1,-0.000113,11.61144858072867,11.371771386700862
96061,2026.04.28 17:04,SHORT,4,4,4,0,12,11,11,0.9167,0.9167,10.691,10.691,40.8,0,ADX_Value:lo|DailyOpen_Dist_ATR:lo|EMA_Oscillator:lo|Micro_BarEntropy:hi|Micro_Hurst:hi|Micro_OrderFlowDelta:hi|PoC_Side:==0|Round_100_Dist_ATR:lo|Slope_Accel_LT:lo|TChan_A15:hi|VAH_Side:==-1,228|230|238|282,17.242701,21.950405,325,0.513827,0.410015,-1,-0.000137,11.61144858072867,11.371771386700862
96117,2026.04.28 18:00,LONG,7,7,7,0,21,16,16,0.7619,0.7619,15.096,15.096,106.4,0,AT_Slope_LT:lo|Bar_Range:hi|D2D_Signal:==1|DailyOpen_Dist_ATR:lo|DailyOpen_Side:==1|Micro_FailedBreak:hi|Micro_FractalDim:hi|Micro_IBSP:hi|Micro_RangeAccel:lo|Micro_TickIntensity:hi|OBV_Macd:lo|OBV_Velocity:hi|OR_Low_Side:==-1|RangeOsc_State:==-2|Sqz_State:==1|Sqz_Val:hi,15|48|90|130|133|134|179,15.297277,30.28222,341,0.440063,0.627431,1,5.7e-05,18.856446644718016,18.199528660922656
96154,2026.04.28 18:37,LONG,3,3,3,0,9,8,8,0.8889,0.8889,7.715,7.715,68.7,0,AT_Regime_LT:==1|DailyOpen_Side:==1|Lower_Wick:lo|Micro_IBSP:hi|Micro_WickImbalance:hi|MultiDay_Position:hi|OR_Low_Side:==-1|Round_1000_Dist_ATR:lo,90|116|143,18.221102,24.110891,226,0.524148,0.725813,1,2e-05,8.665108670454496,8.56108508618842
97387,2026.04.29 16:31,SHORT,6,6,6,0,18,14,14,0.7778,0.7778,13.228,13.228,252.0,0,D2D_Dynamic_Sensitivity:lo|EMA_Oscillator:lo|Lower_Wick:lo|Micro_Entropy:lo|Micro_OrderFlowDelta:lo|Micro_PriceAccel:lo|Micro_RangeAccel:lo|OBVf_DirStepCount:hi|PrevDay_High_Dist_ATR:lo|VAH_Side:==0|VAL_Side:==0|VWAP_Z:lo|Volume:hi|WeeklyOpen_Side:==-1,220|221|246|265|266|277,30.993508,84.245673,479,0.424761,-0.848708,-1,-0.000132,17.045884868532983,16.47150210578053
97388,2026.04.29 16:32,SHORT,5,4,4,0,15,12,12,0.8,0.8,11.368,11.368,168.0,0,D2D_Dynamic_Sensitivity:lo|Efficiency_Ratio:hi|Micro_BarEntropy:hi|Micro_Entropy:lo|PoC_Side:==0|PrevDay_High_Dist_ATR:lo|RangeOsc_Val:lo|Round_100_Dist_ATR:lo|VAH_Side:==0|VWAP_Z:lo|Volume_Avg_10:hi|WeeklyOpen_Dist_ATR:lo,224|227|238|239|246,31.985476,76.392602,490,0.423877,0.117812,-1,-0.000161,14.358215859511613,13.967131712972364
97543,2026.04.29 19:07,SHORT,4,4,4,0,12,7,7,0.5833,0.5833,6.0,6.0,40.8,0,Bars_Since_Flip:hi|D2D_ATR_MA:hi|Micro_OrderFlowDelta:hi|PrevDay_Close_Dist_ATR:hi|Session_High_Dist_ATR:hi|Sqz_Val:hi|Volume_Avg_10:hi,213|217|291|293,18.505149,21.973572,217,0.448105,0.910184,-1,-3e-05,11.61144858072867,11.371771386700862
97714,2026.04.29 21:58,LONG,5,5,5,0,15,8,8,0.5333,0.5333,7.325,7.325,50.0,0,Bar_Range:hi|D2D_ATR:hi|Micro_Lambda:lo|Micro_Rejection:lo|Micro_RollProxy:hi|PrevDay_High_Dist_ATR:hi|RangeOsc_State:==2|Volume_Avg_10:hi,45|46|59|92|185,16.11769,21.677562,225,0.515061,-0.253719,1,9.1e-05,13.933964781772266,13.604790342516026
98750,2026.04.30 16:29,SHORT,5,5,5,0,15,10,10,0.6667,0.6667,8.32,8.32,103.5,0,AT_Score_LT:hi|AT_Slope_ST:lo|Bar_Range:hi|D2D_ATR:hi|Micro_Rejection:hi|Micro_VPIN:lo|RangeOsc_State:==-1|Slope_EMA_LT:hi|Volume:hi|Volume_Ratio_10:hi,195|198|209|214|286,17.615273,39.437938,224,0.411101,-0.190172,-1,-4.4e-05,14.358215859511613,13.967131712972364
98815,2026.04.30 17:34,LONG,4,4,4,0,12,11,11,0.9167,0.9167,10.691,10.691,60.8,0,AT_Lookback_LT:hi|AT_Score_LT:hi|Bars_Since_Flip:hi|Micro_GarmanKlass:hi|Micro_MomoTransfer:lo|Micro_RangeVelocity:lo|Micro_Rejection:hi|MultiDay_Slope:lo|PrevDay_High_Dist_ATR:lo|Round_500_Dist_ATR:lo|VA_Position:hi,0|5|6|54,53.13592,30.322483,283,0.362093,0.527661,1,0.000151,11.345701020588308,11.143020262773083
98826,2026.04.30 17:45,LONG,4,4,4,0,12,9,9,0.75,0.75,8.485,8.485,45.2,0,AT_Score_LT:hi|Bars_Since_Flip:hi|Micro_CSSpread:hi|MultiDay_Slope:lo|PrevDay_High_Dist_ATR:lo|Round_500_Dist_ATR:lo|Upper_Wick:hi|VA_Position:hi|Volume_Avg_10:hi,6|7|50|54,42.404368,23.785091,286,0.521774,0.271178,1,0.000104,11.345701020588308,11.143020262773083
98849,2026.04.30 18:08,SHORT,4,4,4,0,12,7,7,0.5833,0.5833,6.447,6.447,-486.8,1,Bar_Range:hi|Micro_BarEntropy:lo|Micro_HLAsymmetry:lo|Micro_Hurst:hi|PrevDay_High_Side:==1|PrevDay_Low_Dist_ATR:hi|Session_High_Dist_ATR:lo,210|212|240|253,23.030278,29.685865,209,0.512365,-0.288016,-1,5.3e-05,11.61144858072867,11.371771386700862
98866,2026.04.30 18:25,LONG,4,4,4,0,12,9,9,0.75,0.75,8.485,8.485,105.6,0,AT_Score_LT:hi|Micro_AutoCorr:hi|Micro_CSSpread:hi|Micro_FractalDim:lo|MultiDay_Slope:lo|PrevDay_High_Dist_ATR:lo|TChan_A15:hi|Volume_Avg_10:hi|Volume_Ratio_10:hi,6|7|188|189,16.766713,26.989628,237,0.522349,0.668775,1,7.1e-05,11.345701020588308,11.143020262773083
98963,2026.04.30 20:02,SHORT,4,4,4,0,12,8,8,0.6667,0.6667,7.56,7.56,42.8,0,Bar_Range:hi|Micro_BarEntropy:lo|Micro_GarmanKlass:hi|Micro_Hurst:hi|PrevDay_High_Side:==1|PrevDay_Low_Dist_ATR:hi|Session_High_Dist_ATR:lo|WeeklyOpen_Dist_ATR:hi,210|212|240|250,23.016396,22.773025,149,0.505501,-0.307381,-1,-1.2e-05,11.61144858072867,11.371771386700862
99140,2026.04.30 22:59,SHORT,10,10,10,0,30,20,20,0.6667,0.6667,18.251,18.251,219.0,0,ADX_Value:lo|AT_Score_LT:hi|Bar_Range:hi|D2D_Dynamic_Sensitivity:lo|EMA_Oscillator:lo|Efficiency_Ratio:hi|Lower_Wick:lo|Micro_Entropy:lo|Micro_FailedBreak:lo|Micro_FractalDim:lo|Micro_HLAsymmetry:hi|Micro_Hurst:hi|Micro_VolAccel:hi|Micro_WickImbalance:lo|PrevDay_Low_Dist_ATR:hi|RangeOsc_State:==-2|VWAP_Sigma:hi|Volume:hi|Volume_Avg_10:hi|Volume_Ratio_10:hi,198|210|220|221|227|230|244|247|248|295,15.715195,41.425224,349,0.523799,-1.016289,-1,2.2e-05,27.23631370730495,25.650956100239245
100126,2026.05.01 16:40,SHORT,3,3,3,0,9,6,6,0.6667,0.6667,5.67,5.67,62.4,0,ADX_Value:lo|Bar_Range:hi|EMA_Oscillator:lo|Micro_Hurst:hi|PrevDay_High_Side:==1|PrevDay_Low_Dist_ATR:hi,210|212|230,18.397316,39.609811,379,0.547772,-0.782634,-1,-4.8e-05,8.803955007256892,8.681536388140161
100141,2026.05.01 16:55,SHORT,4,4,4,0,12,9,9,0.75,0.75,8.123,8.123,164.8,0,ATR_1M:hi|Micro_BarOverlap:lo|Micro_HLAsymmetry:hi|MultiDay_Slope:hi|OR_High_Side:==1|PrevDay_Close_Dist_ATR:lo|PrevDay_High_Side:==1|RangeOsc_State:==2|VWAP_Side:==1,192|243|252|278,16.985513,73.738773,414,0.408135,0.447526,-1,3.5e-05,11.61144858072867,11.371771386700862
100142,2026.05.01 16:56,LONG,3,3,3,0,9,7,7,0.7778,0.7778,6.24,6.24,241.8,0,D2D_Signal:==1|PoC_Side:==1|Session_High_Dist_ATR:lo|Upper_Wick:hi|VWAP_Dist_ATR:lo|VWAP_Side:==1|Volume:hi,145|180|181,18.888227,72.146761,383,0.529859,-0.020791,1,-2.2e-05,8.665108670454496,8.56108508618842
100185,2026.05.01 17:39,SHORT,4,4,4,0,12,7,7,0.5833,0.5833,6.447,6.447,92.0,0,Bar_Range:hi|D2D_ATR:hi|Micro_GarmanKlass:hi|Micro_Hurst:hi|PrevDay_High_Side:==1|PrevDay_Low_Dist_ATR:hi|WeeklyOpen_Dist_ATR:hi,210|212|215|250,30.132992,21.687935,231,0.533466,-0.182129,-1,-0.00014,11.61144858072867,11.371771386700862
100326,2026.05.01 20:00,LONG,5,5,5,0,15,11,11,0.7333,0.7333,10.009,10.009,54.0,0,AT_Lookback_ST:hi|AT_Regime_ST:==1|AT_Slope_LT:lo|Micro_Amihud:hi|Micro_FailedBreak:hi|Micro_RangeAccel:lo|Micro_RangeVelocity:lo|OR_Low_Side:==-1|OR_Position:lo|Slope_EMA_ST:lo|Sqz_State:==1,4|15|16|80|173,21.792417,23.034885,121,0.329835,0.694599,1,-3.5e-05,13.933964781772266,13.604790342516026
101274,2026.05.04 13:03,SHORT,5,5,5,0,15,14,14,0.9333,0.9333,13.676,13.676,210.0,0,D2D_Dynamic_Sensitivity:lo|Micro_Entropy:lo|Micro_IBSP:lo|Micro_OrderFlowDelta:lo|Micro_PriceAccel:lo|Micro_RangeAccel:lo|Micro_TickIntensity:lo|Micro_WickImbalance:hi|OBV_Velocity:lo|PoC_Side:==0|PrevDay_High_Dist_ATR:lo|VAH_Side:==0|VAL_Side:==0|VWAP_Z:lo,222|246|265|266|276,25.253498,76.805016,285,0.513529,-0.891869,-1,-6e-06,14.358215859511613,13.967131712972364
101278,2026.05.04 13:07,SHORT,4,4,4,0,12,10,10,0.8333,0.8333,9.524,9.524,124.8,0,D2D_Dynamic_Sensitivity:lo|Efficiency_Ratio:hi|Micro_IBSP:hi|Micro_OrderFlowDelta:hi|Micro_VolAccel:hi|PoC_Side:==0|RangeOsc_Val:lo|Slope_Accel_LT:lo|VWAP_Z:lo|Volume_Avg_10:hi,224|227|256|282,39.945304,57.058048,327,0.270346,0.08763,-1,-0.000361,11.61144858072867,11.371771386700862
101303,2026.05.04 13:32,LONG,10,10,10,0,30,16,16,0.5333,0.5333,13.989,13.989,420.0,0,ADX_Rising:==1|ADX_Value:hi|D2D_Persist:hi|Harmonic_LLEMA:hi|Micro_OrderFlowDelta:lo|Micro_Rejection:lo|Micro_WickImbalance:lo|OBV_Macd:lo|OR_Low_Side:==1|PrevDay_Close_Side:==-1|PrevDay_High_Dist_ATR:lo|PrevDay_Low_Side:==-1|Session_Low_Dist_ATR:lo|Slope_EMA_ST:hi|VWAP_Side:==-1|WeeklyOpen_Side:==-1,64|107|112|123|128|135|136|137|139|163,35.297156,77.90915,450,0.448542,0.28238,1,0.000189,25.67729340170544,24.370762681353153
101532,2026.05.04 17:21,LONG,6,6,6,0,18,10,10,0.5556,0.5556,8.742,8.742,70.2,0,AT_Regime_LT:==1|D2D_Persist:hi|DailyOpen_Side:==-1|Micro_Entropy:lo|Micro_MomoTransfer:hi|Micro_RangeAccel:lo|Micro_RangeVelocity:lo|OR_High_Side:==1|OR_Low_Side:==1|PrevDay_Low_Side:==-1,64|83|85|86|100|101,20.220926,24.558925,227,0.361771,0.162874,1,0.000166,16.435780104648117,15.954503499974125
101631,2026.05.04 19:00,SHORT,4,4,4,0,12,7,7,0.5833,0.5833,6.0,6.0,86.8,0,AT_Slope_ST:lo|D2D_ATR_MA:hi|Micro_CSSpread:lo|Micro_OrderFlowDelta:hi|Session_High_Dist_ATR:hi|Slope_Accel_LT:lo|Sqz_Val:hi,208|217|284|291,32.386648,20.589432,244,0.263715,0.607108,-1,-8.3e-05,11.61144858072867,11.371771386700862
101649,2026.05.04 19:18,SHORT,3,3,3,0,9,8,8,0.8889,0.8889,7.715,7.715,69.6,0,Bar_Range:hi|Lower_Wick:lo|Micro_Hurst:hi|Micro_Lambda:hi|Micro_MomoTransfer:hi|Micro_RangeAccel:lo|Micro_RangeVelocity:lo|OBVf_Signal:==1,211|255|263,38.453379,43.733229,345,0.537228,0.068598,-1,-8.3e-05,8.803955007256892,8.681536388140161
101708,2026.05.04 20:17,LONG,7,7,7,0,21,11,11,0.5238,0.5238,9.048,9.048,151.9,0,AT_Score_LT:lo|Body_Size:hi|Micro_RangeAccel:hi|OBV_Macd:lo|OR_Low_Side:==-1|RangeOsc_State:==-2|Slope_Accel_LT:hi|Sqz_State:==1|Sqz_Val:hi|VWAP_Sigma:hi|WeeklyOpen_Side:==-1,10|11|12|130|140|152|179,22.140927,41.150498,336,0.397377,1.688922,1,7.2e-05,18.856446644718016,18.199528660922656
101710,2026.05.04 20:19,LONG,8,8,8,0,24,17,17,0.7083,0.7083,15.335,15.335,134.4,0,AT_Score_LT:lo|Efficiency_Ratio:hi|Micro_AutoCorr:hi|Micro_FractalDim:lo|Micro_Lambda:lo|Micro_RollProxy:hi|Micro_TickIntensity:hi|Micro_VPIN:lo|OBV_Macd:lo|OR_Low_Side:==-1|PrevDay_Low_Side:==-1|RangeOsc_State:==-2|Slope_Accel_LT:hi|TChan_A15:hi|VWAP_Sigma:hi|Volume_Ratio_10:hi|WeeklyOpen_Side:==-1,12|122|124|140|149|150|188|189,26.076857,33.059521,249,0.501179,0.0,1,9.3e-05,21.20075584842148,20.34657927196911
104254,2026.05.06 17:13,LONG,7,7,7,0,21,14,14,0.6667,0.6667,12.079,12.079,202.3,0,AT_Slope_ST:lo|Bar_Range:hi|D2D_ATR_MA:hi|D2D_DirStep:==1|Micro_AutoCorr:hi|Micro_BarOverlap:lo|Micro_HLAsymmetry:hi|Micro_Hurst:hi|Micro_LogReturn:hi|Micro_RangeVelocity:lo|OR_Position:lo|PrevDay_High_Side:==1|Slope_EMA_ST:lo|VWAP_Sigma:hi,21|22|25|28|49|62|173,17.546886,29.059947,315,0.528407,0.774262,1,-0.000105,18.856446644718016,18.199528660922656
105593,2026.05.07 16:47,SHORT,3,3,3,0,9,6,6,0.6667,0.6667,5.349,5.349,454.5,0,Body_Size:hi|D2D_ATR_MA:hi|Micro_MicroGap:lo|Micro_OrderFlowDelta:lo|VWAP_Sigma:lo|Volume_Avg_10:hi,216|261|294,16.711048,42.922712,373,0.524304,-0.640686,-1,-4.4e-05,8.803955007256892,8.681536388140161
105812,2026.05.07 20:26,SHORT,8,8,8,0,24,19,19,0.7917,0.7917,17.98,17.98,336.0,0,ADX_Value:lo|D2D_Dynamic_Sensitivity:lo|DailyOpen_Dist_ATR:lo|EMA_Oscillator:lo|Efficiency_Ratio:hi|Micro_Entropy:lo|Micro_Hurst:hi|Micro_Lambda:hi|Micro_MomoTransfer:hi|Micro_OrderFlowDelta:lo|Micro_RangeAccel:lo|Micro_RangeVelocity:lo|OBVf_Signal:==1|PrevDay_High_Dist_ATR:lo|PrevDay_Low_Side:==1|RangeOsc_Val:lo|VAH_Side:==0|VWAP_Z:lo|Volume_Avg_10:hi,224|227|229|230|246|255|263|265,19.578208,79.280085,451,0.538199,-0.681129,-1,-8.5e-05,22.250175986451605,21.221965111549544
105890,2026.05.07 21:44,SHORT,4,4,4,0,12,11,11,0.9167,0.9167,10.691,10.691,142.0,0,AT_Score_LT:lo|DailyOpen_Dist_ATR:lo|Micro_Entropy:lo|Micro_Lambda:hi|Micro_MomoTransfer:hi|Micro_OrderFlowDelta:lo|Micro_Rejection:hi|PrevDay_High_Dist_ATR:lo|TChan_A15:hi|VAH_Side:==-1|VWAP_Z:lo,199|228|246|262,26.141882,64.189867,341,0.377252,-0.670667,-1,-0.0001,11.61144858072867,11.371771386700862
106973,2026.05.08 17:02,SHORT,4,4,4,0,12,8,8,0.6667,0.6667,7.237,7.237,62.0,0,ADX_Value:lo|AT_Score_LT:hi|D2D_ATR:hi|EMA_Oscillator:lo|Micro_Hurst:hi|OR_High_Side:==-1|RangeOsc_State:==-1|Volume_Avg_10:hi,196|197|214|230,16.726076,30.782647,295,0.497839,-0.227401,-1,-3.2e-05,11.61144858072867,11.371771386700862
108375,2026.05.11 17:40,LONG,3,3,3,0,9,8,8,0.8889,0.8889,7.715,7.715,104.1,0,ADX_Rising:==0|AT_Slope_ST:lo|D2D_DirStep:==-1|Micro_HLAsymmetry:hi|Micro_Hurst:hi|Micro_RangeVelocity:hi|Session_High_Dist_ATR:lo|Slope_EMA_ST:lo,28|171|178,17.212888,33.937537,280,0.531244,0.50092,1,-8.1e-05,8.665108670454496,8.56108508618842
109668,2026.05.12 16:32,SHORT,6,6,6,0,18,14,14,0.7778,0.7778,13.228,13.228,923.4,0,Body_Size:hi|D2D_Dynamic_Sensitivity:lo|DailyOpen_Dist_ATR:lo|Micro_IBSP:lo|Micro_OrderFlowDelta:lo|Micro_PriceAccel:hi|Micro_WickImbalance:hi|PrevDay_High_Dist_ATR:lo|PrevDay_Low_Side:==1|RangeOsc_Val:lo|Session_High_Dist_ATR:lo|VAH_Side:==0|VWAP_Sigma:lo|Volume_Avg_10:hi,222|224|229|257|265|294,36.858971,65.359882,478,0.458778,-0.175949,-1,-8.1e-05,17.045884868532983,16.47150210578053
109715,2026.05.12 17:19,SHORT,5,5,5,0,15,10,10,0.6667,0.6667,9.449,9.449,100.0,0,D2D_Dn_Count:hi|D2D_Signal:==-1|Micro_IBSP:lo|Micro_MomoTransfer:hi|Micro_RangeAccel:lo|Micro_VolAccel:lo|Micro_VolOfVol:lo|OBVf_Signal:==1|Slope_Accel_ST:lo|VWAP_Sigma_ATR:lo,218|219|263|268|271,24.36472,38.393331,270,0.349545,-0.66548,-1,-2.2e-05,14.358215859511613,13.967131712972364
109822,2026.05.12 19:06,LONG,3,3,3,0,9,6,6,0.6667,0.6667,5.67,5.67,80.7,0,AT_Regime_ST:==1|Micro_Amihud:hi|OR_High_Side:==-1|OR_Low_Side:==-1|ST_Flip_Event:==-1|Slope_Accel_LT:hi,80|148|151,23.74443,27.381988,211,0.530554,-1.095611,1,-3e-05,8.665108670454496,8.56108508618842
111034,2026.05.13 16:33,SHORT,5,5,5,0,15,10,10,0.6667,0.6667,8.32,8.32,121.5,0,D2D_Dynamic_Sensitivity:lo|Efficiency_Ratio:hi|Micro_IBSP:lo|Micro_WickImbalance:hi|RangeOsc_Val:lo|Slope_Accel_ST:lo|Upper_Wick:hi|VAH_Side:==-1|VAL_Side:==-1|Volume_Avg_10:hi,222|224|226|227|285,40.357068,45.452209,451,0.438719,-0.066003,-1,-0.000139,14.358215859511613,13.967131712972364
111051,2026.05.13 16:50,SHORT,4,4,4,0,12,11,11,0.9167,0.9167,10.691,10.691,228.4,0,AT_Lookback_LT:hi|AT_Slope_ST:hi|Body_Size:hi|Micro_Amihud:lo|Micro_MicroGap:lo|Micro_VolAccel:lo|Momentum_Value:hi|PrevDay_Close_Side:==-1|RangeOsc_State:==2|Round_500_Dist_ATR:lo|Upper_Wick:hi,193|205|272|279,34.682034,33.384874,393,0.520571,0.0,-1,0.000128,11.61144858072867,11.371771386700862
111105,2026.05.13 17:44,LONG,8,8,8,0,24,13,13,0.5417,0.5417,10.321,10.321,-423.2,1,AT_Regime_ST:==1|EMA_Oscillator:lo|Harmonic_OBVf_Concordance:==0|KAMA_Dist:lo|Lower_Wick:hi|Micro_HLAsymmetry:lo|Micro_Hurst:hi|Micro_WickImbalance:hi|OR_High_Side:==-1|PrevDay_High_Side:==-1|Slope_EMA_ST:lo|VWAP_Side:==-1|Volume:hi,68|72|73|74|75|76|168|169,20.717321,24.938483,245,0.49446,-0.180444,1,-0.000128,21.20075584842148,20.34657927196911
112398,2026.05.14 16:32,SHORT,6,6,6,0,18,10,10,0.5556,0.5556,7.832,7.832,419.4,0,AT_Score_LT:hi|D2D_ATR:hi|Micro_Rejection:hi|Micro_VPIN:lo|OR_High_Side:==-1|RangeOsc_State:==-1|Slope_EMA_LT:hi|Volume:hi|Volume_Avg_10:hi|Volume_Ratio_10:hi,195|196|197|198|214|286,29.120112,60.721668,470,0.474604,0.0,-1,1.3e-05,17.045884868532983,16.47150210578053
112399,2026.05.14 16:33,SHORT,8,4,4,0,24,14,14,0.5833,0.5833,11.208,11.208,168.0,0,AT_Score_LT:hi|AT_Slope_ST:lo|Bar_Range:hi|D2D_ATR:hi|D2D_Dynamic_Sensitivity:lo|Efficiency_Ratio:hi|Micro_IBSP:lo|Micro_WickImbalance:hi|OR_High_Side:==-1|RangeOsc_State:==-1|RangeOsc_Val:lo|Volume:hi|Volume_Avg_10:hi|Volume_Ratio_10:hi,196|197|198|209|214|222|224|227,31.049718,76.114429,439,0.402956,-0.591215,-1,-0.000114,22.250175986451605,21.221965111549544
112592,2026.05.14 19:46,SHORT,3,3,3,0,9,7,7,0.7778,0.7778,6.614,6.614,30.9,0,D2D_ATR:hi|Micro_GarmanKlass:hi|PrevDay_High_Side:==1|RangeOsc_State:==-2|VWAP_Sigma:hi|Volume_Ratio_10:hi|WeeklyOpen_Dist_ATR:hi,215|250|295,35.174265,22.246267,241,0.537184,0.0,-1,-3.7e-05,8.803955007256892,8.681536388140161
112616,2026.05.14 20:10,SHORT,4,4,4,0,12,10,10,0.8333,0.8333,9.524,9.524,148.4,0,D2D_ATR:hi|Micro_GarmanKlass:hi|PrevDay_Close_Dist_ATR:hi|PrevDay_High_Side:==1|RangeOsc_State:==-2|Sqz_Val:hi|VWAP_Sigma:hi|Volume_Avg_10:hi|Volume_Ratio_10:hi|WeeklyOpen_Dist_ATR:hi,215|250|293|295,26.60176,22.257194,253,0.37779,0.943515,-1,4.8e-05,11.61144858072867,11.371771386700862
113472,2026.05.15 11:42,LONG,16,16,16,0,48,20,20,0.4167,0.4167,13.856,13.856,368.0,0,AT_Lookback_ST:hi|AT_Regime_ST:==1|AT_Slope_LT:lo|AT_Slope_ST:lo|Bars_Since_Flip:hi|Body_Size:hi|D2D_ATR:hi|Lower_Wick:hi|Micro_Amihud:hi|Micro_FailedBreak:hi|Micro_HLAsymmetry:hi|Micro_MicroGap:hi|Micro_RangeVelocity:hi|Micro_RollProxy:hi|Momentum_Value:hi|OBV_Macd:lo|RangeOsc_State:==-1|RangeOsc_Val:lo|Slope_EMA_ST:lo|VWAP_Side:==-1,2|14|16|18|20|26|33|38|39|41|42|43|58|126|164|177,47.794722,24.133285,135,0.466392,0.762432,1,-5.4e-05,37.65615051759335,34.63546870910648
113473,2026.05.15 11:43,LONG,16,10,5,1,48,20,20,0.4167,0.4167,14.638,14.638,112.5,0,AT_Regime_LT:==1|AT_Regime_ST:==1|AT_Slope_LT:lo|AT_Slope_ST:lo|Bars_Since_Flip:hi|D2D_ATR:hi|D2D_Signal:==0|Lower_Wick:hi|Micro_Amihud:hi|Micro_CSSpread:hi|Micro_HLAsymmetry:hi|Micro_Hurst:hi|Micro_RangeAccel:lo|Momentum_Value:hi|PrevDay_High_Side:==-1|RangeOsc_State:==-1|RangeOsc_Val:lo|Slope_EMA_ST:lo|Upper_Wick:hi|VWAP_Side:==-1,13|17|18|19|20|28|32|38|40|42|50|58|118|164|168|169,45.773096,23.709959,165,0.53428,-0.316323,1,-4.9e-05,37.65615051759335,34.63546870910648
113763,2026.05.15 16:33,LONG,5,5,5,0,15,13,13,0.8667,0.8667,12.469,12.469,156.5,0,ADX_Value:hi|AT_Regime_ST:==1|KAMA_Dist:lo|Micro_OrderFlowDelta:lo|Micro_RangeVelocity:lo|Micro_Rejection:lo|PrevDay_Low_Side:==-1|RangeOsc_State:==-1|ST_Flip_Event:==-1|Session_Low_Dist_ATR:lo|Slope_EMA_ST:hi|Sqz_State:==-1|Upper_Wick:hi,77|107|110|111|163,36.472439,57.202257,467,0.410567,-0.069927,1,-8e-06,13.933964781772266,13.604790342516026
113786,2026.05.15 16:56,SHORT,5,5,5,0,15,11,11,0.7333,0.7333,10.364,10.364,75.0,0,AT_Regime_ST:==0|AT_Slope_ST:hi|Bar_Range:hi|D2D_ATR_MA:hi|Lower_Wick:lo|Micro_RangeVelocity:lo|Micro_TickIntensity:hi|OR_High_Dist_ATR:hi|Session_High_Dist_ATR:hi|Sqz_State:==-1|Sqz_Val:hi,206|211|217|269|292,28.14698,29.934755,348,0.333634,-0.200436,-1,7.2e-05,14.358215859511613,13.967131712972364
113791,2026.05.15 17:01,SHORT,5,5,5,0,15,10,10,0.6667,0.6667,9.125,9.125,78.0,0,AT_Regime_ST:==0|Bar_Range:hi|D2D_ATR_MA:hi|Lower_Wick:lo|Micro_RangeVelocity:lo|Micro_TickIntensity:hi|Momentum_Value:hi|Session_High_Dist_ATR:hi|Sqz_Val:hi|TChan_A15:hi,211|217|269|273|292,22.449536,31.065236,391,0.370957,-0.289713,-1,9.9e-05,14.358215859511613,13.967131712972364
113820,2026.05.15 17:30,LONG,5,5,5,0,15,9,9,0.6,0.6,7.585,7.585,114.5,0,AT_Regime_ST:==1|D2D_ATR_MA:hi|Micro_VPIN:lo|OR_High_Side:==-1|OR_Low_Side:==-1|ST_Flip_Event:==-1|Slope_Accel_LT:hi|Slope_Accel_ST:lo|Volume:hi,61|114|148|151|162,19.158992,24.124491,315,0.525452,0.74613,1,-2e-06,13.933964781772266,13.604790342516026
113836,2026.05.15 17:46,LONG,3,3,3,0,9,8,8,0.8889,0.8889,7.715,7.715,89.7,0,AT_Regime_ST:==1|AT_Slope_ST:lo|EMA_Oscillator:lo|Micro_BarOverlap:lo|Micro_HLAsymmetry:lo|Micro_RangeAccel:hi|RangeOsc_State:==2|VWAP_Sigma:hi,25|31|68,19.644343,29.951446,261,0.563314,-1.068396,1,-6e-05,8.665108670454496,8.56108508618842
113838,2026.05.15 17:48,LONG,9,9,9,0,27,15,15,0.5556,0.5556,12.145,12.145,100.8,0,AT_Regime_ST:==1|AT_Slope_ST:lo|D2D_ATR:hi|Micro_HLAsymmetry:hi|Micro_Hurst:hi|Micro_OrderFlowDelta:lo|Micro_RangeVelocity:lo|Micro_Rejection:lo|OR_Position:lo|PrevDay_High_Dist_ATR:hi|PrevDay_High_Side:==-1|PrevDay_Low_Side:==-1|Slope_EMA_ST:lo|VWAP_Side:==-1|Volume_Avg_10:hi,28|59|111|166|167|168|169|173|185,21.829844,23.734861,235,0.499184,0.0,1,-9.4e-05,23.473053431498993,22.401786415067697
113840,2026.05.15 17:50,LONG,9,7,7,0,27,17,17,0.6296,0.6296,15.349,15.349,84.0,0,AT_Regime_ST:==1|AT_Slope_ST:lo|Bar_Range:hi|D2D_DirStep:==-1|EMA_Oscillator:lo|Micro_FailedBreak:hi|Micro_HLAsymmetry:lo|Micro_Hurst:hi|Micro_Lambda:lo|Micro_RangeAccel:hi|Micro_RangeVelocity:hi|OR_Low_Side:==-1|PrevDay_High_Dist_ATR:hi|PrevDay_High_Side:==-1|RangeOsc_State:==2|Slope_EMA_ST:lo|VWAP_Side:==-1,26|31|45|46|68|168|169|171|172,24.449138,24.949287,315,0.514783,0.440894,1,-0.0001,23.473053431498993,22.401786415067697
113841,2026.05.15 17:51,LONG,8,5,5,0,24,14,14,0.5833,0.5833,11.741,11.741,99.5,0,AT_Regime_ST:==1|Harmonic_OBVf_Concordance:==0|KAMA_Dist:lo|Micro_Hurst:hi|Micro_MicroGap:lo|Micro_RangeVelocity:lo|Micro_WickImbalance:hi|OR_High_Side:==-1|OR_Low_Side:==-1|OR_Position:lo|PrevDay_High_Side:==-1|Slope_EMA_ST:lo|VWAP_Side:==-1|Volume:hi,72|74|75|76|99|168|169|173,25.848419,21.554785,283,0.551651,0.0,1,-0.000106,21.20075584842148,20.34657927196911
113910,2026.05.15 19:00,SHORT,4,4,4,0,12,8,8,0.6667,0.6667,6.735,6.735,47.2,0,AT_Slope_ST:lo|Bars_Since_Flip:hi|D2D_ATR_MA:hi|Micro_CSSpread:lo|PrevDay_Close_Dist_ATR:hi|Session_High_Dist_ATR:hi|Sqz_Val:hi|Volume_Avg_10:hi,208|213|217|293,39.639022,24.645486,265,0.438543,-0.795277,-1,-3.5e-05,11.61144858072867,11.371771386700862
113914,2026.05.15 19:04,SHORT,4,4,4,0,12,7,7,0.5833,0.5833,6.0,6.0,38.0,0,Bars_Since_Flip:hi|D2D_ATR_MA:hi|Micro_TickIntensity:hi|PrevDay_Close_Dist_ATR:hi|Session_High_Dist_ATR:hi|Sqz_Val:hi|Volume_Avg_10:hi,213|217|292|293,33.559195,20.777458,237,0.346294,-0.192516,-1,-0.0,11.61144858072867,11.371771386700862
114998,2026.05.18 14:34,LONG,7,7,7,0,21,10,10,0.4762,0.4762,9.276,9.276,1303.4,0,AT_Regime_LT:==1|DailyOpen_Side:==-1|Lower_Wick:lo|Micro_Entropy:lo|Micro_MomoTransfer:hi|Micro_OrderFlowDelta:hi|Micro_RangeAccel:lo|Micro_RangeVelocity:lo|Micro_Rejection:lo|OR_High_Side:==1,83|85|86|100|101|103|104,19.133693,40.039953,238,0.55609,0.249751,1,5.8e-05,18.856446644718016,18.199528660922656
115094,2026.05.18 16:10,LONG,6,6,6,0,18,11,11,0.6111,0.6111,9.721,9.721,55.8,0,AT_Regime_ST:==1|AT_Slope_ST:lo|Bar_Range:hi|D2D_ATR_MA:hi|D2D_DirStep:==-1|Micro_AutoCorr:hi|Micro_RangeAccel:hi|Micro_RangeVelocity:hi|Micro_Rejection:lo|Micro_VolOfVol:hi|Slope_EMA_ST:lo,23|49|60|170|171|176,25.092002,20.469212,132,0.404179,-0.31755,1,-7.4e-05,16.435780104648117,15.954503499974125
115129,2026.05.18 16:45,LONG,5,5,5,0,15,12,12,0.8,0.8,10.978,10.978,429.0,0,AT_Score_LT:hi|D2D_Signal:==1|DailyOpen_Dist_ATR:lo|Micro_GarmanKlass:hi|Micro_PriceAccel:hi|Micro_Rejection:hi|MultiDay_Slope:lo|OBV_Velocity:hi|PrevDay_High_Dist_ATR:lo|Session_High_Dist_ATR:lo|VWAP_Sigma:hi|Volume:hi,5|6|108|133|145,19.933722,49.344028,448,0.384155,0.486381,1,4.6e-05,13.933964781772266,13.604790342516026
115159,2026.05.18 17:15,LONG,6,6,6,0,18,15,15,0.8333,0.8333,14.287,14.287,117.6,0,AT_Regime_ST:==1|AT_Score_LT:hi|AT_Slope_ST:lo|Bar_Range:hi|EMA_Oscillator:lo|Micro_AutoCorr:hi|Micro_FractalDim:lo|Micro_HLAsymmetry:lo|Micro_Hurst:hi|Micro_Lambda:lo|MultiDay_Slope:lo|PrevDay_High_Dist_ATR:lo|PrevDay_High_Side:==-1|RangeOsc_State:==2|Slope_EMA_ST:lo,6|27|46|49|68|168,16.763994,37.746556,370,0.510019,0.42388,1,-8.1e-05,16.435780104648117,15.954503499974125
115160,2026.05.18 17:16,LONG,10,6,6,0,30,17,17,0.5667,0.5667,14.364,14.364,195.0,0,AT_Score_LT:hi|AT_Slope_ST:lo|Bar_Range:hi|Micro_AutoCorr:hi|Micro_FractalDim:lo|Micro_HLAsymmetry:hi|Micro_Hurst:hi|Micro_LogReturn:hi|Micro_MomoTransfer:hi|Micro_RangeAccel:hi|Micro_Rejection:lo|Micro_TickIntensity:hi|MultiDay_Slope:lo|PrevDay_High_Dist_ATR:lo|PrevDay_High_Side:==-1|Round_100_Dist_ATR:lo|Slope_EMA_ST:lo,6|22|27|28|47|49|167|168|170|175,16.819391,32.065787,361,0.537166,0.171522,1,-7.7e-05,25.67729340170544,24.370762681353153
115161,2026.05.18 17:17,LONG,7,6,6,0,21,14,14,0.6667,0.6667,11.593,11.593,120.6,0,ADX_Rising:==0|AT_Score_LT:hi|AT_Slope_ST:lo|Bar_Range:hi|D2D_DirStep:==1|Micro_AutoCorr:hi|Micro_BarOverlap:lo|Micro_LogReturn:hi|Micro_RangeVelocity:hi|MultiDay_Slope:lo|PrevDay_High_Dist_ATR:lo|Session_High_Dist_ATR:lo|Slope_EMA_ST:lo|VWAP_Sigma:hi,6|21|22|23|25|49|178,15.753576,38.459308,333,0.482673,0.832048,1,-5.1e-05,18.856446644718016,18.199528660922656
115445,2026.05.18 22:01,LONG,8,8,8,0,24,17,17,0.7083,0.7083,15.119,15.119,672.0,0,AT_Regime_ST:==1|Bars_Since_Flip:hi|D2D_Signal:==1|Micro_PriceAccel:hi|OBV_Macd:lo|PoC_Side:==1|Round_500_Dist_ATR:lo|Session_High_Dist_ATR:lo|Session_Low_Dist_ATR:lo|Upper_Wick:hi|VA_Position:hi|VWAP_Dist_ATR:lo|VWAP_Side:==1|VWAP_Sigma:hi|Volume:hi|Volume_Avg_10:hi|Volume_Ratio_10:hi,54|57|108|131|132|145|180|181,31.609953,137.740836,423,0.415199,1.416065,1,-1.6e-05,21.20075584842148,20.34657927196911
115452,2026.05.18 22:08,LONG,4,4,4,0,12,7,7,0.5833,0.5833,6.447,6.447,58.4,0,Bar_Range:hi|Lower_Wick:hi|Micro_Lambda:lo|Micro_RollProxy:hi|MultiDay_Slope:lo|OBV_Macd:lo|RangeOsc_State:==2,46|92|124|129,34.256582,29.40947,355,0.257633,0.034003,1,0.000238,11.345701020588308,11.143020262773083
115485,2026.05.18 22:41,LONG,4,4,4,0,12,8,8,0.6667,0.6667,7.237,7.237,49.6,0,Harmonic_LLEMA:hi|Micro_LogReturn:lo|Micro_Rejection:lo|Micro_TickIntensity:hi|OBV_Macd:lo|OR_High_Side:==0|Slope_Accel_LT:hi|Upper_Wick:hi,97|123|125|150,27.16801,25.708332,268,0.317949,0.0,1,0.00013,11.345701020588308,11.143020262773083
116478,2026.05.19 16:29,SHORT,4,4,4,0,12,8,8,0.6667,0.6667,7.56,7.56,476.4,0,D2D_ATR_MA:hi|DailyOpen_Dist_ATR:lo|Micro_MicroGap:lo|Micro_OrderFlowDelta:lo|PrevDay_High_Dist_ATR:lo|PrevDay_Low_Side:==1|VAH_Side:==0|VWAP_Sigma:lo,216|229|261|265,42.319367,40.686777,281,0.415437,-0.626739,-1,-9.3e-05,11.61144858072867,11.371771386700862
116479,2026.05.19 16:30,SHORT,7,7,7,0,21,15,15,0.7143,0.7143,13.229,13.229,294.0,0,Body_Size:hi|D2D_Dynamic_Sensitivity:lo|DailyOpen_Dist_ATR:lo|EMA_Oscillator:lo|Lower_Wick:lo|Micro_MomoTransfer:hi|Micro_WickImbalance:lo|RangeOsc_Val:lo|TChan_A15:hi|Upper_Wick:hi|VAH_Side:==-1|VAL_Side:==0|VWAP_Sigma:lo|Volume:hi|Volume_Avg_10:hi,220|221|224|226|228|264|294,41.892643,82.95074,498,0.446577,-1.640974,-1,-0.000107,19.676030442106526,18.888596375345333
116480,2026.05.19 16:31,SHORT,16,7,7,0,48,27,27,0.5625,0.5625,23.817,23.817,294.0,0,Body_Size:hi|D2D_ATR_MA:hi|D2D_Dynamic_Sensitivity:lo|DailyOpen_Dist_ATR:lo|EMA_Oscillator:lo|Efficiency_Ratio:hi|Lower_Wick:lo|Micro_BarEntropy:lo|Micro_Entropy:lo|Micro_HLAsymmetry:lo|Micro_Hurst:hi|Micro_MicroGap:lo|Micro_MomoTransfer:hi|Micro_OrderFlowDelta:lo|Micro_PriceAccel:lo|Micro_RangeAccel:lo|Micro_WickImbalance:lo|PrevDay_High_Dist_ATR:lo|PrevDay_Low_Side:==1|RangeOsc_Val:lo|Session_High_Dist_ATR:lo|VAH_Side:==0|VAL_Side:==0|VWAP_Sigma:lo|VWAP_Z:lo|Volume:hi|Volume_Avg_10:hi,216|220|221|224|227|229|240|244|245|246|253|261|264|265|266|294,43.328473,106.944002,496,0.490008,-1.061303,-1,-0.000174,40.99449080306387,37.25254324939271
116484,2026.05.19 16:35,SHORT,5,4,4,0,15,10,10,0.6667,0.6667,9.125,9.125,148.8,0,Body_Size:hi|D2D_ATR_MA:hi|DailyOpen_Dist_ATR:lo|Micro_MicroGap:lo|Micro_OrderFlowDelta:lo|PrevDay_High_Dist_ATR:lo|PrevDay_Low_Side:==1|VAH_Side:==0|VWAP_Sigma:lo|Volume_Avg_10:hi,216|229|261|265|294,45.160245,66.969518,473,0.479162,-0.268779,-1,-0.000208,14.358215859511613,13.967131712972364
116499,2026.05.19 16:50,LONG,20,20,20,0,60,34,34,0.5667,0.5667,25.818,25.818,626.0,0,ADX_Rising:==0|AT_Lookback_ST:hi|AT_Regime_LT:==1|AT_Regime_ST:==1|AT_Slope_LT:lo|AT_Slope_ST:lo|Bar_Range:hi|Bars_Since_Flip:hi|Body_Size:hi|D2D_ATR:hi|D2D_DirStep:==1|D2D_Signal:==1|DailyOpen_Dist_ATR:lo|DailyOpen_Side:==1|Lower_Wick:hi|Micro_AutoCorr:hi|Micro_IBSP:hi|Micro_LogReturn:hi|Micro_PriceAccel:lo|Micro_RangeAccel:lo|Micro_RangeVelocity:lo|Micro_RollProxy:hi|Momentum_Value:hi|OBV_Velocity:hi|OR_Low_Side:==-1|OR_Position:lo|PrevDay_High_Dist_ATR:lo|RangeOsc_State:==-2|Round_500_Dist_ATR:lo|Session_High_Dist_ATR:lo|Slope_EMA_ST:lo|VWAP_Side:==-1|Volume:hi|WeeklyOpen_Side:==-1,2|14|18|21|22|32|38|39|41|49|51|58|90|133|139|140|144|145|173|178,28.394101,57.129593,402,0.330356,0.0,1,-7.7e-05,44.64370103320821,40.275647028201504
116501,2026.05.19 16:52,LONG,8,8,8,0,24,13,13,0.5417,0.5417,10.381,10.381,172.8,0,AT_Lookback_ST:hi|AT_Slope_LT:lo|AT_Slope_ST:lo|Body_Size:hi|D2D_Signal:==0|DailyOpen_Side:==1|Micro_FailedBreak:hi|Micro_IBSP:hi|Micro_RollProxy:hi|Momentum_Value:hi|OR_Low_Side:==-1|Round_500_Dist_ATR:lo|VWAP_Side:==-1,2|14|26|39|40|41|90|144,29.044598,41.080858,382,0.390161,0.535529,1,-9.3e-05,21.20075584842148,20.34657927196911
116518,2026.05.19 17:09,LONG,8,8,8,0,24,16,16,0.6667,0.6667,14.27,14.27,125.6,0,AT_Slope_LT:lo|AT_Slope_ST:lo|DailyOpen_Side:==1|Micro_FailedBreak:hi|Micro_Hurst:hi|Micro_IBSP:hi|Micro_LogReturn:hi|Micro_RangeAccel:hi|Micro_TickIntensity:hi|Micro_VPIN:lo|Momentum_Value:lo|OBVf_Signal:==1|OR_Low_Side:==-1|RangeOsc_State:==2|Round_500_Dist_ATR:lo|VWAP_Side:==-1,13|26|31|34|90|94|120|144,21.459957,31.114922,379,0.510085,0.771334,1,-6.7e-05,21.20075584842148,20.34657927196911
116652,2026.05.19 19:23,LONG,3,3,3,0,9,8,8,0.8889,0.8889,7.715,7.715,126.3,0,D2D_Signal:==1|DailyOpen_Dist_ATR:lo|DailyOpen_Side:==1|OBV_Velocity:hi|OR_Low_Side:==-1|PoC_Side:==1|Round_500_Dist_ATR:lo|Upper_Wick:hi,133|144|180,17.063842,20.04538,167,0.58483,0.299321,1,0.000104,8.665108670454496,8.56108508618842
117845,2026.05.20 16:31,SHORT,8,8,8,0,24,14,14,0.5833,0.5833,12.345,12.345,336.0,0,Bar_Range:hi|D2D_Dynamic_Sensitivity:lo|EMA_Oscillator:lo|Lower_Wick:lo|Micro_BarEntropy:lo|Micro_HLAsymmetry:lo|Micro_Hurst:hi|Micro_IBSP:lo|Micro_Lambda:hi|Micro_PriceAccel:hi|Micro_RangeVelocity:lo|Micro_WickImbalance:hi|Session_High_Dist_ATR:lo|Volume:hi,211|220|221|222|240|253|255|257,27.854928,92.242902,490,0.51509,-0.639616,-1,1.1e-05,22.250175986451605,21.221965111549544
117847,2026.05.20 16:33,SHORT,3,3,3,0,9,7,7,0.7778,0.7778,6.614,6.614,107.4,0,D2D_Dynamic_Sensitivity:lo|Micro_HLAsymmetry:lo|Micro_Hurst:hi|Micro_IBSP:lo|Micro_PriceAccel:hi|Micro_WickImbalance:hi|Session_High_Dist_ATR:lo,222|253|257,34.264594,64.633934,446,0.542358,-0.09283,-1,-0.000292,8.803955007256892,8.681536388140161
117872,2026.05.20 16:58,SHORT,4,4,4,0,12,9,9,0.75,0.75,8.123,8.123,560.4,0,AT_Regime_ST:==0|Bar_Range:hi|Lower_Wick:lo|Micro_Entropy:lo|Micro_MicroGap:hi|Micro_RangeVelocity:lo|Micro_WickImbalance:lo|OBVf_Signal:==1|Slope_EMA_ST:hi,211|244|269|287,21.200719,26.494782,342,0.404444,0.0,-1,0.000149,11.61144858072867,11.371771386700862
117875,2026.05.20 17:01,SHORT,3,3,3,0,9,6,6,0.6667,0.6667,5.349,5.349,73.8,0,Micro_BarEntropy:lo|Micro_HLAsymmetry:lo|Micro_Hurst:hi|Micro_Lambda:hi|Micro_RangeVelocity:lo|Session_High_Dist_ATR:lo,240|253|255,20.569134,46.027293,373,0.539022,-0.782145,-1,8e-06,8.803955007256892,8.681536388140161
117889,2026.05.20 17:15,LONG,44,44,21,1,132,47,47,0.3561,0.3561,33.619,33.619,14994.0,0,ADX_Rising:==0|AT_Regime_LT:==1|AT_Regime_ST:==1|AT_Slope_LT:lo|AT_Slope_ST:lo|Bar_Range:hi|Body_Size:hi|D2D_ATR_MA:hi|D2D_DirStep:==1|D2D_Signal:==1|DailyOpen_Dist_ATR:lo|Micro_Amihud:hi|Micro_AutoCorr:hi|Micro_FailedBreak:hi|Micro_HLAsymmetry:hi|Micro_Hurst:hi|Micro_LogReturn:hi|Micro_OrderFlowDelta:hi|Micro_RangeAccel:lo|Micro_RangeVelocity:lo|Micro_RollProxy:hi|Micro_TickIntensity:lo|Micro_VolOfVol:hi|Micro_WickImbalance:lo|Momentum_Value:hi|OBV_Macd:lo|OBVf_Signal:==-1|OR_High_Side:==-1|OR_Low_Side:==-1|OR_Position:lo|PoC_Side:==1|PrevDay_Close_Side:==-1|PrevDay_High_Dist_ATR:lo|PrevDay_High_Side:==-1|RangeOsc_State:==-2|Round_1000_Dist_ATR:lo|Session_High_Dist_ATR:lo|Session_Low_Dist_ATR:lo|Slope_Accel_LT:lo|Slope_EMA_ST:lo|TChan_A15:hi|Upper_Wick:hi|VWAP_Dist_ATR:lo|VWAP_Side:==1|Volume:hi|Volume_Ratio_10:hi|WeeklyOpen_Side:==-1,13|14|15|16|17|21|22|24|28|29|30|32|36|37|38|39|41|44|49|60|65|80|82|115|118|132|136|140|145|153|154|155|156|158|159|161|165|168|173|176|178|180|181|188,30.481896,93.116967,457,0.536812,0.510111,1,-5.9e-05,75.61942606467674,62.17715804288217
117890,2026.05.20 17:16,LONG,9,6,6,0,27,14,14,0.5185,0.5185,11.567,11.567,504.0,0,AT_Slope_LT:lo|Bar_Range:hi|Micro_AutoCorr:hi|Micro_FailedBreak:hi|Micro_Hurst:hi|Micro_RangeVelocity:hi|Micro_WickImbalance:lo|Momentum_Value:hi|PrevDay_High_Side:==-1|ST_Flip_Event:==1|Session_Low_Dist_ATR:lo|Slope_EMA_ST:lo|TChan_A15:hi|Volume_Ratio_10:hi,16|17|49|82|119|165|168|177|188,31.321162,127.644907,505,0.564369,0.940108,1,9.3e-05,23.473053431498993,22.401786415067697
117891,2026.05.20 17:17,LONG,13,8,8,0,39,20,20,0.5128,0.5128,15.608,15.608,672.0,0,AT_Slope_LT:lo|Bar_Range:hi|Micro_AutoCorr:hi|Micro_FractalDim:lo|Micro_HLAsymmetry:hi|Micro_Hurst:hi|Micro_LogReturn:lo|Micro_OrderFlowDelta:lo|Micro_Rejection:lo|Micro_RollProxy:lo|OBV_Macd:lo|OR_High_Side:==-1|OR_Low_Side:==1|OR_Position:hi|PrevDay_High_Side:==-1|Round_100_Dist_ATR:lo|Session_Low_Dist_ATR:lo|Slope_EMA_ST:lo|TChan_A15:hi|Volume_Ratio_10:hi,17|49|82|112|125|147|166|167|168|174|175|188|189,32.536759,119.603591,521,0.56442,-0.284272,1,-5.6e-05,31.916270451489858,29.809780066432648
117892,2026.05.20 17:18,LONG,8,6,6,0,24,14,14,0.5833,0.5833,12.439,12.439,504.0,0,ADX_Value:hi|Efficiency_Ratio:hi|Micro_AutoCorr:hi|Micro_FractalDim:lo|Micro_OrderFlowDelta:lo|Micro_Rejection:lo|Micro_VPIN:lo|Micro_WickImbalance:lo|OBV_Macd:lo|OR_Low_Side:==1|Session_Low_Dist_ATR:lo|Slope_EMA_ST:hi|TChan_A15:hi|Volume_Ratio_10:hi,82|107|112|122|128|163|188|189,33.665527,97.741018,468,0.552292,0.0,1,0.000287,21.20075584842148,20.34657927196911
117893,2026.05.20 17:19,LONG,5,4,4,0,15,13,13,0.8667,0.8667,12.469,12.469,320.4,0,ADX_Value:hi|AT_Regime_LT:==1|Lower_Wick:lo|Micro_MicroGap:hi|Micro_MomoTransfer:hi|Micro_OrderFlowDelta:hi|Micro_RangeVelocity:lo|Micro_Rejection:lo|Micro_RollProxy:hi|Micro_WickImbalance:lo|MultiDay_Position:hi|OBV_Macd:lo|Round_1000_Dist_ATR:lo,101|104|126|128|143,34.738364,71.780177,460,0.532187,-0.132349,1,0.000369,13.933964781772266,13.604790342516026
117894,2026.05.20 17:20,LONG,5,4,4,0,15,11,11,0.7333,0.7333,9.666,9.666,214.4,0,ADX_Value:hi|AT_Regime_LT:==1|Bar_Range:hi|Micro_LogReturn:hi|Micro_TickIntensity:hi|Micro_VolOfVol:hi|Micro_WickImbalance:lo|MultiDay_Position:hi|OBV_Macd:lo|Round_1000_Dist_ATR:lo|Slope_Accel_LT:hi,48|95|128|143|150,35.866975,49.626757,479,0.529081,-0.050376,1,0.00043,13.933964781772266,13.604790342516026
118038,2026.05.20 19:44,LONG,5,5,5,0,15,10,10,0.6667,0.6667,7.998,7.998,66.0,0,Micro_HLAsymmetry:hi|Micro_LogReturn:hi|Micro_RangeVelocity:lo|Micro_RollProxy:hi|OBVf_Signal:==-1|PrevDay_High_Side:==1|Round_100_Dist_ATR:lo|Session_High_Dist_ATR:lo|Slope_Accel_LT:lo|Volume:hi,153|155|157|160|161,23.583557,27.064838,252,0.382822,0.424906,1,9.9e-05,13.933964781772266,13.604790342516026
119025,2026.05.21 13:26,SHORT,6,6,6,0,18,14,14,0.7778,0.7778,12.849,12.849,252.0,0,AT_Score_LT:hi|D2D_ATR:hi|D2D_Dynamic_Sensitivity:lo|Micro_BarEntropy:lo|Micro_HLAsymmetry:lo|Micro_Hurst:hi|Micro_IBSP:lo|Micro_Lambda:hi|Micro_RangeVelocity:lo|Micro_WickImbalance:hi|RangeOsc_State:==-1|Session_High_Dist_ATR:lo|Volume:hi|Volume_Ratio_10:hi,198|214|222|240|253|255,40.03037,86.282441,393,0.542813,-0.805494,-1,2.2e-05,17.045884868532983,16.47150210578053
119026,2026.05.21 13:27,SHORT,7,3,3,0,21,17,17,0.8095,0.8095,16.127,16.127,261.0,0,AT_Score_LT:hi|D2D_ATR:hi|D2D_Dynamic_Sensitivity:lo|Micro_BarOverlap:hi|Micro_HLAsymmetry:lo|Micro_Hurst:hi|Micro_Lambda:hi|Micro_RangeVelocity:lo|MultiDay_Position:hi|PrevDay_Close_Dist_ATR:lo|PrevDay_High_Side:==1|RangeOsc_State:==-1|Session_High_Dist_ATR:lo|Slope_Accel_LT:lo|VWAP_Side:==1|Volume:hi|Volume_Ratio_10:hi,198|214|225|241|253|255|278,41.98957,76.651861,360,0.517626,0.574024,-1,2e-05,19.676030442106526,18.888596375345333
119211,2026.05.21 16:32,SHORT,4,4,4,0,12,11,11,0.9167,0.9167,10.691,10.691,148.0,0,D2D_Dynamic_Sensitivity:lo|DailyOpen_Dist_ATR:lo|Micro_IBSP:lo|Micro_OrderFlowDelta:lo|Micro_PriceAccel:lo|Micro_RangeAccel:lo|Micro_WickImbalance:hi|PrevDay_High_Dist_ATR:lo|PrevDay_Low_Side:==1|VAH_Side:==0|VAL_Side:==0,222|229|265|266,33.655143,66.723557,436,0.484142,-0.029974,-1,-9.5e-05,11.61144858072867,11.371771386700862
119213,2026.05.21 16:34,SHORT,4,4,4,0,12,9,9,0.75,0.75,8.485,8.485,100.8,0,D2D_Dynamic_Sensitivity:lo|Micro_HLAsymmetry:lo|Micro_LogReturn:hi|Micro_ThrustEff:lo|MultiDay_Slope:hi|RangeOsc_Val:lo|Upper_Wick:hi|VAH_Side:==-1|Volume_Avg_10:hi,224|226|254|258,38.83689,47.002175,455,0.494477,0.457426,-1,-0.00016,11.61144858072867,11.371771386700862
119230,2026.05.21 16:51,LONG,4,4,4,0,12,12,12,1.0,1.0,12.0,12.0,398.4,0,D2D_Signal:==1|Dist_To_PoC_ATR:lo|Micro_CSSpread:lo|Micro_MicroGap:hi|Micro_RollProxy:hi|Micro_VolOfVol:lo|Momentum_Value:hi|OBV_Macd:lo|PoC_Side:==1|Round_1000_Dist_ATR:lo|ST_Flip_Event:==1|Upper_Wick:hi,66|117|126|180,28.913988,56.995512,383,0.395029,0.377223,1,0.000153,11.345701020588308,11.143020262773083
119233,2026.05.21 16:54,LONG,6,6,6,0,18,12,12,0.6667,0.6667,10.198,10.198,171.6,0,AT_Regime_LT:==1|DailyOpen_Side:==-1|Lower_Wick:lo|Micro_OrderFlowDelta:hi|Micro_Rejection:lo|MultiDay_Position:hi|OR_Low_Side:==1|PrevDay_Close_Side:==-1|RangeOsc_Val:hi|Round_1000_Dist_ATR:lo|Session_Low_Dist_ATR:lo|Slope_EMA_ST:hi,103|104|112|142|143|163,33.875687,52.64774,431,0.388733,-0.142456,1,0.0003,16.435780104648117,15.954503499974125
119280,2026.05.21 17:41,LONG,7,7,7,0,21,12,12,0.5714,0.5714,9.396,9.396,137.9,0,AT_Regime_ST:==1|AT_Slope_ST:lo|D2D_ATR_MA:hi|EMA_Oscillator:lo|Micro_HLAsymmetry:lo|Micro_OrderFlowDelta:hi|Micro_VolOfVol:hi|Micro_WickImbalance:lo|Momentum_Value:lo|OBVf_Signal:==1|Session_Low_Dist_ATR:lo|Volume:hi,30|35|37|44|60|68|121,21.369633,37.818709,346,0.367451,0.304082,1,-8.3e-05,18.856446644718016,18.199528660922656
119283,2026.05.21 17:44,LONG,8,8,8,0,24,12,12,0.5,0.5,8.668,8.668,124.0,0,AT_Regime_ST:==1|DailyOpen_Dist_ATR:lo|EMA_Oscillator:lo|Harmonic_OBVf_Concordance:==0|KAMA_Dist:lo|Lower_Wick:hi|Micro_HLAsymmetry:lo|Micro_WickImbalance:hi|OR_High_Side:==-1|PrevDay_High_Side:==-1|VWAP_Dist_ATR:lo|Volume:hi,68|72|73|74|75|76|78|79,21.63576,30.881511,300,0.360674,0.0,1,-0.000121,21.20075584842148,20.34657927196911
119288,2026.05.21 17:49,SHORT,4,4,4,0,12,7,7,0.5833,0.5833,6.0,6.0,86.8,0,ATR_1M:hi|Micro_CSSpread:hi|Micro_HLAsymmetry:hi|MultiDay_Slope:hi|PrevDay_Close_Side:==-1|RangeOsc_State:==2|Round_500_Dist_ATR:lo,191|192|252|279,23.065494,41.176569,319,0.378845,1.517854,-1,-0.000134,11.61144858072867,11.371771386700862
119430,2026.05.21 20:11,LONG,4,4,4,0,12,9,9,0.75,0.75,8.123,8.123,946.4,0,AT_Regime_LT:==1|Micro_Rejection:lo|MultiDay_Position:hi|OR_High_Side:==-1|OR_Low_Side:==1|OR_Position:hi|Round_1000_Dist_ATR:lo|Session_Low_Dist_ATR:lo|Slope_EMA_ST:hi,112|143|147|163,19.967298,66.566001,437,0.420376,0.090136,1,8.6e-05,11.345701020588308,11.143020262773083
119432,2026.05.21 20:13,LONG,6,5,5,0,18,10,10,0.5556,0.5556,8.742,8.742,163.0,0,AT_Regime_LT:==1|Bars_Since_Flip:hi|Micro_Entropy:lo|Micro_MomoTransfer:hi|Micro_RangeAccel:lo|Micro_RangeVelocity:lo|MultiDay_Position:hi|Round_1000_Dist_ATR:lo|Session_Low_Dist_ATR:lo|Volume_Avg_10:hi,57|85|86|100|101|143,22.850043,59.393256,337,0.41077,-0.143114,1,0.000117,16.435780104648117,15.954503499974125
119435,2026.05.21 20:16,LONG,3,3,3,0,9,7,7,0.7778,0.7778,6.24,6.24,238.5,0,Bars_Since_Flip:hi|Micro_CSSpread:hi|Round_500_Dist_ATR:lo|Session_Low_Dist_ATR:lo|Upper_Wick:hi|VA_Position:hi|Volume_Avg_10:hi,50|54|57,28.000967,71.250444,467,0.521316,0.856135,1,0.000224,8.665108670454496,8.56108508618842
119484,2026.05.21 21:05,LONG,5,5,5,0,15,8,8,0.5333,0.5333,6.529,6.529,98.0,0,ADX_Rising:==0|Harmonic_OBVf_Concordance:==0|KAMA_Dist:lo|Lower_Wick:hi|Micro_VolOfVol:hi|Micro_WickImbalance:hi|Momentum_Value:lo|Volume:hi,71|72|73|76|121,48.041205,37.748404,346,0.271149,0.317894,1,0.00012,13.933964781772266,13.604790342516026
119532,2026.05.21 21:53,SHORT,7,7,7,0,21,19,19,0.9048,0.9048,18.403,18.403,291.9,0,ATR_1M:hi|AT_Score_LT:hi|D2D_Dynamic_Sensitivity:lo|Efficiency_Ratio:hi|Micro_BarOverlap:hi|Micro_CSSpread:hi|Micro_HLAsymmetry:lo|Micro_IBSP:lo|Micro_PriceAccel:hi|MultiDay_Position:hi|PrevDay_Close_Dist_ATR:lo|PrevDay_High_Side:==1|RangeOsc_State:==2|Session_High_Dist_ATR:lo|Slope_Accel_LT:lo|VWAP_Side:==1|Volume:hi|Volume_Avg_10:hi|Volume_Ratio_10:hi,191|198|225|227|241|257|278,27.25026,74.51168,401,0.37389,0.0,-1,5e-05,19.676030442106526,18.888596375345333
119538,2026.05.21 21:59,SHORT,4,4,4,0,12,8,8,0.6667,0.6667,7.56,7.56,-237.6,1,ATR_1M:hi|D2D_ATR:hi|Micro_GarmanKlass:hi|Micro_HLAsymmetry:hi|MultiDay_Slope:hi|PrevDay_High_Side:==1|RangeOsc_State:==2|WeeklyOpen_Dist_ATR:hi,192|215|250|252,39.572774,28.193769,305,0.444847,0.496564,-1,-0.000287,11.61144858072867,11.371771386700862
119548,2026.05.21 22:09,LONG,4,4,4,0,12,8,8,0.6667,0.6667,7.237,7.237,123.6,0,D2D_Signal:==1|Micro_HLAsymmetry:hi|Micro_LogReturn:hi|Micro_RangeVelocity:lo|OBVf_Signal:==-1|Session_High_Dist_ATR:lo|Slope_Accel_LT:lo|Volume:hi,145|153|155|161,28.228989,30.779419,250,0.534053,0.438605,1,0.000116,11.345701020588308,11.143020262773083
120578,2026.05.22 16:34,SHORT,5,5,5,0,15,12,12,0.8,0.8,11.368,11.368,164.0,0,AT_Score_LT:hi|AT_Slope_ST:lo|Bar_Range:hi|D2D_Dynamic_Sensitivity:lo|Efficiency_Ratio:hi|Micro_IBSP:lo|Micro_WickImbalance:hi|RangeOsc_State:==-2|VWAP_Sigma:hi|Volume:hi|Volume_Avg_10:hi|Volume_Ratio_10:hi,198|209|222|227|295,28.837587,59.681455,472,0.324217,-0.72887,-1,-0.000159,14.358215859511613,13.967131712972364
120591,2026.05.22 16:47,SHORT,4,4,4,0,12,9,9,0.75,0.75,8.485,8.485,183.6,0,AT_Lookback_ST:hi|D2D_ATR:hi|Micro_GarmanKlass:hi|Micro_TickIntensity:hi|PrevDay_Close_Dist_ATR:hi|PrevDay_High_Side:==1|Sqz_Val:hi|Volume_Avg_10:hi|WeeklyOpen_Dist_ATR:hi,194|215|250|293,26.135979,27.187338,356,0.212126,-0.183909,-1,3.5e-05,11.61144858072867,11.371771386700862
120611,2026.05.22 17:07,LONG,7,7,7,0,21,16,16,0.7619,0.7619,15.096,15.096,95.2,0,AT_Regime_ST:==1|AT_Slope_ST:lo|EMA_Oscillator:lo|Harmonic_OBVf_Concordance:==0|KAMA_Dist:lo|Micro_HLAsymmetry:lo|Micro_LogReturn:hi|Micro_RangeVelocity:lo|Micro_TickIntensity:hi|Micro_VPIN:lo|Micro_WickImbalance:hi|OBVf_Signal:==1|PrevDay_High_Side:==1|Round_100_Dist_ATR:lo|Slope_Accel_LT:lo|Volume:hi,34|68|72|76|94|155|160,15.716485,27.643236,344,0.337941,0.0,1,-6.2e-05,18.856446644718016,18.199528660922656
120613,2026.05.22 17:09,LONG,6,6,6,0,18,12,12,0.6667,0.6667,9.721,9.721,111.6,0,ADX_Rising:==0|AT_Slope_ST:lo|Harmonic_OBVf_Concordance:==0|KAMA_Dist:lo|Lower_Wick:hi|Micro_VPIN:lo|Micro_WickImbalance:hi|OBVf_Signal:==1|PrevDay_High_Side:==1|Round_100_Dist_ATR:lo|Slope_Accel_LT:lo|Volume:hi,34|71|72|73|76|160,15.448689,35.968755,321,0.448969,0.973067,1,-7.8e-05,16.435780104648117,15.954503499974125
121015,2026.05.25 01:06,LONG,5,5,5,0,15,12,12,0.8,0.8,11.368,11.368,210.0,0,AT_Regime_LT:==1|AT_Regime_ST:==1|Bars_Since_Flip:hi|Efficiency_Ratio:hi|Micro_CSSpread:hi|Micro_VPIN:lo|MultiDay_Position:hi|OBV_Macd:lo|Round_1000_Dist_ATR:lo|Slope_Accel_LT:hi|Upper_Wick:hi|Volume_Ratio_10:hi,50|55|122|132|143,46.577528,106.279312,141,0.430239,0.023523,1,-1.2e-05,13.933964781772266,13.604790342516026
122039,2026.05.25 18:10,LONG,8,8,8,0,24,15,15,0.625,0.625,12.439,12.439,401.6,0,ADX_Rising:==0|AT_Regime_ST:==1|AT_Slope_ST:lo|Bar_Range:hi|D2D_DirStep:==1|Micro_AutoCorr:hi|Micro_LogReturn:hi|Micro_RangeAccel:hi|Micro_RangeVelocity:hi|Micro_VolOfVol:hi|OBV_Macd:lo|RangeOsc_State:==2|Session_High_Dist_ATR:lo|Slope_EMA_ST:lo|Volume_Ratio_10:hi,21|22|23|31|49|132|176|178,37.580014,46.840958,134,0.421644,1.387674,1,-4.2e-05,21.20075584842148,20.34657927196911
123090,2026.05.26 16:46,SHORT,4,4,4,0,12,10,10,0.8333,0.8333,9.524,9.524,65.6,0,AT_Lookback_ST:hi|AT_Slope_ST:lo|D2D_Dynamic_Sensitivity:lo|Micro_BarOverlap:lo|Micro_TickIntensity:hi|OBV_Velocity:hi|RangeOsc_Val:lo|Slope_EMA_ST:lo|Sqz_Val:hi|Volume_Avg_10:hi,194|207|224|290,23.419574,32.371778,326,0.187167,0.108119,-1,-4.4e-05,11.61144858072867,11.371771386700862
123111,2026.05.26 17:07,SHORT,6,6,6,0,18,11,11,0.6111,0.6111,9.0,9.0,67.2,0,AT_Lookback_ST:hi|D2D_ATR_MA:hi|D2D_Dynamic_Sensitivity:lo|Micro_OrderFlowDelta:hi|Micro_TickIntensity:hi|Momentum_Value:hi|RangeOsc_Val:lo|Session_High_Dist_ATR:hi|Sqz_Val:hi|TChan_A15:hi|Volume_Avg_10:hi,194|217|224|273|291|292,15.435416,23.73532,292,0.419984,0.674101,-1,-4.7e-05,17.045884868532983,16.47150210578053
123228,2026.05.26 19:04,LONG,6,6,6,0,18,13,13,0.7222,0.7222,11.014,11.014,111.0,0,AT_Score_LT:lo|AT_Slope_LT:lo|Bars_Since_Flip:hi|Lower_Wick:hi|Micro_Hurst:hi|Micro_VolOfVol:lo|OR_Low_Side:==-1|PrevDay_High_Side:==-1|PrevDay_Low_Dist_ATR:lo|RangeOsc_State:==-1|Round_500_Dist_ATR:lo|Slope_EMA_ST:lo|VWAP_Side:==-1,9|17|53|164|168|169,18.604799,20.388807,157,0.520541,0.049047,1,-3.7e-05,16.435780104648117,15.954503499974125
124367,2026.05.27 15:18,LONG,23,23,21,1,69,33,33,0.4783,0.4783,25.499,25.499,1134.0,0,AT_Regime_ST:==1|AT_Slope_LT:lo|AT_Slope_ST:lo|Bars_Since_Flip:hi|Body_Size:hi|D2D_ATR:hi|D2D_Signal:==1|DailyOpen_Side:==1|Micro_Amihud:hi|Micro_CSSpread:hi|Micro_FailedBreak:hi|Micro_HLAsymmetry:hi|Micro_LogReturn:hi|Micro_RangeVelocity:hi|Micro_TickIntensity:lo|Micro_VolOfVol:hi|Momentum_Value:hi|MultiDay_Position:lo|OBV_Macd:lo|OR_High_Side:==-1|OR_Low_Side:==-1|OR_Position:lo|PoC_Side:==1|PrevDay_Low_Dist_ATR:lo|RangeOsc_Val:lo|Round_500_Dist_ATR:lo|Slope_Accel_LT:lo|Slope_EMA_ST:lo|Upper_Wick:hi|VWAP_Side:==-1|VWAP_Sigma_ATR:lo|Volume:hi|Volume_Ratio_10:hi,16|19|26|36|37|38|39|42|50|52|53|58|80|115|132|144|153|156|158|172|176|177|180,53.411592,49.972919,375,0.428114,1.146621,1,-6.5e-05,49.451194076210285,44.00539132611583
124368,2026.05.27 15:19,LONG,47,30,21,1,141,48,48,0.3404,0.3404,31.116,31.116,644.7,0,ADX_Value:hi|AT_Lookback_ST:hi|AT_Regime_LT:==1|AT_Regime_ST:==1|AT_Slope_LT:lo|AT_Slope_ST:lo|Bar_Range:hi|Bars_Since_Flip:hi|Body_Size:hi|D2D_ATR:hi|D2D_DirStep:==1|D2D_Signal:==0|DailyOpen_Side:==1|Lower_Wick:hi|Micro_Amihud:hi|Micro_AutoCorr:hi|Micro_CSSpread:hi|Micro_HLAsymmetry:hi|Micro_Hurst:hi|Micro_LogReturn:hi|Micro_MicroGap:hi|Micro_OrderFlowDelta:hi|Micro_PriceAccel:lo|Micro_RangeAccel:lo|Micro_RangeVelocity:lo|Micro_RollProxy:hi|Micro_VolOfVol:hi|Micro_WickImbalance:lo|Momentum_Value:hi|MultiDay_Position:lo|MultiDay_Slope:lo|OBV_Macd:lo|OBVf_Signal:==1|OR_High_Side:==-1|OR_Low_Side:==-1|OR_Position:lo|PrevDay_High_Side:==-1|PrevDay_Low_Dist_ATR:lo|RangeOsc_State:==-1|RangeOsc_Val:lo|Round_500_Dist_ATR:lo|Slope_Accel_LT:lo|Slope_EMA_ST:lo|Upper_Wick:hi|VWAP_Side:==-1|VWAP_Sigma_ATR:lo|Volume:hi|Volume_Ratio_10:hi,2|13|14|17|18|19|20|21|22|24|28|30|32|33|35|36|37|38|39|40|41|42|43|49|50|51|52|53|58|80|115|118|126|128|129|132|144|153|154|155|156|159|164|168|169|173|176,52.517092,56.089876,401,0.490542,0.151543,1,-6.1e-05,78.5633125203829,64.00493509486326
124370,2026.05.27 15:21,LONG,29,16,16,0,87,37,37,0.4253,0.4253,24.205,24.205,355.2,0,AT_Lookback_ST:hi|AT_Regime_LT:==1|AT_Regime_ST:==1|AT_Slope_LT:lo|AT_Slope_ST:lo|Bar_Range:hi|Bars_Since_Flip:hi|Body_Size:hi|D2D_ATR:hi|D2D_DirStep:==1|D2D_Signal:==0|DailyOpen_Side:==1|Micro_AutoCorr:hi|Micro_FractalDim:lo|Micro_HLAsymmetry:hi|Micro_Hurst:hi|Micro_IBSP:hi|Micro_LogReturn:hi|Micro_RangeAccel:lo|Micro_RangeVelocity:lo|Micro_RollProxy:hi|Micro_VolOfVol:hi|Momentum_Value:hi|MultiDay_Position:lo|OBV_Macd:lo|OBVf_Signal:==1|OR_Low_Side:==-1|OR_Position:lo|PrevDay_High_Side:==-1|PrevDay_Low_Dist_ATR:lo|RangeOsc_State:==-2|Round_500_Dist_ATR:lo|Slope_EMA_ST:lo|VWAP_Sigma_ATR:lo|Volume:hi|Volume_Ratio_10:hi|WeeklyOpen_Side:==-1,2|13|14|17|21|22|27|28|32|35|36|37|38|39|40|41|49|52|53|58|90|115|118|132|140|144|168|173|176,51.919552,41.929924,308,0.499831,0.35774,1,-5.1e-05,58.12486740130761,50.423577585801816
124373,2026.05.27 15:24,LONG,10,10,10,0,30,18,18,0.6,0.6,15.614,15.614,286.0,0,AT_Regime_ST:==1|Bars_Since_Flip:hi|DailyOpen_Side:==1|Lower_Wick:hi|Micro_Amihud:hi|Micro_RangeVelocity:lo|Micro_VolOfVol:hi|MultiDay_Position:lo|MultiDay_Slope:lo|OBV_Macd:lo|OR_Low_Side:==-1|OR_Position:lo|PrevDay_Low_Dist_ATR:lo|RangeOsc_State:==-1|Round_500_Dist_ATR:lo|Slope_EMA_ST:lo|VWAP_Sigma_ATR:lo|Volume_Avg_10:hi,52|53|56|80|115|129|144|164|173|176,48.402048,52.618921,266,0.428267,0.0,1,-4.3e-05,25.67729340170544,24.370762681353153
124374,2026.05.27 15:25,LONG,12,5,5,0,36,19,19,0.5278,0.5278,15.245,15.245,148.0,0,ADX_Rising:==0|AT_Regime_ST:==1|AT_Slope_LT:lo|Bars_Since_Flip:hi|DailyOpen_Side:==1|Micro_Amihud:hi|Micro_FailedBreak:hi|Micro_IBSP:hi|Micro_RangeVelocity:hi|Micro_VolOfVol:hi|Momentum_Value:hi|MultiDay_Position:lo|OR_Low_Side:==-1|PrevDay_Low_Dist_ATR:lo|Round_500_Dist_ATR:lo|Session_High_Dist_ATR:lo|Slope_EMA_ST:lo|VWAP_Sigma_ATR:lo|Volume_Avg_10:hi,16|52|53|56|80|90|115|144|172|176|177|178,47.520113,54.296277,206,0.433607,0.828786,1,-3.9e-05,29.895732127216817,28.07020869698633
124442,2026.05.27 16:33,LONG,4,4,4,0,12,9,9,0.75,0.75,8.123,8.123,121.2,0,Bar_Range:hi|Harmonic_LLEMA:hi|Micro_Rejection:lo|Micro_TickIntensity:hi|OBV_Macd:lo|OR_Position:lo|PrevDay_Low_Side:==1|RangeOsc_Val:hi|Slope_Accel_LT:hi,48|123|141|150,32.928537,55.52294,459,0.331866,-0.423248,1,0.000188,11.345701020588308,11.143020262773083
124451,2026.05.27 16:42,LONG,3,3,3,0,9,7,7,0.7778,0.7778,6.614,6.614,98.1,0,DailyOpen_Side:==1|OR_Low_Side:==-1|RangeOsc_State:==-2|Round_500_Dist_ATR:lo|Slope_Accel_LT:hi|Sqz_State:==1|WeeklyOpen_Side:==-1,140|144|152,37.893066,32.250177,416,0.555862,-0.992243,1,4.4e-05,8.665108670454496,8.56108508618842
124456,2026.05.27 16:47,LONG,5,5,5,0,15,10,10,0.6667,0.6667,9.125,9.125,95.0,0,AT_Regime_ST:==1|Bar_Range:hi|DailyOpen_Side:==1|Lower_Wick:hi|Micro_TickIntensity:hi|MultiDay_Slope:lo|OBV_Macd:lo|OR_Low_Side:==-1|Round_500_Dist_ATR:lo|Slope_Accel_LT:hi,48|129|144|148|150,32.584898,36.675152,391,0.38005,0.0,1,-3.8e-05,13.933964781772266,13.604790342516026
124458,2026.05.27 16:49,LONG,7,5,5,0,21,16,16,0.7619,0.7619,14.132,14.132,81.5,0,AT_Regime_LT:==1|AT_Slope_ST:lo|Bar_Range:hi|DailyOpen_Side:==1|Micro_Lambda:lo|Micro_OrderFlowDelta:lo|Micro_RangeAccel:lo|Micro_RollProxy:hi|Micro_TickIntensity:hi|Micro_WickImbalance:hi|OBV_Macd:lo|OR_Low_Side:==-1|RangeOsc_State:==-2|Round_500_Dist_ATR:lo|Sqz_State:==1|WeeklyOpen_Side:==-1,32|48|124|127|130|140|144,29.071261,32.216726,348,0.298609,-0.01552,1,-7.3e-05,18.856446644718016,18.199528660922656
124459,2026.05.27 16:50,LONG,7,6,6,0,21,12,12,0.5714,0.5714,10.038,10.038,114.0,0,AT_Slope_ST:lo|D2D_DirStep:==-1|DailyOpen_Side:==1|Micro_HLAsymmetry:hi|Micro_RangeAccel:hi|Micro_RangeVelocity:hi|Micro_Rejection:lo|Micro_RollProxy:lo|OR_Low_Side:==-1|RangeOsc_State:==2|Round_500_Dist_ATR:lo|Slope_EMA_ST:lo,31|144|167|170|171|172|174,28.143062,36.627184,411,0.326632,0.12286,1,-6.7e-05,18.856446644718016,18.199528660922656
124820,2026.05.27 22:51,SHORT,4,4,4,0,12,11,11,0.9167,0.9167,10.691,10.691,52.4,0,ATR_1M:hi|Micro_BarEntropy:lo|Micro_BarOverlap:lo|Micro_CSSpread:hi|Micro_Hurst:hi|Micro_Lambda:hi|Micro_OrderFlowDelta:hi|Micro_PriceAccel:lo|Micro_RangeVelocity:lo|RangeOsc_State:==2|Session_High_Dist_ATR:lo,191|240|242|255,31.778153,26.75594,141,0.525918,0.523248,-1,-4.2e-05,11.61144858072867,11.371771386700862
125803,2026.05.28 16:29,SHORT,6,6,6,0,18,11,11,0.6111,0.6111,9.906,9.906,693.6,0,D2D_Dynamic_Sensitivity:lo|EMA_Oscillator:lo|Lower_Wick:lo|Micro_Entropy:lo|Micro_MomoTransfer:hi|Micro_WickImbalance:lo|OBVf_DirStepCount:hi|Upper_Wick:hi|VAH_Side:==-1|VAL_Side:==0|WeeklyOpen_Side:==-1,220|226|244|245|264|277,28.75804,24.716408,168,0.332497,-0.687802,-1,-8.9e-05,17.045884868532983,16.47150210578053
125804,2026.05.28 16:30,SHORT,5,4,4,0,15,13,13,0.8667,0.8667,12.469,12.469,168.0,0,DailyOpen_Dist_ATR:lo|Micro_Entropy:lo|Micro_OrderFlowDelta:lo|Micro_TickIntensity:lo|OBV_Velocity:lo|OBVf_DirStepCount:hi|PoC_Side:==0|PrevDay_High_Dist_ATR:lo|PrevDay_Low_Side:==1|VAH_Side:==0|VAL_Side:==0|VWAP_Z:lo|WeeklyOpen_Side:==-1,229|246|265|276|277,32.640136,94.812315,457,0.422255,-1.158183,-1,-0.000154,14.358215859511613,13.967131712972364
125823,2026.05.28 16:49,LONG,4,4,4,0,12,9,9,0.75,0.75,8.123,8.123,60.4,0,D2D_Signal:==1|DailyOpen_Side:==-1|Lower_Wick:lo|Micro_FailedBreak:hi|Micro_OrderFlowDelta:hi|Micro_Rejection:lo|PoC_Side:==1|Upper_Wick:hi|Volume_Avg_10:hi,103|104|180|182,24.580643,30.127422,304,0.367324,0.746828,1,0.00014,11.345701020588308,11.143020262773083
125846,2026.05.28 17:12,LONG,7,7,7,0,21,17,17,0.8095,0.8095,16.127,16.127,294.0,0,D2D_Signal:==1|DailyOpen_Side:==-1|Micro_Entropy:lo|Micro_RangeVelocity:hi|Momentum_Value:hi|OR_High_Side:==1|OR_Position:hi|PrevDay_Close_Side:==-1|PrevDay_High_Dist_ATR:lo|RangeOsc_Val:hi|Session_High_Dist_ATR:lo|Session_Low_Dist_ATR:lo|Slope_EMA_ST:lo|VWAP_Dist_ATR:lo|VWAP_Side:==1|Volume:hi|WeeklyOpen_Side:==-1,83|136|142|145|146|177|181,19.119071,157.038881,314,0.419046,1.378958,1,1.1e-05,18.856446644718016,18.199528660922656
125897,2026.05.28 18:03,LONG,3,3,3,0,9,7,7,0.7778,0.7778,6.614,6.614,91.2,0,Harmonic_LLEMA:hi|Micro_LogReturn:lo|Micro_Rejection:lo|OBV_Macd:lo|PrevDay_Close_Side:==-1|PrevDay_High_Dist_ATR:lo|WeeklyOpen_Side:==-1,123|125|136,16.975624,30.315918,211,0.551824,-0.560762,1,9e-05,8.665108670454496,8.56108508618842
127173,2026.05.29 16:34,LONG,5,5,5,0,15,12,12,0.8,0.8,11.368,11.368,293.5,0,D2D_Signal:==1|Micro_Hurst:hi|Micro_LogReturn:hi|Micro_TickIntensity:hi|Micro_VolOfVol:hi|Momentum_Value:hi|ST_Flip_Event:==1|Session_High_Dist_ATR:lo|VWAP_Dist_ATR:lo|VWAP_Side:==1|Volume:hi|Volume_Ratio_10:hi,95|119|145|181|190,28.272132,53.911524,439,0.566582,0.176215,1,1.1e-05,13.933964781772266,13.604790342516026
128534,2026.06.01 16:30,SHORT,6,6,6,0,18,15,15,0.8333,0.8333,14.287,14.287,221.4,0,D2D_Dynamic_Sensitivity:lo|Efficiency_Ratio:hi|Micro_Entropy:lo|Micro_OrderFlowDelta:lo|Micro_TickIntensity:lo|OBV_Velocity:lo|OBVf_DirStepCount:hi|PoC_Side:==0|PrevDay_High_Dist_ATR:lo|RangeOsc_Val:lo|VAH_Side:==0|VAL_Side:==0|VWAP_Z:lo|Volume_Avg_10:hi|WeeklyOpen_Side:==-1,224|227|246|265|276|277,45.213626,66.537187,481,0.41601,-1.034159,-1,-0.000183,17.045884868532983,16.47150210578053
128562,2026.06.01 16:58,LONG,5,5,5,0,15,14,14,0.9333,0.9333,13.676,13.676,52.5,0,D2D_Signal:==1|DailyOpen_Dist_ATR:lo|DailyOpen_Side:==1|Harmonic_LLEMA:hi|Micro_Amihud:lo|Micro_RangeAccel:lo|Micro_Rejection:lo|Micro_VPIN:hi|OBV_Macd:lo|OBV_Velocity:hi|OR_Low_Side:==-1|PoC_Side:==1|Round_500_Dist_ATR:lo|Upper_Wick:hi,81|123|133|144|180,23.701615,22.536293,224,0.350699,-0.224083,1,0.000112,13.933964781772266,13.604790342516026
128575,2026.06.01 17:11,LONG,12,12,12,0,36,23,23,0.6389,0.6389,19.305,19.305,201.6,0,ADX_Value:lo|AT_Lookback_ST:hi|AT_Regime_LT:==1|AT_Regime_ST:==1|AT_Score_LT:lo|AT_Slope_LT:lo|AT_Slope_ST:lo|Micro_LogReturn:lo|Micro_PriceAccel:hi|Micro_RangeAccel:lo|Micro_Rejection:lo|Micro_RollProxy:hi|Micro_VolOfVol:lo|OBV_Macd:lo|PrevDay_Close_Side:==-1|PrevDay_High_Dist_ATR:lo|PrevDay_Low_Side:==-1|RangeOsc_State:==-1|RangeOsc_Val:lo|Round_500_Dist_ATR:lo|Sqz_State:==1|VWAP_Side:==-1|WeeklyOpen_Side:==-1,2|9|14|32|33|43|96|111|125|136|138|139,17.255355,32.984556,292,0.447795,-0.350164,1,-5.4e-05,29.895732127216817,28.07020869698633
128577,2026.06.01 17:13,LONG,6,6,6,0,18,13,13,0.7222,0.7222,11.339,11.339,79.8,0,ADX_Rising:==1|AT_Score_LT:lo|Lower_Wick:hi|Micro_VolOfVol:lo|PrevDay_Close_Side:==-1|PrevDay_High_Dist_ATR:lo|PrevDay_Low_Side:==-1|RangeOsc_State:==-1|Round_500_Dist_ATR:lo|Slope_EMA_ST:lo|Sqz_State:==1|VWAP_Side:==-1|WeeklyOpen_Side:==-1,9|135|136|138|139|164,17.578836,27.161721,278,0.354645,0.184083,1,-7.9e-05,16.435780104648117,15.954503499974125
128579,2026.06.01 17:15,LONG,10,10,10,0,30,19,19,0.6333,0.6333,16.933,16.933,120.0,0,ADX_Rising:==1|AT_Score_LT:lo|AT_Slope_LT:lo|AT_Slope_ST:lo|Lower_Wick:hi|Micro_FailedBreak:hi|Micro_VPIN:lo|Micro_VolOfVol:lo|Momentum_Value:lo|OBVf_Signal:==1|PrevDay_Close_Side:==-1|PrevDay_High_Dist_ATR:lo|PrevDay_Low_Side:==-1|RangeOsc_State:==-1|Round_500_Dist_ATR:lo|Slope_EMA_ST:lo|Sqz_State:==1|VWAP_Side:==-1|WeeklyOpen_Side:==-1,9|16|26|34|120|135|136|138|139|164,17.50339,25.06871,276,0.437694,0.420843,1,-8.1e-05,25.67729340170544,24.370762681353153
128581,2026.06.01 17:17,LONG,6,6,6,0,18,14,14,0.7778,0.7778,12.849,12.849,-568.8,1,AT_Regime_LT:==1|AT_Slope_ST:lo|Lower_Wick:hi|Micro_RangeAccel:lo|Micro_RangeVelocity:lo|OR_Position:lo|PrevDay_Close_Side:==-1|PrevDay_High_Dist_ATR:lo|PrevDay_Low_Side:==-1|RangeOsc_State:==-1|Slope_EMA_ST:lo|Sqz_State:==1|VWAP_Side:==-1|WeeklyOpen_Side:==-1,32|136|138|139|164|173,15.41731,45.891405,315,0.425505,0.131833,1,-7.4e-05,16.435780104648117,15.954503499974125
128628,2026.06.01 18:04,LONG,6,6,6,0,18,14,14,0.7778,0.7778,12.849,12.849,81.0,0,ADX_Rising:==1|AT_Regime_ST:==1|D2D_Signal:==1|DailyOpen_Dist_ATR:lo|Micro_Amihud:hi|Micro_PriceAccel:hi|OBV_Velocity:hi|OR_Low_Side:==-1|PrevDay_Close_Side:==-1|PrevDay_High_Dist_ATR:lo|PrevDay_Low_Side:==-1|VWAP_Side:==-1|VWAP_Sigma:hi|WeeklyOpen_Side:==-1,80|108|133|135|136|139,16.453388,27.464524,156,0.486792,0.855649,1,-3.2e-05,16.435780104648117,15.954503499974125
128641,2026.06.01 18:17,LONG,5,5,5,0,15,10,10,0.6667,0.6667,9.125,9.125,49.5,0,AT_Score_LT:lo|Body_Size:hi|PrevDay_Close_Side:==-1|PrevDay_High_Dist_ATR:lo|PrevDay_Low_Side:==-1|Slope_Accel_LT:hi|Sqz_State:==1|VWAP_Side:==-1|VWAP_Sigma:hi|WeeklyOpen_Side:==-1,10|12|136|138|139,28.024689,21.492582,173,0.478862,0.837498,1,7.2e-05,13.933964781772266,13.604790342516026
128654,2026.06.01 18:30,LONG,5,5,5,0,15,10,10,0.6667,0.6667,8.615,8.615,162.5,0,ADX_Rising:==1|Micro_AutoCorr:hi|PrevDay_Close_Side:==-1|PrevDay_High_Dist_ATR:lo|PrevDay_Low_Side:==-1|Sqz_State:==1|TChan_A15:hi|VWAP_Side:==-1|Volume_Ratio_10:hi|WeeklyOpen_Side:==-1,135|136|138|139|188,21.544481,59.085024,371,0.416351,1.878649,1,2.1e-05,13.933964781772266,13.604790342516026
128788,2026.06.01 20:44,LONG,5,5,5,0,15,13,13,0.8667,0.8667,12.041,12.041,141.0,0,DailyOpen_Dist_ATR:lo|DailyOpen_Side:==1|Micro_Entropy:lo|Micro_HLAsymmetry:lo|Micro_VolOfVol:hi|Micro_WickImbalance:lo|OR_Low_Side:==-1|OR_Position:lo|PrevDay_Low_Side:==1|RangeOsc_Val:hi|Round_500_Dist_ATR:lo|Slope_Accel_LT:lo|VWAP_Side:==1,65|84|141|144|159,41.670125,51.937751,283,0.401436,0.0,1,8.4e-05,13.933964781772266,13.604790342516026
129899,2026.06.02 16:30,LONG,7,7,7,0,21,17,17,0.8095,0.8095,15.73,15.73,294.0,0,AT_Regime_LT:==1|D2D_Signal:==1|DailyOpen_Side:==-1|Lower_Wick:lo|Micro_Entropy:lo|Micro_WickImbalance:hi|OR_High_Side:==1|OR_Position:hi|PoC_Side:==1|PrevDay_Close_Side:==-1|RangeOsc_Val:hi|Session_High_Dist_ATR:lo|Session_Low_Dist_ATR:lo|Upper_Wick:hi|VWAP_Dist_ATR:lo|VWAP_Side:==1|Volume:hi,83|116|142|145|146|180|181,20.958172,127.375824,495,0.427921,1.375379,1,8e-05,18.856446644718016,18.199528660922656
129917,2026.06.02 16:48,LONG,6,6,6,0,18,10,10,0.5556,0.5556,7.361,7.361,-555.0,1,ADX_Rising:==0|Harmonic_OBVf_Concordance:==0|KAMA_Dist:lo|Lower_Wick:hi|Micro_RangeVelocity:lo|Micro_WickImbalance:hi|PrevDay_High_Side:==-1|ST_Flip_Event:==-1|Sqz_State:==-1|Volume:hi,71|72|73|75|76|110,45.83285,44.755553,344,0.420952,0.0,1,-3.3e-05,16.435780104648117,15.954503499974125
129935,2026.06.02 17:06,SHORT,3,3,3,0,9,7,7,0.7778,0.7778,6.614,6.614,36.0,0,DailyOpen_Side:==-1|Efficiency_Ratio:lo|Micro_VPIN:lo|OR_High_Side:==1|PrevDay_Close_Side:==-1|RangeOsc_State:==-1|Slope_EMA_LT:hi,232|233|286,33.044711,24.951093,294,0.546471,0.080157,-1,-6.7e-05,8.803955007256892,8.681536388140161
131327,2026.06.03 17:33,SHORT,6,6,6,0,18,10,10,0.5556,0.5556,7.832,7.832,55.2,0,Bars_Since_Flip:hi|D2D_ATR_MA:hi|Micro_OrderFlowDelta:hi|Micro_TickIntensity:hi|Momentum_Value:hi|PrevDay_Close_Dist_ATR:hi|Session_High_Dist_ATR:hi|Sqz_Val:hi|TChan_A15:hi|Volume_Avg_10:hi,213|217|273|291|292|293,17.228347,20.271687,229,0.490626,0.690618,-1,-5.3e-05,17.045884868532983,16.47150210578053
131653,2026.06.03 22:59,SHORT,4,4,4,0,12,9,9,0.75,0.75,8.123,8.123,70.0,0,AT_Score_LT:lo|D2D_Dynamic_Sensitivity:lo|Efficiency_Ratio:hi|Micro_CSSpread:hi|Micro_MomoTransfer:hi|Micro_OrderFlowDelta:lo|Micro_Rejection:hi|RangeOsc_Val:lo|Volume_Avg_10:hi,201|224|227|262,25.293273,34.146737,313,0.458407,-0.821455,-1,-2.1e-05,11.61144858072867,11.371771386700862
131756,2026.06.04 01:57,LONG,6,6,6,0,18,13,13,0.7222,0.7222,11.555,11.555,-289.8,1,AT_Regime_ST:==1|Bar_Range:hi|Bars_Since_Flip:hi|Efficiency_Ratio:hi|Micro_Lambda:lo|Micro_RangeVelocity:lo|Micro_Rejection:lo|Micro_RollProxy:hi|MultiDay_Position:lo|PrevDay_High_Dist_ATR:hi|PrevDay_Low_Side:==-1|RangeOsc_State:==2|VWAP_Sigma_ATR:lo,45|46|52|69|92|111,28.029993,22.66592,162,0.426044,0.127945,1,-1.1e-05,16.435780104648117,15.954503499974125
132628,2026.06.04 16:29,LONG,5,5,5,0,15,14,14,0.9333,0.9333,13.676,13.676,404.5,0,AT_Regime_ST:==1|AT_Score_LT:hi|D2D_Signal:==1|Micro_Entropy:lo|Micro_Hurst:hi|Micro_MomoTransfer:hi|Micro_RangeAccel:lo|Momentum_Value:hi|MultiDay_Slope:lo|PoC_Side:==1|PrevDay_High_Dist_ATR:lo|Session_High_Dist_ATR:lo|Upper_Wick:hi|Volume:hi,6|85|118|145|180,26.449137,72.456874,308,0.526955,0.448543,1,-9e-06,13.933964781772266,13.604790342516026
134034,2026.06.05 17:10,SHORT,5,5,5,0,15,13,13,0.8667,0.8667,12.469,12.469,84.5,0,AT_Regime_ST:==0|AT_Slope_ST:hi|Bar_Range:hi|DailyOpen_Side:==-1|KAMA_Dist:hi|Lower_Wick:lo|Micro_BarEntropy:lo|Micro_IBSP:hi|Micro_RangeVelocity:lo|Micro_RollProxy:hi|OBV_Velocity:hi|OBVf_Signal:==1|PrevDay_High_Dist_ATR:lo,204|211|234|269|274,23.241815,33.173847,320,0.478136,0.678245,-1,0.000106,14.358215859511613,13.967131712972364
134070,2026.06.05 17:46,LONG,5,5,5,0,15,9,9,0.6,0.6,7.161,7.161,59.5,0,ADX_Value:lo|Harmonic_OBVf_Concordance:==0|KAMA_Dist:lo|Micro_LogReturn:lo|Micro_PriceAccel:hi|Micro_WickImbalance:hi|OR_High_Side:==-1|PrevDay_High_Side:==-1|Volume:hi,72|74|75|76|96,15.787975,24.811828,257,0.235157,-0.12091,1,-1.7e-05,13.933964781772266,13.604790342516026
134200,2026.06.05 19:56,SHORT,4,4,4,0,12,7,7,0.5833,0.5833,6.0,6.0,36.4,0,AT_Lookback_ST:hi|AT_Slope_ST:lo|D2D_ATR_MA:hi|Micro_CSSpread:lo|Micro_TickIntensity:hi|Session_High_Dist_ATR:hi|Sqz_Val:hi,194|208|217|292,27.762809,20.177074,235,0.474114,0.024781,-1,-4.9e-05,11.61144858072867,11.371771386700862
134204,2026.06.05 20:00,LONG,7,7,7,0,21,12,12,0.5714,0.5714,10.325,10.325,-422.1,1,AT_Regime_ST:==1|AT_Slope_ST:lo|Bars_Since_Flip:hi|Body_Size:hi|D2D_ATR:hi|D2D_Signal:==0|Micro_FractalDim:hi|Micro_PriceAccel:lo|Momentum_Value:hi|OBV_Velocity:hi|OR_Low_Side:==-1|Slope_Accel_LT:hi,38|39|40|51|58|134|148,27.615563,28.642339,259,0.29367,-0.106486,1,-4.1e-05,18.856446644718016,18.199528660922656
134355,2026.06.05 22:31,SHORT,4,4,4,0,12,8,8,0.6667,0.6667,7.56,7.56,46.4,0,AT_Lookback_ST:hi|AT_Slope_ST:lo|Micro_BarOverlap:lo|Micro_CSSpread:lo|Micro_TickIntensity:hi|OBV_Velocity:hi|Slope_EMA_ST:lo|Sqz_Val:hi,194|207|208|290,27.920229,24.272425,306,0.325265,-0.102998,-1,-8e-05,11.61144858072867,11.371771386700862
134373,2026.06.05 22:49,LONG,11,11,11,0,33,24,24,0.7273,0.7273,19.823,19.823,173.8,0,AT_Lookback_ST:hi|AT_Regime_LT:==1|AT_Regime_ST:==1|AT_Slope_ST:lo|Bars_Since_Flip:hi|Body_Size:hi|D2D_ATR:hi|D2D_Signal:==1|DailyOpen_Dist_ATR:lo|Micro_OrderFlowDelta:hi|Micro_PriceAccel:hi|Micro_RangeAccel:lo|Micro_VPIN:lo|Micro_WickImbalance:lo|Momentum_Value:hi|MultiDay_Position:lo|OBV_Velocity:hi|OBVf_Signal:==1|Session_High_Dist_ATR:lo|Slope_EMA_ST:lo|Sqz_State:==1|VWAP_Sigma:hi|Volume:hi|Volume_Avg_10:hi,4|30|32|34|38|39|56|58|108|133|145,21.101969,31.415696,306,0.172301,0.0,1,-5.6e-05,27.817084794051137,26.258658030358355
134374,2026.06.05 22:50,LONG,24,19,19,0,72,26,26,0.3611,0.3611,17.804,17.804,965.2,0,AT_Lookback_ST:hi|AT_Regime_ST:==1|AT_Slope_LT:lo|AT_Slope_ST:lo|Bars_Since_Flip:hi|Body_Size:hi|D2D_ATR:hi|D2D_Signal:==0|Lower_Wick:hi|Micro_FailedBreak:hi|Micro_HLAsymmetry:hi|Micro_Hurst:hi|Micro_OrderFlowDelta:hi|Micro_RangeVelocity:hi|Micro_RollProxy:hi|Micro_WickImbalance:lo|Momentum_Value:hi|OBV_Macd:lo|PrevDay_High_Side:==-1|RangeOsc_State:==-2|Round_1000_Dist_ATR:lo|Slope_EMA_ST:lo|Sqz_State:==1|Sqz_Val:hi|Upper_Wick:hi|VWAP_Side:==-1,2|4|13|14|16|17|18|19|26|28|29|30|38|39|40|41|58|118|130|165|168|169|177|179,23.028798,47.369553,406,0.532075,0.485544,1,-5.4e-05,50.979605083615624,45.16536621748482
134376,2026.06.05 22:52,LONG,11,9,9,0,33,16,16,0.4848,0.4848,12.418,12.418,-618.3,1,AT_Regime_ST:==1|AT_Slope_LT:lo|AT_Slope_ST:lo|Bar_Range:hi|Bars_Since_Flip:hi|D2D_ATR:hi|D2D_Signal:==0|Lower_Wick:hi|Micro_Hurst:hi|Micro_TickIntensity:hi|Momentum_Value:hi|OBV_Macd:lo|PrevDay_High_Side:==-1|Round_1000_Dist_ATR:lo|Slope_EMA_ST:lo|VWAP_Side:==-1,13|17|18|29|38|40|48|58|118|168|169,26.899023,32.8365,335,0.498573,0.274085,1,-5.1e-05,27.817084794051137,26.258658030358355
134377,2026.06.05 22:53,LONG,18,10,10,0,54,20,20,0.3704,0.3704,14.021,14.021,-672.0,1,AT_Lookback_ST:hi|AT_Regime_ST:==1|AT_Slope_LT:lo|AT_Slope_ST:lo|Bars_Since_Flip:hi|Body_Size:hi|D2D_ATR:hi|D2D_Signal:==0|Lower_Wick:hi|Micro_Hurst:hi|Micro_MicroGap:hi|Micro_RangeVelocity:hi|Micro_RollProxy:hi|Momentum_Value:hi|OBV_Macd:lo|PrevDay_High_Side:==-1|RangeOsc_State:==-1|Round_1000_Dist_ATR:lo|Slope_EMA_ST:lo|VWAP_Side:==-1,2|13|14|17|18|29|33|38|39|40|41|58|118|126|164|168|169|177,27.562215,32.107672,348,0.519851,-0.031145,1,-4.9e-05,41.238202492134135,37.559158007015945
134435,2026.06.08 01:06,LONG,9,9,9,0,27,17,17,0.6296,0.6296,14.301,14.301,145.8,0,ADX_Rising:==0|AT_Regime_LT:==1|AT_Regime_ST:==1|AT_Slope_ST:lo|Bars_Since_Flip:hi|D2D_ATR:hi|Micro_CSSpread:hi|Micro_RangeAccel:lo|Micro_Rejection:lo|Micro_RollProxy:lo|Micro_VolOfVol:hi|MultiDay_Position:lo|OBVf_Signal:==1|Session_High_Dist_ATR:lo|Slope_EMA_ST:lo|Upper_Wick:hi|VWAP_Sigma_ATR:lo,19|32|35|50|52|58|174|176|178,28.961038,32.045041,70,0.415345,0.0,1,-5.3e-05,23.473053431498993,22.401786415067697
134438,2026.06.08 01:09,LONG,10,10,10,0,30,18,18,0.6,0.6,14.617,14.617,105.0,0,ADX_Rising:==0|AT_Lookback_ST:hi|AT_Regime_LT:==1|AT_Regime_ST:==1|AT_Slope_ST:lo|Bars_Since_Flip:hi|D2D_ATR:hi|Lower_Wick:hi|Micro_Amihud:hi|Micro_RangeAccel:lo|Micro_VolOfVol:hi|MultiDay_Position:lo|OBVf_Signal:==1|RangeOsc_State:==-1|Session_High_Dist_ATR:lo|Slope_EMA_ST:lo|Sqz_State:==1|VWAP_Sigma_ATR:lo,4|18|20|32|35|52|58|164|176|178,27.566513,22.486758,79,0.407336,0.0,1,-5.2e-05,25.67729340170544,24.370762681353153
134443,2026.06.08 01:14,LONG,16,16,16,0,48,22,22,0.4583,0.4583,15.856,15.856,331.2,0,AT_Lookback_ST:hi|AT_Regime_ST:==1|AT_Slope_LT:lo|AT_Slope_ST:lo|Bars_Since_Flip:hi|Body_Size:hi|D2D_ATR:hi|D2D_ATR_MA:hi|D2D_Signal:==0|Micro_FailedBreak:hi|Micro_MicroGap:hi|Micro_RangeVelocity:hi|Micro_RollProxy:hi|Micro_VolOfVol:hi|Momentum_Value:hi|MultiDay_Position:lo|OBV_Macd:lo|OBVf_Signal:==1|RangeOsc_State:==-1|Slope_EMA_ST:lo|VWAP_Sigma_ATR:lo|Volume_Ratio_10:hi,2|14|16|33|35|38|39|40|41|52|58|60|126|132|176|177,25.411606,39.476012,149,0.395262,1.380585,1,-5e-05,37.65615051759335,34.63546870910648
134449,2026.06.08 01:20,LONG,6,6,6,0,18,16,16,0.8889,0.8889,15.43,15.43,-918.0,1,AT_Regime_ST:==1|AT_Score_LT:lo|Bars_Since_Flip:hi|Body_Size:hi|D2D_Dynamic_Sensitivity:lo|Efficiency_Ratio:hi|Micro_MicroGap:lo|Micro_RangeVelocity:lo|Micro_VolOfVol:hi|MultiDay_Position:lo|OBV_Macd:lo|RangeOsc_State:==2|Slope_Accel_LT:hi|Slope_EMA_ST:lo|VWAP_Sigma_ATR:lo|Volume_Ratio_10:hi,10|52|63|69|132|176,33.902786,41.87564,163,0.384663,0.0,1,-4.4e-05,16.435780104648117,15.954503499974125
135350,2026.06.08 16:21,LONG,6,6,6,0,18,12,12,0.6667,0.6667,10.499,10.499,142.2,0,AT_Regime_ST:==1|Micro_Hurst:hi|Micro_LogReturn:hi|Micro_RangeVelocity:lo|Micro_RollProxy:hi|Micro_VolOfVol:hi|Momentum_Value:hi|OR_High_Side:==-1|PrevDay_High_Side:==1|Round_100_Dist_ATR:lo|Slope_Accel_LT:lo|Slope_EMA_ST:lo,118|155|156|157|160|176,31.124337,24.790163,143,0.504357,0.379183,1,-3.9e-05,16.435780104648117,15.954503499974125
135354,2026.06.08 16:25,LONG,3,3,3,0,9,7,7,0.7778,0.7778,6.614,6.614,58.2,0,Micro_AutoCorr:hi|Micro_FractalDim:lo|Micro_Hurst:hi|Slope_Accel_LT:lo|TChan_A15:hi|Upper_Wick:hi|Volume_Ratio_10:hi,154|188|189,26.754098,21.16359,162,0.570338,-0.401633,1,-3.8e-05,8.665108670454496,8.56108508618842
135382,2026.06.08 16:53,SHORT,4,4,4,0,12,11,11,0.9167,0.9167,10.691,10.691,63.2,0,AT_Lookback_ST:hi|KAMA_Dist:hi|Micro_BarOverlap:lo|Micro_IBSP:hi|Micro_OrderFlowDelta:hi|Micro_PriceAccel:lo|Micro_TickIntensity:hi|OBVf_Signal:==1|OR_High_Side:==1|RangeOsc_State:==2|Sqz_Val:hi,194|234|242|243,16.108066,31.253812,353,0.505341,0.479941,-1,5e-06,11.61144858072867,11.371771386700862
135599,2026.06.08 20:30,LONG,6,6,6,0,18,12,12,0.6667,0.6667,10.198,10.198,82.8,0,AT_Lookback_ST:hi|AT_Slope_LT:lo|AT_Slope_ST:lo|D2D_Signal:==0|Lower_Wick:hi|Micro_FractalDim:lo|Micro_RollProxy:hi|Momentum_Value:hi|MultiDay_Slope:lo|OBV_Macd:lo|TChan_A15:hi|Volume_Ratio_10:hi,2|14|40|41|129|189,23.889385,27.988572,280,0.345467,0.267967,1,-4.7e-05,16.435780104648117,15.954503499974125
135603,2026.06.08 20:34,LONG,9,8,8,0,27,14,14,0.5185,0.5185,9.88,9.88,267.2,0,ADX_Rising:==0|AT_Slope_LT:lo|Harmonic_OBVf_Concordance:==0|KAMA_Dist:lo|Lower_Wick:hi|Micro_FailedBreak:hi|Micro_RangeAccel:lo|Micro_WickImbalance:hi|MultiDay_Slope:lo|OBV_Macd:lo|OR_High_Side:==-1|PrevDay_High_Side:==-1|VWAP_Dist_ATR:lo|Volume:hi,15|71|72|73|74|75|76|79|129,20.101692,32.802724,276,0.552649,0.51825,1,4.8e-05,23.473053431498993,22.401786415067697
135605,2026.06.08 20:36,LONG,13,5,5,0,39,22,22,0.5641,0.5641,17.214,17.214,79.0,0,AT_Regime_ST:==1|AT_Slope_LT:lo|Bar_Range:hi|DailyOpen_Dist_ATR:lo|Harmonic_OBVf_Concordance:==0|KAMA_Dist:lo|Lower_Wick:hi|Micro_FailedBreak:hi|Micro_LogReturn:hi|Micro_RangeAccel:lo|Micro_RangeVelocity:lo|Micro_TickIntensity:hi|Micro_WickImbalance:hi|MultiDay_Slope:lo|OBV_Macd:lo|OR_High_Side:==-1|PrevDay_High_Side:==-1|ST_Flip_Event:==-1|Sqz_State:==-1|VWAP_Dist_ATR:lo|Volume:hi|Volume_Ratio_10:hi,15|48|72|73|74|75|76|78|79|110|129|132|190,19.919283,31.334495,329,0.430508,0.445196,1,-5e-06,31.916270451489858,29.809780066432648
135804,2026.06.09 01:10,SHORT,4,4,4,0,12,11,11,0.9167,0.9167,10.691,10.691,58.0,0,D2D_Dynamic_Sensitivity:lo|EMA_Oscillator:lo|Lower_Wick:lo|Micro_MicroGap:lo|Micro_MomoTransfer:hi|Micro_OrderFlowDelta:lo|Micro_WickImbalance:lo|Upper_Wick:hi|VAH_Side:==-1|VAL_Side:==0|VWAP_Sigma:lo,220|226|261|264,38.030772,29.181766,107,0.365861,-0.873833,-1,-0.000123,11.61144858072867,11.371771386700862
136761,2026.06.09 17:07,LONG,3,3,3,0,9,8,8,0.8889,0.8889,7.715,7.715,70.2,0,AT_Slope_ST:lo|Micro_HLAsymmetry:hi|Micro_Hurst:hi|Micro_LogReturn:hi|Micro_TickIntensity:hi|Micro_VPIN:lo|PrevDay_High_Side:==-1|Slope_EMA_ST:lo,28|94|168,22.853777,24.531306,337,0.52376,0.081528,1,-0.000124,8.665108670454496,8.56108508618842
136856,2026.06.09 18:42,SHORT,5,5,5,0,15,9,9,0.6,0.6,7.585,7.585,119.0,0,AT_Slope_ST:lo|D2D_ATR_MA:hi|Micro_CSSpread:lo|Micro_OrderFlowDelta:hi|Momentum_Value:hi|Session_High_Dist_ATR:hi|Slope_Accel_LT:lo|Sqz_Val:hi|TChan_A15:hi,208|217|273|284|291,39.547065,44.749601,373,0.536995,0.156426,-1,-0.000206,14.358215859511613,13.967131712972364
136858,2026.06.09 18:44,SHORT,6,6,6,0,18,12,12,0.6667,0.6667,10.198,10.198,107.4,0,AT_Slope_ST:lo|D2D_ATR_MA:hi|Micro_CSSpread:lo|Micro_OrderFlowDelta:hi|Micro_RollProxy:lo|Momentum_Value:hi|Session_High_Dist_ATR:hi|Slope_Accel_LT:lo|Sqz_Val:hi|TChan_A15:hi|Volume:hi|Volume_Ratio_10:lo,208|217|273|284|291|296,36.453901,34.886892,335,0.478325,0.444293,-1,-0.000141,17.045884868532983,16.47150210578053
136863,2026.06.09 18:49,SHORT,5,5,5,0,15,8,8,0.5333,0.5333,6.648,6.648,61.5,0,AT_Lookback_ST:hi|AT_Slope_ST:lo|D2D_ATR_MA:hi|Micro_CSSpread:lo|Micro_TickIntensity:hi|Session_High_Dist_ATR:hi|Slope_Accel_LT:lo|Sqz_Val:hi,194|208|217|284|292,29.345327,25.455036,325,0.357599,-0.255352,-1,-0.000129,14.358215859511613,13.967131712972364
136866,2026.06.09 18:52,SHORT,4,4,4,0,12,10,10,0.8333,0.8333,9.524,9.524,103.2,0,AT_Regime_ST:==0|AT_Slope_ST:hi|Bar_Range:hi|Lower_Wick:lo|Micro_CSSpread:lo|Micro_MicroGap:lo|Micro_RangeVelocity:lo|Slope_Accel_LT:lo|Sqz_Val:hi|Upper_Wick:hi,205|211|269|284,26.022805,48.004693,404,0.354106,-0.520782,-1,5.9e-05,11.61144858072867,11.371771386700862
136903,2026.06.09 19:29,SHORT,4,4,4,0,12,9,9,0.75,0.75,8.485,8.485,48.4,0,AT_Slope_ST:hi|D2D_ATR_MA:hi|Micro_MicroGap:lo|Micro_TickIntensity:hi|OR_High_Dist_ATR:hi|Session_High_Dist_ATR:hi|Sqz_State:==-1|Sqz_Val:hi|Upper_Wick:hi,205|206|217|292,17.273165,25.18096,348,0.519071,0.0,-1,5.9e-05,11.61144858072867,11.371771386700862
136907,2026.06.09 19:33,SHORT,5,5,5,0,15,11,11,0.7333,0.7333,10.364,10.364,1056.0,0,AT_Regime_ST:==0|Bar_Range:hi|Dist_To_PoC_ATR:lo|Lower_Wick:lo|Micro_LogReturn:lo|Micro_RangeVelocity:lo|RangeOsc_Val:lo|Slope_Accel_LT:hi|Slope_Accel_ST:hi|Slope_EMA_ST:hi|VA_Position:hi,211|269|280|281|288,17.168149,51.011168,397,0.501574,0.0,-1,0.000147,14.358215859511613,13.967131712972364
136908,2026.06.09 19:34,SHORT,6,5,5,0,18,14,14,0.7778,0.7778,12.849,12.849,1339.5,0,AT_Slope_ST:hi|D2D_ATR_MA:hi|DailyOpen_Side:==-1|Micro_BarEntropy:lo|Micro_TickIntensity:hi|Momentum_Value:hi|OR_High_Dist_ATR:hi|Session_High_Dist_ATR:hi|Slope_Accel_ST:hi|Slope_EMA_ST:hi|Sqz_State:==-1|Sqz_Val:hi|TChan_A15:hi|VA_Position:hi,204|206|217|273|288|292,17.758504,34.732687,376,0.502696,-0.014396,-1,0.000155,17.045884868532983,16.47150210578053
136913,2026.06.09 19:39,SHORT,4,4,4,0,12,10,10,0.8333,0.8333,9.524,9.524,168.0,0,AT_Score_LT:lo|Micro_BarEntropy:hi|Micro_CSSpread:hi|Micro_Lambda:hi|PoC_Side:==0|Round_100_Dist_ATR:lo|TChan_A15:hi|VAH_Side:==0|Volume_Avg_10:hi|WeeklyOpen_Dist_ATR:lo,199|201|238|239,23.796571,155.526319,535,0.443401,-0.141455,-1,-0.0001,11.61144858072867,11.371771386700862
136936,2026.06.09 20:02,SHORT,6,6,6,0,18,14,14,0.7778,0.7778,12.849,12.849,181.8,0,AT_Score_LT:lo|D2D_ATR_MA:hi|Dist_To_PoC_ATR:lo|Micro_Lambda:hi|Micro_OrderFlowDelta:hi|Momentum_Value:hi|RangeOsc_Val:lo|Session_High_Dist_ATR:hi|Slope_Accel_LT:hi|Slope_Accel_ST:hi|Slope_EMA_ST:hi|Sqz_Val:hi|TChan_A15:hi|VA_Position:hi,199|217|273|280|288|291,15.33883,55.466515,413,0.300671,0.135217,-1,0.000103,17.045884868532983,16.47150210578053
136937,2026.06.09 20:03,LONG,6,6,6,0,18,11,11,0.6111,0.6111,9.442,9.442,1423.8,0,AT_Score_LT:lo|Bar_Range:hi|Body_Size:hi|D2D_Signal:==1|Micro_TickIntensity:hi|OBV_Macd:lo|PoC_Side:==1|PrevDay_Low_Side:==-1|Slope_Accel_LT:hi|Upper_Wick:hi|VWAP_Sigma:hi,10|12|48|149|150|180,16.524302,44.497925,438,0.275193,0.22473,1,0.00014,16.435780104648117,15.954503499974125
136947,2026.06.09 20:13,LONG,10,5,5,0,30,18,18,0.6,0.6,15.438,15.438,76.0,0,AT_Score_LT:lo|Bar_Range:hi|Body_Size:hi|D2D_ATR:hi|DailyOpen_Side:==-1|Lower_Wick:lo|Micro_FractalDim:hi|Micro_OrderFlowDelta:hi|Micro_Rejection:lo|Micro_TickIntensity:hi|OBV_Macd:lo|OBV_Velocity:hi|OR_Low_Side:==-1|PrevDay_High_Dist_ATR:hi|PrevDay_Low_Side:==-1|Slope_Accel_LT:hi|VWAP_Sigma:hi|Volume_Avg_10:hi,10|12|48|59|103|104|134|149|150|185,15.127654,30.312415,356,0.304144,-0.082474,1,5.4e-05,25.67729340170544,24.370762681353153
136978,2026.06.09 20:44,LONG,4,4,4,0,12,9,9,0.75,0.75,8.123,8.123,86.4,0,Bars_Since_Flip:hi|Micro_CSSpread:hi|Micro_PriceAccel:lo|OR_Low_Side:==-1|OR_Position:lo|PrevDay_Low_Dist_ATR:lo|PrevDay_Low_Side:==1|RangeOsc_Val:hi|Upper_Wick:hi,50|51|53|141,53.161854,40.9965,324,0.45375,-0.341493,1,0.000227,11.345701020588308,11.143020262773083
136980,2026.06.09 20:46,LONG,5,3,3,0,15,11,11,0.7333,0.7333,10.009,10.009,112.5,0,Bars_Since_Flip:hi|Micro_AutoCorr:hi|Micro_CSSpread:hi|Micro_FractalDim:lo|Micro_VPIN:lo|OR_Low_Side:==-1|PrevDay_Low_Dist_ATR:lo|Slope_Accel_LT:hi|TChan_A15:hi|Upper_Wick:hi|Volume_Ratio_10:hi,50|53|55|188|189,50.777438,36.286056,391,0.537904,-0.522239,1,0.000178,13.933964781772266,13.604790342516026
137015,2026.06.09 21:21,LONG,5,5,5,0,15,13,13,0.8667,0.8667,12.469,12.469,110.0,0,ADX_Value:lo|AT_Lookback_ST:hi|Bars_Since_Flip:hi|Micro_Entropy:lo|Micro_HLAsymmetry:lo|Micro_VPIN:lo|OR_Low_Side:==-1|OR_Position:lo|PrevDay_Low_Dist_ATR:lo|PrevDay_Low_Side:==1|RangeOsc_Val:hi|Slope_Accel_LT:hi|Slope_EMA_ST:hi,3|53|55|84|141,16.602987,41.749172,349,0.436706,0.071858,1,7e-05,13.933964781772266,13.604790342516026
137104,2026.06.09 22:50,LONG,7,7,7,0,21,14,14,0.6667,0.6667,12.079,12.079,588.0,0,D2D_Signal:==1|Micro_HLAsymmetry:hi|Micro_PriceAccel:hi|Micro_VolOfVol:hi|Micro_WickImbalance:lo|OBVf_Signal:==-1|PoC_Side:==1|Session_High_Dist_ATR:lo|Slope_Accel_LT:lo|Upper_Wick:hi|VWAP_Dist_ATR:lo|VWAP_Side:==1|VWAP_Sigma:hi|Volume:hi,108|145|153|159|161|180|181,30.381945,80.013403,496,0.401054,1.131685,1,-2.3e-05,18.856446644718016,18.199528660922656
138154,2026.06.10 17:35,SHORT,4,4,4,0,12,10,10,0.8333,0.8333,9.524,9.524,67.2,0,ADX_Value:lo|ATR_1M:hi|DailyOpen_Side:==-1|EMA_Oscillator:lo|Efficiency_Ratio:lo|Micro_CSSpread:hi|Micro_Hurst:hi|OR_High_Side:==1|PrevDay_Close_Side:==-1|RangeOsc_State:==2,191|230|232|233,15.784556,33.043581,356,0.504877,-0.226973,-1,-7.4e-05,11.61144858072867,11.371771386700862
138205,2026.06.10 18:26,SHORT,7,7,7,0,21,11,11,0.5238,0.5238,8.43,8.43,88.2,0,AT_Lookback_ST:hi|AT_Slope_ST:lo|Bars_Since_Flip:hi|D2D_ATR_MA:hi|Micro_CSSpread:lo|Micro_TickIntensity:hi|PrevDay_Close_Dist_ATR:hi|Session_High_Dist_ATR:hi|Slope_Accel_LT:lo|Sqz_Val:hi|Volume_Avg_10:hi,194|208|213|217|284|292|293,24.857997,26.062174,371,0.25658,0.0,-1,-0.000113,19.676030442106526,18.888596375345333
138211,2026.06.10 18:32,SHORT,6,6,6,0,18,10,10,0.5556,0.5556,8.217,8.217,93.6,0,AT_Lookback_ST:hi|Bars_Since_Flip:hi|D2D_ATR_MA:hi|Micro_TickIntensity:hi|Momentum_Value:hi|PrevDay_Close_Dist_ATR:hi|Session_High_Dist_ATR:hi|Sqz_Val:hi|TChan_A15:hi|Volume_Avg_10:hi,194|213|217|273|292|293,19.544929,31.000792,367,0.280369,-0.225801,-1,-8.9e-05,17.045884868532983,16.47150210578053
138225,2026.06.10 18:46,SHORT,5,5,5,0,15,11,11,0.7333,0.7333,9.449,9.449,795.0,0,AT_Slope_ST:lo|Bars_Since_Flip:hi|D2D_ATR_MA:hi|DailyOpen_Dist_ATR:hi|Micro_CSSpread:lo|Micro_HLAsymmetry:hi|Micro_Hurst:lo|PrevDay_Close_Dist_ATR:hi|Session_High_Dist_ATR:hi|Sqz_Val:hi|Volume_Avg_10:hi,208|213|217|251|293,20.835829,33.740466,363,0.269354,-0.029638,-1,-7.6e-05,14.358215859511613,13.967131712972364
138238,2026.06.10 18:59,SHORT,7,7,7,0,21,12,12,0.5714,0.5714,9.427,9.427,89.6,0,AT_Lookback_ST:hi|Bars_Since_Flip:hi|D2D_ATR_MA:hi|Micro_OrderFlowDelta:hi|Micro_RollProxy:lo|Micro_TickIntensity:hi|PrevDay_Close_Dist_ATR:hi|Session_High_Dist_ATR:hi|Sqz_Val:hi|Volume:hi|Volume_Avg_10:hi|Volume_Ratio_10:lo,194|213|217|291|292|293|296,20.852958,26.263289,353,0.306271,-0.09519,-1,-7.1e-05,19.676030442106526,18.888596375345333
138241,2026.06.10 19:02,SHORT,5,5,5,0,15,8,8,0.5333,0.5333,6.648,6.648,88.5,0,AT_Lookback_ST:hi|Bars_Since_Flip:hi|D2D_ATR_MA:hi|Micro_TickIntensity:hi|PrevDay_Close_Dist_ATR:hi|Session_High_Dist_ATR:hi|Sqz_Val:hi|Volume_Avg_10:hi,194|213|217|292|293,18.628305,34.451914,381,0.39615,0.0,-1,-6.4e-05,14.358215859511613,13.967131712972364
138285,2026.06.10 19:46,LONG,5,5,5,0,15,10,10,0.6667,0.6667,8.615,8.615,98.5,0,Bars_Since_Flip:hi|KAMA_Dist:lo|Micro_CSSpread:hi|MultiDay_Position:lo|OR_Low_Side:==-1|PrevDay_Low_Dist_ATR:lo|RangeOsc_State:==-1|Session_Low_Dist_ATR:lo|Upper_Wick:hi|Volume_Avg_10:hi,50|53|56|57|77,15.489251,37.847952,350,0.378303,-0.105686,1,-3.2e-05,13.933964781772266,13.604790342516026
138326,2026.06.10 20:27,SHORT,4,4,4,0,12,7,7,0.5833,0.5833,6.0,6.0,270.4,0,AT_Lookback_ST:hi|Bars_Since_Flip:hi|Micro_TickIntensity:hi|PrevDay_Close_Dist_ATR:hi|Session_High_Dist_ATR:hi|Sqz_Val:hi|Volume_Avg_10:hi,194|213|292|293,16.833261,23.549397,310,0.574955,0.0,-1,-2.8e-05,11.61144858072867,11.371771386700862
138347,2026.06.10 20:48,LONG,7,7,7,0,21,14,14,0.6667,0.6667,12.079,12.079,238.7,0,AT_Regime_ST:==1|Bars_Since_Flip:hi|D2D_Signal:==1|Micro_Amihud:hi|Micro_PriceAccel:hi|Micro_VolOfVol:hi|MultiDay_Position:lo|OR_Low_Side:==-1|PrevDay_Low_Dist_ATR:lo|RangeOsc_State:==-2|Session_Low_Dist_ATR:lo|VWAP_Sigma:hi|Volume_Avg_10:hi|WeeklyOpen_Side:==-1,53|56|57|80|108|115|140,27.740418,61.890997,392,0.406068,0.686691,1,-2.8e-05,18.856446644718016,18.199528660922656
138351,2026.06.10 20:52,LONG,11,7,7,0,33,18,18,0.5455,0.5455,14.252,14.252,730.8,0,ADX_Rising:==0|AT_Regime_ST:==1|Bars_Since_Flip:hi|Harmonic_OBVf_Concordance:==0|KAMA_Dist:lo|Micro_GarmanKlass:hi|Micro_PriceAccel:lo|Micro_VolOfVol:hi|Micro_WickImbalance:hi|MultiDay_Position:lo|OR_High_Side:==-1|OR_Low_Side:==-1|PrevDay_Close_Dist_ATR:hi|PrevDay_High_Side:==-1|PrevDay_Low_Dist_ATR:lo|Session_Low_Dist_ATR:lo|Volume:hi|Volume_Avg_10:hi,51|53|56|57|71|72|74|75|76|87|115,23.608833,59.678559,391,0.456941,-0.427289,1,-2.7e-05,27.817084794051137,26.258658030358355
138357,2026.06.10 20:58,LONG,9,5,5,0,27,17,17,0.6296,0.6296,14.445,14.445,96.0,0,AT_Regime_LT:==1|AT_Regime_ST:==1|Bars_Since_Flip:hi|Lower_Wick:lo|Micro_Amihud:hi|Micro_FractalDim:hi|Micro_WickImbalance:hi|MultiDay_Position:lo|OBV_Velocity:hi|OR_Low_Side:==-1|PrevDay_Low_Dist_ATR:lo|RangeOsc_State:==-2|Slope_Accel_LT:hi|Sqz_State:==1|Sqz_Val:hi|Volume_Avg_10:hi|WeeklyOpen_Side:==-1,53|56|80|116|134|140|148|152|179,20.181192,37.082853,358,0.398508,0.0,1,-2.4e-05,23.473053431498993,22.401786415067697
138474,2026.06.10 22:55,SHORT,3,3,3,0,9,7,7,0.7778,0.7778,6.24,6.24,384.3,0,D2D_Dynamic_Sensitivity:lo|Micro_IBSP:lo|Micro_WickImbalance:hi|RangeOsc_Val:lo|Upper_Wick:hi|VAH_Side:==-1|Volume_Avg_10:hi,222|224|226,26.12801,36.4038,349,0.523927,-1.043847,-1,-5.1e-05,8.803955007256892,8.681536388140161
138583,2026.06.11 01:59,SHORT,4,4,4,0,12,7,7,0.5833,0.5833,6.447,6.447,44.8,0,D2D_Dynamic_Sensitivity:lo|EMA_Oscillator:lo|Lower_Wick:lo|Micro_Entropy:lo|Micro_MomoTransfer:hi|Micro_WickImbalance:lo|VAL_Side:==0,220|244|245|264,31.57901,23.683513,166,0.42126,-1.203369,-1,-0.000136,11.61144858072867,11.371771386700862
138610,2026.06.11 02:26,LONG,5,5,5,0,15,13,13,0.8667,0.8667,12.469,12.469,159.0,0,ADX_Value:hi|AT_Regime_ST:==1|D2D_Signal:==1|Micro_Hurst:hi|Micro_Rejection:lo|Micro_WickImbalance:lo|Momentum_Value:hi|OBV_Macd:lo|PoC_Side:==1|PrevDay_Low_Side:==-1|Upper_Wick:hi|VWAP_Dist_ATR:lo|VWAP_Side:==1,111|118|128|180|181,31.61882,31.538799,173,0.535801,-0.285363,1,-1.3e-05,13.933964781772266,13.604790342516026
138616,2026.06.11 02:32,LONG,3,3,3,0,9,6,6,0.6667,0.6667,5.67,5.67,87.0,0,Micro_Lambda:lo|Micro_RollProxy:hi|OBV_Macd:lo|RangeOsc_State:==-2|Sqz_State:==1|Sqz_Val:hi,124|130|179,29.150386,29.132776,146,0.559717,-0.017163,1,0.000103,8.665108670454496,8.56108508618842
139382,2026.06.11 15:18,SHORT,4,4,4,0,12,9,9,0.75,0.75,8.123,8.123,648.8,0,Micro_BarEntropy:lo|Micro_HLAsymmetry:lo|Micro_Hurst:hi|Micro_Lambda:hi|Micro_RangeVelocity:lo|RangeOsc_State:==-2|Session_High_Dist_ATR:lo|VWAP_Sigma:hi|Volume_Ratio_10:hi,240|253|255|295,15.020296,21.174694,139,0.56034,0.708393,-1,-4.7e-05,11.61144858072867,11.371771386700862
139387,2026.06.11 15:23,SHORT,4,4,4,0,12,8,8,0.6667,0.6667,6.735,6.735,168.0,0,AT_Score_LT:hi|AT_Slope_ST:lo|Bar_Range:hi|D2D_ATR:hi|Micro_Rejection:hi|RangeOsc_State:==-1|Volume:hi|Volume_Ratio_10:hi,195|198|209|214,29.424762,96.387755,469,0.399967,0.601736,-1,-0.000208,11.61144858072867,11.371771386700862
139410,2026.06.11 15:46,LONG,12,12,12,0,36,22,22,0.6111,0.6111,17.874,17.874,781.2,0,ADX_Value:hi|AT_Regime_ST:==1|D2D_Signal:==1|DailyOpen_Dist_ATR:lo|Micro_Amihud:hi|Micro_Hurst:hi|Micro_VolOfVol:hi|Micro_WickImbalance:lo|Momentum_Value:hi|OBV_Macd:lo|OR_Low_Side:==-1|PoC_Side:==1|RangeOsc_State:==-2|Session_High_Dist_ATR:lo|Sqz_State:==1|Sqz_Val:hi|Upper_Wick:hi|VA_Position:hi|VWAP_Side:==1|Volume:hi|Volume_Ratio_10:hi|WeeklyOpen_Side:==-1,65|80|115|118|128|130|131|132|140|145|179|180,31.79928,59.290695,362,0.511191,0.472249,1,-9e-06,29.895732127216817,28.07020869698633
139470,2026.06.11 16:46,LONG,8,8,8,0,24,15,15,0.625,0.625,12.858,12.858,336.0,0,D2D_Signal:==1|Micro_CSSpread:lo|Micro_HLAsymmetry:hi|Micro_LogReturn:hi|Micro_RangeVelocity:lo|Micro_TickIntensity:lo|Momentum_Value:hi|OBVf_Signal:==-1|OR_High_Side:==-1|ST_Flip_Event:==1|Session_High_Dist_ATR:lo|Slope_Accel_LT:lo|VWAP_Dist_ATR:lo|VWAP_Side:==1|Volume:hi,117|145|153|155|156|158|161|181,16.240891,99.710115,501,0.429842,0.406177,1,2.2e-05,21.20075584842148,20.34657927196911
139575,2026.06.11 18:31,LONG,6,6,6,0,18,13,13,0.7222,0.7222,11.555,11.555,128.4,0,D2D_ATR_MA:hi|DailyOpen_Dist_ATR:lo|DailyOpen_Side:==1|Micro_HLAsymmetry:lo|Micro_IBSP:hi|Micro_LogReturn:hi|Micro_MicroGap:hi|Micro_VPIN:lo|OR_Low_Side:==-1|ST_Flip_Event:==-1|Slope_Accel_ST:lo|VWAP_Side:==1|Volume:hi,61|65|88|90|114|162,17.047719,40.614262,371,0.499911,0.714035,1,-3e-06,16.435780104648117,15.954503499974125
139692,2026.06.11 20:28,LONG,6,6,6,0,18,15,15,0.8333,0.8333,13.228,13.228,1062.0,0,AT_Regime_LT:==1|D2D_Signal:==1|DailyOpen_Dist_ATR:lo|Lower_Wick:lo|Micro_OrderFlowDelta:hi|Micro_Rejection:lo|MultiDay_Position:hi|OBV_Velocity:hi|PoC_Side:==1|Round_1000_Dist_ATR:lo|Session_High_Dist_ATR:lo|Upper_Wick:hi|VWAP_Dist_ATR:lo|VWAP_Side:==1|Volume:hi,104|133|143|145|180|181,26.62221,167.330136,337,0.420879,1.091316,1,-4.1e-05,16.435780104648117,15.954503499974125
139693,2026.06.11 20:29,LONG,5,4,4,0,15,7,7,0.4667,0.4667,6.305,6.305,336.0,0,AT_Regime_LT:==1|Micro_Entropy:lo|Micro_MomoTransfer:hi|Micro_RangeAccel:lo|Micro_RangeVelocity:lo|MultiDay_Position:hi|Round_1000_Dist_ATR:lo,85|86|100|101|143,29.917499,230.890397,552,0.552225,0.460998,1,0.000321,13.933964781772266,13.604790342516026
139694,2026.06.11 20:30,LONG,3,3,3,0,9,7,7,0.7778,0.7778,6.24,6.24,252.0,0,ADX_Value:hi|Harmonic_LLEMA:hi|Micro_MicroGap:hi|Micro_Rejection:lo|Micro_RollProxy:hi|Micro_WickImbalance:lo|OBV_Macd:lo,123|126|128,33.35888,199.051583,560,0.551128,0.060286,1,0.000494,8.665108670454496,8.56108508618842
139718,2026.06.11 20:54,LONG,5,5,5,0,15,8,8,0.5333,0.5333,6.42,6.42,78.0,0,AT_Slope_ST:lo|D2D_ATR_MA:hi|Micro_GarmanKlass:hi|Micro_VolOfVol:hi|Momentum_Value:lo|OBVf_Signal:==1|PrevDay_Close_Dist_ATR:hi|Volume:hi,35|37|60|87|121,43.274054,31.005437,390,0.332209,-0.032252,1,-7.2e-05,13.933964781772266,13.604790342516026
139722,2026.06.11 20:58,LONG,10,6,6,0,30,15,15,0.5,0.5,11.734,11.734,130.2,0,ADX_Rising:==0|AT_Regime_ST:==1|AT_Slope_ST:lo|D2D_ATR_MA:hi|Micro_HLAsymmetry:hi|Micro_OrderFlowDelta:lo|Micro_Rejection:lo|Micro_RollProxy:lo|Micro_VolOfVol:hi|Momentum_Value:lo|OBVf_Signal:==1|Round_100_Dist_ATR:lo|Session_High_Dist_ATR:lo|Slope_EMA_ST:lo|Volume:hi,35|37|60|121|166|167|174|175|176|178,36.120246,41.127813,379,0.423033,-0.303931,1,-8.4e-05,25.67729340170544,24.370762681353153
140637,2026.06.12 13:28,SHORT,4,4,4,0,12,11,11,0.9167,0.9167,10.691,10.691,-558.8,1,Bar_Range:hi|D2D_Dynamic_Sensitivity:lo|Micro_IBSP:lo|Micro_VPIN:lo|Micro_WickImbalance:hi|MultiDay_Position:hi|PrevDay_High_Side:==1|PrevDay_Low_Dist_ATR:hi|RangeOsc_State:==-1|Slope_Accel_LT:lo|Slope_EMA_LT:hi,212|222|225|286,46.579774,34.181801,290,0.318243,-0.526596,-1,-0.000137,11.61144858072867,11.371771386700862
140826,2026.06.12 16:37,SHORT,4,4,4,0,12,9,9,0.75,0.75,8.485,8.485,476.8,0,Bar_Range:hi|Lower_Wick:lo|Micro_BarOverlap:hi|Micro_HLAsymmetry:lo|Micro_LogReturn:hi|Micro_RangeVelocity:lo|Micro_ThrustEff:lo|MultiDay_Slope:hi|PrevDay_High_Side:==1,211|241|254|258,29.031356,67.868968,364,0.344427,0.0,-1,-0.000127,11.61144858072867,11.371771386700862
140849,2026.06.12 17:00,LONG,10,10,10,0,30,21,21,0.7,0.7,18.572,18.572,840.0,0,AT_Regime_LT:==1|D2D_ATR_MA:hi|D2D_Signal:==1|DailyOpen_Dist_ATR:lo|DailyOpen_Side:==1|Micro_HLAsymmetry:hi|Micro_IBSP:hi|Micro_LogReturn:hi|Micro_TickIntensity:lo|MultiDay_Position:hi|OR_High_Side:==-1|OR_Low_Side:==-1|OR_Position:lo|PrevDay_High_Side:==1|Round_1000_Dist_ATR:lo|Round_100_Dist_ATR:lo|Round_500_Dist_ATR:lo|Slope_Accel_LT:lo|VWAP_Dist_ATR:lo|VWAP_Side:==1|Volume:hi,62|65|90|143|144|153|156|158|160|181,31.142167,75.569651,391,0.37619,2.142924,1,9.1e-05,25.67729340170544,24.370762681353153
140858,2026.06.12 17:09,LONG,4,4,4,0,12,11,11,0.9167,0.9167,10.691,10.691,50.4,0,AT_Regime_LT:==1|D2D_ATR_MA:hi|DailyOpen_Side:==1|Micro_Entropy:lo|Micro_HLAsymmetry:lo|MultiDay_Position:hi|OR_Low_Side:==-1|OR_Position:lo|PrevDay_High_Side:==1|Round_1000_Dist_ATR:lo|Round_500_Dist_ATR:lo,62|84|143|144,29.652522,25.932276,260,0.387233,-0.019281,1,0.000246,11.345701020588308,11.143020262773083
140860,2026.06.12 17:11,LONG,5,5,5,0,15,12,12,0.8,0.8,11.368,11.368,-509.0,1,AT_Regime_LT:==1|D2D_ATR_MA:hi|DailyOpen_Side:==1|Lower_Wick:lo|Micro_OrderFlowDelta:lo|Micro_WickImbalance:hi|MultiDay_Position:hi|OR_Low_Side:==-1|OR_Position:lo|PrevDay_High_Side:==1|Round_1000_Dist_ATR:lo|Round_500_Dist_ATR:lo,62|106|116|143|144,29.879373,23.950698,306,0.545632,-0.294355,1,0.000202,13.933964781772266,13.604790342516026
140866,2026.06.12 17:17,LONG,3,3,3,0,9,9,9,1.0,1.0,9.0,9.0,141.0,0,AT_Regime_LT:==1|D2D_ATR_MA:hi|DailyOpen_Side:==1|MultiDay_Position:hi|OR_Low_Side:==-1|OR_Position:lo|PrevDay_High_Side:==1|Round_1000_Dist_ATR:lo|Round_500_Dist_ATR:lo,62|143|144,22.619629,44.127114,356,0.547036,0.577876,1,1.5e-05,8.665108670454496,8.56108508618842
140868,2026.06.12 17:19,LONG,6,3,3,0,18,15,15,0.8333,0.8333,13.877,13.877,74.1,0,AT_Regime_LT:==1|D2D_ATR_MA:hi|DailyOpen_Side:==1|Micro_Entropy:lo|Micro_HLAsymmetry:lo|Micro_OrderFlowDelta:lo|Micro_RangeVelocity:lo|MultiDay_Position:hi|OR_Low_Side:==-1|OR_Position:lo|PrevDay_High_Side:==1|Round_1000_Dist_ATR:lo|Round_500_Dist_ATR:lo|ST_Flip_Event:==-1|Sqz_State:==-1,62|84|106|110|143|144,21.792677,25.622397,266,0.572831,-0.117085,1,-0.0,16.435780104648117,15.954503499974125
140893,2026.06.12 17:44,LONG,7,7,7,0,21,17,17,0.8095,0.8095,15.73,15.73,170.1,0,AT_Regime_LT:==1|AT_Regime_ST:==1|Bar_Range:hi|D2D_ATR_MA:hi|DailyOpen_Side:==1|Micro_Lambda:lo|Micro_OrderFlowDelta:lo|MultiDay_Position:hi|OR_High_Side:==-1|OR_Low_Side:==-1|OR_Position:lo|PrevDay_High_Side:==1|RangeOsc_State:==2|Round_1000_Dist_ATR:lo|Round_500_Dist_ATR:lo|ST_Flip_Event:==-1|Slope_Accel_LT:hi,46|62|106|143|144|148|151,21.71231,45.519617,343,0.480318,0.054921,1,-1e-06,18.856446644718016,18.199528660922656
140899,2026.06.12 17:50,LONG,6,6,6,0,18,15,15,0.8333,0.8333,13.877,13.877,649.8,0,AT_Regime_LT:==1|AT_Slope_ST:lo|D2D_ATR_MA:hi|DailyOpen_Side:==1|Micro_IBSP:hi|Micro_RangeAccel:hi|Micro_RangeVelocity:hi|MultiDay_Position:hi|OR_Low_Side:==-1|OR_Position:lo|PrevDay_High_Side:==1|RangeOsc_State:==2|Round_1000_Dist_ATR:lo|Round_500_Dist_ATR:lo|Slope_EMA_ST:lo,31|62|90|143|144|172,16.443852,37.084177,310,0.415126,0.593245,1,-9.2e-05,16.435780104648117,15.954503499974125
140982,2026.06.12 19:13,LONG,21,21,21,0,63,27,27,0.4286,0.4286,22.297,22.297,882.0,0,AT_Regime_ST:==1|AT_Slope_ST:lo|Body_Size:hi|D2D_ATR_MA:hi|D2D_Signal:==1|Micro_FailedBreak:hi|Micro_HLAsymmetry:hi|Micro_MicroGap:hi|Micro_OrderFlowDelta:hi|Micro_RangeAccel:hi|Micro_RangeVelocity:hi|Micro_Rejection:lo|Micro_RollProxy:hi|Micro_VolOfVol:hi|Micro_WickImbalance:lo|Momentum_Value:hi|OBV_Macd:lo|OBVf_Signal:==-1|PoC_Side:==1|PrevDay_High_Side:==1|Round_100_Dist_ATR:lo|Session_High_Dist_ATR:lo|Slope_Accel_LT:lo|Slope_EMA_ST:lo|Upper_Wick:hi|Volume:hi|Volume_Ratio_10:hi,30|37|38|39|41|60|126|132|145|153|157|159|160|161|165|167|170|175|176|177|180,30.095141,91.61745,395,0.321452,0.714929,1,-8.7e-05,46.28470196545552,41.56260791425236
142195,2026.06.15 16:41,LONG,6,6,6,0,18,10,10,0.5556,0.5556,8.333,8.333,153.0,0,ADX_Rising:==0|Bar_Range:hi|Harmonic_OBVf_Concordance:==0|KAMA_Dist:lo|Lower_Wick:hi|Micro_Lambda:lo|Micro_RollProxy:hi|Micro_WickImbalance:hi|RangeOsc_State:==2|Volume:hi,46|71|72|73|76|92,36.501982,47.491174,419,0.39042,0.0,1,4.4e-05,16.435780104648117,15.954503499974125
143573,2026.06.16 16:54,LONG,3,3,3,0,9,7,7,0.7778,0.7778,6.614,6.614,-467.4,1,AT_Slope_ST:lo|D2D_DirStep:==-1|Micro_FractalDim:lo|Micro_Hurst:hi|Micro_RangeVelocity:hi|Round_1000_Dist_ATR:lo|Slope_EMA_ST:lo,27|29|171,24.641866,37.45877,287,0.526357,-0.694096,1,-0.000129,8.665108670454496,8.56108508618842
143611,2026.06.16 17:32,LONG,8,8,8,0,24,12,12,0.5,0.5,9.77,9.77,128.0,0,AT_Slope_ST:lo|Bar_Range:hi|D2D_DirStep:==-1|Micro_AutoCorr:hi|Micro_HLAsymmetry:hi|Micro_LogReturn:hi|Micro_RangeAccel:hi|Micro_RangeVelocity:hi|Micro_Rejection:lo|Micro_WickImbalance:lo|Round_100_Dist_ATR:lo|Slope_EMA_ST:lo,22|23|24|49|167|170|171|175,20.376591,31.622087,333,0.435074,0.379482,1,-0.000111,21.20075584842148,20.34657927196911
144914,2026.06.17 16:30,LONG,5,5,5,0,15,11,11,0.7333,0.7333,10.009,10.009,147.0,0,D2D_Signal:==1|DailyOpen_Side:==-1|OR_High_Side:==-1|OR_Position:hi|PoC_Side:==1|Session_High_Dist_ATR:lo|Session_Low_Dist_ATR:lo|Upper_Wick:hi|VWAP_Dist_ATR:lo|VWAP_Side:==1|Volume:hi,145|146|147|180|181,20.694319,53.951157,472,0.441268,0.894142,1,9e-06,13.933964781772266,13.604790342516026
144924,2026.06.17 16:40,LONG,5,5,5,0,15,11,11,0.7333,0.7333,9.449,9.449,614.0,0,DailyOpen_Side:==-1|Dist_To_PoC_ATR:lo|Micro_Rejection:lo|Micro_VolOfVol:lo|OR_Low_Side:==1|OR_Position:hi|PrevDay_Close_Side:==-1|RangeOsc_Val:hi|Round_1000_Dist_ATR:lo|Session_Low_Dist_ATR:lo|Slope_EMA_ST:hi,66|112|142|146|163,34.975517,34.948592,386,0.369506,0.286135,1,0.000136,13.933964781772266,13.604790342516026
145186,2026.06.17 21:02,SHORT,6,6,6,0,18,11,11,0.6111,0.6111,9.442,9.442,252.0,0,D2D_Dynamic_Sensitivity:lo|EMA_Oscillator:lo|Lower_Wick:lo|Micro_Entropy:lo|Micro_WickImbalance:lo|MultiDay_Slope:lo|OBV_Macd:lo|Upper_Wick:hi|VAH_Side:==-1|VAL_Side:==0|Volume:hi,220|221|223|226|244|245,34.143131,96.477287,480,0.403357,-0.412118,-1,-0.000176,17.045884868532983,16.47150210578053
145188,2026.06.17 21:04,SHORT,7,6,6,0,21,16,16,0.7619,0.7619,14.725,14.725,252.0,0,D2D_Dynamic_Sensitivity:lo|DailyOpen_Dist_ATR:lo|Efficiency_Ratio:hi|Micro_Entropy:lo|Micro_OrderFlowDelta:lo|Micro_TickIntensity:lo|MultiDay_Slope:lo|OBV_Macd:lo|OBV_Velocity:lo|PoC_Side:==0|PrevDay_High_Dist_ATR:lo|PrevDay_Low_Side:==1|RangeOsc_Val:lo|VAH_Side:==0|VWAP_Z:lo|Volume_Avg_10:hi,223|224|227|229|246|265|276,38.849862,83.499021,473,0.365884,-0.508988,-1,-0.000343,19.676030442106526,18.888596375345333
145202,2026.06.17 21:18,SHORT,4,4,4,0,12,7,7,0.5833,0.5833,5.744,5.744,255.2,0,D2D_ATR_MA:hi|Micro_CSSpread:lo|Micro_OrderFlowDelta:hi|Micro_TickIntensity:hi|Session_High_Dist_ATR:hi|Slope_Accel_LT:lo|Sqz_Val:hi,217|284|291|292,31.681084,22.258755,417,0.37871,0.0,-1,0.000108,11.61144858072867,11.371771386700862
145222,2026.06.17 21:38,LONG,21,21,21,0,63,28,28,0.4444,0.4444,20.012,20.012,1077.3,0,AT_Lookback_ST:hi|AT_Slope_LT:lo|AT_Slope_ST:lo|Body_Size:hi|D2D_ATR_MA:hi|D2D_Signal:==1|DailyOpen_Dist_ATR:lo|Micro_FailedBreak:hi|Micro_HLAsymmetry:hi|Micro_Hurst:hi|Micro_OrderFlowDelta:hi|Micro_RangeVelocity:hi|Micro_VPIN:lo|Micro_VolOfVol:hi|Micro_WickImbalance:lo|Momentum_Value:hi|OBV_Macd:lo|OBV_Velocity:hi|OBVf_Signal:==1|PrevDay_High_Side:==-1|RangeOsc_State:==-2|Round_1000_Dist_ATR:lo|Session_Low_Dist_ATR:lo|Slope_EMA_ST:lo|Sqz_State:==1|Sqz_Val:hi|VWAP_Side:==-1|Volume:hi,4|13|16|17|26|28|29|30|34|35|37|39|44|60|130|133|165|168|169|177|179,24.212122,47.766436,411,0.53398,0.586186,1,-4.5e-05,46.28470196545552,41.56260791425236
145240,2026.06.17 21:56,LONG,9,9,9,0,27,19,19,0.7037,0.7037,16.007,16.007,-870.3,1,AT_Regime_LT:==1|AT_Regime_ST:==1|AT_Slope_LT:lo|AT_Slope_ST:lo|EMA_Oscillator:lo|KAMA_Dist:lo|Micro_HLAsymmetry:lo|Micro_RangeAccel:lo|Micro_RangeVelocity:lo|Micro_Rejection:lo|Micro_RollProxy:hi|OR_Position:lo|RangeOsc_State:==-1|RangeOsc_Val:lo|Round_100_Dist_ATR:lo|Session_Low_Dist_ATR:lo|Slope_EMA_ST:lo|Upper_Wick:hi|Volume:hi,14|32|33|43|44|68|77|173|175,20.524395,46.837895,382,0.378926,-0.245528,1,-0.000104,23.473053431498993,22.401786415067697
145292,2026.06.17 22:48,SHORT,4,4,4,0,12,6,6,0.5,0.5,5.117,5.117,59.6,0,AT_Lookback_ST:hi|D2D_ATR_MA:hi|Micro_OrderFlowDelta:hi|Micro_TickIntensity:hi|Session_High_Dist_ATR:hi|Sqz_Val:hi,194|217|291|292,41.16767,29.85617,399,0.358891,-0.050241,-1,-0.000208,11.61144858072867,11.371771386700862
145304,2026.06.17 23:00,SHORT,4,4,4,0,12,11,11,0.9167,0.9167,10.691,10.691,84.0,0,AT_Score_LT:lo|AT_Slope_ST:lo|KAMA_Dist:hi|Micro_CSSpread:lo|Micro_IBSP:hi|Micro_Lambda:hi|Micro_MomoTransfer:hi|Micro_RangeAccel:lo|OBVf_Signal:==1|Sqz_Val:hi|TChan_A15:hi,199|208|234|263,27.460995,39.944009,355,0.521885,0.599089,-1,-0.000119,11.61144858072867,11.371771386700862
145305,2026.06.17 23:01,SHORT,5,5,5,0,15,10,10,0.6667,0.6667,8.813,8.813,65.5,0,AT_Lookback_ST:hi|D2D_ATR_MA:hi|Micro_RollProxy:lo|Micro_TickIntensity:hi|Momentum_Value:hi|Session_High_Dist_ATR:hi|Sqz_Val:hi|TChan_A15:hi|Volume:hi|Volume_Ratio_10:lo,194|217|273|292|296,26.205131,26.769682,258,0.483941,-0.168101,-1,-0.000107,14.358215859511613,13.967131712972364
145324,2026.06.17 23:20,LONG,30,30,21,1,90,35,35,0.3889,0.3889,24.158,24.158,228.9,0,AT_Lookback_ST:hi|AT_Regime_ST:==1|AT_Slope_LT:lo|AT_Slope_ST:lo|Bar_Range:hi|Bars_Since_Flip:hi|Body_Size:hi|D2D_DirStep:==1|D2D_Signal:==0|EMA_Oscillator:hi|KAMA_Dist:hi|Micro_AutoCorr:hi|Micro_BarOverlap:lo|Micro_CSSpread:hi|Micro_FailedBreak:hi|Micro_FractalDim:lo|Micro_HLAsymmetry:hi|Micro_LogReturn:hi|Micro_MicroGap:hi|Micro_RangeAccel:hi|Micro_RangeVelocity:hi|Micro_Rejection:lo|Micro_RollProxy:hi|Micro_WickImbalance:lo|Momentum_Value:hi|OBV_Macd:lo|PrevDay_Low_Side:==-1|RangeOsc_State:==-1|RangeOsc_Val:lo|Slope_EMA_ST:lo|TChan_A15:hi|Upper_Wick:hi|VWAP_Side:==-1|VWAP_Sigma:hi|Volume_Ratio_10:hi,2|14|16|19|21|22|23|24|25|26|33|38|39|40|41|42|43|49|50|67|70|111|126|132|165|167|170|177|188|189,15.140028,23.209052,194,0.468028,0.667843,1,-4e-05,59.462564666454256,51.37799378032662
146289,2026.06.18 16:40,LONG,5,5,5,0,15,13,13,0.8667,0.8667,12.469,12.469,131.0,0,AT_Regime_ST:==1|AT_Slope_ST:lo|DailyOpen_Dist_ATR:lo|EMA_Oscillator:lo|Efficiency_Ratio:hi|KAMA_Dist:lo|Lower_Wick:hi|Micro_Amihud:hi|Micro_HLAsymmetry:lo|Micro_RangeVelocity:lo|OR_High_Side:==-1|RangeOsc_State:==2|VWAP_Dist_ATR:lo,20|68|69|78|79,26.228064,48.601735,456,0.414813,-0.298343,1,-0.000101,13.933964781772266,13.604790342516026
146356,2026.06.18 17:47,LONG,4,4,4,0,12,9,9,0.75,0.75,8.485,8.485,46.4,0,Bar_Range:hi|D2D_Persist:hi|Micro_Lambda:lo|Micro_TickIntensity:hi|OBV_Macd:lo|OR_Low_Side:==1|OR_Position:hi|PrevDay_Low_Side:==-1|RangeOsc_State:==2,46|48|64|93,16.632092,24.368085,324,0.442793,-0.102593,1,8.6e-05,11.345701020588308,11.143020262773083
146358,2026.06.18 17:49,LONG,4,4,4,0,12,10,10,0.8333,0.8333,9.524,9.524,-201.6,1,D2D_Persist:hi|Efficiency_Ratio:hi|Lower_Wick:hi|Micro_Lambda:lo|Micro_VPIN:lo|MultiDay_Slope:lo|OBV_Macd:lo|OR_Low_Side:==1|OR_Position:hi|PrevDay_Low_Side:==-1,64|93|122|129,19.672377,23.679875,295,0.410358,-0.12669,1,9.2e-05,11.345701020588308,11.143020262773083
147605,2026.06.19 15:51,LONG,7,7,7,0,21,16,16,0.7619,0.7619,14.362,14.362,434.7,0,AT_Slope_LT:lo|DailyOpen_Side:==-1|Micro_Entropy:lo|Micro_FailedBreak:hi|Micro_Hurst:hi|Micro_OrderFlowDelta:hi|Micro_RangeAccel:lo|Micro_Rejection:lo|Momentum_Value:hi|OR_High_Side:==1|OR_Low_Side:==1|OR_Position:hi|PrevDay_Close_Side:==-1|RangeOsc_Val:hi|ST_Flip_Event:==1|Session_Low_Dist_ATR:lo,15|83|103|112|119|142|146,23.352437,56.744365,366,0.541036,0.713727,1,7.1e-05,18.856446644718016,18.199528660922656
147608,2026.06.19 15:54,LONG,4,4,4,0,12,8,8,0.6667,0.6667,6.735,6.735,110.4,0,DailyOpen_Side:==-1|Micro_Rejection:lo|OR_Low_Side:==1|OR_Position:hi|PrevDay_Close_Side:==-1|RangeOsc_Val:hi|Session_Low_Dist_ATR:lo|Slope_EMA_ST:hi,112|142|146|163,30.530447,27.986887,262,0.554197,0.0,1,0.000171,11.345701020588308,11.143020262773083
147857,2026.06.22 01:08,SHORT,4,4,4,0,12,11,11,0.9167,0.9167,10.691,10.691,221.2,0,D2D_Dynamic_Sensitivity:lo|EMA_Oscillator:lo|Lower_Wick:lo|Micro_IBSP:lo|Micro_TickIntensity:lo|Micro_WickImbalance:hi|OBV_Velocity:lo|OBVf_DirStepCount:hi|PoC_Side:==0|VAL_Side:==0|WeeklyOpen_Side:==-1,220|222|276|277,47.888787,24.306663,68,0.423638,-0.781679,-1,-0.000104,11.61144858072867,11.371771386700862
147969,2026.06.22 03:00,LONG,7,7,7,0,21,15,15,0.7143,0.7143,13.229,13.229,308.7,0,ADX_Rising:==0|AT_Regime_ST:==1|AT_Slope_LT:lo|Bar_Range:hi|D2D_Signal:==1|Micro_AutoCorr:hi|Micro_FailedBreak:hi|Micro_VolOfVol:hi|PrevDay_Close_Side:==-1|PrevDay_High_Dist_ATR:lo|Session_High_Dist_ATR:lo|Slope_EMA_ST:lo|VWAP_Side:==-1|Volume:hi|WeeklyOpen_Side:==-1,16|49|136|139|145|176|178,33.040389,41.758602,258,0.460561,1.867879,1,-1.4e-05,18.856446644718016,18.199528660922656
147976,2026.06.22 03:07,LONG,4,4,4,0,12,10,10,0.8333,0.8333,9.524,9.524,434.0,0,ADX_Value:hi|Micro_OrderFlowDelta:lo|Micro_Rejection:lo|PrevDay_Close_Side:==-1|PrevDay_High_Dist_ATR:lo|Session_Low_Dist_ATR:lo|Slope_EMA_ST:hi|VWAP_Sigma:lo|Volume:hi|WeeklyOpen_Side:==-1,107|113|136|163,38.014124,26.546491,242,0.434435,-0.226019,1,0.000134,11.345701020588308,11.143020262773083
148856,2026.06.22 17:47,SHORT,4,4,4,0,12,10,10,0.8333,0.8333,9.524,9.524,53.2,0,AT_Regime_ST:==0|Bar_Range:hi|Lower_Wick:lo|Micro_FailedBreak:lo|Micro_HLAsymmetry:hi|Micro_RangeVelocity:lo|Micro_VPIN:lo|Micro_VolAccel:hi|RangeOsc_State:==-1|Slope_EMA_LT:hi,211|248|269|286,26.816128,27.120229,378,0.338916,-0.442474,-1,1.4e-05,11.61144858072867,11.371771386700862
150175,2026.06.23 17:01,LONG,9,9,9,0,27,16,16,0.5926,0.5926,12.024,12.024,231.3,0,AT_Slope_ST:lo|D2D_DirStep:==1|DailyOpen_Side:==-1|Micro_AutoCorr:hi|Micro_BarOverlap:lo|Micro_LogReturn:hi|Micro_RangeVelocity:hi|Micro_VPIN:lo|OBVf_Signal:==1|OR_Position:hi|PrevDay_Close_Side:==-1|RangeOsc_Val:hi|Session_Low_Dist_ATR:lo|TChan_A15:hi|VWAP_Sigma:hi|Volume:hi,21|22|23|25|34|44|82|142|146,24.517001,47.903926,417,0.496703,0.709754,1,-6.9e-05,23.473053431498993,22.401786415067697
150216,2026.06.23 17:42,LONG,10,10,10,0,30,16,16,0.5333,0.5333,12.754,12.754,200.0,0,AT_Slope_ST:lo|D2D_DirStep:==-1|Micro_BarOverlap:lo|Micro_FailedBreak:hi|Micro_HLAsymmetry:hi|Micro_Hurst:hi|Micro_RangeAccel:hi|Micro_RangeVelocity:hi|Micro_Rejection:lo|Micro_WickImbalance:lo|PrevDay_High_Side:==-1|Round_1000_Dist_ATR:lo|Round_100_Dist_ATR:lo|Slope_EMA_ST:lo|VWAP_Sigma:hi|Volume_Avg_10:hi,25|28|29|165|167|168|170|171|175|182,19.158772,38.388461,392,0.514813,0.416792,1,-8.9e-05,25.67729340170544,24.370762681353153
150218,2026.06.23 17:44,LONG,3,3,3,0,9,7,7,0.7778,0.7778,6.614,6.614,112.5,0,AT_Slope_ST:lo|D2D_DirStep:==-1|Micro_Hurst:hi|Micro_RangeVelocity:hi|PrevDay_High_Side:==-1|Round_1000_Dist_ATR:lo|Slope_EMA_ST:lo,29|168|171,16.839079,36.219814,364,0.546905,-0.803428,1,-6.5e-05,8.665108670454496,8.56108508618842
150219,2026.06.23 17:45,LONG,5,3,3,0,15,11,11,0.7333,0.7333,10.364,10.364,104.4,0,AT_Regime_ST:==1|AT_Slope_ST:lo|Bar_Range:hi|EMA_Oscillator:lo|Micro_AutoCorr:hi|Micro_HLAsymmetry:lo|Micro_Hurst:hi|Micro_WickImbalance:lo|PrevDay_High_Side:==-1|Round_1000_Dist_ATR:lo|Slope_EMA_ST:lo,24|29|49|68|168,15.998371,34.035454,358,0.550298,-0.381955,1,-6.9e-05,13.933964781772266,13.604790342516026
150414,2026.06.23 21:00,SHORT,4,4,4,0,12,7,7,0.5833,0.5833,6.0,6.0,52.4,0,ATR_1M:hi|Micro_BarOverlap:lo|Micro_CSSpread:hi|Micro_HLAsymmetry:hi|MultiDay_Slope:hi|OR_High_Side:==1|RangeOsc_State:==2,191|192|243|252,23.285618,26.874688,289,0.427074,2.344213,-1,-8.4e-05,11.61144858072867,11.371771386700862
150479,2026.06.23 22:05,LONG,6,6,6,0,18,14,14,0.7778,0.7778,13.228,13.228,-649.2,1,AT_Regime_LT:==1|AT_Regime_ST:==1|Bars_Since_Flip:hi|Micro_CSSpread:hi|Micro_FailedBreak:hi|Micro_Rejection:lo|MultiDay_Position:hi|OBV_Macd:lo|Round_1000_Dist_ATR:lo|Session_Low_Dist_ATR:lo|Upper_Wick:hi|VA_Position:hi|Volume_Avg_10:hi|Volume_Ratio_10:hi,50|57|131|132|143|182,24.383499,26.303376,298,0.398383,0.798377,1,-3.2e-05,16.435780104648117,15.954503499974125
150482,2026.06.23 22:08,LONG,6,3,3,0,18,13,13,0.7222,0.7222,12.247,12.247,56.1,0,AT_Regime_ST:==1|Bars_Since_Flip:hi|Micro_CSSpread:hi|Micro_Hurst:hi|Micro_LogReturn:lo|Micro_Rejection:lo|Momentum_Value:hi|OBV_Macd:lo|OR_High_Side:==0|Session_Low_Dist_ATR:lo|Upper_Wick:hi|VA_Position:hi|Volume_Avg_10:hi,50|57|97|118|125|131,26.055634,20.571934,229,0.536382,-0.29166,1,-2.6e-05,16.435780104648117,15.954503499974125
150524,2026.06.23 22:50,SHORT,5,5,5,0,15,14,14,0.9333,0.9333,13.676,13.676,67.5,0,AT_Lookback_ST:hi|AT_Score_LT:lo|Micro_BarEntropy:lo|Micro_BarOverlap:lo|Micro_Hurst:hi|Micro_LogReturn:hi|Micro_OrderFlowDelta:hi|Micro_PriceAccel:lo|Micro_TickIntensity:hi|RangeOsc_State:==-2|Session_High_Dist_ATR:lo|Sqz_Val:hi|VWAP_Sigma:hi|Volume_Ratio_10:hi,194|200|240|242|295,15.897213,27.468148,364,0.569852,0.709913,-1,-2.1e-05,14.358215859511613,13.967131712972364
151509,2026.06.24 16:30,LONG,12,12,12,0,36,24,24,0.6667,0.6667,20.55,20.55,759.6,0,ADX_Rising:==0|AT_Regime_LT:==1|AT_Regime_ST:==1|Bar_Range:hi|Bars_Since_Flip:hi|D2D_Signal:==1|Micro_AutoCorr:hi|Micro_CSSpread:hi|Micro_Hurst:hi|Micro_MomoTransfer:hi|Micro_RangeAccel:lo|Micro_RangeVelocity:hi|Micro_VolOfVol:hi|Momentum_Value:hi|OBV_Macd:lo|PoC_Side:==1|PrevDay_High_Side:==-1|Session_High_Dist_ATR:lo|Slope_EMA_ST:lo|Upper_Wick:hi|VWAP_Dist_ATR:lo|VWAP_Side:==1|Volume:hi|Volume_Ratio_10:hi,49|50|100|118|132|145|168|176|177|178|180|181,41.721503,57.753512,485,0.546904,0.220593,1,-3.7e-05,29.895732127216817,28.07020869698633
151516,2026.06.24 16:37,LONG,13,13,13,0,39,20,20,0.5128,0.5128,15.962,15.962,308.1,0,ADX_Value:hi|Bar_Range:hi|DailyOpen_Side:==-1|Micro_HLAsymmetry:lo|Micro_Lambda:lo|Micro_LogReturn:hi|Micro_MicroGap:hi|Micro_OrderFlowDelta:lo|Micro_Rejection:lo|Micro_TickIntensity:hi|Micro_VPIN:lo|Micro_WickImbalance:lo|OR_Low_Side:==1|OR_Position:hi|RangeOsc_State:==2|Session_Low_Dist_ATR:lo|Slope_EMA_ST:hi|VWAP_Sigma:lo|Volume:hi|Volume_Avg_10:hi,46|88|89|94|107|112|113|146|163|183|184|186|187,39.044256,44.459614,407,0.418333,0.0,1,0.000184,31.916270451489858,29.809780066432648
151527,2026.06.24 16:48,LONG,6,6,6,0,18,11,11,0.6111,0.6111,9.442,9.442,683.4,0,Bar_Range:hi|Micro_IBSP:lo|Micro_Lambda:lo|Micro_OrderFlowDelta:lo|Micro_Rejection:lo|OR_Low_Side:==1|RangeOsc_State:==2|Session_Low_Dist_ATR:lo|VWAP_Sigma:lo|Volume:hi|Volume_Avg_10:hi,46|91|112|113|184|186,25.23057,38.957668,447,0.423312,-0.372199,1,8e-06,16.435780104648117,15.954503499974125
151532,2026.06.24 16:53,LONG,4,4,4,0,12,8,8,0.6667,0.6667,7.237,7.237,198.0,0,AT_Regime_LT:==1|Micro_HLAsymmetry:lo|Micro_OrderFlowDelta:lo|MultiDay_Position:hi|OR_Position:hi|Round_1000_Dist_ATR:lo|VWAP_Sigma:lo|Volume_Avg_10:hi,89|143|183|184,30.296494,46.240534,431,0.549229,-0.162195,1,0.000221,11.345701020588308,11.143020262773083
151540,2026.06.24 17:01,LONG,6,5,5,0,18,12,12,0.6667,0.6667,11.014,11.014,71.0,0,AT_Regime_LT:==1|Bar_Range:hi|Micro_MomoTransfer:hi|Micro_RangeAccel:lo|Micro_Rejection:lo|Micro_TickIntensity:hi|Micro_WickImbalance:lo|MultiDay_Position:hi|Round_1000_Dist_ATR:lo|VWAP_Sigma:lo|Volume:hi|Volume_Avg_10:hi,47|100|113|143|186|187,24.184852,28.612811,413,0.471554,0.174747,1,4.3e-05,16.435780104648117,15.954503499974125
151543,2026.06.24 17:04,LONG,7,4,4,0,21,9,9,0.4286,0.4286,6.916,6.916,130.8,0,Micro_HLAsymmetry:lo|Micro_IBSP:lo|Micro_OrderFlowDelta:lo|Micro_Rejection:lo|Micro_WickImbalance:lo|OR_Position:hi|VWAP_Sigma:lo|Volume:hi|Volume_Avg_10:hi,89|91|113|183|184|186|187,22.529391,29.726303,412,0.446596,-0.134561,1,7e-05,18.856446644718016,18.199528660922656
151644,2026.06.24 18:45,LONG,4,4,4,0,12,8,8,0.6667,0.6667,6.928,6.928,51.6,0,ADX_Rising:==0|AT_Score_LT:hi|KAMA_Dist:lo|Lower_Wick:hi|Micro_GarmanKlass:hi|Micro_Rejection:hi|Micro_WickImbalance:hi|Volume:hi,5|71|73|76,33.356503,26.501005,268,0.307465,-0.001887,1,9.9e-05,11.345701020588308,11.143020262773083
151645,2026.06.24 18:46,SHORT,4,4,4,0,12,9,9,0.75,0.75,8.123,8.123,51.6,0,AT_Slope_ST:hi|Bar_Range:hi|D2D_ATR:hi|Micro_GarmanKlass:hi|OR_High_Dist_ATR:hi|PrevDay_High_Side:==1|PrevDay_Low_Dist_ATR:hi|Sqz_State:==-1|WeeklyOpen_Dist_ATR:hi,206|212|215|250,32.401154,26.497749,227,0.307462,0.073591,-1,9.7e-05,11.61144858072867,11.371771386700862
151649,2026.06.24 18:50,SHORT,7,7,7,0,21,13,13,0.619,0.619,11.782,11.782,95.9,0,AT_Regime_ST:==0|AT_Slope_ST:hi|Bar_Range:hi|D2D_ATR:hi|Lower_Wick:lo|Micro_GarmanKlass:hi|Micro_Hurst:hi|Micro_RangeVelocity:lo|OR_High_Dist_ATR:hi|PrevDay_High_Side:==1|PrevDay_Low_Dist_ATR:hi|Sqz_State:==-1|WeeklyOpen_Dist_ATR:hi,206|210|211|212|215|250|269,28.742566,27.876215,295,0.515347,0.394602,-1,9e-05,19.676030442106526,18.888596375345333
151660,2026.06.24 19:01,SHORT,4,4,4,0,12,9,9,0.75,0.75,8.123,8.123,40.8,0,AT_Slope_ST:hi|Bar_Range:hi|D2D_ATR:hi|Micro_GarmanKlass:hi|OR_High_Dist_ATR:hi|PrevDay_High_Side:==1|PrevDay_Low_Dist_ATR:hi|Sqz_State:==-1|WeeklyOpen_Dist_ATR:hi,206|212|215|250,21.625201,22.018976,217,0.31757,0.158954,-1,7.6e-05,11.61144858072867,11.371771386700862
151700,2026.06.24 19:41,SHORT,4,4,4,0,12,9,9,0.75,0.75,8.123,8.123,63.6,0,AT_Score_LT:hi|D2D_ATR:hi|Micro_GarmanKlass:hi|Micro_Rejection:hi|PrevDay_High_Side:==1|Slope_Accel_LT:lo|Volume:hi|Volume_Ratio_10:hi|WeeklyOpen_Dist_ATR:hi,198|215|250|283,15.106018,31.438677,338,0.493779,0.222656,-1,3.9e-05,11.61144858072867,11.371771386700862
151702,2026.06.24 19:43,SHORT,4,4,4,0,12,9,9,0.75,0.75,8.123,8.123,53.6,0,ADX_Value:lo|D2D_ATR:hi|EMA_Oscillator:lo|Lower_Wick:hi|Micro_GarmanKlass:hi|Micro_Hurst:hi|Micro_LogReturn:lo|PrevDay_High_Side:==1|WeeklyOpen_Dist_ATR:hi,215|230|250|259,18.444834,27.273544,281,0.505442,0.311657,-1,3.6e-05,11.61144858072867,11.371771386700862
151725,2026.06.24 20:06,SHORT,4,4,4,0,12,9,9,0.75,0.75,8.123,8.123,944.8,0,Bar_Range:hi|D2D_ATR:hi|Micro_GarmanKlass:hi|Micro_VPIN:lo|PrevDay_High_Side:==1|PrevDay_Low_Dist_ATR:hi|RangeOsc_State:==-1|Slope_EMA_LT:hi|WeeklyOpen_Dist_ATR:hi,212|215|250|286,29.287656,23.455235,252,0.485345,-0.874005,-1,-5.5e-05,11.61144858072867,11.371771386700862
151774,2026.06.24 20:55,LONG,16,16,16,0,48,26,26,0.5417,0.5417,18.822,18.822,195.2,0,AT_Lookback_ST:hi|AT_Regime_LT:==1|AT_Regime_ST:==1|AT_Slope_LT:lo|AT_Slope_ST:lo|Bars_Since_Flip:hi|Body_Size:hi|D2D_ATR:hi|D2D_Signal:==1|Lower_Wick:lo|Micro_BarOverlap:lo|Micro_FailedBreak:hi|Micro_HLAsymmetry:hi|Micro_PriceAccel:hi|Micro_RangeVelocity:hi|Micro_RollProxy:hi|Micro_WickImbalance:hi|Momentum_Value:hi|OBV_Macd:lo|RangeOsc_State:==-1|RangeOsc_Val:lo|Slope_Accel_LT:lo|Slope_EMA_ST:lo|VA_Position:hi|VWAP_Sigma:hi|Volume:hi,2|14|16|25|33|38|39|41|42|43|58|108|116|131|153|177,25.609204,25.304054,330,0.391202,0.810147,1,-9.3e-05,37.65615051759335,34.63546870910648
151778,2026.06.24 20:59,LONG,14,12,5,1,42,22,22,0.5238,0.5238,16.457,16.457,129.0,0,AT_Regime_LT:==1|AT_Regime_ST:==1|AT_Slope_LT:lo|AT_Slope_ST:lo|Bars_Since_Flip:hi|D2D_ATR:hi|Micro_FractalDim:lo|Micro_Hurst:hi|Micro_OrderFlowDelta:lo|Micro_RangeAccel:lo|Micro_Rejection:lo|Micro_RollProxy:lo|Micro_WickImbalance:hi|OBV_Macd:lo|PrevDay_High_Side:==-1|Round_1000_Dist_ATR:lo|Round_100_Dist_ATR:lo|Slope_Accel_LT:lo|Slope_EMA_ST:lo|Upper_Wick:hi|VA_Position:hi|VWAP_Side:==-1,13|17|19|27|29|32|58|127|131|154|168|169|174|175,22.292353,26.49749,288,0.564565,0.0,1,-7.7e-05,33.88149573876854,31.48140431384581
151780,2026.06.24 21:01,LONG,23,18,5,1,69,29,29,0.4203,0.4203,21.386,21.386,198.5,0,AT_Lookback_ST:hi|AT_Regime_ST:==1|AT_Slope_LT:lo|AT_Slope_ST:lo|Bar_Range:hi|Bars_Since_Flip:hi|D2D_ATR:hi|D2D_DirStep:==-1|Lower_Wick:hi|Micro_AutoCorr:hi|Micro_FailedBreak:hi|Micro_HLAsymmetry:hi|Micro_Hurst:hi|Micro_LogReturn:hi|Micro_RangeVelocity:hi|Micro_WickImbalance:lo|OBV_Macd:lo|PrevDay_High_Side:==-1|RangeOsc_State:==-1|RangeOsc_Val:lo|Round_1000_Dist_ATR:lo|Slope_Accel_LT:lo|Slope_EMA_ST:lo|Sqz_State:==1|TChan_A15:hi|Upper_Wick:hi|VA_Position:hi|Volume:hi|Volume_Ratio_10:hi,4|13|16|17|18|19|22|23|24|28|29|42|49|58|131|132|153|154|164|165|168|171|188,20.117408,38.065063,396,0.545105,0.65677,1,-7e-05,49.451194076210285,44.00539132611583
151784,2026.06.24 21:05,LONG,14,7,5,1,42,21,21,0.5,0.5,16.116,16.116,53.5,0,AT_Lookback_ST:hi|AT_Regime_ST:==1|AT_Slope_LT:lo|AT_Slope_ST:lo|Bar_Range:hi|Bars_Since_Flip:hi|D2D_ATR:hi|D2D_DirStep:==1|Micro_AutoCorr:hi|Micro_HLAsymmetry:hi|Micro_LogReturn:hi|Micro_Rejection:lo|Micro_RollProxy:hi|Micro_TickIntensity:hi|OBV_Macd:lo|RangeOsc_State:==-1|RangeOsc_Val:lo|Slope_EMA_ST:lo|Sqz_State:==1|Upper_Wick:hi|VA_Position:hi,2|4|14|19|21|22|33|42|43|48|49|58|131|167,17.457701,22.886839,359,0.406843,0.045878,1,-6.8e-05,33.88149573876854,31.48140431384581
151785,2026.06.24 21:06,LONG,16,5,5,0,48,23,23,0.4792,0.4792,16.096,16.096,65.0,0,AT_Lookback_ST:hi|AT_Regime_ST:==1|AT_Slope_LT:lo|AT_Slope_ST:lo|Bar_Range:hi|Bars_Since_Flip:hi|D2D_ATR:hi|D2D_DirStep:==1|Micro_AutoCorr:hi|Micro_HLAsymmetry:hi|Micro_LogReturn:hi|Micro_RangeAccel:hi|Micro_RangeVelocity:hi|Micro_Rejection:lo|Micro_RollProxy:hi|Micro_WickImbalance:lo|OBV_Macd:lo|RangeOsc_State:==-1|RangeOsc_Val:lo|Slope_EMA_ST:lo|Sqz_State:==1|Upper_Wick:hi|VA_Position:hi,2|4|14|19|21|22|23|24|33|42|43|49|58|131|167|170,18.059342,26.716041,351,0.36198,-0.037431,1,-6.4e-05,37.65615051759335,34.63546870910648
151791,2026.06.24 21:12,LONG,16,8,5,1,48,22,22,0.4583,0.4583,15.601,15.601,678.5,0,AT_Lookback_ST:hi|AT_Regime_ST:==1|AT_Slope_LT:lo|AT_Slope_ST:lo|Bar_Range:hi|Bars_Since_Flip:hi|D2D_ATR:hi|D2D_Signal:==0|Lower_Wick:hi|Micro_Lambda:lo|Micro_RollProxy:hi|Micro_TickIntensity:hi|Micro_VPIN:lo|Momentum_Value:hi|OBV_Macd:lo|OBVf_Signal:==1|RangeOsc_State:==-1|RangeOsc_Val:lo|Slope_EMA_ST:lo|Sqz_State:==1|Upper_Wick:hi|VA_Position:hi,2|4|14|18|19|33|34|38|40|41|43|48|58|124|131|164,19.18983,21.017144,334,0.410384,-0.142741,1,-4.1e-05,37.65615051759335,34.63546870910648
151794,2026.06.24 21:15,LONG,16,6,5,1,48,22,22,0.4583,0.4583,15.39,15.39,60.0,0,AT_Lookback_ST:hi|AT_Regime_ST:==1|AT_Slope_LT:lo|AT_Slope_ST:lo|Bars_Since_Flip:hi|Body_Size:hi|D2D_ATR:hi|D2D_Signal:==0|Micro_BarOverlap:lo|Micro_FailedBreak:hi|Micro_HLAsymmetry:hi|Micro_Hurst:hi|Micro_RangeVelocity:hi|Momentum_Value:hi|OBV_Macd:lo|PrevDay_High_Side:==-1|RangeOsc_Val:lo|Round_1000_Dist_ATR:lo|Slope_EMA_ST:lo|Sqz_State:==1|VA_Position:hi|VWAP_Sigma:hi,4|13|16|17|25|28|29|38|39|40|42|58|118|131|168|177,19.440545,24.920101,324,0.499455,0.802565,1,-4.5e-05,37.65615051759335,34.63546870910648
151845,2026.06.24 22:06,SHORT,5,5,5,0,15,10,10,0.6667,0.6667,9.449,9.449,95.5,0,AT_Regime_ST:==0|AT_Slope_ST:hi|Bar_Range:hi|DailyOpen_Side:==-1|Lower_Wick:lo|Micro_BarEntropy:lo|Micro_HLAsymmetry:lo|Micro_Hurst:hi|Micro_RangeVelocity:lo|Session_High_Dist_ATR:lo,204|211|240|253|269,24.287576,36.815888,293,0.521967,-0.488919,-1,4.4e-05,14.358215859511613,13.967131712972364
151933,2026.06.24 23:34,LONG,3,3,3,0,9,7,7,0.7778,0.7778,6.614,6.614,82.8,0,Bars_Since_Flip:hi|Micro_CSSpread:hi|Micro_LogReturn:lo|OR_High_Side:==0|Round_500_Dist_ATR:lo|Upper_Wick:hi|VA_Position:hi,50|54|97,26.232251,27.966004,104,0.535211,-1.591218,1,4.5e-05,8.665108670454496,8.56108508618842
152892,2026.06.25 16:48,LONG,8,8,8,0,24,12,12,0.5,0.5,9.587,9.587,200.8,0,AT_Slope_ST:lo|D2D_DirStep:==-1|Micro_HLAsymmetry:hi|Micro_Hurst:hi|Micro_OrderFlowDelta:lo|Micro_RangeAccel:hi|Micro_RangeVelocity:hi|Micro_Rejection:lo|PrevDay_High_Side:==-1|Round_1000_Dist_ATR:lo|Round_100_Dist_ATR:lo|Slope_EMA_ST:lo,28|29|166|167|168|170|171|175,28.803111,46.825211,459,0.509622,-0.21356,1,-0.000149,21.20075584842148,20.34657927196911
152897,2026.06.25 16:53,LONG,3,3,3,0,9,7,7,0.7778,0.7778,6.614,6.614,153.6,0,AT_Slope_ST:lo|Bar_Range:hi|Micro_AutoCorr:hi|Micro_Hurst:hi|PrevDay_High_Side:==-1|Round_1000_Dist_ATR:lo|Slope_EMA_ST:lo,29|49|168,22.669275,47.661793,427,0.535783,-0.115396,1,-0.000117,8.665108670454496,8.56108508618842
152899,2026.06.25 16:55,LONG,8,8,8,0,24,18,18,0.75,0.75,15.896,15.896,672.0,0,ADX_Rising:==0|AT_Regime_ST:==1|AT_Slope_ST:lo|Bar_Range:hi|DailyOpen_Dist_ATR:lo|EMA_Oscillator:lo|KAMA_Dist:lo|Micro_AutoCorr:hi|Micro_FractalDim:lo|Micro_HLAsymmetry:lo|Micro_Hurst:hi|PrevDay_High_Side:==-1|Round_1000_Dist_ATR:lo|Session_High_Dist_ATR:lo|Session_Low_Dist_ATR:lo|Slope_EMA_ST:lo|VWAP_Dist_ATR:lo|Volume:hi,27|29|44|49|68|78|168|178,21.423912,75.539407,458,0.560938,-0.231667,1,-0.000139,21.20075584842148,20.34657927196911
152902,2026.06.25 16:58,LONG,11,6,6,0,33,20,20,0.6061,0.6061,16.166,16.166,252.6,0,ADX_Rising:==0|AT_Regime_ST:==1|AT_Slope_ST:lo|Bar_Range:hi|EMA_Oscillator:lo|Harmonic_OBVf_Concordance:==0|KAMA_Dist:lo|Lower_Wick:hi|Micro_AutoCorr:hi|Micro_FailedBreak:hi|Micro_FractalDim:lo|Micro_HLAsymmetry:lo|Micro_Hurst:hi|Micro_WickImbalance:hi|Momentum_Value:lo|PrevDay_High_Side:==-1|Round_1000_Dist_ATR:lo|Round_500_Dist_ATR:lo|Slope_EMA_ST:lo|Volume:hi,27|29|49|68|71|72|73|75|76|120|168,20.429013,40.119573,457,0.572766,0.560824,1,-0.000118,27.817084794051137,26.258658030358355
152904,2026.06.25 17:00,LONG,5,5,5,0,15,9,9,0.6,0.6,7.585,7.585,2539.5,0,AT_Slope_ST:lo|D2D_DirStep:==-1|Micro_HLAsymmetry:hi|Micro_RangeAccel:hi|Micro_RangeVelocity:hi|Micro_Rejection:lo|Micro_RollProxy:lo|RangeOsc_State:==2|Slope_EMA_ST:lo,31|167|170|171|174,18.596411,42.576882,478,0.467404,0.023487,1,-9e-05,13.933964781772266,13.604790342516026
152905,2026.06.25 17:01,LONG,7,7,7,0,21,11,11,0.5238,0.5238,8.551,8.551,2928.1,0,ADX_Rising:==0|AT_Slope_ST:lo|Bar_Range:hi|D2D_DirStep:==1|Micro_AutoCorr:hi|Micro_LogReturn:hi|Micro_OrderFlowDelta:hi|Micro_RangeVelocity:hi|Micro_WickImbalance:lo|Session_High_Dist_ATR:lo|Slope_EMA_ST:lo,21|22|23|24|30|49|178,18.339937,63.840588,464,0.415336,0.328944,1,-4.8e-05,18.856446644718016,18.199528660922656
152963,2026.06.25 17:59,SHORT,4,4,4,0,12,11,11,0.9167,0.9167,10.691,10.691,89.2,0,AT_Slope_ST:hi|Lower_Wick:lo|Micro_Entropy:lo|Micro_MicroGap:lo|Micro_WickImbalance:lo|OR_High_Dist_ATR:hi|Slope_Accel_ST:hi|Slope_EMA_ST:hi|Sqz_State:==-1|Upper_Wick:hi|VA_Position:hi,205|206|244|288,30.384442,42.169171,340,0.330442,-0.782562,-1,0.00013,11.61144858072867,11.371771386700862
152965,2026.06.25 18:01,SHORT,5,4,4,0,15,12,12,0.8,0.8,11.368,11.368,55.6,0,Bar_Range:hi|D2D_ATR:hi|Lower_Wick:lo|Micro_Entropy:lo|Micro_FailedBreak:lo|Micro_FractalDim:lo|Micro_GarmanKlass:hi|Micro_HLAsymmetry:hi|Micro_RangeVelocity:lo|Micro_WickImbalance:lo|PrevDay_High_Side:==1|WeeklyOpen_Dist_ATR:hi,211|215|244|247|250,30.095812,28.127255,393,0.398358,-0.675501,-1,-0.000136,14.358215859511613,13.967131712972364
152990,2026.06.25 18:26,SHORT,4,4,4,0,12,9,9,0.75,0.75,8.485,8.485,76.4,0,AT_Slope_ST:lo|Micro_CSSpread:lo|Micro_Rejection:hi|Micro_VolAccel:lo|Momentum_Value:hi|PrevDay_High_Side:==1|RangeOsc_State:==2|Slope_Accel_LT:lo|Sqz_Val:hi,208|272|283|284,36.45496,36.88399,347,0.295832,0.542241,-1,-0.000173,11.61144858072867,11.371771386700862
152994,2026.06.25 18:30,SHORT,5,5,5,0,15,11,11,0.7333,0.7333,9.666,9.666,85.0,0,AT_Slope_ST:hi|D2D_ATR:hi|Lower_Wick:hi|Micro_GarmanKlass:hi|Micro_LogReturn:lo|Micro_Rejection:hi|OR_High_Dist_ATR:hi|PrevDay_High_Side:==1|Slope_Accel_LT:lo|Sqz_State:==-1|WeeklyOpen_Dist_ATR:hi,206|215|250|259|283,28.180741,33.268118,407,0.383756,0.345676,-1,0.000136,14.358215859511613,13.967131712972364
153020,2026.06.25 18:56,SHORT,3,3,3,0,9,8,8,0.8889,0.8889,7.715,7.715,51.6,0,ADX_Value:lo|EMA_Oscillator:lo|Micro_Hurst:hi|Micro_ThrustEff:hi|Micro_VPIN:lo|RangeOsc_State:==-1|Slope_EMA_LT:hi|Slope_EMA_ST:lo,230|286|289,18.956468,33.745052,314,0.531087,0.800117,-1,-5.2e-05,8.803955007256892,8.681536388140161
153036,2026.06.25 19:12,SHORT,4,4,4,0,12,10,10,0.8333,0.8333,9.524,9.524,60.8,0,AT_Slope_ST:hi|D2D_ATR:hi|Micro_CSSpread:lo|Micro_Rejection:hi|OR_High_Dist_ATR:hi|PrevDay_High_Side:==1|Slope_Accel_LT:lo|Sqz_State:==-1|Sqz_Val:hi|WeeklyOpen_Dist_ATR:hi,206|215|283|284,17.546834,30.285122,337,0.230137,0.165098,-1,6.9e-05,11.61144858072867,11.371771386700862
153141,2026.06.25 20:57,SHORT,5,5,5,0,15,9,9,0.6,0.6,7.585,7.585,57.0,0,AT_Lookback_ST:hi|D2D_ATR_MA:hi|Micro_MomoTransfer:hi|Micro_OrderFlowDelta:hi|Micro_RangeAccel:lo|Micro_TickIntensity:hi|OBVf_Signal:==1|Session_High_Dist_ATR:hi|Sqz_Val:hi,194|217|263|291|292,21.174705,24.002754,305,0.433053,0.562435,-1,-2.8e-05,14.358215859511613,13.967131712972364
153158,2026.06.25 21:14,SHORT,4,4,4,0,12,6,6,0.5,0.5,5.117,5.117,-216.8,1,AT_Lookback_ST:hi|D2D_ATR_MA:hi|Micro_OrderFlowDelta:hi|Micro_TickIntensity:hi|Session_High_Dist_ATR:hi|Sqz_Val:hi,194|217|291|292,16.9232,25.596758,284,0.468637,0.449276,-1,-2.8e-05,11.61144858072867,11.371771386700862
153162,2026.06.25 21:18,LONG,5,5,5,0,15,10,10,0.6667,0.6667,8.813,8.813,90.5,0,AT_Score_LT:lo|Bars_Since_Flip:hi|Body_Size:hi|D2D_Signal:==1|Micro_PriceAccel:hi|Micro_RangeAccel:hi|MultiDay_Position:lo|Slope_Accel_LT:hi|VWAP_Sigma:hi|Volume_Avg_10:hi,10|11|12|56|108,17.167132,35.213648,279,0.443301,0.910158,1,-2.3e-05,13.933964781772266,13.604790342516026
153265,2026.06.25 23:01,LONG,3,3,3,0,9,9,9,1.0,1.0,9.0,9.0,197.1,0,Micro_FailedBreak:hi|Micro_Hurst:hi|Micro_MicroGap:hi|Micro_Rejection:lo|Micro_RollProxy:hi|Momentum_Value:hi|OBV_Macd:lo|ST_Flip_Event:==1|Volume_Avg_10:hi,119|126|182,16.846026,59.719184,345,0.563902,0.544214,1,8.9e-05,8.665108670454496,8.56108508618842
153267,2026.06.25 23:03,LONG,4,4,4,0,12,8,8,0.6667,0.6667,7.56,7.56,89.2,0,D2D_ATR:hi|Micro_Lambda:lo|Micro_Rejection:lo|Micro_RollProxy:hi|OBV_Macd:lo|PrevDay_High_Dist_ATR:hi|RangeOsc_State:==2|Volume_Avg_10:hi,59|92|124|185,21.521552,23.561158,183,0.567198,0.0,1,0.000134,11.345701020588308,11.143020262773083
154172,2026.06.26 15:23,LONG,3,3,3,0,9,6,6,0.6667,0.6667,5.349,5.349,54.0,0,AT_Slope_ST:lo|Micro_FractalDim:lo|Micro_HLAsymmetry:hi|Micro_Hurst:hi|Micro_RangeAccel:hi|RangeOsc_State:==2,27|28|31,31.540999,20.037407,124,0.545678,-0.29944,1,-5.9e-05,8.665108670454496,8.56108508618842
154242,2026.06.26 16:33,SHORT,5,5,5,0,15,10,10,0.6667,0.6667,8.32,8.32,210.0,0,Bar_Range:hi|D2D_Dynamic_Sensitivity:lo|EMA_Oscillator:lo|Lower_Wick:lo|Micro_IBSP:lo|Micro_RangeVelocity:lo|Micro_WickImbalance:hi|RangeOsc_Val:lo|Volume:hi|Volume_Avg_10:hi,211|220|221|222|224,29.503327,82.194568,498,0.45137,-0.717809,-1,-4.4e-05,14.358215859511613,13.967131712972364
154381,2026.06.26 18:52,SHORT,4,4,4,0,12,9,9,0.75,0.75,8.123,8.123,108.4,0,AT_Regime_ST:==0|AT_Slope_LT:hi|Bar_Range:hi|Lower_Wick:lo|Micro_BarOverlap:hi|Micro_Entropy:lo|Micro_RangeVelocity:lo|Micro_WickImbalance:lo|OBVf_Signal:==1,202|211|244|269,33.977675,50.162479,327,0.402,0.0,-1,1.4e-05,11.61144858072867,11.371771386700862
155683,2026.06.29 17:49,LONG,6,6,6,0,18,9,9,0.5,0.5,7.071,7.071,132.0,0,AT_Slope_ST:lo|Micro_AutoCorr:hi|Micro_FractalDim:lo|Micro_HLAsymmetry:hi|Micro_Hurst:hi|Micro_LogReturn:hi|Micro_OrderFlowDelta:hi|Micro_RangeVelocity:hi|Micro_WickImbalance:lo,22|23|24|27|28|30,23.635315,41.618632,403,0.502792,0.913053,1,-0.000122,16.435780104648117,15.954503499974125
155685,2026.06.29 17:51,LONG,5,5,5,0,15,10,10,0.6667,0.6667,8.615,8.615,168.0,0,ADX_Rising:==0|AT_Slope_ST:lo|D2D_DirStep:==1|Micro_AutoCorr:hi|Micro_FractalDim:lo|Micro_Hurst:hi|Micro_OrderFlowDelta:hi|Micro_WickImbalance:lo|Session_High_Dist_ATR:lo|Slope_EMA_ST:lo,21|24|27|30|178,20.409028,32.971022,406,0.554769,0.0,1,-0.000117,13.933964781772266,13.604790342516026
157007,2026.06.30 17:08,LONG,5,5,5,0,15,11,11,0.7333,0.7333,9.666,9.666,90.5,0,AT_Regime_ST:==1|D2D_ATR_MA:hi|DailyOpen_Dist_ATR:lo|Micro_VPIN:lo|OBV_Macd:lo|OR_Low_Side:==-1|ST_Flip_Event:==-1|Slope_Accel_ST:lo|VA_Position:hi|VWAP_Side:==1|Volume:hi,61|65|114|131|162,17.699052,35.187705,332,0.261033,0.426285,1,-1.5e-05,13.933964781772266,13.604790342516026
158335,2026.07.01 16:31,SHORT,6,6,6,0,18,14,14,0.7778,0.7778,12.481,12.481,252.0,0,D2D_Dn_Count:hi|D2D_Dynamic_Sensitivity:lo|D2D_Signal:==-1|Micro_IBSP:lo|Micro_MicroGap:hi|Micro_MomoTransfer:hi|Micro_RangeAccel:lo|Micro_ThrustEff:lo|Micro_VolAccel:lo|Micro_WickImbalance:hi|OBVf_Signal:==1|Slope_Accel_ST:lo|VWAP_Dist_ATR:lo|VWAP_Sigma_ATR:lo,219|222|260|263|267|268,21.130656,126.990136,520,0.446237,-0.370107,-1,-4.3e-05,17.045884868532983,16.47150210578053
162210,2026.07.06 16:42,LONG,8,8,8,0,24,10,10,0.4167,0.4167,6.831,6.831,236.0,0,ADX_Rising:==0|DailyOpen_Dist_ATR:lo|Harmonic_OBVf_Concordance:==0|KAMA_Dist:lo|Lower_Wick:hi|Micro_WickImbalance:hi|OR_High_Side:==-1|PrevDay_High_Side:==-1|VWAP_Dist_ATR:lo|Volume:hi,71|72|73|74|75|76|78|79,34.846006,54.231602,428,0.396685,0.451766,1,0.000105,21.20075584842148,20.34657927196911
162216,2026.07.06 16:48,LONG,8,6,6,0,24,16,16,0.6667,0.6667,14.474,14.474,-388.8,1,AT_Slope_ST:lo|Bar_Range:hi|DailyOpen_Dist_ATR:lo|KAMA_Dist:lo|Micro_HLAsymmetry:hi|Micro_Lambda:lo|Micro_OrderFlowDelta:lo|Micro_Rejection:lo|Micro_RollProxy:lo|OR_High_Side:==-1|OR_Low_Side:==1|RangeOsc_State:==2|Session_Low_Dist_ATR:lo|Slope_EMA_ST:lo|VWAP_Dist_ATR:lo|Volume:hi,44|46|78|79|112|166|167|174,26.11562,30.901172,399,0.297674,-0.242709,1,-0.000188,21.20075584842148,20.34657927196911
162253,2026.07.06 17:25,LONG,5,5,5,0,15,10,10,0.6667,0.6667,9.125,9.125,95.5,0,DailyOpen_Dist_ATR:lo|KAMA_Dist:lo|OBV_Macd:lo|OR_High_Side:==-1|OR_Low_Side:==-1|RangeOsc_State:==-2|Sqz_State:==1|Sqz_Val:hi|VWAP_Dist_ATR:lo|WeeklyOpen_Side:==-1,78|79|130|140|179,19.252986,36.836684,316,0.314894,0.0,1,0.000127,13.933964781772266,13.604790342516026
162314,2026.07.06 18:26,LONG,3,3,3,0,9,6,6,0.6667,0.6667,5.349,5.349,63.9,0,AT_Slope_ST:lo|Micro_Hurst:hi|PrevDay_High_Side:==-1|Round_1000_Dist_ATR:lo|Slope_EMA_ST:lo|VWAP_Side:==-1,29|168|169,24.25949,22.741001,215,0.543298,-1.165296,1,-6.9e-05,8.665108670454496,8.56108508618842
163564,2026.07.07 16:32,SHORT,4,4,4,0,12,8,8,0.6667,0.6667,7.56,7.56,107.6,0,AT_Score_LT:hi|AT_Slope_ST:lo|Bar_Range:hi|D2D_Dynamic_Sensitivity:lo|EMA_Oscillator:lo|Lower_Wick:lo|Volume:hi|Volume_Ratio_10:hi,198|209|220|221,17.527414,49.910459,480,0.449147,0.130233,-1,-6.9e-05,11.61144858072867,11.371771386700862
163566,2026.07.07 16:34,SHORT,7,7,7,0,21,14,14,0.6667,0.6667,11.454,11.454,205.8,0,AT_Score_LT:hi|AT_Slope_ST:lo|Bar_Range:hi|D2D_ATR:hi|D2D_Dynamic_Sensitivity:lo|OR_High_Side:==-1|PrevDay_Close_Dist_ATR:lo|PrevDay_High_Side:==1|RangeOsc_State:==-1|RangeOsc_Val:lo|VWAP_Side:==1|Volume:hi|Volume_Avg_10:hi|Volume_Ratio_10:hi,196|197|198|209|214|224|278,19.812481,53.950655,426,0.341755,-0.81556,-1,-0.000129,19.676030442106526,18.888596375345333
163607,2026.07.07 17:15,SHORT,4,4,4,0,12,9,9,0.75,0.75,8.485,8.485,112.4,0,DailyOpen_Dist_ATR:lo|Micro_BarEntropy:hi|Micro_OrderFlowDelta:hi|PoC_Side:==0|PrevDay_Low_Side:==1|Round_100_Dist_ATR:lo|Slope_Accel_LT:lo|VAH_Side:==0|WeeklyOpen_Dist_ATR:lo,229|238|239|282,35.117267,51.79684,384,0.354651,0.500996,-1,-0.000106,11.61144858072867,11.371771386700862
163615,2026.07.07 17:23,SHORT,3,3,3,0,9,6,6,0.6667,0.6667,5.349,5.349,42.0,0,AT_Slope_ST:lo|Micro_BarOverlap:lo|Micro_RollProxy:hi|OBV_Velocity:hi|PrevDay_High_Dist_ATR:lo|Slope_EMA_ST:lo,207|274|290,28.117062,28.26234,322,0.558345,-0.426362,-1,-7.9e-05,8.803955007256892,8.681536388140161
163697,2026.07.07 18:45,LONG,24,24,21,1,72,28,28,0.3889,0.3889,20.11,20.11,199.5,0,AT_Lookback_ST:hi|AT_Regime_LT:==1|AT_Regime_ST:==1|AT_Slope_LT:lo|AT_Slope_ST:lo|Bar_Range:hi|Bars_Since_Flip:hi|Body_Size:hi|Micro_FailedBreak:hi|Micro_HLAsymmetry:hi|Micro_Hurst:hi|Micro_LogReturn:hi|Micro_RangeAccel:lo|Micro_RollProxy:hi|Micro_TickIntensity:hi|Momentum_Value:hi|MultiDay_Position:lo|OBV_Macd:lo|OR_Low_Side:==-1|PrevDay_High_Side:==-1|PrevDay_Low_Dist_ATR:lo|RangeOsc_State:==-1|RangeOsc_Val:lo|Round_1000_Dist_ATR:lo|Slope_EMA_ST:lo|VWAP_Side:==-1|Volume_Avg_10:hi|Volume_Ratio_10:hi,2|13|14|15|16|17|26|28|29|32|33|38|39|41|42|43|48|53|56|118|132|168|169|190,16.897662,20.818883,284,0.497216,0.888616,1,-4.8e-05,50.979605083615624,45.16536621748482
163965,2026.07.07 23:13,LONG,5,5,5,0,15,13,13,0.8667,0.8667,12.041,12.041,59.0,0,AT_Regime_LT:==1|AT_Regime_ST:==1|AT_Slope_ST:lo|Lower_Wick:hi|Micro_Amihud:hi|Micro_FailedBreak:hi|Micro_HLAsymmetry:lo|Micro_LogReturn:hi|Micro_MicroGap:hi|Micro_RangeAccel:lo|Micro_VolOfVol:hi|Slope_EMA_ST:lo|VWAP_Side:==-1,20|26|32|88|176,16.169177,24.611285,57,0.436492,0.428665,1,-3.9e-05,13.933964781772266,13.604790342516026
164614,2026.07.08 11:17,SHORT,5,5,5,0,15,10,10,0.6667,0.6667,8.813,8.813,210.0,0,Bar_Range:hi|D2D_Dynamic_Sensitivity:lo|EMA_Oscillator:lo|Lower_Wick:lo|Micro_Hurst:hi|Micro_Lambda:hi|Micro_RangeVelocity:lo|MultiDay_Slope:lo|OBV_Macd:lo|Volume:hi,211|220|221|223|255,25.103182,92.32824,480,0.49246,-0.579454,-1,-1.8e-05,14.358215859511613,13.967131712972364
164646,2026.07.08 11:49,SHORT,5,5,5,0,15,9,9,0.6,0.6,7.292,7.292,49.5,0,AT_Slope_ST:lo|Bars_Since_Flip:hi|D2D_ATR_MA:hi|Micro_CSSpread:lo|PrevDay_Close_Dist_ATR:hi|Session_High_Dist_ATR:hi|Slope_Accel_LT:lo|Sqz_Val:hi|Volume_Avg_10:hi,208|213|217|284|293,60.978723,21.420968,246,0.475834,-0.443491,-1,-0.000195,14.358215859511613,13.967131712972364
164651,2026.07.08 11:54,SHORT,3,3,3,0,9,6,6,0.6667,0.6667,5.349,5.349,192.3,0,Bars_Since_Flip:hi|D2D_ATR_MA:hi|PrevDay_Close_Dist_ATR:hi|Session_High_Dist_ATR:hi|Sqz_Val:hi|Volume_Avg_10:hi,213|217|293,52.900087,27.945741,209,0.532018,-0.39362,-1,-0.000166,8.803955007256892,8.681536388140161
164695,2026.07.08 12:38,LONG,7,7,7,0,21,12,12,0.5714,0.5714,9.048,9.048,74.2,0,AT_Lookback_ST:hi|AT_Regime_LT:==1|AT_Regime_ST:==1|AT_Slope_LT:lo|AT_Slope_ST:lo|Micro_RangeAccel:lo|Micro_RollProxy:hi|Micro_VolOfVol:hi|OBVf_Signal:==1|RangeOsc_State:==-1|RangeOsc_Val:lo|Slope_EMA_ST:lo,2|14|32|33|35|43|176,21.213202,22.7389,128,0.455986,-0.197899,1,-9.1e-05,18.856446644718016,18.199528660922656
164700,2026.07.08 12:43,LONG,8,8,8,0,24,12,12,0.5,0.5,9.985,9.985,76.0,0,AT_Lookback_ST:hi|AT_Slope_LT:lo|AT_Slope_ST:lo|Bars_Since_Flip:hi|Lower_Wick:hi|Micro_RollProxy:hi|MultiDay_Slope:lo|OBV_Macd:lo|RangeOsc_State:==-1|RangeOsc_Val:lo|Slope_EMA_ST:lo|Sqz_State:==1,2|4|14|18|33|43|129|164,17.51042,20.796099,159,0.404328,-0.149066,1,-8.6e-05,21.20075584842148,20.34657927196911
164703,2026.07.08 12:46,LONG,5,5,5,0,15,10,10,0.6667,0.6667,8.615,8.615,49.0,0,AT_Lookback_ST:hi|AT_Slope_ST:lo|Bars_Since_Flip:hi|Lower_Wick:hi|Micro_Amihud:hi|MultiDay_Slope:lo|OBV_Macd:lo|RangeOsc_State:==-1|Slope_EMA_ST:lo|Sqz_State:==1,4|18|20|129|164,16.289177,21.287547,111,0.393252,0.070464,1,-8.1e-05,13.933964781772266,13.604790342516026
164742,2026.07.08 13:25,LONG,16,16,16,0,48,18,18,0.375,0.375,13.686,13.686,160.0,0,AT_Regime_ST:==1|AT_Slope_LT:lo|AT_Slope_ST:lo|Body_Size:hi|D2D_Signal:==0|Micro_FailedBreak:hi|Micro_GarmanKlass:hi|Micro_HLAsymmetry:hi|Micro_Hurst:hi|Micro_RangeVelocity:hi|Micro_VolOfVol:hi|Momentum_Value:hi|OBVf_Signal:==1|PrevDay_Close_Dist_ATR:hi|PrevDay_High_Side:==-1|RangeOsc_Val:lo|Slope_EMA_ST:lo|VWAP_Side:==-1,13|16|17|26|28|35|38|39|40|42|87|118|168|169|176|177,22.417179,21.749953,110,0.499832,0.551725,1,-5.7e-05,37.65615051759335,34.63546870910648
164748,2026.07.08 13:31,LONG,8,8,8,0,24,18,18,0.75,0.75,16.246,16.246,156.0,0,AT_Score_LT:lo|Body_Size:hi|D2D_Persist:hi|DailyOpen_Side:==-1|Lower_Wick:hi|Micro_GarmanKlass:hi|Micro_RangeAccel:hi|Micro_VolOfVol:hi|MultiDay_Slope:lo|OBV_Macd:lo|OR_High_Side:==-1|OR_Low_Side:==1|OR_Position:hi|PrevDay_Close_Dist_ATR:hi|PrevDay_Low_Side:==-1|Session_Low_Dist_ATR:lo|Slope_Accel_LT:hi|VWAP_Sigma:hi,10|11|12|64|87|129|146|147,31.388638,37.430608,162,0.480227,1.931574,1,8.8e-05,21.20075584842148,20.34657927196911
164749,2026.07.08 13:32,LONG,6,4,4,0,18,12,12,0.6667,0.6667,10.699,10.699,49.2,0,AT_Score_LT:lo|D2D_Persist:hi|Harmonic_LLEMA:hi|Micro_Lambda:lo|Micro_Rejection:lo|Micro_TickIntensity:hi|OBV_Macd:lo|OR_Low_Side:==1|OR_Position:hi|PrevDay_Low_Side:==-1|Slope_Accel_LT:hi|VWAP_Sigma:hi,12|64|93|123|149|150,33.761405,25.455338,186,0.385731,-0.274991,1,9.9e-05,16.435780104648117,15.954503499974125
164867,2026.07.08 15:30,LONG,3,3,3,0,9,6,6,0.6667,0.6667,5.349,5.349,-351.6,1,AT_Regime_ST:==1|KAMA_Dist:hi|Micro_Lambda:lo|Micro_Rejection:lo|OR_Position:hi|PrevDay_Low_Side:==-1,70|93|111,32.506294,27.799894,196,0.533891,-0.233814,1,-1e-06,8.665108670454496,8.56108508618842
164905,2026.07.08 16:08,SHORT,4,4,4,0,12,9,9,0.75,0.75,8.485,8.485,53.6,0,AT_Score_LT:hi|AT_Slope_ST:lo|Bar_Range:hi|DailyOpen_Side:==-1|Efficiency_Ratio:lo|OR_High_Side:==1|PrevDay_Close_Side:==-1|RangeOsc_State:==2|Round_500_Dist_ATR:lo,209|232|233|279,24.586367,27.37291,169,0.439826,0.0,-1,-5.4e-05,11.61144858072867,11.371771386700862
164924,2026.07.08 16:27,SHORT,4,4,4,0,12,9,9,0.75,0.75,8.485,8.485,174.0,0,DailyOpen_Dist_ATR:hi|DailyOpen_Side:==-1|Efficiency_Ratio:lo|Micro_HLAsymmetry:hi|Micro_Hurst:lo|OR_High_Side:==1|PrevDay_Close_Side:==-1|RangeOsc_State:==2|Round_500_Dist_ATR:lo,232|233|251|279,15.292821,25.815393,180,0.31885,0.755363,-1,-1.6e-05,11.61144858072867,11.371771386700862
164951,2026.07.08 16:54,LONG,7,7,7,0,21,15,15,0.7143,0.7143,13.229,13.229,105.7,0,AT_Regime_ST:==1|D2D_ATR:hi|EMA_Oscillator:lo|KAMA_Dist:lo|Micro_HLAsymmetry:lo|Micro_Lambda:lo|Micro_Rejection:lo|OR_Position:hi|PrevDay_High_Dist_ATR:hi|PrevDay_Low_Side:==-1|RangeOsc_State:==-1|Round_100_Dist_ATR:lo|Slope_EMA_ST:lo|Upper_Wick:hi|Volume_Avg_10:hi,59|68|77|93|111|175|185,15.11129,30.200143,388,0.367085,0.0,1,-8.9e-05,18.856446644718016,18.199528660922656
164963,2026.07.08 17:06,SHORT,5,5,5,0,15,12,12,0.8,0.8,11.368,11.368,93.5,0,AT_Lookback_ST:hi|AT_Regime_ST:==0|Bar_Range:hi|Lower_Wick:lo|Micro_RangeVelocity:lo|Micro_TickIntensity:hi|Micro_VolAccel:lo|Momentum_Value:hi|PrevDay_Close_Side:==-1|RangeOsc_State:==2|Round_500_Dist_ATR:lo|Sqz_Val:hi,194|211|269|272|279,15.365803,36.189184,362,0.361053,-0.511202,-1,-1.4e-05,14.358215859511613,13.967131712972364
165037,2026.07.08 18:20,SHORT,5,5,5,0,15,9,9,0.6,0.6,7.585,7.585,93.0,0,Bars_Since_Flip:hi|D2D_ATR_MA:hi|Micro_OrderFlowDelta:hi|Momentum_Value:hi|PrevDay_Close_Dist_ATR:hi|Session_High_Dist_ATR:hi|Sqz_Val:hi|TChan_A15:hi|Volume_Avg_10:hi,213|217|273|291|293,25.653203,35.934734,353,0.518881,0.194798,-1,-4.7e-05,14.358215859511613,13.967131712972364
165058,2026.07.08 18:41,SHORT,5,5,5,0,15,8,8,0.5333,0.5333,6.648,6.648,57.0,0,AT_Lookback_ST:hi|Bars_Since_Flip:hi|D2D_ATR_MA:hi|Micro_TickIntensity:hi|PrevDay_Close_Dist_ATR:hi|Session_High_Dist_ATR:hi|Sqz_Val:hi|Volume_Avg_10:hi,194|213|217|292|293,16.515477,23.927551,289,0.42082,-0.334343,-1,-4.2e-05,14.358215859511613,13.967131712972364
165088,2026.07.08 19:11,LONG,6,6,6,0,18,14,14,0.7778,0.7778,12.849,12.849,61.8,0,AT_Score_LT:lo|Micro_Lambda:lo|Micro_Rejection:lo|Micro_RollProxy:hi|Micro_TickIntensity:hi|OBV_Macd:lo|OR_Low_Side:==-1|PrevDay_High_Dist_ATR:hi|PrevDay_Low_Side:==-1|RangeOsc_State:==-2|Slope_Accel_LT:hi|VWAP_Sigma:hi|Volume_Avg_10:hi|WeeklyOpen_Side:==-1,12|124|140|149|150|185,30.818089,22.225193,275,0.411721,0.089988,1,0.000134,16.435780104648117,15.954503499974125
165117,2026.07.08 19:40,LONG,3,3,3,0,9,7,7,0.7778,0.7778,6.614,6.614,215.4,0,Micro_AutoCorr:hi|Micro_Hurst:hi|Momentum_Value:hi|ST_Flip_Event:==1|Session_Low_Dist_ATR:lo|TChan_A15:hi|Volume_Ratio_10:hi,82|119|188,32.8037,64.84423,407,0.540604,0.801922,1,1.4e-05,8.665108670454496,8.56108508618842
166317,2026.07.09 16:55,SHORT,4,4,4,0,12,9,9,0.75,0.75,8.485,8.485,68.0,0,KAMA_Dist:hi|Micro_BarEntropy:lo|Micro_HLAsymmetry:lo|Micro_Hurst:hi|Micro_IBSP:hi|Micro_MicroGap:hi|OBVf_Signal:==1|Session_High_Dist_ATR:lo|Slope_EMA_ST:hi,234|240|253|287,23.140108,33.355484,317,0.506009,0.299801,-1,0.000119,11.61144858072867,11.371771386700862
166344,2026.07.09 17:22,LONG,5,5,5,0,15,10,10,0.6667,0.6667,8.615,8.615,146.0,0,ADX_Rising:==0|AT_Slope_ST:lo|Micro_HLAsymmetry:hi|Micro_OrderFlowDelta:lo|Micro_Rejection:lo|Micro_VPIN:lo|OBVf_Signal:==1|Round_100_Dist_ATR:lo|Session_High_Dist_ATR:lo|Slope_EMA_ST:lo,34|166|167|175|178,18.441293,26.83559,389,0.318106,-0.130424,1,-6.4e-05,13.933964781772266,13.604790342516026
166376,2026.07.09 17:54,LONG,6,6,6,0,18,12,12,0.6667,0.6667,10.198,10.198,87.0,0,ADX_Rising:==0|AT_Slope_ST:lo|Bar_Range:hi|D2D_DirStep:==1|Micro_AutoCorr:hi|Micro_FailedBreak:hi|Micro_LogReturn:hi|Micro_RangeVelocity:hi|Momentum_Value:lo|Round_500_Dist_ATR:lo|Session_High_Dist_ATR:lo|Slope_EMA_ST:lo,21|22|23|49|120|178,18.157672,29.173114,302,0.443162,0.584442,1,-8e-05,16.435780104648117,15.954503499974125
167719,2026.07.10 17:32,SHORT,5,5,5,0,15,10,10,0.6667,0.6667,9.449,9.449,210.0,0,DailyOpen_Dist_ATR:lo|Micro_Entropy:lo|Micro_MomoTransfer:hi|Micro_OrderFlowDelta:lo|Micro_WickImbalance:lo|PrevDay_High_Dist_ATR:lo|PrevDay_Low_Side:==1|VAH_Side:==0|VAL_Side:==0|VWAP_Z:lo,229|245|246|264|265,23.741527,147.783455,319,0.420144,-3.105219,-1,-5.8e-05,14.358215859511613,13.967131712972364
168097,2026.07.13 01:05,SHORT,6,6,6,0,18,13,13,0.7222,0.7222,12.247,12.247,252.0,0,D2D_Dynamic_Sensitivity:lo|EMA_Oscillator:lo|Lower_Wick:lo|Micro_AutoCorr:lo|Micro_Entropy:lo|Micro_MicroGap:lo|Micro_OrderFlowDelta:lo|Micro_WickImbalance:lo|PrevDay_High_Dist_ATR:lo|VAH_Side:==0|VAL_Side:==0|VWAP_Sigma:lo|WeeklyOpen_Side:==-1,220|237|244|245|261|265,20.01508,104.190188,122,0.430054,-1.647756,-1,-6.3e-05,17.045884868532983,16.47150210578053
168944,2026.07.13 15:12,LONG,11,11,11,0,33,17,17,0.5152,0.5152,13.301,13.301,196.9,0,ADX_Rising:==1|DailyOpen_Dist_ATR:lo|DailyOpen_Side:==1|Harmonic_OBVf_Concordance:==0|KAMA_Dist:lo|Lower_Wick:hi|Micro_WickImbalance:hi|OR_High_Side:==-1|OR_Low_Side:==-1|PrevDay_High_Dist_ATR:lo|PrevDay_High_Side:==-1|PrevDay_Low_Side:==-1|Round_500_Dist_ATR:lo|Sqz_State:==1|VWAP_Dist_ATR:lo|VWAP_Side:==1|Volume:hi,65|72|73|74|75|76|78|79|135|138|144,25.75548,34.822451,217,0.447482,-0.344605,1,1e-06,27.817084794051137,26.258658030358355
168945,2026.07.13 15:13,LONG,14,5,5,0,42,24,24,0.5714,0.5714,19.946,19.946,57.5,0,ADX_Rising:==1|AT_Regime_LT:==1|AT_Regime_ST:==1|DailyOpen_Dist_ATR:lo|DailyOpen_Side:==1|Harmonic_OBVf_Concordance:==0|KAMA_Dist:lo|Lower_Wick:lo|Micro_Amihud:hi|Micro_Rejection:lo|Micro_VPIN:lo|Micro_VolOfVol:hi|Micro_WickImbalance:hi|OR_High_Side:==-1|OR_Low_Side:==-1|PrevDay_High_Dist_ATR:lo|PrevDay_High_Side:==-1|PrevDay_Low_Side:==-1|Round_500_Dist_ATR:lo|ST_Flip_Event:==-1|Slope_Accel_ST:lo|Sqz_State:==1|VWAP_Dist_ATR:lo|VWAP_Side:==1,65|72|74|75|78|79|80|111|115|116|135|138|144|162,26.185028,24.175313,122,0.451668,0.0,1,-8e-06,33.88149573876854,31.48140431384581
169215,2026.07.13 19:43,LONG,5,5,5,0,15,11,11,0.7333,0.7333,10.009,10.009,65.0,0,AT_Regime_ST:==1|AT_Slope_LT:lo|Bars_Since_Flip:hi|EMA_Oscillator:hi|KAMA_Dist:hi|Micro_Amihud:hi|Micro_FailedBreak:hi|OR_Low_Side:==-1|PrevDay_Low_Dist_ATR:lo|PrevDay_Low_Side:==-1|Slope_EMA_ST:lo,16|53|67|70|80,37.916193,26.713441,234,0.232068,0.467929,1,-2.9e-05,13.933964781772266,13.604790342516026
170191,2026.07.14 13:14,SHORT,3,3,3,0,9,7,7,0.7778,0.7778,6.614,6.614,41.7,0,ATR_1M:hi|D2D_Signal:==-1|Micro_CSSpread:hi|Micro_RangeAccel:lo|RangeOsc_State:==2|VWAP_Dist_ATR:lo|VWAP_Sigma_ATR:lo,191|267|268,25.744629,28.184265,96,0.535529,-0.624462,-1,-1e-06,8.803955007256892,8.681536388140161
170213,2026.07.14 13:36,LONG,5,5,5,0,15,11,11,0.7333,0.7333,10.009,10.009,109.5,0,D2D_Signal:==1|DailyOpen_Dist_ATR:lo|DailyOpen_Side:==-1|OBV_Velocity:hi|OR_High_Side:==-1|OR_Position:hi|PrevDay_Close_Side:==-1|RangeOsc_Val:hi|Session_Low_Dist_ATR:lo|VWAP_Dist_ATR:lo|VWAP_Side:==1,133|142|146|147|181,24.412022,41.481688,177,0.365451,1.084816,1,1.7e-05,13.933964781772266,13.604790342516026
170222,2026.07.14 13:45,LONG,8,8,8,0,24,17,17,0.7083,0.7083,13.367,13.367,100.0,0,AT_Regime_ST:==1|AT_Slope_ST:lo|D2D_ATR_MA:hi|EMA_Oscillator:lo|KAMA_Dist:lo|Lower_Wick:hi|Micro_Amihud:hi|Micro_AutoCorr:hi|Micro_HLAsymmetry:lo|Micro_RollProxy:hi|Micro_VolOfVol:hi|Micro_WickImbalance:lo|OBVf_Signal:==1|OR_High_Side:==-1|OR_Position:lo|RangeOsc_State:==-1|VWAP_Dist_ATR:lo,20|24|33|35|36|60|68|79,21.030567,25.764618,99,0.417242,0.174658,1,-7.5e-05,21.20075584842148,20.34657927196911
170223,2026.07.14 13:46,LONG,11,7,7,0,33,20,20,0.6061,0.6061,16.034,16.034,84.0,0,AT_Regime_ST:==1|AT_Slope_ST:lo|D2D_ATR_MA:hi|D2D_DirStep:==-1|KAMA_Dist:lo|Micro_HLAsymmetry:hi|Micro_RangeAccel:hi|Micro_RangeVelocity:hi|Micro_Rejection:lo|Micro_RollProxy:lo|Micro_VolOfVol:hi|OBVf_Signal:==1|OR_High_Side:==-1|OR_Low_Side:==1|OR_Position:lo|RangeOsc_State:==-1|Session_Low_Dist_ATR:lo|Slope_EMA_ST:lo|Upper_Wick:hi|VWAP_Dist_ATR:lo,35|36|60|77|79|112|167|170|171|174|176,20.411309,24.917299,104,0.39373,0.260863,1,-8.6e-05,27.817084794051137,26.258658030358355
170224,2026.07.14 13:47,LONG,7,6,6,0,21,14,14,0.6667,0.6667,12.276,12.276,55.8,0,AT_Regime_ST:==1|AT_Slope_ST:lo|D2D_ATR_MA:hi|KAMA_Dist:lo|Lower_Wick:hi|Micro_AutoCorr:hi|Micro_RangeVelocity:lo|Micro_VolOfVol:hi|Micro_WickImbalance:lo|OR_High_Side:==-1|OR_Position:lo|RangeOsc_State:==-1|Slope_EMA_ST:lo|VWAP_Dist_ATR:lo,24|36|60|79|164|173|176,19.90956,20.543908,142,0.36083,0.267719,1,-9.8e-05,18.856446644718016,18.199528660922656
170261,2026.07.14 14:24,LONG,24,24,21,1,72,32,32,0.4444,0.4444,23.537,23.537,1764.0,0,AT_Regime_ST:==1|AT_Slope_LT:lo|AT_Slope_ST:lo|Bar_Range:hi|Body_Size:hi|D2D_ATR_MA:hi|D2D_DirStep:==1|D2D_Signal:==1|KAMA_Dist:hi|Micro_AutoCorr:hi|Micro_FailedBreak:hi|Micro_HLAsymmetry:hi|Micro_LogReturn:hi|Micro_RangeVelocity:hi|Micro_RollProxy:hi|Micro_TickIntensity:lo|Micro_VolOfVol:hi|Momentum_Value:hi|OBV_Macd:lo|OR_High_Side:==-1|PoC_Side:==1|PrevDay_Low_Side:==-1|RangeOsc_State:==-1|RangeOsc_Val:lo|Session_Low_Dist_ATR:lo|Slope_Accel_LT:lo|Slope_EMA_ST:lo|TChan_A15:hi|Upper_Wick:hi|VA_Position:hi|VWAP_Side:==-1|Volume_Ratio_10:hi,14|16|21|22|23|26|33|38|39|41|42|43|49|60|70|82|131|132|156|158|176|177|180|188,44.487128,80.887212,211,0.411921,1.298104,1,-0.000139,50.979605083615624,45.16536621748482
170262,2026.07.14 14:25,LONG,47,29,21,1,141,47,47,0.3333,0.3333,31.422,31.422,4662.0,0,ADX_Value:hi|AT_Regime_LT:==1|AT_Regime_ST:==1|AT_Slope_LT:lo|AT_Slope_ST:lo|Bar_Range:hi|Bars_Since_Flip:hi|Body_Size:hi|D2D_ATR:hi|D2D_ATR_MA:hi|D2D_DirStep:==1|D2D_Dynamic_Sensitivity:lo|D2D_Signal:==0|EMA_Oscillator:hi|KAMA_Dist:hi|Lower_Wick:hi|Micro_Amihud:hi|Micro_AutoCorr:hi|Micro_CSSpread:hi|Micro_FailedBreak:hi|Micro_HLAsymmetry:hi|Micro_Hurst:hi|Micro_LogReturn:hi|Micro_MicroGap:lo|Micro_OrderFlowDelta:hi|Micro_RangeAccel:lo|Micro_RangeVelocity:lo|Micro_RollProxy:hi|Micro_TickIntensity:lo|Micro_VolOfVol:hi|Micro_WickImbalance:lo|Momentum_Value:hi|OBV_Macd:lo|OR_High_Side:==-1|PrevDay_High_Side:==-1|PrevDay_Low_Side:==-1|RangeOsc_State:==-1|Round_1000_Dist_ATR:lo|Session_Low_Dist_ATR:lo|Slope_Accel_LT:lo|Slope_EMA_ST:lo|TChan_A15:hi|Upper_Wick:hi|VA_Position:hi|VWAP_Side:==-1|Volume:hi|Volume_Ratio_10:hi,13|14|15|16|17|18|19|20|21|22|24|26|28|29|30|32|33|37|38|39|40|41|44|49|50|58|60|63|67|70|82|118|128|131|132|153|154|155|156|158|159|164|165|168|169|176|188,44.32419,96.782847,347,0.502585,0.495956,1,-0.000103,78.5633125203829,64.00493509486326
171769,2026.07.15 16:47,LONG,5,5,5,0,15,7,7,0.4667,0.4667,5.13,5.13,100.5,0,ADX_Rising:==0|Harmonic_OBVf_Concordance:==0|KAMA_Dist:lo|Lower_Wick:hi|Micro_WickImbalance:hi|PrevDay_High_Side:==-1|Volume:hi,71|72|73|75|76,20.318292,38.491007,412,0.473246,0.324751,1,2.1e-05,13.933964781772266,13.604790342516026
171771,2026.07.15 16:49,LONG,5,5,5,0,15,8,8,0.5333,0.5333,6.42,6.42,144.0,0,AT_Slope_ST:lo|D2D_DirStep:==1|Micro_AutoCorr:hi|Micro_HLAsymmetry:hi|Micro_Hurst:hi|Micro_LogReturn:hi|Micro_RangeVelocity:hi|Round_1000_Dist_ATR:lo,21|22|23|28|29,18.155782,53.000515,383,0.514746,0.490561,1,-9.9e-05,13.933964781772266,13.604790342516026
171860,2026.07.15 18:18,SHORT,3,3,3,0,9,8,8,0.8889,0.8889,7.715,7.715,51.6,0,ADX_Value:lo|EMA_Oscillator:lo|Micro_BarOverlap:lo|Micro_Hurst:hi|Micro_ThrustEff:hi|OR_High_Side:==1|RangeOsc_State:==2|Slope_EMA_ST:lo,230|243|289,16.669755,33.72809,262,0.561445,0.624109,-1,-4.8e-05,8.803955007256892,8.681536388140161
171861,2026.07.15 18:19,SHORT,4,3,3,0,12,10,10,0.8333,0.8333,9.524,9.524,42.9,0,ADX_Value:lo|ATR_1M:hi|Micro_CSSpread:hi|Micro_FailedBreak:lo|Micro_FractalDim:lo|Micro_HLAsymmetry:hi|Micro_ThrustEff:hi|Micro_VolAccel:hi|RangeOsc_State:==2|Slope_EMA_ST:lo,191|247|248|289,15.706177,28.750037,252,0.564046,-0.436521,-1,-3.9e-05,11.61144858072867,11.371771386700862
171948,2026.07.15 19:46,LONG,26,26,21,1,78,36,36,0.4615,0.4615,26.746,26.746,1608.6,0,ADX_Value:hi|AT_Lookback_ST:hi|AT_Regime_ST:==1|AT_Slope_LT:lo|AT_Slope_ST:lo|Bars_Since_Flip:hi|Body_Size:hi|D2D_ATR:hi|D2D_Signal:==1|DailyOpen_Side:==1|Micro_Amihud:hi|Micro_CSSpread:hi|Micro_FailedBreak:hi|Micro_HLAsymmetry:hi|Micro_RangeAccel:hi|Micro_RangeVelocity:hi|Micro_Rejection:lo|Micro_VolOfVol:hi|Micro_WickImbalance:lo|Momentum_Value:hi|OBV_Macd:lo|OR_Low_Side:==-1|OR_Position:lo|PoC_Side:==1|PrevDay_High_Dist_ATR:lo|RangeOsc_Val:lo|Round_100_Dist_ATR:lo|Round_500_Dist_ATR:lo|Session_Low_Dist_ATR:lo|Slope_EMA_ST:lo|Sqz_State:==1|Upper_Wick:hi|VWAP_Side:==-1|Volume:hi|Volume_Ratio_10:hi|WeeklyOpen_Side:==-1,4|16|19|26|36|37|38|39|42|44|50|58|80|115|128|132|139|144|165|167|170|172|175|176|177|180,42.621904,68.796615,240,0.443357,1.104706,1,-6.5e-05,53.933459433015955,47.371944708310544
173017,2026.07.16 14:51,SHORT,4,4,4,0,12,9,9,0.75,0.75,8.123,8.123,115.2,0,Bar_Range:hi|D2D_Dynamic_Sensitivity:lo|EMA_Oscillator:lo|Lower_Wick:lo|Micro_BarOverlap:lo|Micro_OrderFlowDelta:hi|Micro_PriceAccel:lo|Micro_RangeVelocity:lo|Volume:hi,211|220|221|242,24.269042,52.96137,234,0.376167,0.490924,-1,-0.000108,11.61144858072867,11.371771386700862
173135,2026.07.16 16:49,LONG,5,5,5,0,15,14,14,0.9333,0.9333,13.676,13.676,88.0,0,AT_Regime_LT:==1|AT_Slope_ST:lo|DailyOpen_Side:==1|KAMA_Dist:lo|Micro_IBSP:hi|Micro_RangeAccel:lo|Micro_RangeVelocity:lo|OR_High_Side:==-1|OR_Low_Side:==-1|OR_Position:lo|Session_Low_Dist_ATR:lo|Slope_EMA_ST:lo|VWAP_Dist_ATR:lo|Volume:hi,32|44|79|90|173,20.144571,34.353907,374,0.429053,0.349305,1,-5.1e-05,13.933964781772266,13.604790342516026
173136,2026.07.16 16:50,LONG,8,8,8,0,24,15,15,0.625,0.625,12.136,12.136,156.0,0,AT_Regime_LT:==1|AT_Slope_ST:lo|D2D_DirStep:==-1|Micro_FailedBreak:hi|Micro_HLAsymmetry:hi|Micro_RangeAccel:hi|Micro_RangeVelocity:hi|Micro_Rejection:lo|MultiDay_Position:hi|OR_Low_Side:==-1|RangeOsc_State:==2|Round_1000_Dist_ATR:lo|Round_100_Dist_ATR:lo|Slope_EMA_ST:lo|Volume_Avg_10:hi,31|143|167|170|171|172|175|182,19.118513,37.507736,418,0.492367,0.45324,1,-4.2e-05,21.20075584842148,20.34657927196911
173164,2026.07.16 17:18,LONG,6,6,6,0,18,15,15,0.8333,0.8333,13.228,13.228,90.0,0,AT_Regime_LT:==1|AT_Slope_ST:lo|Dist_To_PoC_ATR:lo|KAMA_Dist:lo|Micro_FailedBreak:hi|Micro_OrderFlowDelta:hi|Micro_RangeAccel:lo|Micro_VolOfVol:lo|Micro_WickImbalance:lo|RangeOsc_State:==-1|Round_1000_Dist_ATR:lo|Session_Low_Dist_ATR:lo|Upper_Wick:hi|VWAP_Side:==-1|Volume:hi,26|30|32|44|66|77,17.504362,29.966615,306,0.374772,0.500557,1,-6.6e-05,16.435780104648117,15.954503499974125
173321,2026.07.16 19:55,LONG,8,8,8,0,24,13,13,0.5417,0.5417,9.413,9.413,107.2,0,AT_Lookback_ST:hi|AT_Regime_LT:==1|AT_Slope_LT:lo|AT_Slope_ST:lo|Body_Size:hi|D2D_Signal:==0|Lower_Wick:lo|Micro_FailedBreak:hi|Micro_RollProxy:hi|Micro_WickImbalance:hi|Momentum_Value:hi|RangeOsc_State:==-1|VWAP_Side:==-1,2|14|26|33|39|40|41|116,19.364133,27.397824,249,0.276576,0.857732,1,-4.5e-05,21.20075584842148,20.34657927196911
173497,2026.07.16 22:51,LONG,8,8,8,0,24,18,18,0.75,0.75,16.605,16.605,301.6,0,AT_Regime_ST:==1|AT_Slope_LT:lo|Bars_Since_Flip:hi|D2D_Signal:==1|DailyOpen_Dist_ATR:lo|Micro_FailedBreak:hi|Micro_Hurst:hi|Micro_RangeAccel:lo|Momentum_Value:hi|MultiDay_Position:lo|OBV_Macd:lo|OBV_Velocity:hi|Session_High_Dist_ATR:lo|Session_Low_Dist_ATR:lo|VWAP_Sigma_ATR:lo|Volume:hi|Volume_Avg_10:hi|Volume_Ratio_10:hi,15|52|56|57|118|132|133|145,30.712196,36.399028,293,0.513642,0.590675,1,-2.5e-05,21.20075584842148,20.34657927196911
174488,2026.07.17 16:37,LONG,36,36,21,1,108,41,41,0.3796,0.3796,28.165,28.165,14588.7,0,AT_Lookback_ST:hi|AT_Regime_ST:==1|AT_Slope_LT:lo|AT_Slope_ST:lo|Bar_Range:hi|Bars_Since_Flip:hi|Body_Size:hi|D2D_ATR:hi|D2D_DirStep:==1|D2D_Signal:==1|EMA_Oscillator:hi|KAMA_Dist:hi|Micro_AutoCorr:hi|Micro_BarOverlap:lo|Micro_FailedBreak:hi|Micro_HLAsymmetry:hi|Micro_Hurst:hi|Micro_LogReturn:hi|Micro_OrderFlowDelta:hi|Micro_PriceAccel:hi|Micro_RangeVelocity:hi|Micro_RollProxy:hi|Micro_WickImbalance:lo|Momentum_Value:hi|MultiDay_Position:lo|OBV_Macd:lo|OR_Low_Side:==-1|PoC_Side:==1|PrevDay_High_Side:==-1|PrevDay_Low_Side:==-1|RangeOsc_State:==-2|Round_1000_Dist_ATR:lo|Slope_EMA_ST:lo|Sqz_State:==1|Sqz_Val:hi|Upper_Wick:hi|VWAP_Side:==-1|VWAP_Sigma:hi|VWAP_Sigma_ATR:lo|Volume_Avg_10:hi|WeeklyOpen_Side:==-1,2|4|13|14|16|17|19|21|22|23|24|25|26|28|29|30|38|39|41|49|52|56|58|67|70|108|118|130|140|165|168|169|172|177|179|180,28.927452,53.083501,447,0.532608,0.772368,1,-5.9e-05,66.93110785214765,56.535072594745685
174489,2026.07.17 16:38,LONG,29,12,12,0,87,35,35,0.4023,0.4023,22.285,22.285,6937.2,0,AT_Lookback_ST:hi|AT_Regime_ST:==1|AT_Slope_LT:lo|AT_Slope_ST:lo|Bar_Range:hi|Bars_Since_Flip:hi|Body_Size:hi|D2D_ATR:hi|D2D_DirStep:==1|D2D_Signal:==0|EMA_Oscillator:hi|KAMA_Dist:hi|Lower_Wick:hi|Micro_Amihud:hi|Micro_AutoCorr:hi|Micro_BarOverlap:lo|Micro_HLAsymmetry:hi|Micro_Hurst:hi|Micro_LogReturn:hi|Micro_OrderFlowDelta:hi|Micro_PriceAccel:lo|Micro_RollProxy:hi|Micro_WickImbalance:lo|Momentum_Value:hi|MultiDay_Position:lo|OR_Low_Side:==-1|PrevDay_High_Side:==-1|PrevDay_Low_Side:==-1|Round_1000_Dist_ATR:lo|Slope_EMA_ST:lo|Upper_Wick:hi|VWAP_Side:==-1|VWAP_Sigma:hi|VWAP_Sigma_ATR:lo|Volume_Avg_10:hi,2|13|14|17|18|19|20|21|22|24|25|28|29|30|38|39|40|41|49|51|52|56|58|67|70|80|118|168|169,29.838327,60.845211,427,0.531332,0.402661,1,-5.5e-05,58.12486740130761,50.423577585801816
174491,2026.07.17 16:40,LONG,11,7,7,0,33,20,20,0.6061,0.6061,16.067,16.067,294.0,0,ADX_Rising:==1|AT_Regime_ST:==1|AT_Slope_LT:lo|Bar_Range:hi|D2D_Persist:hi|EMA_Oscillator:hi|KAMA_Dist:hi|Micro_AutoCorr:hi|Micro_FailedBreak:hi|Micro_OrderFlowDelta:hi|Micro_RangeVelocity:hi|Micro_WickImbalance:lo|Momentum_Value:hi|OR_Low_Side:==1|PrevDay_Close_Side:==-1|PrevDay_High_Dist_ATR:lo|PrevDay_Low_Side:==-1|Session_High_Dist_ATR:lo|Slope_EMA_ST:lo|WeeklyOpen_Side:==-1,16|49|64|67|70|105|135|136|137|165|177,33.20127,84.540664,456,0.488943,0.567774,1,-4.6e-05,27.817084794051137,26.258658030358355
174496,2026.07.17 16:45,LONG,6,6,6,0,18,12,12,0.6667,0.6667,10.198,10.198,504.0,0,ADX_Rising:==1|D2D_Persist:hi|DailyOpen_Side:==-1|Micro_Entropy:lo|Micro_OrderFlowDelta:hi|OR_High_Side:==1|OR_Low_Side:==1|PrevDay_Close_Side:==-1|PrevDay_High_Dist_ATR:lo|PrevDay_Low_Side:==-1|Session_High_Dist_ATR:lo|WeeklyOpen_Side:==-1,64|83|105|135|136|137,41.826193,92.858923,471,0.528293,1.044595,1,0.000541,16.435780104648117,15.954503499974125
174606,2026.07.17 18:35,LONG,5,5,5,0,15,7,7,0.4667,0.4667,5.13,5.13,86.0,0,ADX_Rising:==0|Harmonic_OBVf_Concordance:==0|KAMA_Dist:lo|Lower_Wick:hi|Micro_WickImbalance:hi|PrevDay_High_Side:==-1|Volume:hi,71|72|73|75|76,18.793088,33.630558,348,0.489008,-0.163542,1,6e-05,13.933964781772266,13.604790342516026
175980,2026.07.20 18:44,LONG,5,5,5,0,15,10,10,0.6667,0.6667,9.125,9.125,60.0,0,AT_Regime_ST:==1|KAMA_Dist:hi|Micro_MicroGap:lo|OR_Low_Side:==-1|PrevDay_Close_Side:==-1|PrevDay_High_Dist_ATR:lo|PrevDay_Low_Side:==-1|Sqz_State:==1|VWAP_Side:==-1|WeeklyOpen_Side:==-1,70|99|136|138|139,17.691888,24.97926,197,0.428726,1.405166,1,-3.6e-05,13.933964781772266,13.604790342516026
176043,2026.07.20 19:47,SHORT,4,4,4,0,12,11,11,0.9167,0.9167,10.691,10.691,42.4,0,ATR_1M:hi|AT_Regime_ST:==0|D2D_Dynamic_Sensitivity:lo|Lower_Wick:lo|Micro_CSSpread:hi|Micro_IBSP:lo|Micro_RangeVelocity:lo|Micro_WickImbalance:hi|PrevDay_Close_Side:==-1|RangeOsc_State:==2|Round_500_Dist_ATR:lo,191|222|269|279,17.102463,22.673669,189,0.444993,-0.372679,-1,1e-05,11.61144858072867,11.371771386700862
176191,2026.07.20 22:15,SHORT,3,3,3,0,9,9,9,1.0,1.0,9.0,9.0,-158.4,1,DailyOpen_Dist_ATR:lo|Micro_HLAsymmetry:lo|Micro_Hurst:hi|Micro_IBSP:hi|Micro_VolAccel:hi|Session_High_Dist_ATR:lo|TChan_A15:hi|VAH_Side:==-1|VWAP_Z:lo,228|253|256,28.596185,24.875485,272,0.546666,0.241201,-1,-5.4e-05,8.803955007256892,8.681536388140161
177244,2026.07.21 17:03,LONG,4,4,4,0,12,10,10,0.8333,0.8333,9.524,9.524,111.2,0,AT_Regime_LT:==1|D2D_Signal:==1|Micro_MomoTransfer:hi|Micro_RangeAccel:lo|MultiDay_Position:hi|PoC_Side:==1|Round_1000_Dist_ATR:lo|Session_High_Dist_ATR:lo|Upper_Wick:hi|Volume:hi,100|143|145|180,19.081543,51.292471,379,0.497276,0.672613,1,0.00018,11.345701020588308,11.143020262773083
