signal_idx,signal_name,direction,entry_bar,exit_bar,entry_time,exit_time,entry_price,exit_price,pnl,pnl_per_lot,lots,exit_type,tiers,be_nudged,initial_risk,tid,plan_depth,exec_depth
30,S_31___RR_SHO+__RR_SHO+__RR_SHO,SHORT,8036,8060,2026.01.27 17:05,2026.01.27 17:29,48921.45,48894.670243199995,23.8,23.8,1.0,BE,1,True,150.0,1,1,1
0,L_1___RR_LON+__RR_LON+__RR_LON,LONG,9366,9404,2026.01.28 16:30,2026.01.28 17:08,49105.3,48955.3,-153.0,-153.0,1.0,SL,0,False,150.0,2,1,1
31,S_32___RR_SHO+__RR_SHO+__RR_SHO,SHORT,9408,9411,2026.01.28 17:12,2026.01.28 17:15,48926.8,48913.545952,10.3,10.3,1.0,BE,1,True,44.18016,3,1,1
32,S_33___RR_SHO+__RR_SHO+__RR_SHO,SHORT,10790,10792,2026.01.29 17:29,2026.01.29 17:31,48813.7,48789.227280399995,21.5,21.5,1.0,BE,1,True,150.0,9,1,1
33,S_34___RR_SHO+__RR_SHO+__RR_SHO,SHORT,10792,10795,2026.01.29 17:31,2026.01.29 17:34,48779.7,48749.832051,26.9,26.9,1.0,BE,1,True,150.0,10,1,1
34,S_35___RR_SHO+__RR_SHO+__RR_SHO,SHORT,10793,10797,2026.01.29 17:32,2026.01.29 17:36,48757.7,48735.622600999995,19.1,19.1,1.0,BE,1,True,147.18266,11,1,1
35,S_36___RR_SHO+__RR_SHO+__RR_SHO,SHORT,12207,12252,2026.01.30 18:21,2026.01.30 19:06,48588.35,48564.7362698,20.6,20.6,1.0,BE,1,True,150.0,19,1,1
36,S_37___RR_SHO+__RR_SHO+__RR_SHO,SHORT,12209,12252,2026.01.30 18:23,2026.01.30 19:06,48586.35,48566.042238,17.3,17.3,1.0,BE,1,True,135.38508,20,1,1
37,S_38___RR_SHO+__RR_SHO+__RR_SHO,SHORT,12252,12254,2026.01.30 19:06,2026.01.30 19:08,48543.4,48521.300743,19.1,19.1,1.0,BE,1,True,147.32838,21,1,1
38,S_39___RR_SHO+__RR_SHO+__RR_SHO,SHORT,12326,12328,2026.01.30 20:20,2026.01.30 20:22,48479.9,48460.921764800005,16.0,16.0,1.0,BE,1,True,126.521568,26,1,1
2,L_3___RR_LON+__RR_LON+__RR_LON,LONG,13475,13477,2026.02.02 16:44,2026.02.02 16:46,49124.8,49148.7083614,20.9,20.9,1.0,BE,1,True,150.0,32,1,1
1,L_2___RR_LON+__RR_LON+__RR_LON,LONG,13474,13478,2026.02.02 16:43,2026.02.02 16:47,49090.3,49113.124443400004,19.8,19.8,1.0,LF,3,True,150.0,31,1,1
3,L_4___RR_LON+__RR_LON+__RR_LON,LONG,13477,13480,2026.02.02 16:46,2026.02.02 16:49,49133.8,49151.483246200005,29.4,14.7,2.0,BE,1,True,58.944154,33,1,1
4,L_5___RR_LON+__RR_LON+__RR_LON,LONG,13478,13480,2026.02.02 16:47,2026.02.02 16:49,49116.3,49133.4716424,14.2,14.2,1.0,BE,2,True,57.238808,34,1,1
5,L_6___RR_LON+__RR_LON+__RR_LON,LONG,13479,13482,2026.02.02 16:48,2026.02.02 16:51,49146.3,49170.620046000004,42.6,21.3,2.0,BE,1,True,150.0,35,1,1
6,L_7___RR_LON+__RR_LON+__RR_LON,LONG,13480,13483,2026.02.02 16:49,2026.02.02 16:52,49154.8,49178.103076,20.3,20.3,1.0,BE,1,True,150.0,36,1,1
7,L_8___RR_LON+__RR_LON+__RR_LON,LONG,13481,13483,2026.02.02 16:50,2026.02.02 16:52,49161.3,49183.390818,19.1,19.1,1.0,BE,1,True,147.27212,37,1,1
9,L_10___RR_LON+__RR_LON+__RR_LON,LONG,13483,13487,2026.02.02 16:52,2026.02.02 16:56,49177.3,49120.612758,-59.7,-59.7,1.0,SL,0,False,56.687242,39,1,1
10,L_11___RR_LON+__RR_LON+__RR_LON,LONG,13484,13487,2026.02.02 16:53,2026.02.02 16:56,49165.3,49111.263506,-114.1,-57.0,2.0,SL,0,False,54.036494,40,1,1
11,L_12___RR_LON+__RR_LON+__RR_LON,LONG,13485,13488,2026.02.02 16:54,2026.02.02 16:57,49143.3,49078.577606000006,-135.4,-67.7,2.0,SL,0,False,64.722394,41,1,1
12,L_13___RR_LON+__RR_LON+__RR_LON,LONG,13486,13488,2026.02.02 16:55,2026.02.02 16:57,49136.3,49076.758768,-125.1,-62.5,2.0,SL,0,False,59.541232,42,1,1
8,L_9___RR_LON+__RR_LON+__RR_LON,LONG,13482,13489,2026.02.02 16:51,2026.02.02 16:58,49187.3,49038.322208000005,-152.0,-152.0,1.0,SL,0,False,148.977792,38,1,1
13,L_14___RR_LON+__RR_LON+__RR_LON,LONG,13499,13503,2026.02.02 17:08,2026.02.02 17:12,49156.3,49169.643374800005,10.3,10.3,1.0,BE,1,True,88.955832,44,1,1
14,L_15___RR_LON+__RR_LON+__RR_LON,LONG,13502,13505,2026.02.02 17:11,2026.02.02 17:14,49165.3,49178.8226344,10.5,10.5,1.0,BE,1,True,90.150896,45,1,1
15,L_16___RR_LON+__RR_LON+__RR_LON,LONG,13503,13505,2026.02.02 17:12,2026.02.02 17:14,49173.3,49187.7314772,11.4,11.4,1.0,BE,1,True,96.209848,46,1,1
16,L_17___RR_LON+__RR_LON+__RR_LON,LONG,13504,13506,2026.02.02 17:13,2026.02.02 17:15,49181.3,49193.891760800005,9.6,9.6,1.0,BE,1,True,83.945072,47,1,1
17,L_18___RR_LON+__RR_LON+__RR_LON,LONG,13505,13511,2026.02.02 17:14,2026.02.02 17:20,49189.3,49204.4192998,12.1,12.1,1.0,BE,2,True,100.795332,48,1,1
18,L_19___RR_LON+__RR_LON+__RR_LON,LONG,13506,13511,2026.02.02 17:15,2026.02.02 17:20,49203.35,49220.2660766,13.9,13.9,1.0,BE,1,True,112.773844,49,1,1
19,L_20___RR_LON+__RR_LON+__RR_LON,LONG,13507,13511,2026.02.02 17:16,2026.02.02 17:20,49194.3,49213.9346586,33.3,16.6,2.0,BE,1,True,65.448862,50,1,1
20,L_21___RR_LON+__RR_LON+__RR_LON,LONG,13510,13515,2026.02.02 17:19,2026.02.02 17:24,49212.3,49237.009700400005,21.7,21.7,1.0,BE,1,True,150.0,51,1,1
21,L_22___RR_LON+__RR_LON+__RR_LON,LONG,13512,13516,2026.02.02 17:21,2026.02.02 17:25,49226.35,49245.0306574,15.7,15.7,1.0,BE,1,True,124.537716,52,1,1
22,L_23___RR_LON+__RR_LON+__RR_LON,LONG,13513,13516,2026.02.02 17:22,2026.02.02 17:25,49229.35,49243.4552182,11.1,11.1,1.0,BE,1,True,47.017394,53,1,1
23,L_24___RR_LON+__RR_LON+__RR_LON,LONG,13514,13524,2026.02.02 17:23,2026.02.02 17:33,49235.35,49249.6918132,11.3,11.3,1.0,BE,1,True,95.612088,54,1,1
24,L_25___RR_LON+__RR_LON+__RR_LON,LONG,13545,13561,2026.02.02 17:54,2026.02.02 18:10,49327.35,49339.993088999996,19.3,9.6,2.0,BE,1,True,84.28726,55,1,1
25,L_26___RR_LON+__RR_LON+__RR_LON,LONG,14836,14853,2026.02.03 16:40,2026.02.03 16:57,49615.0,49465.0,-153.0,-153.0,1.0,SL,0,False,150.0,57,1,1
39,S_40___RR_SHO+__RR_SHO+__RR_SHO,SHORT,14957,14968,2026.02.03 18:41,2026.02.03 18:52,49284.25,49261.8041212,19.4,19.4,1.0,BE,1,True,149.639192,61,1,1
40,S_41___RR_SHO+__RR_SHO+__RR_SHO,SHORT,14988,15013,2026.02.03 19:12,2026.02.03 19:37,49161.8,49116.8,42.0,42.0,1.0,BE,1,True,150.0,62,1,1
41,S_42___RR_SHO+__RR_SHO+__RR_SHO,SHORT,15016,15018,2026.02.03 19:40,2026.02.03 19:42,49106.75,49094.5728596,9.2,9.2,1.0,BE,1,True,81.180936,63,1,1
42,S_43___RR_SHO+__RR_SHO+__RR_SHO,SHORT,15028,15036,2026.02.03 19:52,2026.02.03 20:00,49042.25,49012.4189636,26.8,26.8,1.0,BE,1,True,150.0,64,1,1
43,S_44___RR_SHO+__RR_SHO+__RR_SHO,SHORT,15097,15105,2026.02.03 21:01,2026.02.03 21:09,48863.5,48832.5550906,27.9,27.9,1.0,BE,1,True,150.0,66,1,1
26,L_27___RR_LON+__RR_LON+__RR_LON,LONG,16507,16510,2026.02.04 21:46,2026.02.04 21:49,49498.55,49530.6636338,29.1,29.1,1.0,BE,1,True,150.0,78,1,1
27,L_28___RR_LON+__RR_LON+__RR_LON,LONG,16509,16514,2026.02.04 21:48,2026.02.04 21:53,49528.1,49572.178277,41.1,41.1,1.0,BE,1,True,150.0,79,1,1
28,L_29___RR_LON+__RR_LON+__RR_LON,LONG,16512,16515,2026.02.04 21:51,2026.02.04 21:54,49530.1,49558.4640862,25.4,25.4,1.0,BE,1,True,150.0,80,1,1
45,S_46___RR_SHO+__RR_SHO+__RR_SHO,SHORT,17562,17564,2026.02.05 16:36,2026.02.05 16:38,49149.0,49299.0,-153.0,-153.0,1.0,SL,0,False,150.0,83,1,1
44,S_45___RR_SHO+__RR_SHO+__RR_SHO,SHORT,17560,17571,2026.02.05 16:34,2026.02.05 16:45,49178.5,49328.5,-153.0,-153.0,1.0,SL,0,False,150.0,82,1,1
46,S_47___RR_SHO+__RR_SHO+__RR_SHO,SHORT,17586,17592,2026.02.05 17:00,2026.02.05 17:06,49137.0,49092.0,42.0,42.0,1.0,BE,1,True,150.0,84,1,1
47,S_48___RR_SHO+__RR_SHO+__RR_SHO,SHORT,17587,17593,2026.02.05 17:01,2026.02.05 17:07,49117.0,49080.4876504,33.5,33.5,1.0,BE,1,True,150.0,85,1,1
48,S_49___RR_SHO+__RR_SHO+__RR_SHO,SHORT,17591,17595,2026.02.05 17:05,2026.02.05 17:09,49100.5,49069.8550576,27.6,27.6,1.0,BE,1,True,150.0,86,1,1
49,S_50___RR_SHO+__RR_SHO+__RR_SHO,SHORT,17592,17597,2026.02.05 17:06,2026.02.05 17:11,49073.5,49047.9452068,22.6,22.6,1.0,BE,1,True,150.0,87,1,1
50,S_51___RR_SHO+__RR_SHO+__RR_SHO,SHORT,17596,17598,2026.02.05 17:10,2026.02.05 17:12,49049.0,49017.2439638,28.8,28.8,1.0,BE,1,True,150.0,88,1,1
51,S_52___RR_SHO+__RR_SHO+__RR_SHO,SHORT,17597,17600,2026.02.05 17:11,2026.02.05 17:14,49011.5,48982.0667756,26.4,26.4,1.0,BE,1,True,150.0,89,1,1
52,S_53___RR_SHO+__RR_SHO+__RR_SHO,SHORT,17598,17607,2026.02.05 17:12,2026.02.05 17:21,48984.5,48959.7597698,21.7,21.7,1.0,BE,1,True,150.0,90,1,1
53,S_54___RR_SHO+__RR_SHO+__RR_SHO,SHORT,17600,17607,2026.02.05 17:14,2026.02.05 17:21,48982.5,48963.6778536,15.8,15.8,1.0,BE,1,True,125.480976,91,1,1
55,S_56___RR_SHO+__RR_SHO+__RR_SHO,SHORT,17604,17607,2026.02.05 17:18,2026.02.05 17:21,48996.0,48968.2865112,24.7,24.7,1.0,BE,1,True,150.0,93,1,1
54,S_55___RR_SHO+__RR_SHO+__RR_SHO,SHORT,17603,17608,2026.02.05 17:17,2026.02.05 17:22,49003.0,48970.5124468,29.5,29.5,1.0,BE,2,True,108.291844,92,1,1
57,S_58___RR_SHO+__RR_SHO+__RR_SHO,SHORT,17608,17616,2026.02.05 17:22,2026.02.05 17:30,48945.0,48909.56427,32.4,32.4,1.0,BE,2,True,150.0,95,1,1
58,S_59___RR_SHO+__RR_SHO+__RR_SHO,SHORT,17611,17616,2026.02.05 17:25,2026.02.05 17:30,48933.5,48906.8280704,23.7,23.7,1.0,BE,2,True,150.0,96,1,1
59,S_60___RR_SHO+__RR_SHO+__RR_SHO,SHORT,17612,17618,2026.02.05 17:26,2026.02.05 17:32,48884.5,48855.6578542,25.8,25.8,1.0,BE,1,True,150.0,97,1,1
30,S_31___RR_SHO+__RR_SHO+__RR_SHO,SHORT,17617,17621,2026.02.05 17:31,2026.02.05 17:35,48854.5,48828.1616464,23.3,23.3,1.0,BE,1,True,150.0,98,1,1
31,S_32___RR_SHO+__RR_SHO+__RR_SHO,SHORT,17618,17621,2026.02.05 17:32,2026.02.05 17:35,48847.5,48827.8377246,16.7,16.7,1.0,BE,1,True,131.081836,99,1,1
56,S_57___RR_SHO+__RR_SHO+__RR_SHO,SHORT,17606,17625,2026.02.05 17:20,2026.02.05 17:39,48948.5,48921.8134874,23.7,23.7,1.0,LF,4,True,150.0,94,1,1
32,S_33___RR_SHO+__RR_SHO+__RR_SHO,SHORT,17631,17668,2026.02.05 17:45,2026.02.05 18:22,48849.0,48999.0,-153.0,-153.0,1.0,SL,0,False,150.0,100,1,1
29,L_30___RR_LON+__RR_LON+__RR_LON,LONG,18921,18923,2026.02.06 16:30,2026.02.06 16:32,49300.6,49345.6,84.0,42.0,2.0,BE,1,True,150.0,104,1,1
0,L_1___RR_LON+__RR_LON+__RR_LON,LONG,18922,18924,2026.02.06 16:31,2026.02.06 16:33,49378.1,49423.1,84.0,42.0,2.0,BE,1,True,150.0,105,1,1
1,L_2___RR_LON+__RR_LON+__RR_LON,LONG,18923,18926,2026.02.06 16:32,2026.02.06 16:35,49428.1,49473.1,84.0,42.0,2.0,BE,1,True,150.0,106,1,1
2,L_3___RR_LON+__RR_LON+__RR_LON,LONG,18924,18926,2026.02.06 16:33,2026.02.06 16:35,49444.6,49487.955823,80.7,40.4,2.0,BE,1,True,150.0,107,1,1
3,L_4___RR_LON+__RR_LON+__RR_LON,LONG,18925,18927,2026.02.06 16:34,2026.02.06 16:36,49463.6,49503.1240406,73.0,36.5,2.0,BE,1,True,150.0,108,1,1
4,L_5___RR_LON+__RR_LON+__RR_LON,LONG,18926,18929,2026.02.06 16:35,2026.02.06 16:38,49511.6,49555.6232198,41.0,41.0,1.0,BE,1,True,150.0,109,1,1
5,L_6___RR_LON+__RR_LON+__RR_LON,LONG,18927,18930,2026.02.06 16:36,2026.02.06 16:39,49529.6,49566.5492888,33.9,33.9,1.0,BE,1,True,150.0,110,1,1
6,L_7___RR_LON+__RR_LON+__RR_LON,LONG,18928,18930,2026.02.06 16:37,2026.02.06 16:39,49557.6,49587.831858599995,27.2,27.2,1.0,BE,1,True,150.0,111,1,1
7,L_8___RR_LON+__RR_LON+__RR_LON,LONG,18929,18934,2026.02.06 16:38,2026.02.06 16:43,49558.6,49583.067052599996,21.5,21.5,1.0,BE,1,True,81.556842,112,1,1
9,L_10___RR_LON+__RR_LON+__RR_LON,LONG,18931,18937,2026.02.06 16:40,2026.02.06 16:46,49549.1,49574.8663472,22.8,22.8,1.0,LF,3,True,150.0,113,1,1
10,L_11___RR_LON+__RR_LON+__RR_LON,LONG,18932,18937,2026.02.06 16:41,2026.02.06 16:46,49537.6,49579.966207599995,39.4,39.4,1.0,LF,4,True,70.610346,114,1,1
11,L_12___RR_LON+__RR_LON+__RR_LON,LONG,18933,18937,2026.02.06 16:42,2026.02.06 16:46,49590.6,49621.965045,28.4,28.4,1.0,BE,1,True,150.0,115,1,1
12,L_13___RR_LON+__RR_LON+__RR_LON,LONG,18934,18937,2026.02.06 16:43,2026.02.06 16:46,49592.1,49615.280978999996,20.2,20.2,1.0,BE,1,True,77.26993,116,1,1
13,L_14___RR_LON+__RR_LON+__RR_LON,LONG,18935,18937,2026.02.06 16:44,2026.02.06 16:46,49608.6,49627.6309356,16.0,16.0,1.0,BE,1,True,126.872904,117,1,1
16,L_17___RR_LON+__RR_LON+__RR_LON,LONG,18941,18944,2026.02.06 16:50,2026.02.06 16:53,49589.6,49615.8195488,23.2,23.2,1.0,BE,2,True,150.0,119,1,1
15,L_16___RR_LON+__RR_LON+__RR_LON,LONG,18937,18945,2026.02.06 16:46,2026.02.06 16:54,49580.6,49604.3463626,20.7,20.7,1.0,LF,3,True,79.154542,118,1,1
20,L_21___RR_LON+__RR_LON+__RR_LON,LONG,18945,18949,2026.02.06 16:54,2026.02.06 16:58,49599.6,49620.1828476,35.2,17.6,2.0,BE,1,True,68.609492,122,1,1
17,L_18___RR_LON+__RR_LON+__RR_LON,LONG,18942,18952,2026.02.06 16:51,2026.02.06 17:01,49630.1,49660.8399662,55.5,27.7,2.0,BE,2,True,150.0,120,1,1
18,L_19___RR_LON+__RR_LON+__RR_LON,LONG,18943,18952,2026.02.06 16:52,2026.02.06 17:01,49644.6,49666.6778808,38.2,19.1,2.0,BE,2,True,147.185872,121,1,1
21,L_22___RR_LON+__RR_LON+__RR_LON,LONG,18948,18952,2026.02.06 16:57,2026.02.06 17:01,49636.1,49664.6885192,51.2,25.6,2.0,BE,2,True,150.0,123,1,1
22,L_23___RR_LON+__RR_LON+__RR_LON,LONG,18949,18952,2026.02.06 16:58,2026.02.06 17:01,49652.6,49677.153308,21.6,21.6,1.0,BE,1,True,150.0,124,1,1
24,L_25___RR_LON+__RR_LON+__RR_LON,LONG,18951,18957,2026.02.06 17:00,2026.02.06 17:06,49678.6,49709.897155599996,28.3,28.3,1.0,BE,1,True,150.0,125,1,1
26,L_27___RR_LON+__RR_LON+__RR_LON,LONG,18953,18957,2026.02.06 17:02,2026.02.06 17:06,49669.1,49695.0914654,23.0,23.0,1.0,BE,1,True,150.0,126,1,1
27,L_28___RR_LON+__RR_LON+__RR_LON,LONG,18955,18957,2026.02.06 17:04,2026.02.06 17:06,49656.6,49682.775576,23.2,23.2,1.0,BE,2,True,150.0,127,1,1
0,L_1___RR_LON+__RR_LON+__RR_LON,LONG,18960,18963,2026.02.06 17:09,2026.02.06 17:12,49688.6,49720.3811816,28.8,28.8,1.0,LF,5,True,105.937272,130,1,1
28,L_29___RR_LON+__RR_LON+__RR_LON,LONG,18956,18964,2026.02.06 17:05,2026.02.06 17:13,49674.1,49704.711795999996,27.6,27.6,1.0,LF,3,True,150.0,128,1,1
29,L_30___RR_LON+__RR_LON+__RR_LON,LONG,18958,18964,2026.02.06 17:07,2026.02.06 17:13,49685.6,49711.025052799996,22.4,22.4,1.0,LF,3,True,150.0,129,1,1
2,L_3___RR_LON+__RR_LON+__RR_LON,LONG,18962,18967,2026.02.06 17:11,2026.02.06 17:16,49761.6,49673.29673,-91.3,-91.3,1.0,SL,0,False,88.30327,132,1,1
4,L_5___RR_LON+__RR_LON+__RR_LON,LONG,18967,18969,2026.02.06 17:16,2026.02.06 17:18,49703.1,49731.234548399996,25.1,25.1,1.0,BE,1,True,150.0,133,1,1
6,L_7___RR_LON+__RR_LON+__RR_LON,LONG,18988,18991,2026.02.06 17:37,2026.02.06 17:40,49755.1,49770.5134738,12.4,12.4,1.0,BE,1,True,102.756492,135,1,1
7,L_8___RR_LON+__RR_LON+__RR_LON,LONG,18989,18991,2026.02.06 17:38,2026.02.06 17:40,49764.6,49777.4578824,9.9,9.9,1.0,BE,1,True,85.719216,136,1,1
5,L_6___RR_LON+__RR_LON+__RR_LON,LONG,18984,18993,2026.02.06 17:33,2026.02.06 17:42,49764.6,49784.5104642,16.9,16.9,1.0,BE,1,True,132.736428,134,1,1
1,L_2___RR_LON+__RR_LON+__RR_LON,LONG,18961,18994,2026.02.06 17:10,2026.02.06 17:43,49763.1,49797.4560642,31.4,31.4,1.0,BE,1,True,150.0,131,1,1
8,L_9___RR_LON+__RR_LON+__RR_LON,LONG,18992,18994,2026.02.06 17:41,2026.02.06 17:43,49776.6,49792.938270599996,13.3,13.3,1.0,BE,2,True,108.921804,137,1,1
11,L_12___RR_LON+__RR_LON+__RR_LON,LONG,18995,18997,2026.02.06 17:44,2026.02.06 17:46,49783.6,49801.168289199995,14.6,14.6,1.0,BE,1,True,58.560964,139,1,1
12,L_13___RR_LON+__RR_LON+__RR_LON,LONG,18996,18998,2026.02.06 17:45,2026.02.06 17:47,49793.6,49808.6440802,12.0,12.0,1.0,BE,1,True,100.293868,140,1,1
13,L_14___RR_LON+__RR_LON+__RR_LON,LONG,18997,19001,2026.02.06 17:46,2026.02.06 17:50,49811.6,49706.757703999996,-107.8,-107.8,1.0,SL,0,False,104.842296,141,1,1
9,L_10___RR_LON+__RR_LON+__RR_LON,LONG,18993,19003,2026.02.06 17:42,2026.02.06 17:52,49804.6,49659.922891999995,-147.7,-147.7,1.0,SL,0,False,144.677108,138,1,1
14,L_15___RR_LON+__RR_LON+__RR_LON,LONG,19014,19047,2026.02.06 18:03,2026.02.06 18:36,49815.6,49835.8451718,34.5,17.2,2.0,BE,1,True,134.967812,144,1,1
15,L_16___RR_LON+__RR_LON+__RR_LON,LONG,19017,19047,2026.02.06 18:06,2026.02.06 18:36,49812.6,49828.952355,26.7,13.4,2.0,BE,2,True,109.0157,145,1,1
16,L_17___RR_LON+__RR_LON+__RR_LON,LONG,19122,19170,2026.02.06 19:51,2026.02.06 20:39,49974.15,49989.6413634,12.5,12.5,1.0,BE,1,True,103.275756,146,1,1
17,L_18___RR_LON+__RR_LON+__RR_LON,LONG,19241,19274,2026.02.06 21:50,2026.02.06 22:23,50028.6,50040.9410916,9.3,9.3,1.0,BE,1,True,82.273944,147,1,1
18,L_19___RR_LON+__RR_LON+__RR_LON,LONG,19293,19298,2026.02.06 22:42,2026.02.06 22:47,50090.6,50102.625383,9.0,9.0,1.0,BE,1,True,80.16922,148,1,1
19,L_20___RR_LON+__RR_LON+__RR_LON,LONG,19301,19303,2026.02.06 22:50,2026.02.06 22:52,50144.15,50162.2211288,15.1,15.1,1.0,BE,1,True,120.474192,149,1,1
22,L_23___RR_LON+__RR_LON+__RR_LON,LONG,19306,19311,2026.02.06 22:55,2026.02.06 23:00,50150.65,50088.837528000004,-64.8,-64.8,1.0,SL,0,False,61.812472,151,1,1
20,L_21___RR_LON+__RR_LON+__RR_LON,LONG,19302,19356,2026.02.06 22:51,2026.02.06 23:45,50171.65,50096.38,-156.5,-78.3,2.0,FC,0,False,134.058628,150,1,1
23,L_24___RR_LON+__RR_LON+__RR_LON,LONG,21650,21652,2026.02.10 16:30,2026.02.10 16:32,50274.5,50319.5,42.0,42.0,1.0,BE,2,True,150.0,153,1,1
24,L_25___RR_LON+__RR_LON+__RR_LON,LONG,21668,21670,2026.02.10 16:48,2026.02.10 16:53,50430.5,50462.9166542,29.4,29.4,1.0,BE,1,True,150.0,155,1,1
25,L_26___RR_LON+__RR_LON+__RR_LON,LONG,21672,21676,2026.02.10 16:55,2026.02.10 16:59,50475.5,50493.379514,14.9,14.9,1.0,BE,2,True,119.19676,156,1,1
26,L_27___RR_LON+__RR_LON+__RR_LON,LONG,21674,21676,2026.02.10 16:57,2026.02.10 16:59,50492.5,50507.7126634,12.2,12.2,1.0,BE,1,True,101.417756,157,1,1
28,L_29___RR_LON+__RR_LON+__RR_LON,LONG,21676,21683,2026.02.10 16:59,2026.02.10 17:06,50503.45,50456.607749999996,-49.8,-49.8,1.0,SL,0,False,46.84225,159,1,1
27,L_28___RR_LON+__RR_LON+__RR_LON,LONG,21675,21689,2026.02.10 16:58,2026.02.10 17:12,50514.5,50413.645248,-207.7,-103.9,2.0,SL,0,False,100.854752,158,1,1
33,S_34___RR_SHO+__RR_SHO+__RR_SHO,SHORT,23051,23053,2026.02.11 17:09,2026.02.11 17:11,50170.9,50151.991258,15.9,15.9,1.0,BE,2,True,126.05828,161,1,1
34,S_35___RR_SHO+__RR_SHO+__RR_SHO,SHORT,23053,23055,2026.02.11 17:11,2026.02.11 17:13,50125.9,50105.2187956,17.7,17.7,1.0,BE,2,True,137.874696,162,1,1
35,S_36___RR_SHO+__RR_SHO+__RR_SHO,SHORT,23054,23056,2026.02.11 17:12,2026.02.11 17:14,50096.4,50071.3982226,22.0,22.0,1.0,BE,1,True,150.0,163,1,1
36,S_37___RR_SHO+__RR_SHO+__RR_SHO,SHORT,23057,23061,2026.02.11 17:15,2026.02.11 17:19,50088.4,50055.4016734,30.0,30.0,1.0,BE,2,True,150.0,165,1,1
37,S_38___RR_SHO+__RR_SHO+__RR_SHO,SHORT,23059,23061,2026.02.11 17:17,2026.02.11 17:19,50058.9,50034.915333000004,21.0,21.0,1.0,BE,1,True,150.0,166,1,1
38,S_39___RR_SHO+__RR_SHO+__RR_SHO,SHORT,23061,23063,2026.02.11 17:19,2026.02.11 17:21,50035.4,50010.672641000005,21.7,21.7,1.0,BE,1,True,150.0,167,1,1
39,S_40___RR_SHO+__RR_SHO+__RR_SHO,SHORT,23064,23067,2026.02.11 17:22,2026.02.11 17:25,50013.9,49990.2351966,20.7,20.7,1.0,BE,2,True,150.0,168,1,1
40,S_41___RR_SHO+__RR_SHO+__RR_SHO,SHORT,23066,23069,2026.02.11 17:24,2026.02.11 17:27,49972.4,49947.514154000004,21.9,21.9,1.0,BE,1,True,150.0,169,1,1
42,S_43___RR_SHO+__RR_SHO+__RR_SHO,SHORT,23071,23074,2026.02.11 17:29,2026.02.11 17:32,50003.9,49977.009237800004,23.9,23.9,1.0,BE,1,True,150.0,171,1,1
41,S_42___RR_SHO+__RR_SHO+__RR_SHO,SHORT,23068,23080,2026.02.11 17:26,2026.02.11 17:38,49984.4,49955.720658800004,25.7,25.7,1.0,BE,1,True,95.597804,170,1,1
43,S_44___RR_SHO+__RR_SHO+__RR_SHO,SHORT,23078,23080,2026.02.11 17:36,2026.02.11 17:38,49981.4,49959.3148748,19.1,19.1,1.0,BE,1,True,147.234168,172,1,1
44,S_45___RR_SHO+__RR_SHO+__RR_SHO,SHORT,24465,24468,2026.02.12 17:58,2026.02.12 18:01,50099.2,50077.5100138,18.7,18.7,1.0,BE,1,True,144.599908,177,1,1
49,S_50___RR_SHO+__RR_SHO+__RR_SHO,SHORT,24472,24475,2026.02.12 18:05,2026.02.12 18:08,49951.7,49920.9510896,27.7,27.7,1.0,BE,1,True,150.0,182,1,1
52,S_53___RR_SHO+__RR_SHO+__RR_SHO,SHORT,24476,24478,2026.02.12 18:09,2026.02.12 18:11,49897.7,49876.0653872,18.6,18.6,1.0,BE,1,True,144.230752,185,1,1
53,S_54___RR_SHO+__RR_SHO+__RR_SHO,SHORT,24477,24480,2026.02.12 18:10,2026.02.12 18:13,49866.2,49843.085208799996,20.1,20.1,1.0,BE,1,True,150.0,186,1,1
54,S_55___RR_SHO+__RR_SHO+__RR_SHO,SHORT,24478,24482,2026.02.12 18:11,2026.02.12 18:15,49845.7,49823.19105279999,19.5,19.5,1.0,BE,2,True,150.0,187,1,1
55,S_56___RR_SHO+__RR_SHO+__RR_SHO,SHORT,24480,24484,2026.02.12 18:13,2026.02.12 18:17,49812.2,49788.383744,20.8,20.8,1.0,BE,1,True,150.0,188,1,1
56,S_57___RR_SHO+__RR_SHO+__RR_SHO,SHORT,24482,24486,2026.02.12 18:15,2026.02.12 18:19,49779.7,49755.0754864,21.6,21.6,1.0,BE,1,True,150.0,189,1,1
57,S_58___RR_SHO+__RR_SHO+__RR_SHO,SHORT,24485,24488,2026.02.12 18:18,2026.02.12 18:21,49745.7,49723.4993856,19.2,19.2,1.0,BE,1,True,148.004096,190,1,1
45,S_46___RR_SHO+__RR_SHO+__RR_SHO,SHORT,24468,24490,2026.02.12 18:01,2026.02.12 18:23,50044.2,49748.4395868,292.8,292.8,1.0,LF,17,True,140.838292,178,1,1
46,S_47___RR_SHO+__RR_SHO+__RR_SHO,SHORT,24469,24490,2026.02.12 18:02,2026.02.12 18:23,50030.7,49732.788220799994,294.9,294.9,1.0,LF,21,True,110.337696,179,1,1
47,S_48___RR_SHO+__RR_SHO+__RR_SHO,SHORT,24470,24490,2026.02.12 18:03,2026.02.12 18:23,50036.7,49729.8494304,303.9,303.9,1.0,LF,18,True,63.927202,180,1,1
51,S_52___RR_SHO+__RR_SHO+__RR_SHO,SHORT,24475,24490,2026.02.12 18:08,2026.02.12 18:23,49925.2,49718.6307328,203.6,203.6,1.0,LF,14,True,57.380352,184,1,1
58,S_59___RR_SHO+__RR_SHO+__RR_SHO,SHORT,24487,24490,2026.02.12 18:20,2026.02.12 18:23,49723.7,49701.2400218,19.5,19.5,1.0,BE,1,True,149.733188,191,1,1
48,S_49___RR_SHO+__RR_SHO+__RR_SHO,SHORT,24471,24491,2026.02.12 18:04,2026.02.12 18:24,50005.7,49759.200395,243.5,243.5,1.0,LF,14,True,149.3937,181,1,1
50,S_51___RR_SHO+__RR_SHO+__RR_SHO,SHORT,24473,24491,2026.02.12 18:06,2026.02.12 18:24,49934.7,49762.6030608,169.1,169.1,1.0,LF,11,True,143.414116,183,1,1
59,S_60___RR_SHO+__RR_SHO+__RR_SHO,SHORT,24489,24494,2026.02.12 18:22,2026.02.12 18:27,49686.2,49663.600609999994,19.6,19.6,1.0,BE,1,True,150.0,192,1,1
30,S_31___RR_SHO+__RR_SHO+__RR_SHO,SHORT,24491,24494,2026.02.12 18:24,2026.02.12 18:27,49705.7,49668.405728599995,34.3,34.3,1.0,BE,1,True,150.0,193,1,1
31,S_32___RR_SHO+__RR_SHO+__RR_SHO,SHORT,24492,24499,2026.02.12 18:25,2026.02.12 18:32,49672.2,49641.5730996,27.6,27.6,1.0,BE,2,True,150.0,194,1,1
32,S_33___RR_SHO+__RR_SHO+__RR_SHO,SHORT,24496,24512,2026.02.12 18:29,2026.02.12 18:45,49610.7,49583.052216,24.6,24.6,1.0,BE,1,True,150.0,195,1,1
33,S_34___RR_SHO+__RR_SHO+__RR_SHO,SHORT,24511,24514,2026.02.12 18:44,2026.02.12 18:47,49604.2,49574.289154,26.9,26.9,1.0,BE,1,True,150.0,196,1,1
34,S_35___RR_SHO+__RR_SHO+__RR_SHO,SHORT,24580,24585,2026.02.12 19:53,2026.02.12 19:58,49495.7,49473.032032999996,19.7,19.7,1.0,BE,1,True,150.0,199,1,1
35,S_36___RR_SHO+__RR_SHO+__RR_SHO,SHORT,24757,24759,2026.02.12 22:50,2026.02.12 22:52,49462.5,49438.5448344,21.0,21.0,1.0,BE,1,True,150.0,201,1,1
36,S_37___RR_SHO+__RR_SHO+__RR_SHO,SHORT,24845,24916,2026.02.13 01:33,2026.02.13 02:44,49421.88,49402.2747864,16.6,16.6,1.0,BE,1,True,130.701424,202,1,1
37,S_38___RR_SHO+__RR_SHO+__RR_SHO,SHORT,25744,25748,2026.02.13 16:32,2026.02.13 16:36,49332.5,49287.5,42.0,42.0,1.0,BE,1,True,150.0,204,1,1
38,S_39___RR_SHO+__RR_SHO+__RR_SHO,SHORT,25749,25752,2026.02.13 16:37,2026.02.13 16:40,49257.5,49219.0794314,35.4,35.4,1.0,BE,1,True,150.0,205,1,1
39,S_40___RR_SHO+__RR_SHO+__RR_SHO,SHORT,25751,25753,2026.02.13 16:39,2026.02.13 16:41,49221.0,49182.8127774,35.2,35.2,1.0,BE,1,True,150.0,206,1,1
40,S_41___RR_SHO+__RR_SHO+__RR_SHO,SHORT,25752,25755,2026.02.13 16:40,2026.02.13 16:43,49173.5,49133.6747732,36.8,36.8,1.0,BE,2,True,150.0,207,1,1
41,S_42___RR_SHO+__RR_SHO+__RR_SHO,SHORT,28283,28291,2026.02.17 17:11,2026.02.17 17:19,49246.5,49396.5,-153.0,-153.0,1.0,SL,0,False,150.0,216,1,1
42,S_43___RR_SHO+__RR_SHO+__RR_SHO,SHORT,28304,28306,2026.02.17 17:32,2026.02.17 17:34,49223.5,49200.4164442,20.1,20.1,1.0,BE,1,True,150.0,218,1,1
29,L_30___RR_LON+__RR_LON+__RR_LON,LONG,28345,28352,2026.02.17 18:13,2026.02.17 18:20,49577.0,49606.1775038,26.2,26.2,1.0,BE,1,True,150.0,219,1,1
43,S_44___RR_SHO+__RR_SHO+__RR_SHO,SHORT,29606,29607,2026.02.18 16:30,2026.02.18 16:31,49445.7,49595.7,-153.0,-153.0,1.0,SL,0,False,150.0,228,1,1
44,S_45___RR_SHO+__RR_SHO+__RR_SHO,SHORT,31185,31203,2026.02.19 20:04,2026.02.19 20:22,49240.3,49227.6166276,9.7,9.7,1.0,LF,3,True,84.555816,236,1,1
0,L_1___RR_LON+__RR_LON+__RR_LON,LONG,32367,32369,2026.02.20 17:01,2026.02.20 17:03,49664.3,49709.3,42.0,42.0,1.0,BE,1,True,150.0,238,1,1
45,S_46___RR_SHO+__RR_SHO+__RR_SHO,SHORT,33723,33727,2026.02.23 16:53,2026.02.23 16:57,49289.4,49253.1241254,33.3,33.3,1.0,BE,1,True,150.0,244,1,1
46,S_47___RR_SHO+__RR_SHO+__RR_SHO,SHORT,33725,33727,2026.02.23 16:55,2026.02.23 16:57,49270.9,49246.9067956,21.0,21.0,1.0,BE,1,True,150.0,245,1,1
47,S_48___RR_SHO+__RR_SHO+__RR_SHO,SHORT,33732,33734,2026.02.23 17:02,2026.02.23 17:04,49208.9,49189.9065782,16.0,16.0,1.0,BE,1,True,126.622812,246,1,1
1,L_2___RR_LON+__RR_LON+__RR_LON,LONG,35079,35084,2026.02.24 16:44,2026.02.24 16:49,49190.8,49211.9386834,18.1,18.1,1.0,LF,3,True,140.924556,254,1,1
2,L_3___RR_LON+__RR_LON+__RR_LON,LONG,35121,35125,2026.02.24 17:26,2026.02.24 17:30,49215.8,49233.667374200006,14.9,14.9,1.0,BE,1,True,119.115828,257,1,1
3,L_4___RR_LON+__RR_LON+__RR_LON,LONG,37794,37798,2026.02.26 16:29,2026.02.26 16:33,49709.61,49729.8455046,17.2,17.2,1.0,BE,2,True,134.903364,259,1,1
4,L_5___RR_LON+__RR_LON+__RR_LON,LONG,37799,37803,2026.02.26 16:34,2026.02.26 16:38,49751.8,49793.729920000005,38.9,38.9,1.0,BE,1,True,150.0,260,1,1
5,L_6___RR_LON+__RR_LON+__RR_LON,LONG,37801,37803,2026.02.26 16:36,2026.02.26 16:38,49782.8,49812.995568800005,27.2,27.2,1.0,BE,1,True,150.0,261,1,1
48,S_49___RR_SHO+__RR_SHO+__RR_SHO,SHORT,37846,37850,2026.02.26 17:21,2026.02.26 17:25,49302.8,49267.8575666,31.9,31.9,1.0,BE,1,True,150.0,263,1,1
49,S_50___RR_SHO+__RR_SHO+__RR_SHO,SHORT,37852,37863,2026.02.26 17:27,2026.02.26 17:38,49245.8,49395.8,-153.0,-153.0,1.0,SL,0,False,150.0,264,1,1
50,S_51___RR_SHO+__RR_SHO+__RR_SHO,SHORT,39100,39103,2026.02.27 15:30,2026.02.27 15:33,48961.21,48925.683659199996,32.5,32.5,1.0,BE,1,True,150.0,266,1,1
51,S_52___RR_SHO+__RR_SHO+__RR_SHO,SHORT,39101,39107,2026.02.27 15:31,2026.02.27 15:37,48938.21,48904.9563512,30.3,30.3,1.0,BE,1,True,150.0,267,1,1
52,S_53___RR_SHO+__RR_SHO+__RR_SHO,SHORT,39103,39107,2026.02.27 15:33,2026.02.27 15:37,48919.21,48895.6742464,20.5,20.5,1.0,BE,1,True,150.0,268,1,1
53,S_54___RR_SHO+__RR_SHO+__RR_SHO,SHORT,39170,39173,2026.02.27 16:40,2026.02.27 16:43,48820.4,48776.9864576,40.4,40.4,1.0,BE,1,True,150.0,269,1,1
54,S_55___RR_SHO+__RR_SHO+__RR_SHO,SHORT,39171,39173,2026.02.27 16:41,2026.02.27 16:43,48817.9,48787.3050658,27.6,27.6,1.0,BE,1,True,101.983114,270,1,1
55,S_56___RR_SHO+__RR_SHO+__RR_SHO,SHORT,39172,39175,2026.02.27 16:42,2026.02.27 16:45,48777.4,48748.7950936,25.6,25.6,1.0,BE,1,True,150.0,271,1,1
56,S_57___RR_SHO+__RR_SHO+__RR_SHO,SHORT,39177,39191,2026.02.27 16:47,2026.02.27 17:01,48713.9,48673.038027200004,37.9,37.9,1.0,BE,1,True,150.0,272,1,1
57,S_58___RR_SHO+__RR_SHO+__RR_SHO,SHORT,39180,39191,2026.02.27 16:50,2026.02.27 17:01,48712.4,48673.9562672,35.4,35.4,1.0,BE,1,True,150.0,273,1,1
58,S_59___RR_SHO+__RR_SHO+__RR_SHO,SHORT,39655,39713,2026.03.02 02:00,2026.03.02 02:58,48343.21,48446.806804,-106.6,-106.6,1.0,SL,0,False,103.596804,277,1,1
59,S_60___RR_SHO+__RR_SHO+__RR_SHO,SHORT,40064,40067,2026.03.02 08:49,2026.03.02 08:52,48320.21,48306.5827418,10.6,10.6,1.0,BE,2,True,90.848388,278,1,1
30,S_31___RR_SHO+__RR_SHO+__RR_SHO,SHORT,40066,40086,2026.03.02 08:51,2026.03.02 09:11,48295.21,48279.828152199996,12.4,12.4,1.0,LF,4,True,102.545652,279,1,1
31,S_32___RR_SHO+__RR_SHO+__RR_SHO,SHORT,40113,40127,2026.03.02 09:38,2026.03.02 09:52,48227.31,48213.727392,10.6,10.6,1.0,BE,1,True,90.55072,280,1,1
32,S_33___RR_SHO+__RR_SHO+__RR_SHO,SHORT,40132,40138,2026.03.02 09:57,2026.03.02 10:03,48193.81,48175.040222799995,15.8,15.8,1.0,BE,1,True,125.131848,281,1,1
6,L_7___RR_LON+__RR_LON+__RR_LON,LONG,40560,40563,2026.03.02 17:05,2026.03.02 17:08,48834.5,48857.156708,19.7,19.7,1.0,BE,1,True,150.0,282,1,1
7,L_8___RR_LON+__RR_LON+__RR_LON,LONG,40562,40568,2026.03.02 17:07,2026.03.02 17:13,48860.5,48879.3296572,31.7,15.8,2.0,BE,1,True,125.531048,283,1,1
8,L_9___RR_LON+__RR_LON+__RR_LON,LONG,40566,40569,2026.03.02 17:11,2026.03.02 17:14,48859.5,48884.8044972,22.3,22.3,1.0,BE,1,True,150.0,284,1,1
9,L_10___RR_LON+__RR_LON+__RR_LON,LONG,40567,40569,2026.03.02 17:12,2026.03.02 17:14,48866.5,48885.328207,15.8,15.8,1.0,BE,1,True,125.52138,285,1,1
10,L_11___RR_LON+__RR_LON+__RR_LON,LONG,40569,40572,2026.03.02 17:14,2026.03.02 17:17,48873.0,48890.111613,14.1,14.1,1.0,BE,2,True,114.07742,286,1,1
11,L_12___RR_LON+__RR_LON+__RR_LON,LONG,40570,40572,2026.03.02 17:15,2026.03.02 17:17,48877.0,48895.1895736,15.2,15.2,1.0,BE,1,True,60.631912,287,1,1
12,L_13___RR_LON+__RR_LON+__RR_LON,LONG,40571,40587,2026.03.02 17:16,2026.03.02 17:32,48898.0,48748.0,-153.0,-153.0,1.0,SL,0,False,150.0,288,1,1
13,L_14___RR_LON+__RR_LON+__RR_LON,LONG,40624,40641,2026.03.02 18:09,2026.03.02 18:26,48896.05,48777.56028400001,-243.0,-121.5,2.0,SL,0,False,118.489716,291,1,1
14,L_15___RR_LON+__RR_LON+__RR_LON,LONG,40658,40660,2026.03.02 18:43,2026.03.02 18:45,48901.5,48918.8488488,14.3,14.3,1.0,BE,1,True,115.658992,292,1,1
15,L_16___RR_LON+__RR_LON+__RR_LON,LONG,40659,40661,2026.03.02 18:44,2026.03.02 18:46,48915.5,48931.079144,12.6,12.6,1.0,BE,1,True,103.86096,293,1,1
16,L_17___RR_LON+__RR_LON+__RR_LON,LONG,40660,40663,2026.03.02 18:45,2026.03.02 18:48,48928.5,48943.776135,24.6,12.3,2.0,BE,2,True,101.8409,294,1,1
17,L_18___RR_LON+__RR_LON+__RR_LON,LONG,40661,40663,2026.03.02 18:46,2026.03.02 18:48,48935.55,48948.5913252,20.1,10.0,2.0,BE,2,True,86.942168,295,1,1
18,L_19___RR_LON+__RR_LON+__RR_LON,LONG,40662,40694,2026.03.02 18:47,2026.03.02 19:19,48961.55,48979.223048600004,14.7,14.7,1.0,BE,1,True,117.820324,296,1,1
19,L_20___RR_LON+__RR_LON+__RR_LON,LONG,40690,40695,2026.03.02 19:15,2026.03.02 19:20,48962.55,48984.2611542,18.7,18.7,1.0,BE,1,True,144.741028,297,1,1
20,L_21___RR_LON+__RR_LON+__RR_LON,LONG,40825,40861,2026.03.02 21:30,2026.03.02 22:06,49055.0,48953.457884,-104.5,-104.5,1.0,SL,0,False,101.542116,298,1,1
21,L_22___RR_LON+__RR_LON+__RR_LON,LONG,42122,42124,2026.03.03 20:22,2026.03.03 20:24,48431.9,48450.4481288,15.5,15.5,1.0,BE,1,True,123.654192,314,1,1
22,L_23___RR_LON+__RR_LON+__RR_LON,LONG,42123,42127,2026.03.03 20:23,2026.03.03 20:27,48449.95,48467.9669332,15.0,15.0,1.0,BE,1,True,120.112888,315,1,1
23,L_24___RR_LON+__RR_LON+__RR_LON,LONG,42126,42133,2026.03.03 20:26,2026.03.03 20:33,48471.45,48489.056928,14.6,14.6,1.0,BE,1,True,117.37952,316,1,1
24,L_25___RR_LON+__RR_LON+__RR_LON,LONG,42131,42134,2026.03.03 20:31,2026.03.03 20:34,48481.95,48500.181254999996,15.2,15.2,1.0,BE,2,True,121.5417,317,1,1
26,L_27___RR_LON+__RR_LON+__RR_LON,LONG,42135,42138,2026.03.03 20:35,2026.03.03 20:38,48500.4,48520.1653188,16.8,16.8,1.0,BE,1,True,65.884396,319,1,1
28,L_29___RR_LON+__RR_LON+__RR_LON,LONG,42138,42141,2026.03.03 20:38,2026.03.03 20:41,48542.9,48564.037835,18.1,18.1,1.0,BE,1,True,140.9189,321,1,1
29,L_30___RR_LON+__RR_LON+__RR_LON,LONG,42139,42142,2026.03.03 20:39,2026.03.03 20:42,48556.9,48571.765919800004,11.9,11.9,1.0,BE,1,True,99.106132,322,1,1
0,L_1___RR_LON+__RR_LON+__RR_LON,LONG,42140,42142,2026.03.03 20:40,2026.03.03 20:42,48559.9,48573.1510156,10.3,10.3,1.0,BE,1,True,44.170052,323,1,1
25,L_26___RR_LON+__RR_LON+__RR_LON,LONG,42133,42144,2026.03.03 20:33,2026.03.03 20:44,48507.4,48527.694697,17.3,17.3,1.0,LF,3,True,135.29798,318,1,1
27,L_28___RR_LON+__RR_LON+__RR_LON,LONG,42136,42144,2026.03.03 20:36,2026.03.03 20:44,48509.9,48530.040944600005,17.1,17.1,1.0,LF,3,True,134.272964,320,1,1
2,L_3___RR_LON+__RR_LON+__RR_LON,LONG,42143,42150,2026.03.03 20:43,2026.03.03 20:50,48549.9,48565.356621,12.5,12.5,1.0,BE,1,True,51.52207,324,1,1
4,L_5___RR_LON+__RR_LON+__RR_LON,LONG,42149,42152,2026.03.03 20:49,2026.03.03 20:52,48568.9,48589.626628,17.7,17.7,1.0,BE,1,True,138.17752,326,1,1
3,L_4___RR_LON+__RR_LON+__RR_LON,LONG,42148,42154,2026.03.03 20:48,2026.03.03 20:54,48537.9,48553.7289198,12.8,12.8,1.0,LF,3,True,105.526132,325,1,1
5,L_6___RR_LON+__RR_LON+__RR_LON,LONG,42180,42194,2026.03.03 21:20,2026.03.03 21:34,48582.4,48459.964296,-125.4,-125.4,1.0,SL,0,False,122.435704,329,1,1
6,L_7___RR_LON+__RR_LON+__RR_LON,LONG,43309,43313,2026.03.04 17:24,2026.03.04 17:28,48809.8,48829.5635332,16.8,16.8,1.0,BE,1,True,131.756888,332,1,1
7,L_8___RR_LON+__RR_LON+__RR_LON,LONG,43345,43348,2026.03.04 18:00,2026.03.04 18:03,48827.75,48843.6980324,12.9,12.9,1.0,BE,1,True,106.320216,334,1,1
33,S_34___RR_SHO+__RR_SHO+__RR_SHO,SHORT,44658,44671,2026.03.05 17:08,2026.03.05 17:21,48218.6,48186.258194,29.3,29.3,1.0,BE,1,True,150.0,343,1,1
34,S_35___RR_SHO+__RR_SHO+__RR_SHO,SHORT,44674,44678,2026.03.05 17:24,2026.03.05 17:28,48122.6,48099.1429988,20.5,20.5,1.0,BE,1,True,150.0,344,1,1
35,S_36___RR_SHO+__RR_SHO+__RR_SHO,SHORT,44676,44678,2026.03.05 17:26,2026.03.05 17:28,48115.6,48093.195559,19.4,19.4,1.0,BE,1,True,149.36294,345,1,1
36,S_37___RR_SHO+__RR_SHO+__RR_SHO,SHORT,44677,44681,2026.03.05 17:27,2026.03.05 17:31,48093.6,48068.139327,22.5,22.5,1.0,BE,1,True,150.0,346,1,1
37,S_38___RR_SHO+__RR_SHO+__RR_SHO,SHORT,44678,44681,2026.03.05 17:28,2026.03.05 17:31,48077.6,48057.400685,17.2,17.2,1.0,BE,1,True,134.6621,347,1,1
38,S_39___RR_SHO+__RR_SHO+__RR_SHO,SHORT,44680,44715,2026.03.05 17:30,2026.03.05 18:05,48060.6,48028.54818,29.1,29.1,1.0,BE,1,True,150.0,348,1,1
39,S_40___RR_SHO+__RR_SHO+__RR_SHO,SHORT,44720,44722,2026.03.05 18:10,2026.03.05 18:12,47948.6,47935.7328434,9.9,9.9,1.0,BE,1,True,85.781044,349,1,1
40,S_41___RR_SHO+__RR_SHO+__RR_SHO,SHORT,44730,44748,2026.03.05 18:20,2026.03.05 18:38,47896.6,47970.558558,-77.0,-77.0,1.0,SL,0,False,73.958558,351,1,1
41,S_42___RR_SHO+__RR_SHO+__RR_SHO,SHORT,44733,44774,2026.03.05 18:23,2026.03.05 19:04,47881.5,48031.5,-153.0,-153.0,1.0,SL,0,False,150.0,352,1,1
42,S_43___RR_SHO+__RR_SHO+__RR_SHO,SHORT,44791,44797,2026.03.05 19:21,2026.03.05 19:27,47840.5,47827.4990728,10.0,10.0,1.0,LF,3,True,86.672848,353,1,1
44,S_45___RR_SHO+__RR_SHO+__RR_SHO,SHORT,45940,45943,2026.03.06 15:45,2026.03.06 15:48,47416.51,47389.3423426,24.2,24.2,1.0,BE,1,True,150.0,360,1,1
45,S_46___RR_SHO+__RR_SHO+__RR_SHO,SHORT,45941,45943,2026.03.06 15:46,2026.03.06 15:48,47411.51,47387.784291200005,20.7,20.7,1.0,BE,1,True,79.085696,361,1,1
46,S_47___RR_SHO+__RR_SHO+__RR_SHO,SHORT,45942,45947,2026.03.06 15:47,2026.03.06 15:52,47373.01,47347.9957372,22.0,22.0,1.0,BE,2,True,150.0,362,1,1
47,S_48___RR_SHO+__RR_SHO+__RR_SHO,SHORT,45945,45947,2026.03.06 15:50,2026.03.06 15:52,47362.01,47325.274146200005,33.7,33.7,1.0,BE,1,True,150.0,363,1,1
48,S_49___RR_SHO+__RR_SHO+__RR_SHO,SHORT,45946,45951,2026.03.06 15:51,2026.03.06 15:56,47338.01,47296.5022478,38.5,38.5,1.0,BE,1,True,150.0,364,1,1
43,S_44___RR_SHO+__RR_SHO+__RR_SHO,SHORT,45936,45954,2026.03.06 15:41,2026.03.06 15:59,47491.51,47330.5862368,157.9,157.9,1.0,LF,11,True,134.103136,359,1,1
49,S_50___RR_SHO+__RR_SHO+__RR_SHO,SHORT,45961,45966,2026.03.06 16:06,2026.03.06 16:11,47290.01,47273.414471000004,13.6,13.6,1.0,BE,2,True,110.63686,366,1,1
50,S_51___RR_SHO+__RR_SHO+__RR_SHO,SHORT,45994,45997,2026.03.06 16:39,2026.03.06 16:42,47059.2,47032.1623578,24.0,24.0,1.0,BE,1,True,150.0,368,1,1
52,S_53___RR_SHO+__RR_SHO+__RR_SHO,SHORT,45997,46002,2026.03.06 16:42,2026.03.06 16:47,47057.2,47021.8100668,32.4,32.4,1.0,BE,1,True,150.0,370,1,1
51,S_52___RR_SHO+__RR_SHO+__RR_SHO,SHORT,45995,46003,2026.03.06 16:40,2026.03.06 16:48,47037.2,47006.901994399996,27.3,27.3,1.0,BE,1,True,150.0,369,1,1
53,S_54___RR_SHO+__RR_SHO+__RR_SHO,SHORT,46001,46015,2026.03.06 16:46,2026.03.06 17:00,47016.7,47166.7,-153.0,-153.0,1.0,SL,0,False,150.0,371,1,1
54,S_55___RR_SHO+__RR_SHO+__RR_SHO,SHORT,46013,46015,2026.03.06 16:58,2026.03.06 17:00,47012.2,47162.2,-153.0,-153.0,1.0,SL,0,False,150.0,372,1,1
55,S_56___RR_SHO+__RR_SHO+__RR_SHO,SHORT,46425,46427,2026.03.09 01:05,2026.03.09 01:07,46665.18,46620.18,42.0,42.0,1.0,BE,2,True,150.0,376,1,1
56,S_57___RR_SHO+__RR_SHO+__RR_SHO,SHORT,46428,46430,2026.03.09 01:08,2026.03.09 01:10,46547.18,46502.18,42.0,42.0,1.0,LF,3,True,150.0,377,1,1
8,L_9___RR_LON+__RR_LON+__RR_LON,LONG,47434,47443,2026.03.09 17:54,2026.03.09 18:03,47029.6,47052.001730799995,38.8,19.4,2.0,BE,1,True,149.344872,381,1,1
9,L_10___RR_LON+__RR_LON+__RR_LON,LONG,47442,47447,2026.03.09 18:02,2026.03.09 18:07,47049.6,47074.6171218,22.0,22.0,1.0,BE,1,True,150.0,382,1,1
10,L_11___RR_LON+__RR_LON+__RR_LON,LONG,47706,47709,2026.03.09 22:26,2026.03.09 22:29,47611.5,47649.5085456,70.0,35.0,2.0,BE,1,True,150.0,387,1,1
11,L_12___RR_LON+__RR_LON+__RR_LON,LONG,47707,47709,2026.03.09 22:27,2026.03.09 22:29,47632.0,47661.1214902,52.2,26.1,2.0,BE,1,True,150.0,388,1,1
12,L_13___RR_LON+__RR_LON+__RR_LON,LONG,47708,47710,2026.03.09 22:28,2026.03.09 22:30,47649.0,47694.0,42.0,42.0,1.0,BE,1,True,150.0,389,1,1
13,L_14___RR_LON+__RR_LON+__RR_LON,LONG,47709,47714,2026.03.09 22:29,2026.03.09 22:34,47695.5,47735.0971776,36.6,36.6,1.0,BE,1,True,150.0,390,1,1
16,L_17___RR_LON+__RR_LON+__RR_LON,LONG,47717,47719,2026.03.09 22:37,2026.03.09 22:39,47829.5,47872.6678922,40.2,40.2,1.0,BE,1,True,150.0,393,1,1
14,L_15___RR_LON+__RR_LON+__RR_LON,LONG,47713,47720,2026.03.09 22:33,2026.03.09 22:40,47768.5,47810.3419546,38.8,38.8,1.0,BE,2,True,150.0,391,1,1
15,L_16___RR_LON+__RR_LON+__RR_LON,LONG,47716,47720,2026.03.09 22:36,2026.03.09 22:40,47758.0,47798.6150044,37.6,37.6,1.0,BE,2,True,150.0,392,1,1
17,L_18___RR_LON+__RR_LON+__RR_LON,LONG,47719,47721,2026.03.09 22:39,2026.03.09 22:41,47867.5,47717.5,-153.0,-153.0,1.0,SL,0,False,150.0,394,1,1
19,L_20___RR_LON+__RR_LON+__RR_LON,LONG,48794,48797,2026.03.10 17:49,2026.03.10 17:52,47917.9,47939.912597200004,38.0,19.0,2.0,BE,1,True,146.750648,400,1,1
18,L_19___RR_LON+__RR_LON+__RR_LON,LONG,48779,48811,2026.03.10 17:34,2026.03.10 18:06,47794.9,47934.068933200004,136.2,136.2,1.0,LF,9,True,150.0,399,1,1
20,L_21___RR_LON+__RR_LON+__RR_LON,LONG,48952,48954,2026.03.10 20:27,2026.03.10 20:29,48203.85,48218.6015376,11.8,11.8,1.0,BE,1,True,98.343584,402,1,1
58,S_59___RR_SHO+__RR_SHO+__RR_SHO,SHORT,50608,50610,2026.03.12 02:33,2026.03.12 02:35,46974.31,46958.004082,13.3,13.3,1.0,BE,1,True,108.70612,428,1,1
59,S_60___RR_SHO+__RR_SHO+__RR_SHO,SHORT,50611,50614,2026.03.12 02:36,2026.03.12 02:39,46969.31,46954.0747526,12.2,12.2,1.0,LF,3,True,101.568316,429,1,1
30,S_31___RR_SHO+__RR_SHO+__RR_SHO,SHORT,50613,50621,2026.03.12 02:38,2026.03.12 02:46,46925.31,46907.6000508,14.7,14.7,1.0,BE,1,True,118.066328,430,1,1
57,S_58___RR_SHO+__RR_SHO+__RR_SHO,SHORT,50522,50625,2026.03.12 01:07,2026.03.12 02:50,47241.18,46982.876544,255.3,255.3,1.0,LF,15,True,143.50192,427,1,1
31,S_32___RR_SHO+__RR_SHO+__RR_SHO,SHORT,51435,51446,2026.03.12 16:20,2026.03.12 16:31,46910.41,46881.82088860001,25.6,25.6,1.0,BE,2,True,150.0,431,1,1
32,S_33___RR_SHO+__RR_SHO+__RR_SHO,SHORT,51445,51447,2026.03.12 16:30,2026.03.12 16:32,46862.1,46817.1,42.0,42.0,1.0,BE,1,True,150.0,432,1,1
33,S_34___RR_SHO+__RR_SHO+__RR_SHO,SHORT,51446,51478,2026.03.12 16:31,2026.03.12 17:03,46807.6,46957.6,-153.0,-153.0,1.0,SL,0,False,150.0,433,1,1
34,S_35___RR_SHO+__RR_SHO+__RR_SHO,SHORT,51505,51511,2026.03.12 17:30,2026.03.12 17:36,46728.6,46801.724594,-76.1,-76.1,1.0,SL,0,False,73.124594,436,1,1
35,S_36___RR_SHO+__RR_SHO+__RR_SHO,SHORT,51548,51562,2026.03.12 18:13,2026.03.12 18:27,46712.1,46830.349804,-121.2,-121.2,1.0,SL,0,False,118.249804,438,1,1
21,L_22___RR_LON+__RR_LON+__RR_LON,LONG,52817,52825,2026.03.13 16:37,2026.03.13 16:45,47078.7,47113.0398342,31.3,31.3,1.0,BE,1,True,150.0,446,1,1
22,L_23___RR_LON+__RR_LON+__RR_LON,LONG,52824,52830,2026.03.13 16:44,2026.03.13 16:50,47119.7,46982.844068,-279.7,-139.9,2.0,SL,0,False,136.855932,447,1,1
23,L_24___RR_LON+__RR_LON+__RR_LON,LONG,54097,54099,2026.03.16 15:12,2026.03.16 15:14,46900.81,46913.7772708,10.0,10.0,1.0,BE,1,True,86.448472,455,1,1
24,L_25___RR_LON+__RR_LON+__RR_LON,LONG,54189,54191,2026.03.16 16:44,2026.03.16 16:46,47034.5,47053.3672322,15.9,15.9,1.0,BE,1,True,125.781548,457,1,1
25,L_26___RR_LON+__RR_LON+__RR_LON,LONG,54190,54192,2026.03.16 16:45,2026.03.16 16:47,47064.5,47085.4059428,17.9,17.9,1.0,BE,1,True,139.372952,458,1,1
26,L_27___RR_LON+__RR_LON+__RR_LON,LONG,54191,54205,2026.03.16 16:46,2026.03.16 17:00,47091.0,47113.7777166,19.8,19.8,1.0,BE,2,True,150.0,459,1,1
27,L_28___RR_LON+__RR_LON+__RR_LON,LONG,54192,54205,2026.03.16 16:47,2026.03.16 17:00,47100.0,47116.6650726,13.7,13.7,1.0,BE,2,True,111.100484,460,1,1
28,L_29___RR_LON+__RR_LON+__RR_LON,LONG,54201,54205,2026.03.16 16:56,2026.03.16 17:00,47091.5,47113.9512518,19.5,19.5,1.0,BE,2,True,149.675012,461,1,1
0,L_1___RR_LON+__RR_LON+__RR_LON,LONG,54204,54205,2026.03.16 16:59,2026.03.16 17:00,47143.0,47096.760396,-98.5,-49.2,2.0,SL,0,False,46.239604,463,1,1
29,L_30___RR_LON+__RR_LON+__RR_LON,LONG,54203,54216,2026.03.16 16:58,2026.03.16 17:11,47144.0,47163.2935052,32.6,16.3,2.0,BE,2,True,128.623368,462,1,1
2,L_3___RR_LON+__RR_LON+__RR_LON,LONG,54213,54216,2026.03.16 17:08,2026.03.16 17:11,47131.5,47149.0053102,14.5,14.5,1.0,LF,3,True,116.702068,465,1,1
3,L_4___RR_LON+__RR_LON+__RR_LON,LONG,54214,54216,2026.03.16 17:09,2026.03.16 17:11,47129.0,47154.818276,22.8,22.8,1.0,LF,4,True,43.03046,466,1,1
4,L_5___RR_LON+__RR_LON+__RR_LON,LONG,54215,54235,2026.03.16 17:10,2026.03.16 17:30,47187.0,47037.0,-153.0,-153.0,1.0,SL,0,False,150.0,467,1,1
1,L_2___RR_LON+__RR_LON+__RR_LON,LONG,54207,54238,2026.03.16 17:02,2026.03.16 17:33,47159.5,47009.5,-306.0,-153.0,2.0,SL,0,False,150.0,464,1,1
5,L_6___RR_LON+__RR_LON+__RR_LON,LONG,54296,54318,2026.03.16 18:31,2026.03.16 18:53,47082.05,46982.943764,-102.1,-102.1,1.0,SL,0,False,99.106236,469,1,1
6,L_7___RR_LON+__RR_LON+__RR_LON,LONG,55540,55544,2026.03.17 16:30,2026.03.17 16:34,47344.0,47389.0,42.0,42.0,1.0,BE,1,True,150.0,471,1,1
7,L_8___RR_LON+__RR_LON+__RR_LON,LONG,55542,55550,2026.03.17 16:32,2026.03.17 16:40,47367.5,47412.034049,41.5,41.5,1.0,BE,1,True,150.0,472,1,1
9,L_10___RR_LON+__RR_LON+__RR_LON,LONG,55544,55550,2026.03.17 16:34,2026.03.17 16:40,47383.5,47411.0036934,24.5,24.5,1.0,BE,1,True,91.678978,474,1,1
10,L_11___RR_LON+__RR_LON+__RR_LON,LONG,55545,55550,2026.03.17 16:35,2026.03.17 16:40,47394.0,47412.7595628,15.8,15.8,1.0,BE,1,True,125.063752,475,1,1
11,L_12___RR_LON+__RR_LON+__RR_LON,LONG,55546,55550,2026.03.17 16:36,2026.03.17 16:40,47400.0,47414.9212968,11.9,11.9,1.0,BE,1,True,99.475312,476,1,1
12,L_13___RR_LON+__RR_LON+__RR_LON,LONG,55547,55550,2026.03.17 16:37,2026.03.17 16:40,47380.0,47398.5020878,15.5,15.5,1.0,BE,2,True,61.673626,477,1,1
13,L_14___RR_LON+__RR_LON+__RR_LON,LONG,55548,55550,2026.03.17 16:38,2026.03.17 16:40,47388.5,47408.2845122,16.8,16.8,1.0,BE,1,True,131.896748,478,1,1
19,L_20___RR_LON+__RR_LON+__RR_LON,LONG,55555,55557,2026.03.17 16:45,2026.03.17 16:47,47375.0,47401.9150082,23.9,23.9,1.0,BE,1,True,150.0,482,1,1
14,L_15___RR_LON+__RR_LON+__RR_LON,LONG,55549,55571,2026.03.17 16:39,2026.03.17 17:01,47422.5,47282.164652,-143.3,-143.3,1.0,SL,0,False,140.335348,479,1,1
16,L_17___RR_LON+__RR_LON+__RR_LON,LONG,55551,55571,2026.03.17 16:41,2026.03.17 17:01,47419.0,47287.287772,-134.7,-134.7,1.0,SL,0,False,131.712228,480,1,1
8,L_9___RR_LON+__RR_LON+__RR_LON,LONG,55543,55573,2026.03.17 16:33,2026.03.17 17:03,47397.0,47247.0,-153.0,-153.0,1.0,SL,0,False,150.0,473,1,1
18,L_19___RR_LON+__RR_LON+__RR_LON,LONG,55553,55573,2026.03.17 16:43,2026.03.17 17:03,47390.5,47261.268252,-132.2,-132.2,1.0,SL,0,False,129.231748,481,1,1
36,S_37___RR_SHO+__RR_SHO+__RR_SHO,SHORT,56857,56860,2026.03.18 15:42,2026.03.18 15:45,46853.51,46813.8505022,36.7,36.7,1.0,BE,1,True,150.0,488,1,1
37,S_38___RR_SHO+__RR_SHO+__RR_SHO,SHORT,56858,56862,2026.03.18 15:43,2026.03.18 15:47,46830.51,46791.244242600005,36.3,36.3,1.0,BE,1,True,150.0,489,1,1
39,S_40___RR_SHO+__RR_SHO+__RR_SHO,SHORT,56960,56962,2026.03.18 17:25,2026.03.18 17:27,46575.2,46551.030265999994,21.2,21.2,1.0,BE,1,True,150.0,492,1,1
38,S_39___RR_SHO+__RR_SHO+__RR_SHO,SHORT,56949,56968,2026.03.18 17:14,2026.03.18 17:33,46602.2,46580.5008662,18.7,18.7,1.0,LF,3,True,144.660892,491,1,1
41,S_42___RR_SHO+__RR_SHO+__RR_SHO,SHORT,56974,56977,2026.03.18 17:39,2026.03.18 17:42,46556.7,46534.8954252,18.8,18.8,1.0,BE,1,True,145.363832,494,1,1
40,S_41___RR_SHO+__RR_SHO+__RR_SHO,SHORT,56961,56988,2026.03.18 17:26,2026.03.18 17:53,46540.7,46514.7788192,22.9,22.9,1.0,BE,1,True,150.0,493,1,1
42,S_43___RR_SHO+__RR_SHO+__RR_SHO,SHORT,56983,57003,2026.03.18 17:48,2026.03.18 18:08,46528.2,46678.2,-153.0,-153.0,1.0,SL,0,False,150.0,495,1,1
43,S_44___RR_SHO+__RR_SHO+__RR_SHO,SHORT,57215,57227,2026.03.18 21:40,2026.03.18 21:52,46389.7,46364.0630884,22.6,22.6,1.0,BE,1,True,150.0,496,1,1
44,S_45___RR_SHO+__RR_SHO+__RR_SHO,SHORT,58199,58204,2026.03.19 15:19,2026.03.19 15:24,46009.71,45990.182356799996,16.5,16.5,1.0,BE,1,True,130.184288,500,1,1
47,S_48___RR_SHO+__RR_SHO+__RR_SHO,SHORT,58206,58209,2026.03.19 15:26,2026.03.19 15:29,45938.21,45921.6725936,13.5,13.5,1.0,BE,1,True,110.249376,503,1,1
45,S_46___RR_SHO+__RR_SHO+__RR_SHO,SHORT,58204,58210,2026.03.19 15:24,2026.03.19 15:30,45985.71,45949.5091434,33.2,33.2,1.0,LF,5,True,40.223174,501,1,1
46,S_47___RR_SHO+__RR_SHO+__RR_SHO,SHORT,58205,58210,2026.03.19 15:25,2026.03.19 15:30,45962.71,45947.6907802,12.0,12.0,1.0,LF,3,True,100.128132,502,1,1
48,S_49___RR_SHO+__RR_SHO+__RR_SHO,SHORT,58211,58232,2026.03.19 15:31,2026.03.19 15:52,45913.21,45889.2034048,21.0,21.0,1.0,BE,1,True,150.0,504,1,1
49,S_50___RR_SHO+__RR_SHO+__RR_SHO,SHORT,58232,58244,2026.03.19 15:52,2026.03.19 16:04,45876.21,45863.1568434,10.1,10.1,1.0,BE,1,True,87.021044,505,1,1
20,L_21___RR_LON+__RR_LON+__RR_LON,LONG,58606,58625,2026.03.19 22:06,2026.03.19 22:25,46229.4,46079.4,-153.0,-153.0,1.0,SL,0,False,150.0,514,1,1
50,S_51___RR_SHO+__RR_SHO+__RR_SHO,SHORT,59426,59430,2026.03.20 13:01,2026.03.20 13:05,45810.71,45787.684367,20.0,20.0,1.0,BE,1,True,150.0,516,1,1
51,S_52___RR_SHO+__RR_SHO+__RR_SHO,SHORT,59692,59720,2026.03.20 17:27,2026.03.20 17:55,45710.9,45683.5901774,24.3,24.3,1.0,BE,1,True,150.0,518,1,1
52,S_53___RR_SHO+__RR_SHO+__RR_SHO,SHORT,59953,59991,2026.03.20 21:48,2026.03.20 22:26,45509.05,45493.181422600006,12.9,12.9,1.0,BE,2,True,105.790516,520,1,1
21,L_22___RR_LON+__RR_LON+__RR_LON,LONG,60855,60858,2026.03.23 14:05,2026.03.23 14:08,46148.81,46463.81,312.0,312.0,1.0,LF,10,True,150.0,523,1,1
22,L_23___RR_LON+__RR_LON+__RR_LON,LONG,60856,60858,2026.03.23 14:06,2026.03.23 14:08,46428.81,46473.81,42.0,42.0,1.0,LF,4,True,150.0,524,1,1
23,L_24___RR_LON+__RR_LON+__RR_LON,LONG,60859,60861,2026.03.23 14:09,2026.03.23 14:12,46665.81,46710.81,42.0,42.0,1.0,LF,4,True,150.0,525,1,1
24,L_25___RR_LON+__RR_LON+__RR_LON,LONG,60863,60865,2026.03.23 14:14,2026.03.23 14:16,46838.81,46883.81,42.0,42.0,1.0,BE,1,True,150.0,526,1,1
25,L_26___RR_LON+__RR_LON+__RR_LON,LONG,60866,60869,2026.03.23 14:17,2026.03.23 14:20,46741.81,46591.81,-153.0,-153.0,1.0,SL,0,False,150.0,527,1,1
26,L_27___RR_LON+__RR_LON+__RR_LON,LONG,60868,60869,2026.03.23 14:19,2026.03.23 14:20,46706.81,46608.009002,-101.8,-101.8,1.0,SL,0,False,98.800998,528,1,1
27,L_28___RR_LON+__RR_LON+__RR_LON,LONG,60882,60884,2026.03.23 14:33,2026.03.23 14:35,46746.81,46791.81,84.0,42.0,2.0,BE,1,True,150.0,530,1,1
28,L_29___RR_LON+__RR_LON+__RR_LON,LONG,60883,60886,2026.03.23 14:34,2026.03.23 14:37,46768.81,46618.81,-153.0,-153.0,1.0,SL,0,False,150.0,531,1,1
29,L_30___RR_LON+__RR_LON+__RR_LON,LONG,60884,60886,2026.03.23 14:35,2026.03.23 14:37,46764.81,46622.568986,-145.2,-145.2,1.0,SL,0,False,142.241014,532,1,1
0,L_1___RR_LON+__RR_LON+__RR_LON,LONG,60937,60941,2026.03.23 15:28,2026.03.23 15:32,46460.31,46329.697439999996,-267.2,-133.6,2.0,SL,0,False,130.61256,535,1,1
5,L_6___RR_LON+__RR_LON+__RR_LON,LONG,60958,60960,2026.03.23 15:49,2026.03.23 15:51,46587.31,46599.9236284,9.6,9.6,1.0,BE,2,True,42.045428,543,1,1
3,L_4___RR_LON+__RR_LON+__RR_LON,LONG,60956,60961,2026.03.23 15:47,2026.03.23 15:52,46590.81,46619.8723092,26.1,26.1,1.0,BE,1,True,150.0,541,1,1
1,L_2___RR_LON+__RR_LON+__RR_LON,LONG,60953,60962,2026.03.23 15:44,2026.03.23 15:53,46583.81,46628.81,84.0,42.0,2.0,BE,1,True,150.0,539,1,1
2,L_3___RR_LON+__RR_LON+__RR_LON,LONG,60955,60962,2026.03.23 15:46,2026.03.23 15:53,46580.31,46623.9996552,40.7,40.7,1.0,BE,1,True,150.0,540,1,1
4,L_5___RR_LON+__RR_LON+__RR_LON,LONG,60957,60962,2026.03.23 15:48,2026.03.23 15:53,46604.31,46626.0834786,18.8,18.8,1.0,BE,1,True,145.156524,542,1,1
7,L_8___RR_LON+__RR_LON+__RR_LON,LONG,60960,60963,2026.03.23 15:51,2026.03.23 15:54,46612.81,46635.264415599995,19.5,19.5,1.0,BE,1,True,149.696104,544,1,1
8,L_9___RR_LON+__RR_LON+__RR_LON,LONG,60961,60971,2026.03.23 15:52,2026.03.23 16:02,46634.31,46508.601568,-128.7,-128.7,1.0,SL,0,False,125.708432,545,1,1
9,L_10___RR_LON+__RR_LON+__RR_LON,LONG,60969,60974,2026.03.23 16:00,2026.03.23 16:05,46612.31,46462.31,-153.0,-153.0,1.0,SL,0,False,150.0,546,1,1
10,L_11___RR_LON+__RR_LON+__RR_LON,LONG,61031,61033,2026.03.23 17:02,2026.03.23 17:04,46589.0,46439.0,-306.0,-153.0,2.0,SL,0,False,150.0,551,1,1
12,L_13___RR_LON+__RR_LON+__RR_LON,LONG,61083,61089,2026.03.23 17:54,2026.03.23 18:00,46592.0,46612.4103272,34.8,17.4,2.0,BE,1,True,68.034424,552,1,1
13,L_14___RR_LON+__RR_LON+__RR_LON,LONG,61094,61097,2026.03.23 18:05,2026.03.23 18:08,46686.0,46708.2113994,38.4,19.2,2.0,BE,1,True,74.037998,553,1,1
14,L_15___RR_LON+__RR_LON+__RR_LON,LONG,61095,61098,2026.03.23 18:06,2026.03.23 18:09,46698.5,46716.242249,14.7,14.7,1.0,BE,1,True,118.28166,554,1,1
16,L_17___RR_LON+__RR_LON+__RR_LON,LONG,61099,61122,2026.03.23 18:10,2026.03.23 18:33,46717.5,46585.240752,-135.3,-135.3,1.0,SL,0,False,132.259248,556,1,1
15,L_16___RR_LON+__RR_LON+__RR_LON,LONG,61096,61123,2026.03.23 18:07,2026.03.23 18:34,46715.0,46579.090844,-138.9,-138.9,1.0,SL,0,False,135.909156,555,1,1
18,L_19___RR_LON+__RR_LON+__RR_LON,LONG,61264,61268,2026.03.23 20:55,2026.03.23 20:59,46399.0,46419.088567,17.1,17.1,1.0,BE,1,True,133.92378,564,1,1
17,L_18___RR_LON+__RR_LON+__RR_LON,LONG,61244,61303,2026.03.23 20:35,2026.03.23 21:34,46408.0,46449.5682916,38.6,38.6,1.0,BE,1,True,150.0,563,1,1
19,L_20___RR_LON+__RR_LON+__RR_LON,LONG,61302,61305,2026.03.23 21:33,2026.03.23 21:36,46451.5,46478.64598,24.1,24.1,1.0,BE,2,True,150.0,565,1,1
22,L_23___RR_LON+__RR_LON+__RR_LON,LONG,61310,61313,2026.03.23 21:41,2026.03.23 21:44,46459.5,46479.8692068,34.7,17.4,2.0,BE,1,True,67.897356,568,1,1
23,L_24___RR_LON+__RR_LON+__RR_LON,LONG,61314,61319,2026.03.23 21:45,2026.03.23 21:50,46480.0,46496.1982924,13.2,13.2,1.0,BE,1,True,107.988616,569,1,1
21,L_22___RR_LON+__RR_LON+__RR_LON,LONG,61307,61343,2026.03.23 21:38,2026.03.23 22:14,46522.0,46408.63572,-116.4,-116.4,1.0,SL,0,False,113.36428,567,1,1
20,L_21___RR_LON+__RR_LON+__RR_LON,LONG,61306,61345,2026.03.23 21:37,2026.03.23 22:16,46514.0,46366.454832,-150.5,-150.5,1.0,SL,0,False,147.545168,566,1,1
53,S_54___RR_SHO+__RR_SHO+__RR_SHO,SHORT,63836,63841,2026.03.25 18:17,2026.03.25 18:22,46194.9,46344.9,-153.0,-153.0,1.0,SL,0,False,150.0,577,1,1
24,L_25___RR_LON+__RR_LON+__RR_LON,LONG,65111,65117,2026.03.26 16:47,2026.03.26 16:53,46446.0,46482.4357602,33.4,33.4,1.0,BE,1,True,150.0,583,1,1
25,L_26___RR_LON+__RR_LON+__RR_LON,LONG,65123,65176,2026.03.26 16:59,2026.03.26 17:52,46516.5,46366.5,-153.0,-153.0,1.0,SL,0,False,150.0,584,1,1
54,S_55___RR_SHO+__RR_SHO+__RR_SHO,SHORT,65330,65332,2026.03.26 20:26,2026.03.26 20:28,45994.7,45981.7002488,10.0,10.0,1.0,BE,1,True,86.665008,586,1,1
55,S_56___RR_SHO+__RR_SHO+__RR_SHO,SHORT,66166,66169,2026.03.27 11:37,2026.03.27 11:40,45953.31,45938.0404986,12.3,12.3,1.0,BE,1,True,101.796676,588,1,1
56,S_57___RR_SHO+__RR_SHO+__RR_SHO,SHORT,66459,66461,2026.03.27 16:30,2026.03.27 16:32,45629.5,45584.5,42.0,42.0,1.0,BE,1,True,150.0,589,1,1
57,S_58___RR_SHO+__RR_SHO+__RR_SHO,SHORT,66460,66465,2026.03.27 16:31,2026.03.27 16:36,45571.0,45526.0,42.0,42.0,1.0,BE,1,True,150.0,590,1,1
59,S_60___RR_SHO+__RR_SHO+__RR_SHO,SHORT,66465,66476,2026.03.27 16:36,2026.03.27 16:47,45492.5,45642.5,-153.0,-153.0,1.0,SL,0,False,150.0,592,1,1
58,S_59___RR_SHO+__RR_SHO+__RR_SHO,SHORT,66464,66477,2026.03.27 16:35,2026.03.27 16:48,45520.5,45670.5,-153.0,-153.0,1.0,SL,0,False,150.0,591,1,1
30,S_31___RR_SHO+__RR_SHO+__RR_SHO,SHORT,66486,66488,2026.03.27 16:57,2026.03.27 16:59,45467.0,45441.1819256,22.8,22.8,1.0,BE,1,True,86.060248,593,1,1
31,S_32___RR_SHO+__RR_SHO+__RR_SHO,SHORT,66617,66620,2026.03.27 19:08,2026.03.27 19:11,45453.95,45439.218070999996,11.7,11.7,1.0,BE,1,True,98.21286,596,1,1
32,S_33___RR_SHO+__RR_SHO+__RR_SHO,SHORT,66737,66740,2026.03.27 21:08,2026.03.27 21:11,45227.7,45214.214773199994,10.5,10.5,1.0,BE,1,True,89.901512,597,1,1
33,S_34___RR_SHO+__RR_SHO+__RR_SHO,SHORT,66900,67033,2026.03.30 01:06,2026.03.30 03:19,44839.18,44989.18,-153.0,-153.0,1.0,SL,0,False,150.0,600,1,1
27,L_28___RR_LON+__RR_LON+__RR_LON,LONG,67691,67694,2026.03.30 14:17,2026.03.30 14:20,45439.41,45453.07129380001,10.7,10.7,1.0,BE,1,True,91.075292,602,1,1
26,L_27___RR_LON+__RR_LON+__RR_LON,LONG,67674,67701,2026.03.30 14:00,2026.03.30 14:27,45418.91,45611.0234072,189.1,189.1,1.0,LF,16,True,98.519696,601,1,1
28,L_29___RR_LON+__RR_LON+__RR_LON,LONG,67819,67826,2026.03.30 16:25,2026.03.30 16:32,45583.41,45600.331411800005,13.9,13.9,1.0,BE,1,True,112.809412,603,1,1
29,L_30___RR_LON+__RR_LON+__RR_LON,LONG,67914,67918,2026.03.30 18:00,2026.03.30 18:04,45574.6,45595.2854476,17.7,17.7,1.0,BE,1,True,137.902984,607,1,1
0,L_1___RR_LON+__RR_LON+__RR_LON,LONG,67916,67920,2026.03.30 18:02,2026.03.30 18:06,45587.1,45605.878695,15.8,15.8,1.0,BE,1,True,125.1913,608,1,1
1,L_2___RR_LON+__RR_LON+__RR_LON,LONG,67918,67920,2026.03.30 18:04,2026.03.30 18:06,45588.6,45600.98625,9.4,9.4,1.0,BE,1,True,82.575,609,1,1
2,L_3___RR_LON+__RR_LON+__RR_LON,LONG,67940,67948,2026.03.30 18:26,2026.03.30 18:34,45549.6,45561.6239154,9.0,9.0,1.0,LF,3,True,80.159436,610,1,1
3,L_4___RR_LON+__RR_LON+__RR_LON,LONG,67951,67967,2026.03.30 18:37,2026.03.30 18:53,45614.6,45632.5164272,14.9,14.9,1.0,BE,1,True,119.442848,612,1,1
4,L_5___RR_LON+__RR_LON+__RR_LON,LONG,67957,67967,2026.03.30 18:43,2026.03.30 18:53,45616.1,45630.8932892,11.8,11.8,1.0,BE,1,True,98.621928,613,1,1
5,L_6___RR_LON+__RR_LON+__RR_LON,LONG,68424,68427,2026.03.31 03:45,2026.03.31 03:48,45423.71,45468.71,42.0,42.0,1.0,BE,2,True,150.0,615,1,1
6,L_7___RR_LON+__RR_LON+__RR_LON,LONG,68471,68475,2026.03.31 04:32,2026.03.31 04:36,45640.21,45661.2865408,18.1,18.1,1.0,BE,1,True,140.510272,617,1,1
7,L_8___RR_LON+__RR_LON+__RR_LON,LONG,69217,69219,2026.03.31 16:58,2026.03.31 17:00,45838.7,45856.9511594,15.3,15.3,1.0,BE,1,True,121.674396,621,1,1
8,L_9___RR_LON+__RR_LON+__RR_LON,LONG,69218,69220,2026.03.31 16:59,2026.03.31 17:01,45861.7,45879.169152999995,28.9,14.5,2.0,BE,1,True,116.46102,622,1,1
9,L_10___RR_LON+__RR_LON+__RR_LON,LONG,69219,69235,2026.03.31 17:00,2026.03.31 17:16,45869.7,45719.7,-153.0,-153.0,1.0,SL,0,False,150.0,623,1,1
10,L_11___RR_LON+__RR_LON+__RR_LON,LONG,69292,69294,2026.03.31 18:13,2026.03.31 18:15,45781.2,45804.796192199996,41.2,20.6,2.0,BE,1,True,150.0,628,1,1
11,L_12___RR_LON+__RR_LON+__RR_LON,LONG,69293,69298,2026.03.31 18:14,2026.03.31 18:19,45804.2,45828.73184,43.1,21.5,2.0,BE,1,True,150.0,629,1,1
12,L_13___RR_LON+__RR_LON+__RR_LON,LONG,69296,69298,2026.03.31 18:17,2026.03.31 18:19,45809.2,45829.3896052,17.2,17.2,1.0,BE,1,True,134.597368,630,1,1
14,L_15___RR_LON+__RR_LON+__RR_LON,LONG,69379,69382,2026.03.31 19:40,2026.03.31 19:43,46104.2,46194.2,174.0,87.0,2.0,LF,5,True,150.0,633,1,1
13,L_14___RR_LON+__RR_LON+__RR_LON,LONG,69378,69383,2026.03.31 19:39,2026.03.31 19:44,45956.2,46181.2,222.0,222.0,1.0,LF,8,True,150.0,632,1,1
15,L_16___RR_LON+__RR_LON+__RR_LON,LONG,69380,69383,2026.03.31 19:41,2026.03.31 19:44,46287.2,46137.2,-306.0,-153.0,2.0,SL,0,False,150.0,634,1,1
16,L_17___RR_LON+__RR_LON+__RR_LON,LONG,69381,69383,2026.03.31 19:42,2026.03.31 19:44,46282.2,46132.2,-306.0,-153.0,2.0,SL,0,False,150.0,635,1,1
17,L_18___RR_LON+__RR_LON+__RR_LON,LONG,69382,69384,2026.03.31 19:43,2026.03.31 19:45,46224.2,46074.2,-306.0,-153.0,2.0,SL,0,False,150.0,636,1,1
19,L_20___RR_LON+__RR_LON+__RR_LON,LONG,69384,69390,2026.03.31 19:45,2026.03.31 19:51,46078.2,46123.2,84.0,42.0,2.0,BE,1,True,150.0,637,1,1
20,L_21___RR_LON+__RR_LON+__RR_LON,LONG,69401,69403,2026.03.31 20:02,2026.03.31 20:04,46165.7,46192.2491522,23.5,23.5,1.0,BE,1,True,150.0,638,1,1
23,L_24___RR_LON+__RR_LON+__RR_LON,LONG,69406,69408,2026.03.31 20:07,2026.03.31 20:09,46129.7,46150.0711196,34.7,17.4,2.0,BE,1,True,135.807464,640,1,1
24,L_25___RR_LON+__RR_LON+__RR_LON,LONG,69407,69415,2026.03.31 20:08,2026.03.31 20:16,46147.2,46163.02924919999,25.7,12.8,2.0,BE,2,True,105.528328,641,1,1
25,L_26___RR_LON+__RR_LON+__RR_LON,LONG,69410,69415,2026.03.31 20:11,2026.03.31 20:16,46121.7,46152.946185,28.2,28.2,1.0,BE,1,True,150.0,642,1,1
26,L_27___RR_LON+__RR_LON+__RR_LON,LONG,69414,69417,2026.03.31 20:15,2026.03.31 20:18,46168.7,46193.7769688,22.1,22.1,1.0,BE,1,True,150.0,643,1,1
21,L_22___RR_LON+__RR_LON+__RR_LON,LONG,69402,69419,2026.03.31 20:03,2026.03.31 20:20,46180.7,46202.996876,19.3,19.3,1.0,BE,1,True,148.64584,639,1,1
0,L_1___RR_LON+__RR_LON+__RR_LON,LONG,69422,69424,2026.03.31 20:23,2026.03.31 20:25,46190.7,46135.824307999996,-57.9,-57.9,1.0,SL,0,False,54.875692,647,1,1
27,L_28___RR_LON+__RR_LON+__RR_LON,LONG,69416,69434,2026.03.31 20:17,2026.03.31 20:35,46192.7,46218.081226999995,22.4,22.4,1.0,BE,1,True,150.0,644,1,1
28,L_29___RR_LON+__RR_LON+__RR_LON,LONG,69418,69434,2026.03.31 20:19,2026.03.31 20:35,46198.2,46224.893902799995,23.7,23.7,1.0,BE,1,True,150.0,645,1,1
29,L_30___RR_LON+__RR_LON+__RR_LON,LONG,69421,69434,2026.03.31 20:22,2026.03.31 20:35,46198.7,46221.310249999995,19.6,19.6,1.0,BE,1,True,150.0,646,1,1
2,L_3___RR_LON+__RR_LON+__RR_LON,LONG,69473,69476,2026.03.31 21:14,2026.03.31 21:17,46209.25,46225.6824244,26.9,13.4,2.0,BE,1,True,109.549496,648,1,1
3,L_4___RR_LON+__RR_LON+__RR_LON,LONG,69475,69477,2026.03.31 21:16,2026.03.31 21:18,46230.25,46244.6279278,22.8,11.4,2.0,BE,1,True,95.852852,649,1,1
4,L_5___RR_LON+__RR_LON+__RR_LON,LONG,69476,69483,2026.03.31 21:17,2026.03.31 21:24,46234.2,46179.662727999996,-57.5,-57.5,1.0,SL,0,False,54.537272,650,1,1
5,L_6___RR_LON+__RR_LON+__RR_LON,LONG,69504,69507,2026.03.31 21:45,2026.03.31 21:48,46248.25,46264.1066782,12.9,12.9,1.0,BE,1,True,105.711188,651,1,1
6,L_7___RR_LON+__RR_LON+__RR_LON,LONG,69592,69599,2026.03.31 23:13,2026.03.31 23:20,46361.78,46376.7541712,12.0,12.0,1.0,BE,1,True,99.827808,653,1,1
34,S_35___RR_SHO+__RR_SHO+__RR_SHO,SHORT,71190,71204,2026.04.02 04:21,2026.04.02 04:35,46296.48,46251.48,42.0,42.0,1.0,BE,2,True,150.0,657,1,1
7,L_8___RR_LON+__RR_LON+__RR_LON,LONG,71982,71987,2026.04.02 17:33,2026.04.02 17:38,46327.4,46618.682776400005,288.3,288.3,1.0,LF,10,True,150.0,658,1,1
8,L_9___RR_LON+__RR_LON+__RR_LON,LONG,71984,71987,2026.04.02 17:35,2026.04.02 17:38,46436.9,46616.9,177.0,177.0,1.0,LF,7,True,150.0,659,1,1
9,L_10___RR_LON+__RR_LON+__RR_LON,LONG,71985,71987,2026.04.02 17:36,2026.04.02 17:38,46618.9,46663.9,42.0,42.0,1.0,BE,2,True,150.0,660,1,1
10,L_11___RR_LON+__RR_LON+__RR_LON,LONG,71986,71987,2026.04.02 17:37,2026.04.02 17:38,46688.4,46538.4,-153.0,-153.0,1.0,SL,0,False,150.0,661,1,1
11,L_12___RR_LON+__RR_LON+__RR_LON,LONG,71988,71998,2026.04.02 17:39,2026.04.02 17:49,46605.9,46455.9,-153.0,-153.0,1.0,SL,0,False,150.0,662,1,1
35,S_36___RR_SHO+__RR_SHO+__RR_SHO,SHORT,73271,73274,2026.04.06 01:08,2026.04.06 01:11,46189.78,46163.6110096,23.2,23.2,1.0,BE,1,True,150.0,665,1,1
36,S_37___RR_SHO+__RR_SHO+__RR_SHO,SHORT,73273,73275,2026.04.06 01:10,2026.04.06 01:12,46156.78,46141.3361764,12.4,12.4,1.0,BE,1,True,102.958824,666,1,1
37,S_38___RR_SHO+__RR_SHO+__RR_SHO,SHORT,73274,73283,2026.04.06 01:11,2026.04.06 01:20,46139.78,46234.766116,-98.0,-98.0,1.0,SL,0,False,94.986116,667,1,1
12,L_13___RR_LON+__RR_LON+__RR_LON,LONG,74244,74261,2026.04.06 17:21,2026.04.06 17:38,46688.6,46538.6,-153.0,-153.0,1.0,SL,0,False,150.0,670,1,1
38,S_39___RR_SHO+__RR_SHO+__RR_SHO,SHORT,74864,74876,2026.04.07 04:56,2026.04.07 05:08,46494.41,46474.790577800006,16.6,16.6,1.0,BE,1,True,130.796148,671,1,1
39,S_40___RR_SHO+__RR_SHO+__RR_SHO,SHORT,75400,75405,2026.04.07 13:52,2026.04.07 13:57,46481.51,46455.8685026,22.6,22.6,1.0,BE,1,True,150.0,672,1,1
40,S_41___RR_SHO+__RR_SHO+__RR_SHO,SHORT,75595,75608,2026.04.07 17:07,2026.04.07 17:20,46246.2,46350.557124,-107.4,-107.4,1.0,SL,0,False,104.357124,674,1,1
41,S_42___RR_SHO+__RR_SHO+__RR_SHO,SHORT,75596,75609,2026.04.07 17:08,2026.04.07 17:21,46232.2,46382.2,-153.0,-153.0,1.0,SL,0,False,150.0,675,1,1
43,S_44___RR_SHO+__RR_SHO+__RR_SHO,SHORT,75654,75663,2026.04.07 18:06,2026.04.07 18:15,46219.7,46300.494973999994,-83.8,-83.8,1.0,SL,0,False,80.794974,677,1,1
44,S_45___RR_SHO+__RR_SHO+__RR_SHO,SHORT,75656,75663,2026.04.07 18:08,2026.04.07 18:15,46210.2,46330.889579999995,-123.7,-123.7,1.0,SL,0,False,120.68958,678,1,1
42,S_43___RR_SHO+__RR_SHO+__RR_SHO,SHORT,75653,75710,2026.04.07 18:05,2026.04.07 19:02,46213.2,46363.2,-153.0,-153.0,1.0,SL,0,False,150.0,676,1,1
15,L_16___RR_LON+__RR_LON+__RR_LON,LONG,76056,76058,2026.04.08 02:03,2026.04.08 02:05,47570.41,47503.245698000006,-140.3,-70.2,2.0,SL,0,False,67.164302,685,1,1
16,L_17___RR_LON+__RR_LON+__RR_LON,LONG,76074,76077,2026.04.08 02:21,2026.04.08 02:24,47557.91,47577.127175,16.2,16.2,1.0,BE,1,True,128.1145,686,1,1
13,L_14___RR_LON+__RR_LON+__RR_LON,LONG,76052,76078,2026.04.08 01:59,2026.04.08 02:25,47548.28,47584.8130826,33.5,33.5,1.0,BE,1,True,150.0,683,1,1
14,L_15___RR_LON+__RR_LON+__RR_LON,LONG,76055,76079,2026.04.08 02:02,2026.04.08 02:26,47569.91,47593.980885200006,21.1,21.1,1.0,BE,1,True,150.0,684,1,1
17,L_18___RR_LON+__RR_LON+__RR_LON,LONG,76078,76117,2026.04.08 02:25,2026.04.08 03:04,47595.91,47486.560576,-112.3,-112.3,1.0,SL,0,False,109.349424,687,1,1
18,L_19___RR_LON+__RR_LON+__RR_LON,LONG,76923,76940,2026.04.08 16:30,2026.04.08 16:47,47981.1,48026.1,42.0,42.0,1.0,BE,1,True,150.0,688,1,1
19,L_20___RR_LON+__RR_LON+__RR_LON,LONG,76930,76940,2026.04.08 16:37,2026.04.08 16:47,47994.6,48020.0354106,22.4,22.4,1.0,BE,1,True,150.0,689,1,1
20,L_21___RR_LON+__RR_LON+__RR_LON,LONG,76931,76940,2026.04.08 16:38,2026.04.08 16:47,47995.1,48023.675867,25.6,25.6,1.0,BE,1,True,95.25289,690,1,1
21,L_22___RR_LON+__RR_LON+__RR_LON,LONG,78439,78442,2026.04.09 19:01,2026.04.09 19:04,48136.95,48159.3708612,19.4,19.4,1.0,LF,3,True,149.472408,696,1,1
23,L_24___RR_LON+__RR_LON+__RR_LON,LONG,78446,78457,2026.04.09 19:08,2026.04.09 19:19,48184.0,48196.413205,9.4,9.4,1.0,BE,1,True,82.7547,698,1,1
22,L_23___RR_LON+__RR_LON+__RR_LON,LONG,78441,78491,2026.04.09 19:03,2026.04.09 19:53,48202.45,48236.043786999995,30.6,30.6,1.0,BE,1,True,150.0,697,1,1
46,S_47___RR_SHO+__RR_SHO+__RR_SHO,SHORT,79657,79659,2026.04.10 16:34,2026.04.10 16:36,48046.2,48018.095083199994,25.1,25.1,1.0,BE,1,True,150.0,700,1,1
47,S_48___RR_SHO+__RR_SHO+__RR_SHO,SHORT,79668,79679,2026.04.10 16:45,2026.04.10 16:56,48029.25,47991.422454,34.8,34.8,1.0,LF,5,True,126.09182,701,1,1
48,S_49___RR_SHO+__RR_SHO+__RR_SHO,SHORT,79670,79679,2026.04.10 16:47,2026.04.10 16:56,47977.2,47949.170320799996,25.0,25.0,1.0,BE,1,True,150.0,702,1,1
45,S_46___RR_SHO+__RR_SHO+__RR_SHO,SHORT,79656,79682,2026.04.10 16:33,2026.04.10 16:59,48054.2,48013.3198166,37.9,37.9,1.0,BE,2,True,150.0,699,1,1
49,S_50___RR_SHO+__RR_SHO+__RR_SHO,SHORT,80095,80115,2026.04.13 01:07,2026.04.13 01:27,47414.78,47369.78,42.0,42.0,1.0,BE,1,True,150.0,703,1,1
24,L_25___RR_LON+__RR_LON+__RR_LON,LONG,82419,82425,2026.04.14 17:09,2026.04.14 17:15,48462.85,48480.684643,14.8,14.8,1.0,BE,1,True,118.89762,705,1,1
25,L_26___RR_LON+__RR_LON+__RR_LON,LONG,82424,82435,2026.04.14 17:14,2026.04.14 17:25,48492.85,48395.522767999995,-100.3,-100.3,1.0,SL,0,False,97.327232,706,1,1
50,S_51___RR_SHO+__RR_SHO+__RR_SHO,SHORT,83759,83768,2026.04.15 16:44,2026.04.15 16:53,48465.0,48420.9299358,41.1,41.1,1.0,BE,1,True,150.0,707,1,1
51,S_52___RR_SHO+__RR_SHO+__RR_SHO,SHORT,83775,83778,2026.04.15 17:00,2026.04.15 17:03,48408.55,48385.486622200006,20.1,20.1,1.0,BE,1,True,150.0,708,1,1
52,S_53___RR_SHO+__RR_SHO+__RR_SHO,SHORT,85144,85161,2026.04.16 17:04,2026.04.16 17:21,48391.0,48377.0337454,11.0,11.0,1.0,BE,2,True,93.108364,711,1,1
26,L_27___RR_LON+__RR_LON+__RR_LON,LONG,86433,86439,2026.04.17 15:49,2026.04.17 15:55,49092.61,49128.2533288,32.6,32.6,1.0,BE,1,True,150.0,712,1,1
27,L_28___RR_LON+__RR_LON+__RR_LON,LONG,86436,86451,2026.04.17 15:52,2026.04.17 16:07,49122.61,49150.211539,24.6,24.6,1.0,BE,1,True,150.0,713,1,1
28,L_29___RR_LON+__RR_LON+__RR_LON,LONG,86443,86451,2026.04.17 15:59,2026.04.17 16:07,49141.61,49154.4780536,9.9,9.9,1.0,BE,1,True,85.787024,714,1,1
29,L_30___RR_LON+__RR_LON+__RR_LON,LONG,86453,86474,2026.04.17 16:09,2026.04.17 16:30,49183.11,49070.179292,-115.9,-115.9,1.0,SL,0,False,112.930708,715,1,1
0,L_1___RR_LON+__RR_LON+__RR_LON,LONG,86498,86500,2026.04.17 16:54,2026.04.17 16:56,49255.3,49277.301673600006,19.0,19.0,1.0,BE,1,True,146.677824,716,1,1
1,L_2___RR_LON+__RR_LON+__RR_LON,LONG,86500,86502,2026.04.17 16:56,2026.04.17 16:58,49318.3,49342.2042058,20.9,20.9,1.0,BE,1,True,150.0,717,1,1
3,L_4___RR_LON+__RR_LON+__RR_LON,LONG,86505,86507,2026.04.17 17:01,2026.04.17 17:03,49339.8,49353.9038214,11.1,11.1,1.0,BE,1,True,94.025476,719,1,1
4,L_5___RR_LON+__RR_LON+__RR_LON,LONG,86506,86508,2026.04.17 17:02,2026.04.17 17:04,49350.8,49365.878166200004,12.1,12.1,1.0,BE,1,True,100.521108,720,1,1
6,L_7___RR_LON+__RR_LON+__RR_LON,LONG,86508,86510,2026.04.17 17:04,2026.04.17 17:06,49387.3,49402.8476974,12.5,12.5,1.0,BE,1,True,103.651316,722,1,1
7,L_8___RR_LON+__RR_LON+__RR_LON,LONG,86509,86511,2026.04.17 17:05,2026.04.17 17:07,49392.8,49406.0196932,10.2,10.2,1.0,BE,1,True,44.065644,723,1,1
10,L_11___RR_LON+__RR_LON+__RR_LON,LONG,86512,86514,2026.04.17 17:08,2026.04.17 17:10,49414.85,49429.5797714,11.7,11.7,1.0,BE,1,True,49.099238,725,1,1
2,L_3___RR_LON+__RR_LON+__RR_LON,LONG,86504,86515,2026.04.17 17:00,2026.04.17 17:11,49328.8,49416.4241224,84.6,84.6,1.0,LF,8,True,48.680068,718,1,1
5,L_6___RR_LON+__RR_LON+__RR_LON,LONG,86507,86515,2026.04.17 17:03,2026.04.17 17:11,49361.3,49398.79773680001,34.5,34.5,1.0,LF,6,True,83.328304,721,1,1
9,L_10___RR_LON+__RR_LON+__RR_LON,LONG,86511,86515,2026.04.17 17:07,2026.04.17 17:11,49421.85,49440.0053172,15.2,15.2,1.0,BE,1,True,121.035448,724,1,1
11,L_12___RR_LON+__RR_LON+__RR_LON,LONG,86513,86515,2026.04.17 17:09,2026.04.17 17:11,49428.85,49443.3718492,11.5,11.5,1.0,BE,1,True,96.812328,726,1,1
12,L_13___RR_LON+__RR_LON+__RR_LON,LONG,86514,86521,2026.04.17 17:10,2026.04.17 17:17,49432.85,49446.4191332,10.6,10.6,1.0,BE,1,True,45.230444,727,1,1
15,L_16___RR_LON+__RR_LON+__RR_LON,LONG,86519,86523,2026.04.17 17:15,2026.04.17 17:19,49437.85,49453.220004999996,12.4,12.4,1.0,BE,1,True,102.4667,730,1,1
17,L_18___RR_LON+__RR_LON+__RR_LON,LONG,86521,86523,2026.04.17 17:17,2026.04.17 17:19,49431.35,49446.3930542,12.0,12.0,1.0,BE,1,True,50.143514,732,1,1
16,L_17___RR_LON+__RR_LON+__RR_LON,LONG,86520,86524,2026.04.17 17:16,2026.04.17 17:20,49445.85,49460.5860312,11.7,11.7,1.0,BE,1,True,98.240208,731,1,1
20,L_21___RR_LON+__RR_LON+__RR_LON,LONG,86524,86528,2026.04.17 17:20,2026.04.17 17:24,49492.3,49520.541397,25.2,25.2,1.0,BE,1,True,150.0,735,1,1
23,L_24___RR_LON+__RR_LON+__RR_LON,LONG,86527,86530,2026.04.17 17:23,2026.04.17 17:26,49521.85,49537.3132654,12.5,12.5,1.0,BE,1,True,103.088436,738,1,1
24,L_25___RR_LON+__RR_LON+__RR_LON,LONG,86528,86530,2026.04.17 17:24,2026.04.17 17:26,49530.85,49543.1921356,9.3,9.3,1.0,BE,1,True,82.280904,739,1,1
13,L_14___RR_LON+__RR_LON+__RR_LON,LONG,86516,86531,2026.04.17 17:12,2026.04.17 17:27,49405.8,49516.266505800006,107.5,107.5,1.0,LF,9,True,52.603098,728,1,1
14,L_15___RR_LON+__RR_LON+__RR_LON,LONG,86517,86531,2026.04.17 17:13,2026.04.17 17:27,49403.3,49518.995135000005,112.7,112.7,1.0,LF,11,True,42.85005,729,1,1
19,L_20___RR_LON+__RR_LON+__RR_LON,LONG,86523,86531,2026.04.17 17:19,2026.04.17 17:27,49455.35,49527.683579,69.3,69.3,1.0,LF,7,True,48.222386,734,1,1
21,L_22___RR_LON+__RR_LON+__RR_LON,LONG,86525,86531,2026.04.17 17:21,2026.04.17 17:27,49504.8,49525.693334400006,17.9,17.9,1.0,BE,2,True,139.288896,736,1,1
22,L_23___RR_LON+__RR_LON+__RR_LON,LONG,86526,86531,2026.04.17 17:22,2026.04.17 17:27,49501.8,49529.2987692,24.5,24.5,1.0,LF,4,True,45.831282,737,1,1
28,L_29___RR_LON+__RR_LON+__RR_LON,LONG,86532,86534,2026.04.17 17:28,2026.04.17 17:30,49510.8,49525.038964800005,22.5,11.2,2.0,BE,1,True,47.463216,742,1,1
29,L_30___RR_LON+__RR_LON+__RR_LON,LONG,86533,86536,2026.04.17 17:29,2026.04.17 17:32,49519.35,49536.0129972,27.3,13.7,2.0,BE,1,True,111.086648,743,1,1
27,L_28___RR_LON+__RR_LON+__RR_LON,LONG,86531,86537,2026.04.17 17:27,2026.04.17 17:33,49527.3,49541.598828,11.3,11.3,1.0,BE,1,True,47.66276,741,1,1
25,L_26___RR_LON+__RR_LON+__RR_LON,LONG,86529,86539,2026.04.17 17:25,2026.04.17 17:35,49545.35,49558.108879399995,9.8,9.8,1.0,LF,3,True,85.059196,740,1,1
1,L_2___RR_LON+__RR_LON+__RR_LON,LONG,86538,86545,2026.04.17 17:34,2026.04.17 17:41,49580.85,49597.112121,13.3,13.3,1.0,BE,1,True,54.20707,745,1,1
0,L_1___RR_LON+__RR_LON+__RR_LON,LONG,86537,86546,2026.04.17 17:33,2026.04.17 17:42,49582.35,49606.4567604,21.1,21.1,1.0,BE,1,True,150.0,744,1,1
2,L_3___RR_LON+__RR_LON+__RR_LON,LONG,86544,86546,2026.04.17 17:40,2026.04.17 17:42,49598.8,49615.0620988,13.3,13.3,1.0,BE,1,True,108.413992,746,1,1
3,L_4___RR_LON+__RR_LON+__RR_LON,LONG,86545,86547,2026.04.17 17:41,2026.04.17 17:43,49598.8,49615.975959400006,14.2,14.2,1.0,BE,1,True,57.253198,747,1,1
4,L_5___RR_LON+__RR_LON+__RR_LON,LONG,86546,86554,2026.04.17 17:42,2026.04.17 17:50,49619.8,49636.050055,13.3,13.3,1.0,BE,1,True,108.3337,748,1,1
7,L_8___RR_LON+__RR_LON+__RR_LON,LONG,86552,86554,2026.04.17 17:48,2026.04.17 17:50,49627.85,49640.529672799996,9.7,9.7,1.0,BE,1,True,84.531152,750,1,1
8,L_9___RR_LON+__RR_LON+__RR_LON,LONG,86553,86556,2026.04.17 17:49,2026.04.17 17:52,49644.85,49659.2543572,11.4,11.4,1.0,BE,1,True,96.029048,751,1,1
6,L_7___RR_LON+__RR_LON+__RR_LON,LONG,86548,86558,2026.04.17 17:44,2026.04.17 17:54,49607.8,49634.1242836,23.3,23.3,1.0,LF,4,True,43.873806,749,1,1
18,L_19___RR_LON+__RR_LON+__RR_LON,LONG,86522,86559,2026.04.17 17:18,2026.04.17 17:55,49450.85,49601.524827199995,147.7,147.7,1.0,LF,11,True,125.562356,733,1,1
9,L_10___RR_LON+__RR_LON+__RR_LON,LONG,86555,86583,2026.04.17 17:51,2026.04.17 18:19,49654.85,49522.769056,-135.1,-135.1,1.0,SL,0,False,132.080944,752,1,1
10,L_11___RR_LON+__RR_LON+__RR_LON,LONG,86570,86616,2026.04.17 18:06,2026.04.17 18:52,49630.8,49648.802810400004,15.0,15.0,1.0,BE,1,True,120.018736,753,1,1
12,L_13___RR_LON+__RR_LON+__RR_LON,LONG,86617,86620,2026.04.17 18:53,2026.04.17 18:56,49646.8,49660.452437800006,10.7,10.7,1.0,BE,1,True,91.016252,755,1,1
13,L_14___RR_LON+__RR_LON+__RR_LON,LONG,86619,86622,2026.04.17 18:55,2026.04.17 18:58,49656.8,49668.976671200006,9.2,9.2,1.0,BE,2,True,81.177808,756,1,1
14,L_15___RR_LON+__RR_LON+__RR_LON,LONG,86625,86627,2026.04.17 19:01,2026.04.17 19:03,49692.35,49704.9756728,19.3,9.6,2.0,BE,1,True,84.171152,757,1,1
11,L_12___RR_LON+__RR_LON+__RR_LON,LONG,86613,86633,2026.04.17 18:49,2026.04.17 19:09,49593.8,49648.4124842,51.6,51.6,1.0,LF,6,True,121.361076,754,1,1
53,S_54___RR_SHO+__RR_SHO+__RR_SHO,SHORT,86914,87445,2026.04.20 01:05,2026.04.20 09:56,48961.98,49111.98,-153.0,-153.0,1.0,SL,0,False,150.0,758,1,1
54,S_55___RR_SHO+__RR_SHO+__RR_SHO,SHORT,86915,87446,2026.04.20 01:06,2026.04.20 09:57,48978.98,49128.98,-153.0,-153.0,1.0,SL,0,False,150.0,759,1,1
55,S_56___RR_SHO+__RR_SHO+__RR_SHO,SHORT,89293,89295,2026.04.21 18:00,2026.04.21 18:02,49408.5,49375.6270446,29.9,29.9,1.0,BE,1,True,150.0,764,1,1
56,S_57___RR_SHO+__RR_SHO+__RR_SHO,SHORT,89294,89297,2026.04.21 18:01,2026.04.21 18:04,49387.0,49356.4954084,27.5,27.5,1.0,BE,1,True,150.0,765,1,1
57,S_58___RR_SHO+__RR_SHO+__RR_SHO,SHORT,89295,89321,2026.04.21 18:02,2026.04.21 18:28,49371.5,49343.595113,24.9,24.9,1.0,BE,2,True,150.0,766,1,1
58,S_59___RR_SHO+__RR_SHO+__RR_SHO,SHORT,89298,89321,2026.04.21 18:05,2026.04.21 18:28,49364.5,49343.1863632,18.3,18.3,1.0,BE,2,True,142.090912,767,1,1
59,S_60___RR_SHO+__RR_SHO+__RR_SHO,SHORT,89329,89356,2026.04.21 18:36,2026.04.21 19:03,49305.45,49425.379492,-122.9,-122.9,1.0,SL,0,False,119.929492,768,1,1
30,S_31___RR_SHO+__RR_SHO+__RR_SHO,SHORT,89430,89434,2026.04.21 20:17,2026.04.21 20:21,49196.75,49183.5855608,10.2,10.2,1.0,LF,3,True,87.762928,770,1,1
31,S_32___RR_SHO+__RR_SHO+__RR_SHO,SHORT,89575,89577,2026.04.21 22:42,2026.04.21 22:44,49109.3,49064.3,42.0,42.0,1.0,BE,1,True,150.0,771,1,1
32,S_33___RR_SHO+__RR_SHO+__RR_SHO,SHORT,90969,90972,2026.04.22 23:11,2026.04.22 23:14,49315.58,49292.1032462,20.5,20.5,1.0,BE,1,True,150.0,775,1,1
33,S_34___RR_SHO+__RR_SHO+__RR_SHO,SHORT,90970,90975,2026.04.22 23:12,2026.04.22 23:17,49293.08,49273.4272958,16.7,16.7,1.0,BE,1,True,131.018028,776,1,1
34,S_35___RR_SHO+__RR_SHO+__RR_SHO,SHORT,91132,91134,2026.04.23 03:09,2026.04.23 03:11,49214.71,49188.0662728,23.6,23.6,1.0,BE,1,True,150.0,777,1,1
35,S_36___RR_SHO+__RR_SHO+__RR_SHO,SHORT,91133,91140,2026.04.23 03:10,2026.04.23 03:17,49182.71,49040.926166,138.8,138.8,1.0,LF,8,True,150.0,778,1,1
36,S_37___RR_SHO+__RR_SHO+__RR_SHO,SHORT,91136,91140,2026.04.23 03:13,2026.04.23 03:17,49112.21,49021.83458,87.4,87.4,1.0,LF,7,True,150.0,779,1,1
37,S_38___RR_SHO+__RR_SHO+__RR_SHO,SHORT,91137,91140,2026.04.23 03:14,2026.04.23 03:17,49044.21,49008.9337248,32.3,32.3,1.0,BE,2,True,150.0,780,1,1
38,S_39___RR_SHO+__RR_SHO+__RR_SHO,SHORT,91138,91140,2026.04.23 03:15,2026.04.23 03:17,49020.21,48992.3589288,24.9,24.9,1.0,BE,2,True,150.0,781,1,1
39,S_40___RR_SHO+__RR_SHO+__RR_SHO,SHORT,91139,91141,2026.04.23 03:16,2026.04.23 03:18,48956.21,49106.21,-153.0,-153.0,1.0,SL,0,False,150.0,782,1,1
40,S_41___RR_SHO+__RR_SHO+__RR_SHO,SHORT,92184,92186,2026.04.23 20:41,2026.04.23 20:43,48973.8,48947.7905256,23.0,23.0,1.0,BE,1,True,150.0,786,1,1
41,S_42___RR_SHO+__RR_SHO+__RR_SHO,SHORT,92186,92189,2026.04.23 20:43,2026.04.23 20:46,48937.8,48908.9973006,25.8,25.8,1.0,BE,1,True,150.0,787,1,1
42,S_43___RR_SHO+__RR_SHO+__RR_SHO,SHORT,92187,92189,2026.04.23 20:44,2026.04.23 20:46,48937.3,48914.536772800006,19.8,19.8,1.0,BE,2,True,75.877424,788,1,1
44,S_45___RR_SHO+__RR_SHO+__RR_SHO,SHORT,92191,92194,2026.04.23 20:48,2026.04.23 20:51,48933.8,48892.730120600005,38.1,38.1,1.0,BE,1,True,150.0,790,1,1
43,S_44___RR_SHO+__RR_SHO+__RR_SHO,SHORT,92189,92196,2026.04.23 20:46,2026.04.23 20:53,48877.8,49027.8,-153.0,-153.0,1.0,SL,0,False,150.0,789,1,1
45,S_46___RR_SHO+__RR_SHO+__RR_SHO,SHORT,92194,92196,2026.04.23 20:51,2026.04.23 20:53,48916.8,49066.8,-153.0,-153.0,1.0,SL,0,False,150.0,791,1,1
15,L_16___RR_LON+__RR_LON+__RR_LON,LONG,93177,93193,2026.04.24 14:29,2026.04.24 14:45,49415.21,49291.156839999996,-127.1,-127.1,1.0,SL,0,False,124.05316,794,1,1
46,S_47___RR_SHO+__RR_SHO+__RR_SHO,SHORT,93743,93913,2026.04.27 01:10,2026.04.27 04:01,49084.58,49177.351132,-95.8,-95.8,1.0,SL,0,False,92.771132,797,1,1
16,L_17___RR_LON+__RR_LON+__RR_LON,LONG,94665,94678,2026.04.27 16:33,2026.04.27 16:46,49355.3,49205.3,-153.0,-153.0,1.0,SL,0,False,150.0,798,1,1
47,S_48___RR_SHO+__RR_SHO+__RR_SHO,SHORT,94753,94756,2026.04.27 18:01,2026.04.27 18:04,49098.85,49081.7381944,14.1,14.1,1.0,BE,1,True,114.078704,800,1,1
48,S_49___RR_SHO+__RR_SHO+__RR_SHO,SHORT,94754,94756,2026.04.27 18:02,2026.04.27 18:04,49087.85,49074.407321,10.4,10.4,1.0,BE,1,True,89.61786,801,1,1
49,S_50___RR_SHO+__RR_SHO+__RR_SHO,SHORT,96071,96073,2026.04.28 17:14,2026.04.28 17:16,49111.75,49088.9858806,19.8,19.8,1.0,BE,1,True,150.0,803,1,1
50,S_51___RR_SHO+__RR_SHO+__RR_SHO,SHORT,96072,96150,2026.04.28 17:15,2026.04.28 18:33,49091.75,49241.75,-153.0,-153.0,1.0,SL,0,False,150.0,804,1,1
51,S_52___RR_SHO+__RR_SHO+__RR_SHO,SHORT,97330,97358,2026.04.29 15:34,2026.04.29 16:02,49060.71,49158.0251,-100.3,-100.3,1.0,SL,0,False,97.3151,805,1,1
53,S_54___RR_SHO+__RR_SHO+__RR_SHO,SHORT,97390,97396,2026.04.29 16:34,2026.04.29 16:40,49006.9,48965.6487904,38.3,38.3,1.0,BE,1,True,150.0,807,1,1
55,S_56___RR_SHO+__RR_SHO+__RR_SHO,SHORT,97393,97396,2026.04.29 16:37,2026.04.29 16:40,48991.9,48965.3710336,23.5,23.5,1.0,BE,1,True,88.429888,809,1,1
52,S_53___RR_SHO+__RR_SHO+__RR_SHO,SHORT,97387,97397,2026.04.29 16:31,2026.04.29 16:41,49002.4,48957.4,42.0,42.0,1.0,BE,1,True,150.0,806,1,1
54,S_55___RR_SHO+__RR_SHO+__RR_SHO,SHORT,97392,97397,2026.04.29 16:36,2026.04.29 16:41,48993.9,48956.419306200005,34.5,34.5,1.0,BE,1,True,150.0,808,1,1
56,S_57___RR_SHO+__RR_SHO+__RR_SHO,SHORT,97395,97397,2026.04.29 16:39,2026.04.29 16:41,48968.4,48951.359601000004,14.0,14.0,1.0,BE,1,True,113.60266,810,1,1
57,S_58___RR_SHO+__RR_SHO+__RR_SHO,SHORT,97396,97399,2026.04.29 16:40,2026.04.29 16:43,48955.4,48941.5605758,10.8,10.8,1.0,BE,1,True,92.262828,811,1,1
30,S_31___RR_SHO+__RR_SHO+__RR_SHO,SHORT,97400,97402,2026.04.29 16:44,2026.04.29 16:46,48889.9,48863.9417998,23.0,23.0,1.0,BE,1,True,150.0,814,1,1
31,S_32___RR_SHO+__RR_SHO+__RR_SHO,SHORT,97401,97404,2026.04.29 16:45,2026.04.29 16:48,48874.9,48851.074131400004,20.8,20.8,1.0,BE,1,True,150.0,815,1,1
58,S_59___RR_SHO+__RR_SHO+__RR_SHO,SHORT,97398,97412,2026.04.29 16:42,2026.04.29 16:56,48947.9,48922.6566218,22.2,22.2,1.0,LF,4,True,150.0,812,1,1
59,S_60___RR_SHO+__RR_SHO+__RR_SHO,SHORT,97399,97412,2026.04.29 16:43,2026.04.29 16:56,48937.9,48917.0194768,17.9,17.9,1.0,LF,4,True,139.203488,813,1,1
32,S_33___RR_SHO+__RR_SHO+__RR_SHO,SHORT,97403,97425,2026.04.29 16:47,2026.04.29 17:09,48849.4,48999.4,-153.0,-153.0,1.0,SL,0,False,150.0,816,1,1
33,S_34___RR_SHO+__RR_SHO+__RR_SHO,SHORT,97410,97438,2026.04.29 16:54,2026.04.29 17:22,48866.9,49016.9,-153.0,-153.0,1.0,SL,0,False,150.0,817,1,1
34,S_35___RR_SHO+__RR_SHO+__RR_SHO,SHORT,97664,97667,2026.04.29 21:08,2026.04.29 21:11,48724.35,48703.3008936,18.0,18.0,1.0,BE,1,True,140.327376,819,1,1
17,L_18___RR_LON+__RR_LON+__RR_LON,LONG,98573,98575,2026.04.30 13:32,2026.04.30 13:34,48991.01,49021.0264316,27.0,27.0,1.0,BE,2,True,150.0,820,1,1
20,L_21___RR_LON+__RR_LON+__RR_LON,LONG,98578,98580,2026.04.30 13:37,2026.04.30 13:39,49113.51,49147.4614242,31.0,31.0,1.0,BE,1,True,150.0,823,1,1
24,L_25___RR_LON+__RR_LON+__RR_LON,LONG,98582,98584,2026.04.30 13:41,2026.04.30 13:43,49119.51,49145.1226506,22.6,22.6,1.0,BE,1,True,85.375502,827,1,1
21,L_22___RR_LON+__RR_LON+__RR_LON,LONG,98579,98585,2026.04.30 13:38,2026.04.30 13:44,49150.01,49185.885280400005,32.9,32.9,1.0,BE,1,True,150.0,824,1,1
25,L_26___RR_LON+__RR_LON+__RR_LON,LONG,98583,98585,2026.04.30 13:42,2026.04.30 13:44,49146.01,49168.799392,19.8,19.8,1.0,BE,2,True,150.0,828,1,1
26,L_27___RR_LON+__RR_LON+__RR_LON,LONG,98584,98587,2026.04.30 13:43,2026.04.30 13:46,49179.51,49207.5025164,25.0,25.0,1.0,BE,1,True,150.0,829,1,1
27,L_28___RR_LON+__RR_LON+__RR_LON,LONG,98586,98588,2026.04.30 13:45,2026.04.30 13:47,49203.51,49228.0516938,21.5,21.5,1.0,BE,1,True,150.0,830,1,1
28,L_29___RR_LON+__RR_LON+__RR_LON,LONG,98588,98591,2026.04.30 13:47,2026.04.30 13:50,49222.51,49245.5995528,20.1,20.1,1.0,BE,1,True,150.0,831,1,1
22,L_23___RR_LON+__RR_LON+__RR_LON,LONG,98580,98593,2026.04.30 13:39,2026.04.30 13:52,49120.01,49158.8121812,35.8,35.8,1.0,LF,3,True,129.340604,825,1,1
23,L_24___RR_LON+__RR_LON+__RR_LON,LONG,98581,98593,2026.04.30 13:40,2026.04.30 13:52,49130.51,49163.4142544,29.9,29.9,1.0,LF,3,True,150.0,826,1,1
19,L_20___RR_LON+__RR_LON+__RR_LON,LONG,98575,98594,2026.04.30 13:34,2026.04.30 13:53,49054.51,49146.5220454,89.0,89.0,1.0,LF,6,True,150.0,822,1,1
29,L_30___RR_LON+__RR_LON+__RR_LON,LONG,98598,98612,2026.04.30 13:57,2026.04.30 14:11,49184.51,49204.778182400005,17.3,17.3,1.0,LF,3,True,135.121216,832,1,1
0,L_1___RR_LON+__RR_LON+__RR_LON,LONG,98677,98679,2026.04.30 15:16,2026.04.30 15:18,49211.51,49225.3320062,10.8,10.8,1.0,BE,1,True,92.146708,833,1,1
1,L_2___RR_LON+__RR_LON+__RR_LON,LONG,98678,98684,2026.04.30 15:17,2026.04.30 15:23,49219.51,49232.4843892,10.0,10.0,1.0,LF,3,True,86.495928,834,1,1
2,L_3___RR_LON+__RR_LON+__RR_LON,LONG,98680,98684,2026.04.30 15:19,2026.04.30 15:23,49231.51,49244.7978172,10.3,10.3,1.0,BE,2,True,88.585448,835,1,1
4,L_5___RR_LON+__RR_LON+__RR_LON,LONG,98683,98692,2026.04.30 15:22,2026.04.30 15:31,49255.51,49210.468420000005,-48.0,-48.0,1.0,SL,0,False,45.04158,837,1,1
3,L_4___RR_LON+__RR_LON+__RR_LON,LONG,98682,98695,2026.04.30 15:21,2026.04.30 15:34,49262.51,49161.893088000004,-103.6,-103.6,1.0,SL,0,False,100.616912,836,1,1
6,L_7___RR_LON+__RR_LON+__RR_LON,LONG,98685,98695,2026.04.30 15:24,2026.04.30 15:34,49246.51,49161.198252,-88.3,-88.3,1.0,SL,0,False,85.311748,838,1,1
18,L_19___RR_LON+__RR_LON+__RR_LON,LONG,98574,98733,2026.04.30 13:33,2026.04.30 16:12,49034.51,49145.2511372,107.7,107.7,1.0,LF,6,True,150.0,821,1,1
7,L_8___RR_LON+__RR_LON+__RR_LON,LONG,98765,98767,2026.04.30 16:44,2026.04.30 16:46,49238.2,49257.894006999995,16.7,16.7,1.0,BE,1,True,131.29338,840,1,1
8,L_9___RR_LON+__RR_LON+__RR_LON,LONG,98768,98781,2026.04.30 16:47,2026.04.30 17:00,49248.2,49268.353185199994,17.2,17.2,1.0,BE,1,True,134.354568,841,1,1
9,L_10___RR_LON+__RR_LON+__RR_LON,LONG,98779,98781,2026.04.30 16:58,2026.04.30 17:00,49253.2,49267.9736314,11.8,11.8,1.0,BE,1,True,98.490876,842,1,1
10,L_11___RR_LON+__RR_LON+__RR_LON,LONG,98780,98782,2026.04.30 16:59,2026.04.30 17:01,49264.2,49280.9817012,13.8,13.8,1.0,BE,1,True,111.878008,843,1,1
12,L_13___RR_LON+__RR_LON+__RR_LON,LONG,98785,98787,2026.04.30 17:04,2026.04.30 17:06,49252.2,49266.9198642,23.4,11.7,2.0,BE,2,True,49.066214,845,1,1
13,L_14___RR_LON+__RR_LON+__RR_LON,LONG,98786,98788,2026.04.30 17:05,2026.04.30 17:07,49274.7,49295.2701282,35.1,17.6,2.0,BE,1,True,137.134188,846,1,1
14,L_15___RR_LON+__RR_LON+__RR_LON,LONG,98789,98791,2026.04.30 17:08,2026.04.30 17:10,49270.7,49289.9966228,16.3,16.3,1.0,BE,1,True,128.644152,847,1,1
11,L_12___RR_LON+__RR_LON+__RR_LON,LONG,98781,98795,2026.04.30 17:00,2026.04.30 17:14,49293.7,49312.227330999995,15.5,15.5,1.0,BE,1,True,123.51554,844,1,1
15,L_16___RR_LON+__RR_LON+__RR_LON,LONG,98790,98795,2026.04.30 17:09,2026.04.30 17:14,49284.7,49302.0660496,14.4,14.4,1.0,BE,2,True,115.773664,848,1,1
16,L_17___RR_LON+__RR_LON+__RR_LON,LONG,98791,98795,2026.04.30 17:10,2026.04.30 17:14,49293.7,49309.481491599996,12.8,12.8,1.0,BE,1,True,105.209944,849,1,1
18,L_19___RR_LON+__RR_LON+__RR_LON,LONG,98794,98797,2026.04.30 17:13,2026.04.30 17:16,49308.2,49333.045233799996,21.8,21.8,1.0,BE,1,True,150.0,851,1,1
19,L_20___RR_LON+__RR_LON+__RR_LON,LONG,98795,98797,2026.04.30 17:14,2026.04.30 17:16,49308.7,49327.020843399994,15.3,15.3,1.0,BE,1,True,61.069478,852,1,1
20,L_21___RR_LON+__RR_LON+__RR_LON,LONG,98796,98799,2026.04.30 17:15,2026.04.30 17:18,49330.2,49348.411275,15.2,15.2,1.0,BE,1,True,121.4085,853,1,1
21,L_22___RR_LON+__RR_LON+__RR_LON,LONG,98797,98799,2026.04.30 17:16,2026.04.30 17:18,49320.2,49334.379590599994,11.2,11.2,1.0,BE,2,True,47.265302,854,1,1
22,L_23___RR_LON+__RR_LON+__RR_LON,LONG,98798,98800,2026.04.30 17:17,2026.04.30 17:19,49332.7,49351.454783199995,15.8,15.8,1.0,BE,1,True,125.031888,855,1,1
17,L_18___RR_LON+__RR_LON+__RR_LON,LONG,98793,98805,2026.04.30 17:12,2026.04.30 17:24,49270.7,49388.71620739999,115.0,115.0,1.0,LF,9,True,56.198194,850,1,1
24,L_25___RR_LON+__RR_LON+__RR_LON,LONG,98800,98805,2026.04.30 17:19,2026.04.30 17:24,49371.15,49389.715884000005,15.6,15.6,1.0,BE,2,True,123.77256,857,1,1
23,L_24___RR_LON+__RR_LON+__RR_LON,LONG,98799,98806,2026.04.30 17:18,2026.04.30 17:25,49359.2,49379.537460199994,17.3,17.3,1.0,LF,3,True,135.583068,856,1,1
25,L_26___RR_LON+__RR_LON+__RR_LON,LONG,98801,98811,2026.04.30 17:20,2026.04.30 17:30,49404.2,49424.72219959999,17.5,17.5,1.0,BE,1,True,136.814664,858,1,1
26,L_27___RR_LON+__RR_LON+__RR_LON,LONG,98802,98811,2026.04.30 17:21,2026.04.30 17:30,49412.7,49430.093479799994,14.4,14.4,1.0,BE,1,True,115.956532,859,1,1
27,L_28___RR_LON+__RR_LON+__RR_LON,LONG,98803,98811,2026.04.30 17:22,2026.04.30 17:30,49412.2,49428.5397244,13.3,13.3,1.0,BE,1,True,54.465748,860,1,1
0,L_1___RR_LON+__RR_LON+__RR_LON,LONG,98806,98811,2026.04.30 17:25,2026.04.30 17:30,49404.65,49420.140299,12.5,12.5,1.0,BE,1,True,103.26866,862,1,1
2,L_3___RR_LON+__RR_LON+__RR_LON,LONG,98808,98814,2026.04.30 17:27,2026.04.30 17:33,49389.65,49452.694676,60.0,60.0,1.0,LF,7,True,42.029784,864,1,1
28,L_29___RR_LON+__RR_LON+__RR_LON,LONG,98804,98815,2026.04.30 17:23,2026.04.30 17:34,49401.15,49446.001122,41.9,41.9,1.0,LF,5,True,49.83458,861,1,1
1,L_2___RR_LON+__RR_LON+__RR_LON,LONG,98807,98815,2026.04.30 17:26,2026.04.30 17:34,49394.65,49449.9495568,52.3,52.3,1.0,LF,6,True,46.082964,863,1,1
3,L_4___RR_LON+__RR_LON+__RR_LON,LONG,98810,98815,2026.04.30 17:29,2026.04.30 17:34,49431.15,49449.151399200004,15.0,15.0,1.0,LF,3,True,120.009328,865,1,1
6,L_7___RR_LON+__RR_LON+__RR_LON,LONG,98813,98815,2026.04.30 17:32,2026.04.30 17:34,49468.65,49485.5357046,13.9,13.9,1.0,BE,1,True,56.285682,867,1,1
7,L_8___RR_LON+__RR_LON+__RR_LON,LONG,98814,98817,2026.04.30 17:33,2026.04.30 17:36,49464.15,49483.1217204,16.0,16.0,1.0,BE,1,True,63.239068,868,1,1
10,L_11___RR_LON+__RR_LON+__RR_LON,LONG,98817,98819,2026.04.30 17:36,2026.04.30 17:38,49464.65,49419.317514,-48.3,-48.3,1.0,SL,0,False,45.332486,871,1,1
5,L_6___RR_LON+__RR_LON+__RR_LON,LONG,98812,98822,2026.04.30 17:31,2026.04.30 17:41,49467.15,49492.4022852,22.3,22.3,1.0,BE,1,True,150.0,866,1,1
8,L_9___RR_LON+__RR_LON+__RR_LON,LONG,98815,98822,2026.04.30 17:34,2026.04.30 17:41,49468.15,49486.343489800005,15.2,15.2,1.0,BE,1,True,60.644966,869,1,1
9,L_10___RR_LON+__RR_LON+__RR_LON,LONG,98816,98822,2026.04.30 17:35,2026.04.30 17:41,49466.65,49482.7926682,13.1,13.1,1.0,BE,1,True,53.808894,870,1,1
11,L_12___RR_LON+__RR_LON+__RR_LON,LONG,98818,98822,2026.04.30 17:37,2026.04.30 17:41,49441.7,49461.0276482,16.3,16.3,1.0,BE,2,True,64.425494,872,1,1
12,L_13___RR_LON+__RR_LON+__RR_LON,LONG,98819,98822,2026.04.30 17:38,2026.04.30 17:41,49442.15,49459.3414196,14.2,14.2,1.0,BE,2,True,57.304732,873,1,1
13,L_14___RR_LON+__RR_LON+__RR_LON,LONG,98820,98822,2026.04.30 17:39,2026.04.30 17:41,49467.2,49484.205804799996,14.0,14.0,1.0,BE,1,True,113.372032,874,1,1
16,L_17___RR_LON+__RR_LON+__RR_LON,LONG,98823,98827,2026.04.30 17:42,2026.04.30 17:46,49441.7,49458.0269042,13.3,13.3,1.0,BE,1,True,54.423014,877,1,1
17,L_18___RR_LON+__RR_LON+__RR_LON,LONG,98824,98827,2026.04.30 17:43,2026.04.30 17:46,49443.2,49455.8010428,9.6,9.6,1.0,BE,1,True,42.003476,878,1,1
15,L_16___RR_LON+__RR_LON+__RR_LON,LONG,98822,98834,2026.04.30 17:41,2026.04.30 17:53,49454.7,49475.3717874,17.7,17.7,1.0,BE,2,True,68.905958,876,1,1
20,L_21___RR_LON+__RR_LON+__RR_LON,LONG,98832,98834,2026.04.30 17:51,2026.04.30 17:53,49482.2,49498.0161578,12.8,12.8,1.0,BE,1,True,105.441052,881,1,1
18,L_19___RR_LON+__RR_LON+__RR_LON,LONG,98826,98837,2026.04.30 17:45,2026.04.30 17:56,49455.65,49469.9210546,11.3,11.3,1.0,LF,3,True,95.140364,879,1,1
19,L_20___RR_LON+__RR_LON+__RR_LON,LONG,98830,98837,2026.04.30 17:49,2026.04.30 17:56,49455.2,49470.1159826,11.9,11.9,1.0,LF,3,True,99.439884,880,1,1
22,L_23___RR_LON+__RR_LON+__RR_LON,LONG,98836,98839,2026.04.30 17:55,2026.04.30 17:58,49491.65,49450.455302,-44.2,-44.2,1.0,SL,0,False,41.194698,883,1,1
14,L_15___RR_LON+__RR_LON+__RR_LON,LONG,98821,98846,2026.04.30 17:40,2026.04.30 18:05,49490.7,49383.948008,-109.8,-109.8,1.0,SL,0,False,106.751992,875,1,1
21,L_22___RR_LON+__RR_LON+__RR_LON,LONG,98833,98846,2026.04.30 17:52,2026.04.30 18:05,49493.15,49395.910124,-100.2,-100.2,1.0,SL,0,False,97.239876,882,1,1
23,L_24___RR_LON+__RR_LON+__RR_LON,LONG,98866,98868,2026.04.30 18:25,2026.04.30 18:27,49482.2,49498.393776799996,26.4,13.2,2.0,BE,1,True,107.958512,884,1,1
24,L_25___RR_LON+__RR_LON+__RR_LON,LONG,98867,98871,2026.04.30 18:26,2026.04.30 18:30,49497.7,49512.4735726,23.5,11.8,2.0,BE,1,True,98.490484,885,1,1
26,L_27___RR_LON+__RR_LON+__RR_LON,LONG,98875,98892,2026.04.30 18:34,2026.04.30 18:51,49517.2,49532.899192,12.7,12.7,1.0,BE,1,True,104.66128,886,1,1
27,L_28___RR_LON+__RR_LON+__RR_LON,LONG,98877,98892,2026.04.30 18:36,2026.04.30 18:51,49517.2,49532.257861599996,12.1,12.1,1.0,BE,1,True,100.385744,887,1,1
28,L_29___RR_LON+__RR_LON+__RR_LON,LONG,98896,98902,2026.04.30 18:55,2026.04.30 19:01,49596.2,49611.8375444,12.6,12.6,1.0,BE,1,True,104.250296,888,1,1
29,L_30___RR_LON+__RR_LON+__RR_LON,LONG,98897,98911,2026.04.30 18:56,2026.04.30 19:10,49606.15,49619.676343,10.5,10.5,1.0,BE,1,True,90.17562,889,1,1
0,L_1___RR_LON+__RR_LON+__RR_LON,LONG,99021,99033,2026.04.30 21:00,2026.04.30 21:12,49626.6,49641.8455464,12.2,12.2,1.0,BE,1,True,101.636976,890,1,1
1,L_2___RR_LON+__RR_LON+__RR_LON,LONG,99051,99058,2026.04.30 21:30,2026.04.30 21:37,49668.1,49681.815660399996,10.7,10.7,1.0,BE,1,True,91.437736,891,1,1
36,S_37___RR_SHO+__RR_SHO+__RR_SHO,SHORT,101276,101278,2026.05.04 13:05,2026.05.04 13:07,49221.11,49176.11,42.0,42.0,1.0,BE,1,True,150.0,895,1,1
37,S_38___RR_SHO+__RR_SHO+__RR_SHO,SHORT,101277,101280,2026.05.04 13:06,2026.05.04 13:09,49176.61,49131.911596,41.7,41.7,1.0,BE,1,True,150.0,896,1,1
35,S_36___RR_SHO+__RR_SHO+__RR_SHO,SHORT,101275,101297,2026.05.04 13:04,2026.05.04 13:26,49296.11,49206.11,87.0,87.0,1.0,LF,4,True,150.0,894,1,1
38,S_39___RR_SHO+__RR_SHO+__RR_SHO,SHORT,101592,101596,2026.05.04 18:21,2026.05.04 18:25,49132.8,49105.845642600005,24.0,24.0,1.0,BE,1,True,150.0,898,1,1
39,S_40___RR_SHO+__RR_SHO+__RR_SHO,SHORT,101618,101621,2026.05.04 18:47,2026.05.04 18:50,49057.3,49041.3291334,13.0,13.0,1.0,BE,1,True,106.472444,900,1,1
40,S_41___RR_SHO+__RR_SHO+__RR_SHO,SHORT,105598,105600,2026.05.07 16:52,2026.05.07 16:54,49893.0,49876.1049498,13.9,13.9,1.0,BE,2,True,112.633668,905,1,1
42,S_43___RR_SHO+__RR_SHO+__RR_SHO,SHORT,105600,105605,2026.05.07 16:54,2026.05.07 16:59,49867.05,49851.5384514,12.5,12.5,1.0,BE,1,True,51.705162,907,1,1
41,S_42___RR_SHO+__RR_SHO+__RR_SHO,SHORT,105599,105616,2026.05.07 16:53,2026.05.07 17:10,49860.0,49840.1536668,16.8,16.8,1.0,BE,2,True,132.308888,906,1,1
43,S_44___RR_SHO+__RR_SHO+__RR_SHO,SHORT,105629,105636,2026.05.07 17:23,2026.05.07 17:30,49740.05,49720.255483400004,16.8,16.8,1.0,BE,1,True,131.963444,908,1,1
46,S_47___RR_SHO+__RR_SHO+__RR_SHO,SHORT,107393,107706,2026.05.11 01:17,2026.05.11 06:31,49383.88,49513.72364,-132.8,-132.8,1.0,SL,0,False,129.84364,913,1,1
44,S_45___RR_SHO+__RR_SHO+__RR_SHO,SHORT,107381,107913,2026.05.11 01:05,2026.05.11 09:58,49390.38,49540.38,-306.0,-153.0,2.0,SL,0,False,150.0,911,1,1
45,S_46___RR_SHO+__RR_SHO+__RR_SHO,SHORT,107383,107928,2026.05.11 01:07,2026.05.11 10:13,49403.88,49553.88,-153.0,-153.0,1.0,SL,0,False,150.0,912,1,1
47,S_48___RR_SHO+__RR_SHO+__RR_SHO,SHORT,109670,109673,2026.05.12 16:34,2026.05.12 16:37,49511.5,49472.0476768,36.5,36.5,1.0,BE,1,True,150.0,916,1,1
48,S_49___RR_SHO+__RR_SHO+__RR_SHO,SHORT,109676,109679,2026.05.12 16:40,2026.05.12 16:43,49404.0,49372.819536,28.2,28.2,1.0,BE,1,True,150.0,917,1,1
49,S_50___RR_SHO+__RR_SHO+__RR_SHO,SHORT,109677,109681,2026.05.12 16:41,2026.05.12 16:45,49409.5,49386.6783298,19.8,19.8,1.0,LF,3,True,76.072234,918,1,1
51,S_52___RR_SHO+__RR_SHO+__RR_SHO,SHORT,109679,109681,2026.05.12 16:43,2026.05.12 16:45,49361.5,49339.584223,18.9,18.9,1.0,BE,1,True,73.05259,920,1,1
50,S_51___RR_SHO+__RR_SHO+__RR_SHO,SHORT,109678,109683,2026.05.12 16:42,2026.05.12 16:47,49363.5,49331.4126552,29.1,29.1,1.0,BE,1,True,150.0,919,1,1
52,S_53___RR_SHO+__RR_SHO+__RR_SHO,SHORT,109680,109683,2026.05.12 16:44,2026.05.12 16:47,49340.5,49320.2355658,17.3,17.3,1.0,BE,1,True,135.096228,921,1,1
54,S_55___RR_SHO+__RR_SHO+__RR_SHO,SHORT,109683,109701,2026.05.12 16:47,2026.05.12 17:05,49337.0,49446.162852,-112.2,-112.2,1.0,SL,0,False,109.162852,923,1,1
53,S_54___RR_SHO+__RR_SHO+__RR_SHO,SHORT,109682,109707,2026.05.12 16:46,2026.05.12 17:11,49335.0,49485.0,-153.0,-153.0,1.0,SL,0,False,150.0,922,1,1
55,S_56___RR_SHO+__RR_SHO+__RR_SHO,SHORT,111041,111049,2026.05.13 16:40,2026.05.13 16:48,49459.9,49609.9,-153.0,-153.0,1.0,SL,0,False,150.0,926,1,1
2,L_3___RR_LON+__RR_LON+__RR_LON,LONG,112394,112396,2026.05.14 16:28,2026.05.14 16:30,50174.21,50073.519759999996,-103.7,-103.7,1.0,SL,0,False,100.69024,927,1,1
3,L_4___RR_LON+__RR_LON+__RR_LON,LONG,112484,112489,2026.05.14 17:58,2026.05.14 18:03,50071.9,50088.456199600005,13.6,13.6,1.0,BE,1,True,110.374664,933,1,1
4,L_5___RR_LON+__RR_LON+__RR_LON,LONG,112490,112536,2026.05.14 18:04,2026.05.14 18:50,50102.9,50117.271242,11.4,11.4,1.0,BE,2,True,95.80828,934,1,1
5,L_6___RR_LON+__RR_LON+__RR_LON,LONG,112545,112553,2026.05.14 18:59,2026.05.14 19:07,50178.95,50197.30180759999,15.4,15.4,1.0,BE,1,True,122.345384,935,1,1
57,S_58___RR_SHO+__RR_SHO+__RR_SHO,SHORT,113774,113808,2026.05.15 16:44,2026.05.15 17:18,49538.2,49688.2,-153.0,-153.0,1.0,SL,0,False,150.0,937,1,1
56,S_57___RR_SHO+__RR_SHO+__RR_SHO,SHORT,113773,113810,2026.05.15 16:43,2026.05.15 17:20,49547.2,49697.2,-153.0,-153.0,1.0,SL,0,False,150.0,936,1,1
58,S_59___RR_SHO+__RR_SHO+__RR_SHO,SHORT,113901,113905,2026.05.15 18:51,2026.05.15 18:55,49511.15,49497.584739800004,10.6,10.6,1.0,BE,1,True,90.435068,938,1,1
59,S_60___RR_SHO+__RR_SHO+__RR_SHO,SHORT,114150,114153,2026.05.15 23:00,2026.05.15 23:03,49490.18,49469.1373778,18.0,18.0,1.0,BE,1,True,140.284148,939,1,1
30,S_31___RR_SHO+__RR_SHO+__RR_SHO,SHORT,114155,114158,2026.05.15 23:05,2026.05.15 23:08,49443.77,49430.590351399995,10.2,10.2,1.0,BE,1,True,87.864324,940,1,1
31,S_32___RR_SHO+__RR_SHO+__RR_SHO,SHORT,114295,114321,2026.05.18 02:40,2026.05.18 03:06,49314.11,49288.1793314,22.9,22.9,1.0,BE,1,True,150.0,941,1,1
32,S_33___RR_SHO+__RR_SHO+__RR_SHO,SHORT,114320,114326,2026.05.18 03:05,2026.05.18 03:11,49306.11,49281.2028978,21.9,21.9,1.0,BE,2,True,150.0,942,1,1
8,L_9___RR_LON+__RR_LON+__RR_LON,LONG,115068,115071,2026.05.18 15:44,2026.05.18 15:47,49574.21,49592.2972208,30.2,15.1,2.0,BE,2,True,120.581472,946,1,1
11,L_12___RR_LON+__RR_LON+__RR_LON,LONG,115072,115074,2026.05.18 15:48,2026.05.18 15:50,49594.71,49609.789452,24.2,12.1,2.0,BE,1,True,50.26484,949,1,1
7,L_8___RR_LON+__RR_LON+__RR_LON,LONG,115067,115075,2026.05.18 15:43,2026.05.18 15:51,49561.71,49584.726789,40.0,20.0,2.0,BE,2,True,150.0,945,1,1
10,L_11___RR_LON+__RR_LON+__RR_LON,LONG,115070,115079,2026.05.18 15:46,2026.05.18 15:55,49617.71,49555.492332,-65.2,-65.2,1.0,SL,0,False,62.217668,948,1,1
6,L_7___RR_LON+__RR_LON+__RR_LON,LONG,115066,115086,2026.05.18 15:42,2026.05.18 16:02,49528.71,49549.014789,17.3,17.3,1.0,LF,4,True,135.36526,944,1,1
9,L_10___RR_LON+__RR_LON+__RR_LON,LONG,115069,115119,2026.05.18 15:45,2026.05.18 16:35,49614.21,49464.21,-153.0,-153.0,1.0,SL,0,False,150.0,947,1,1
12,L_13___RR_LON+__RR_LON+__RR_LON,LONG,115131,115135,2026.05.18 16:47,2026.05.18 16:51,49645.9,49672.1337748,23.2,23.2,1.0,BE,1,True,150.0,951,1,1
13,L_14___RR_LON+__RR_LON+__RR_LON,LONG,115133,115137,2026.05.18 16:49,2026.05.18 16:53,49666.4,49694.0812124,24.7,24.7,1.0,BE,1,True,150.0,952,1,1
14,L_15___RR_LON+__RR_LON+__RR_LON,LONG,115134,115137,2026.05.18 16:50,2026.05.18 16:53,49674.9,49695.7147632,17.8,17.8,1.0,BE,1,True,138.765088,953,1,1
15,L_16___RR_LON+__RR_LON+__RR_LON,LONG,115136,115139,2026.05.18 16:52,2026.05.18 16:55,49700.9,49723.1537162,19.3,19.3,1.0,BE,1,True,148.358108,954,1,1
16,L_17___RR_LON+__RR_LON+__RR_LON,LONG,115137,115139,2026.05.18 16:53,2026.05.18 16:55,49709.9,49728.4156898,15.5,15.5,1.0,BE,1,True,123.437932,955,1,1
17,L_18___RR_LON+__RR_LON+__RR_LON,LONG,115138,115142,2026.05.18 16:54,2026.05.18 16:58,49728.9,49744.554927000005,12.7,12.7,1.0,BE,1,True,104.36618,956,1,1
18,L_19___RR_LON+__RR_LON+__RR_LON,LONG,115140,115143,2026.05.18 16:56,2026.05.18 16:59,49735.9,49763.0447434,24.1,24.1,1.0,BE,1,True,150.0,957,1,1
19,L_20___RR_LON+__RR_LON+__RR_LON,LONG,115141,115149,2026.05.18 16:57,2026.05.18 17:05,49747.4,49605.455,-144.9,-144.9,1.0,SL,0,False,141.945,958,1,1
34,S_35___RR_SHO+__RR_SHO+__RR_SHO,SHORT,116480,116482,2026.05.19 16:31,2026.05.19 16:33,49291.5,49246.5,42.0,42.0,1.0,BE,1,True,150.0,964,1,1
33,S_34___RR_SHO+__RR_SHO+__RR_SHO,SHORT,116479,116488,2026.05.19 16:30,2026.05.19 16:39,49405.0,49360.0,42.0,42.0,1.0,LF,3,True,150.0,963,1,1
35,S_36___RR_SHO+__RR_SHO+__RR_SHO,SHORT,116481,116498,2026.05.19 16:32,2026.05.19 16:49,49259.5,49409.5,-153.0,-153.0,1.0,SL,0,False,150.0,965,1,1
36,S_37___RR_SHO+__RR_SHO+__RR_SHO,SHORT,117846,117850,2026.05.20 16:32,2026.05.20 16:36,49318.7,49273.7,42.0,42.0,1.0,BE,2,True,150.0,966,1,1
37,S_38___RR_SHO+__RR_SHO+__RR_SHO,SHORT,117847,117850,2026.05.20 16:33,2026.05.20 16:36,49308.2,49269.4196396,35.8,35.8,1.0,BE,2,True,150.0,967,1,1
38,S_39___RR_SHO+__RR_SHO+__RR_SHO,SHORT,117849,117859,2026.05.20 16:35,2026.05.20 16:45,49236.7,49386.7,-153.0,-153.0,1.0,SL,0,False,150.0,968,1,1
20,L_21___RR_LON+__RR_LON+__RR_LON,LONG,117904,117908,2026.05.20 17:30,2026.05.20 17:34,49673.2,49703.3325454,27.1,27.1,1.0,BE,2,True,150.0,973,1,1
21,L_22___RR_LON+__RR_LON+__RR_LON,LONG,117906,117908,2026.05.20 17:32,2026.05.20 17:34,49719.7,49746.6227956,23.9,23.9,1.0,BE,1,True,150.0,974,1,1
22,L_23___RR_LON+__RR_LON+__RR_LON,LONG,117929,117933,2026.05.20 17:55,2026.05.20 17:59,49725.7,49746.3432844,17.6,17.6,1.0,BE,1,True,137.621896,975,1,1
23,L_24___RR_LON+__RR_LON+__RR_LON,LONG,117971,117977,2026.05.20 18:37,2026.05.20 18:43,49827.35,49842.280585399996,11.9,11.9,1.0,BE,1,True,99.537236,977,1,1
24,L_25___RR_LON+__RR_LON+__RR_LON,LONG,117975,117977,2026.05.20 18:41,2026.05.20 18:43,49840.9,49855.671454,11.8,11.8,1.0,BE,1,True,98.47636,978,1,1
25,L_26___RR_LON+__RR_LON+__RR_LON,LONG,117977,117979,2026.05.20 18:43,2026.05.20 18:45,49846.85,49863.149735599996,13.3,13.3,1.0,BE,1,True,54.332452,979,1,1
26,L_27___RR_LON+__RR_LON+__RR_LON,LONG,117978,117985,2026.05.20 18:44,2026.05.20 18:51,49872.9,49890.8635674,15.0,15.0,1.0,BE,1,True,119.757116,980,1,1
27,L_28___RR_LON+__RR_LON+__RR_LON,LONG,118090,118114,2026.05.20 20:36,2026.05.20 21:00,49979.85,49875.2266,-107.6,-107.6,1.0,SL,0,False,104.6234,981,1,1
39,S_40___RR_SHO+__RR_SHO+__RR_SHO,SHORT,119223,119230,2026.05.21 16:44,2026.05.21 16:51,49705.01,49855.01,-153.0,-153.0,1.0,SL,0,False,150.0,983,1,1
28,L_29___RR_LON+__RR_LON+__RR_LON,LONG,119242,119287,2026.05.21 17:03,2026.05.21 17:48,50043.4,49893.4,-153.0,-153.0,1.0,SL,0,False,150.0,984,1,1
29,L_30___RR_LON+__RR_LON+__RR_LON,LONG,119435,119440,2026.05.21 20:16,2026.05.21 20:21,50120.5,50163.2502664,79.5,39.8,2.0,BE,1,True,150.0,988,1,1
1,L_2___RR_LON+__RR_LON+__RR_LON,LONG,119447,119452,2026.05.21 20:28,2026.05.21 20:33,50144.05,50158.534047400004,11.5,11.5,1.0,BE,2,True,96.560316,990,1,1
2,L_3___RR_LON+__RR_LON+__RR_LON,LONG,119449,119457,2026.05.21 20:30,2026.05.21 20:38,50176.55,50189.45147,9.9,9.9,1.0,BE,1,True,86.0098,991,1,1
4,L_5___RR_LON+__RR_LON+__RR_LON,LONG,119459,119461,2026.05.21 20:40,2026.05.21 20:42,50223.55,50240.1217678,13.6,13.6,1.0,BE,2,True,110.478452,993,1,1
3,L_4___RR_LON+__RR_LON+__RR_LON,LONG,119450,119465,2026.05.21 20:31,2026.05.21 20:46,50183.05,50235.606030400006,49.6,49.6,1.0,LF,7,True,87.593384,992,1,1
5,L_6___RR_LON+__RR_LON+__RR_LON,LONG,119460,119465,2026.05.21 20:41,2026.05.21 20:46,50249.5,50270.7482692,18.2,18.2,1.0,BE,1,True,141.655128,994,1,1
6,L_7___RR_LON+__RR_LON+__RR_LON,LONG,119463,119465,2026.05.21 20:44,2026.05.21 20:46,50258.55,50272.1397096,10.6,10.6,1.0,BE,1,True,90.598064,995,1,1
9,L_10___RR_LON+__RR_LON+__RR_LON,LONG,119470,119472,2026.05.21 20:51,2026.05.21 20:53,50317.55,50336.7389186,16.2,16.2,1.0,BE,1,True,127.926124,998,1,1
7,L_8___RR_LON+__RR_LON+__RR_LON,LONG,119467,119474,2026.05.21 20:48,2026.05.21 20:55,50268.0,50317.0307208,46.0,46.0,1.0,LF,6,True,40.858934,996,1,1
8,L_9___RR_LON+__RR_LON+__RR_LON,LONG,119468,119474,2026.05.21 20:49,2026.05.21 20:55,50297.5,50314.5699358,14.1,14.1,1.0,LF,3,True,113.799572,997,1,1
10,L_11___RR_LON+__RR_LON+__RR_LON,LONG,119471,119475,2026.05.21 20:52,2026.05.21 20:56,50340.5,50359.0007846,15.5,15.5,1.0,BE,1,True,123.338564,999,1,1
11,L_12___RR_LON+__RR_LON+__RR_LON,LONG,119473,119475,2026.05.21 20:54,2026.05.21 20:56,50331.0,50345.2842666,11.3,11.3,1.0,BE,1,True,47.614222,1000,1,1
0,L_1___RR_LON+__RR_LON+__RR_LON,LONG,119439,119483,2026.05.21 20:20,2026.05.21 21:04,50172.5,50245.0088024,69.5,69.5,1.0,LF,5,True,150.0,989,1,1
13,L_14___RR_LON+__RR_LON+__RR_LON,LONG,119482,119489,2026.05.21 21:03,2026.05.21 21:10,50303.5,50320.2183574,13.7,13.7,1.0,BE,1,True,111.455716,1002,1,1
14,L_15___RR_LON+__RR_LON+__RR_LON,LONG,119487,119489,2026.05.21 21:08,2026.05.21 21:10,50302.5,50321.2142712,15.7,15.7,1.0,BE,1,True,124.761808,1003,1,1
15,L_16___RR_LON+__RR_LON+__RR_LON,LONG,119497,119501,2026.05.21 21:18,2026.05.21 21:22,50326.5,50341.0384302,11.5,11.5,1.0,BE,2,True,96.922868,1004,1,1
12,L_13___RR_LON+__RR_LON+__RR_LON,LONG,119479,119502,2026.05.21 21:00,2026.05.21 21:23,50322.0,50336.8074732,11.8,11.8,1.0,BE,2,True,98.716488,1001,1,1
16,L_17___RR_LON+__RR_LON+__RR_LON,LONG,119499,119505,2026.05.21 21:20,2026.05.21 21:26,50353.55,50370.478663400005,13.9,13.9,1.0,BE,1,True,112.857756,1005,1,1
17,L_18___RR_LON+__RR_LON+__RR_LON,LONG,119500,119505,2026.05.21 21:21,2026.05.21 21:26,50352.55,50367.39672220001,11.8,11.8,1.0,BE,1,True,49.489074,1006,1,1
18,L_19___RR_LON+__RR_LON+__RR_LON,LONG,119503,119509,2026.05.21 21:24,2026.05.21 21:30,50367.55,50381.210935,10.7,10.7,1.0,BE,1,True,91.0729,1007,1,1
19,L_20___RR_LON+__RR_LON+__RR_LON,LONG,119507,119527,2026.05.21 21:28,2026.05.21 21:48,50375.5,50293.963956,-84.5,-84.5,1.0,SL,0,False,81.536044,1008,1,1
40,S_41___RR_SHO+__RR_SHO+__RR_SHO,SHORT,122992,123072,2026.05.26 15:08,2026.05.26 16:28,50807.61,50786.963392800004,17.6,17.6,1.0,LF,3,True,137.644048,1014,1,1
41,S_42___RR_SHO+__RR_SHO+__RR_SHO,SHORT,123075,123105,2026.05.26 16:31,2026.05.26 17:01,50631.3,50586.3,42.0,42.0,1.0,BE,1,True,150.0,1015,1,1
42,S_43___RR_SHO+__RR_SHO+__RR_SHO,SHORT,123076,123105,2026.05.26 16:32,2026.05.26 17:01,50635.3,50590.3,42.0,42.0,1.0,BE,1,True,150.0,1016,1,1
43,S_44___RR_SHO+__RR_SHO+__RR_SHO,SHORT,123121,123133,2026.05.26 17:17,2026.05.26 17:29,50576.7,50559.424927199994,14.3,14.3,1.0,BE,1,True,115.167152,1018,1,1
44,S_45___RR_SHO+__RR_SHO+__RR_SHO,SHORT,123159,123161,2026.05.26 17:55,2026.05.26 17:57,50501.3,50487.7823006,10.5,10.5,1.0,BE,1,True,90.117996,1019,1,1
46,S_47___RR_SHO+__RR_SHO+__RR_SHO,SHORT,123164,123167,2026.05.26 18:00,2026.05.26 18:03,50501.35,50479.8735868,18.5,18.5,1.0,BE,1,True,143.176088,1021,1,1
45,S_46___RR_SHO+__RR_SHO+__RR_SHO,SHORT,123160,123192,2026.05.26 17:56,2026.05.26 18:28,50484.3,50471.077311600005,10.2,10.2,1.0,BE,2,True,88.151256,1020,1,1
47,S_48___RR_SHO+__RR_SHO+__RR_SHO,SHORT,123200,123293,2026.05.26 18:36,2026.05.26 20:09,50435.3,50423.120144,9.2,9.2,1.0,LF,4,True,81.19904,1022,1,1
48,S_49___RR_SHO+__RR_SHO+__RR_SHO,SHORT,125803,125806,2026.05.28 16:29,2026.05.28 16:32,50497.51,50378.871241600005,115.6,115.6,1.0,LF,11,True,98.865632,1025,1,1
49,S_50___RR_SHO+__RR_SHO+__RR_SHO,SHORT,125804,125806,2026.05.28 16:30,2026.05.28 16:32,50387.7,50342.7,42.0,42.0,1.0,BE,1,True,150.0,1026,1,1
50,S_51___RR_SHO+__RR_SHO+__RR_SHO,SHORT,125805,125818,2026.05.28 16:31,2026.05.28 16:44,50372.7,50522.7,-153.0,-153.0,1.0,SL,0,False,150.0,1027,1,1
51,S_52___RR_SHO+__RR_SHO+__RR_SHO,SHORT,125806,125824,2026.05.28 16:32,2026.05.28 16:50,50417.2,50567.2,-153.0,-153.0,1.0,SL,0,False,150.0,1028,1,1
52,S_53___RR_SHO+__RR_SHO+__RR_SHO,SHORT,128516,128530,2026.06.01 16:12,2026.06.01 16:26,50965.81,50920.81,42.0,42.0,1.0,BE,1,True,150.0,1032,1,1
54,S_55___RR_SHO+__RR_SHO+__RR_SHO,SHORT,128534,128536,2026.06.01 16:30,2026.06.01 16:32,50849.0,50809.0776878,36.9,36.9,1.0,BE,1,True,150.0,1034,1,1
53,S_54___RR_SHO+__RR_SHO+__RR_SHO,SHORT,128517,128538,2026.06.01 16:13,2026.06.01 16:34,50944.81,50899.81,42.0,42.0,1.0,LF,3,True,150.0,1033,1,1
56,S_57___RR_SHO+__RR_SHO+__RR_SHO,SHORT,128537,128541,2026.06.01 16:33,2026.06.01 16:37,50872.0,50840.274094,28.7,28.7,1.0,BE,1,True,150.0,1036,1,1
55,S_56___RR_SHO+__RR_SHO+__RR_SHO,SHORT,128535,128565,2026.06.01 16:31,2026.06.01 17:01,50856.5,51006.5,-153.0,-153.0,1.0,SL,0,False,150.0,1035,1,1
57,S_58___RR_SHO+__RR_SHO+__RR_SHO,SHORT,128541,128565,2026.06.01 16:37,2026.06.01 17:01,50870.5,50984.022522,-116.5,-116.5,1.0,SL,0,False,113.522522,1037,1,1
58,S_59___RR_SHO+__RR_SHO+__RR_SHO,SHORT,128610,128617,2026.06.01 17:46,2026.06.01 17:53,50787.55,50771.616262,12.9,12.9,1.0,BE,1,True,106.22492,1038,1,1
20,L_21___RR_LON+__RR_LON+__RR_LON,LONG,129904,129917,2026.06.02 16:35,2026.06.02 16:48,51232.8,51082.8,-153.0,-153.0,1.0,SL,0,False,150.0,1039,1,1
21,L_22___RR_LON+__RR_LON+__RR_LON,LONG,129994,129996,2026.06.02 18:05,2026.06.02 18:07,51213.35,51231.408127999995,15.1,15.1,1.0,BE,1,True,120.38752,1041,1,1
59,S_60___RR_SHO+__RR_SHO+__RR_SHO,SHORT,131285,131310,2026.06.03 16:51,2026.06.03 17:16,50968.9,50947.7833216,18.1,18.1,1.0,BE,1,True,140.777856,1043,1,1
30,S_31___RR_SHO+__RR_SHO+__RR_SHO,SHORT,131314,131392,2026.06.03 17:20,2026.06.03 18:38,50873.9,50847.9773318,22.9,22.9,1.0,BE,1,True,150.0,1044,1,1
23,L_24___RR_LON+__RR_LON+__RR_LON,LONG,132655,132658,2026.06.04 16:56,2026.06.04 16:59,51435.1,51449.4092302,11.3,11.3,1.0,BE,2,True,95.394868,1047,1,1
25,L_26___RR_LON+__RR_LON+__RR_LON,LONG,132657,132659,2026.06.04 16:58,2026.06.04 17:00,51459.15,51471.618383400004,9.5,9.5,1.0,BE,1,True,41.561278,1049,1,1
26,L_27___RR_LON+__RR_LON+__RR_LON,LONG,132658,132660,2026.06.04 16:59,2026.06.04 17:01,51462.1,51475.4454682,10.3,10.3,1.0,BE,1,True,44.484894,1050,1,1
24,L_25___RR_LON+__RR_LON+__RR_LON,LONG,132656,132661,2026.06.04 16:57,2026.06.04 17:02,51463.6,51481.6128376,30.0,15.0,2.0,BE,1,True,120.085584,1048,1,1
27,L_28___RR_LON+__RR_LON+__RR_LON,LONG,132659,132666,2026.06.04 17:00,2026.06.04 17:07,51476.15,51492.294040400004,13.1,13.1,1.0,BE,1,True,107.626936,1051,1,1
28,L_29___RR_LON+__RR_LON+__RR_LON,LONG,132662,132666,2026.06.04 17:03,2026.06.04 17:07,51469.6,51489.7543006,17.2,17.2,1.0,BE,1,True,134.362004,1052,1,1
29,L_30___RR_LON+__RR_LON+__RR_LON,LONG,132664,132666,2026.06.04 17:05,2026.06.04 17:07,51463.1,51483.4210472,17.3,17.3,1.0,BE,1,True,135.473648,1053,1,1
22,L_23___RR_LON+__RR_LON+__RR_LON,LONG,132650,132671,2026.06.04 16:51,2026.06.04 17:12,51411.1,51437.615654199995,23.5,23.5,1.0,LF,3,True,150.0,1046,1,1
2,L_3___RR_LON+__RR_LON+__RR_LON,LONG,132669,132672,2026.06.04 17:10,2026.06.04 17:13,51477.1,51428.359046,-51.7,-51.7,1.0,SL,0,False,48.740954,1056,1,1
1,L_2___RR_LON+__RR_LON+__RR_LON,LONG,132668,132696,2026.06.04 17:09,2026.06.04 17:37,51473.6,51360.718076,-115.9,-115.9,1.0,SL,0,False,112.881924,1055,1,1
4,L_5___RR_LON+__RR_LON+__RR_LON,LONG,132719,132722,2026.06.04 18:00,2026.06.04 18:03,51479.1,51493.5980778,11.5,11.5,1.0,BE,1,True,96.653852,1057,1,1
5,L_6___RR_LON+__RR_LON+__RR_LON,LONG,132720,132722,2026.06.04 18:01,2026.06.04 18:03,51486.1,51499.5975838,10.5,10.5,1.0,BE,1,True,89.983892,1058,1,1
0,L_1___RR_LON+__RR_LON+__RR_LON,LONG,132665,132726,2026.06.04 17:06,2026.06.04 18:07,51486.1,51510.1287454,21.0,21.0,1.0,BE,1,True,150.0,1054,1,1
6,L_7___RR_LON+__RR_LON+__RR_LON,LONG,132721,132726,2026.06.04 18:02,2026.06.04 18:07,51496.1,51511.0443578,11.9,11.9,1.0,BE,1,True,99.629052,1059,1,1
9,L_10___RR_LON+__RR_LON+__RR_LON,LONG,132729,132731,2026.06.04 18:10,2026.06.04 18:12,51538.1,51550.4291306,9.3,9.3,1.0,BE,1,True,41.097102,1062,1,1
8,L_9___RR_LON+__RR_LON+__RR_LON,LONG,132728,132732,2026.06.04 18:09,2026.06.04 18:13,51541.1,51554.5870082,10.5,10.5,1.0,BE,1,True,44.956694,1061,1,1
7,L_8___RR_LON+__RR_LON+__RR_LON,LONG,132727,132736,2026.06.04 18:08,2026.06.04 18:17,51547.1,51562.793769799995,12.7,12.7,1.0,BE,1,True,104.625132,1060,1,1
10,L_11___RR_LON+__RR_LON+__RR_LON,LONG,132748,132750,2026.06.04 18:29,2026.06.04 18:31,51586.1,51599.0071616,9.9,9.9,1.0,BE,1,True,86.047744,1063,1,1
11,L_12___RR_LON+__RR_LON+__RR_LON,LONG,132750,132790,2026.06.04 18:31,2026.06.04 19:11,51598.1,51612.4500296,11.4,11.4,1.0,BE,1,True,95.666864,1064,1,1
31,S_32___RR_SHO+__RR_SHO+__RR_SHO,SHORT,134001,134004,2026.06.05 16:37,2026.06.05 16:40,51497.7,51471.4615038,23.2,23.2,1.0,BE,1,True,150.0,1065,1,1
32,S_33___RR_SHO+__RR_SHO+__RR_SHO,SHORT,134007,134009,2026.06.05 16:43,2026.06.05 16:45,51398.7,51376.3822818,19.3,19.3,1.0,BE,1,True,148.784788,1066,1,1
33,S_34___RR_SHO+__RR_SHO+__RR_SHO,SHORT,134317,134323,2026.06.05 21:53,2026.06.05 21:59,50935.9,50917.274421400005,15.6,15.6,1.0,BE,1,True,124.170524,1071,1,1
34,S_35___RR_SHO+__RR_SHO+__RR_SHO,SHORT,134321,134325,2026.06.05 21:57,2026.06.05 22:01,50927.4,50898.559623,25.8,25.8,1.0,BE,1,True,150.0,1072,1,1
36,S_37___RR_SHO+__RR_SHO+__RR_SHO,SHORT,134328,134333,2026.06.05 22:04,2026.06.05 22:09,50893.35,50878.9505172,11.4,11.4,1.0,BE,1,True,95.996552,1074,1,1
35,S_36___RR_SHO+__RR_SHO+__RR_SHO,SHORT,134324,134334,2026.06.05 22:00,2026.06.05 22:10,50894.4,50873.0811822,18.3,18.3,1.0,BE,1,True,142.125452,1073,1,1
37,S_38___RR_SHO+__RR_SHO+__RR_SHO,SHORT,134484,134486,2026.06.08 01:55,2026.06.08 01:57,50661.78,50626.1264016,32.7,32.7,1.0,BE,2,True,150.0,1076,1,1
38,S_39___RR_SHO+__RR_SHO+__RR_SHO,SHORT,134639,134712,2026.06.08 04:30,2026.06.08 05:43,50638.91,50788.91,-153.0,-153.0,1.0,SL,0,False,150.0,1077,1,1
43,S_44___RR_SHO+__RR_SHO+__RR_SHO,SHORT,136842,136844,2026.06.09 18:28,2026.06.09 18:30,50530.4,50502.432965600005,25.0,25.0,1.0,BE,2,True,150.0,1087,1,1
44,S_45___RR_SHO+__RR_SHO+__RR_SHO,SHORT,136843,136846,2026.06.09 18:29,2026.06.09 18:32,50475.9,50440.196902200005,32.7,32.7,1.0,BE,1,True,150.0,1088,1,1
45,S_46___RR_SHO+__RR_SHO+__RR_SHO,SHORT,136844,136846,2026.06.09 18:30,2026.06.09 18:32,50487.9,50449.4228076,35.5,35.5,1.0,BE,1,True,128.257308,1089,1,1
42,S_43___RR_SHO+__RR_SHO+__RR_SHO,SHORT,136841,136848,2026.06.09 18:27,2026.06.09 18:34,50567.4,50517.5308188,46.9,46.9,1.0,LF,5,True,150.0,1086,1,1
39,S_40___RR_SHO+__RR_SHO+__RR_SHO,SHORT,136838,136849,2026.06.09 18:24,2026.06.09 18:35,50682.9,50529.200275200004,150.7,150.7,1.0,LF,9,True,150.0,1083,1,1
41,S_42___RR_SHO+__RR_SHO+__RR_SHO,SHORT,136840,136849,2026.06.09 18:26,2026.06.09 18:35,50591.9,50532.7013996,56.2,56.2,1.0,LF,5,True,150.0,1085,1,1
40,S_41___RR_SHO+__RR_SHO+__RR_SHO,SHORT,136839,136854,2026.06.09 18:25,2026.06.09 18:40,50644.9,50540.969104,100.9,100.9,1.0,LF,7,True,150.0,1084,1,1
47,S_48___RR_SHO+__RR_SHO+__RR_SHO,SHORT,136873,136891,2026.06.09 18:59,2026.06.09 19:17,50455.8,50433.3862458,19.4,19.4,1.0,BE,1,True,149.425028,1091,1,1
46,S_47___RR_SHO+__RR_SHO+__RR_SHO,SHORT,136845,136892,2026.06.09 18:31,2026.06.09 19:18,50458.4,50423.173577,32.2,32.2,1.0,BE,1,True,150.0,1090,1,1
48,S_49___RR_SHO+__RR_SHO+__RR_SHO,SHORT,136915,136933,2026.06.09 19:41,2026.06.09 19:59,50224.3,50374.3,-153.0,-153.0,1.0,SL,0,False,150.0,1093,1,1
49,S_50___RR_SHO+__RR_SHO+__RR_SHO,SHORT,138230,138236,2026.06.10 18:51,2026.06.10 18:57,50164.6,50314.6,-153.0,-153.0,1.0,SL,0,False,150.0,1102,1,1
12,L_13___RR_LON+__RR_LON+__RR_LON,LONG,139703,139705,2026.06.11 20:39,2026.06.11 20:41,50693.7,50721.270899999996,24.6,24.6,1.0,BE,1,True,150.0,1121,1,1
13,L_14___RR_LON+__RR_LON+__RR_LON,LONG,139704,139707,2026.06.11 20:40,2026.06.11 20:43,50729.7,50766.466183799996,33.8,33.8,1.0,BE,1,True,150.0,1122,1,1
14,L_15___RR_LON+__RR_LON+__RR_LON,LONG,139705,139708,2026.06.11 20:41,2026.06.11 20:44,50762.2,50794.4637226,29.3,29.3,1.0,BE,1,True,150.0,1123,1,1
15,L_16___RR_LON+__RR_LON+__RR_LON,LONG,139706,139709,2026.06.11 20:42,2026.06.11 20:45,50775.7,50803.094413,24.4,24.4,1.0,BE,1,True,150.0,1124,1,1
16,L_17___RR_LON+__RR_LON+__RR_LON,LONG,139707,139709,2026.06.11 20:43,2026.06.11 20:45,50787.2,50809.7765696,19.6,19.6,1.0,BE,1,True,150.0,1125,1,1
17,L_18___RR_LON+__RR_LON+__RR_LON,LONG,139708,139711,2026.06.11 20:44,2026.06.11 20:47,50792.7,50718.707817999995,-154.0,-77.0,2.0,SL,0,False,73.992182,1126,1,1
18,L_19___RR_LON+__RR_LON+__RR_LON,LONG,139739,139742,2026.06.11 21:15,2026.06.11 21:18,50718.7,50744.677043799995,23.0,23.0,1.0,BE,1,True,150.0,1128,1,1
19,L_20___RR_LON+__RR_LON+__RR_LON,LONG,139743,139772,2026.06.11 21:19,2026.06.11 21:48,50740.2,50760.268966799995,17.1,17.1,1.0,BE,1,True,133.793112,1129,1,1
20,L_21___RR_LON+__RR_LON+__RR_LON,LONG,140909,140934,2026.06.12 18:00,2026.06.12 18:25,51377.5,51408.9298762,28.4,28.4,1.0,BE,1,True,150.0,1132,1,1
21,L_22___RR_LON+__RR_LON+__RR_LON,LONG,140914,140936,2026.06.12 18:05,2026.06.12 18:27,51353.5,51375.352807,18.9,18.9,1.0,BE,2,True,145.68538,1133,1,1
23,L_24___RR_LON+__RR_LON+__RR_LON,LONG,143553,143573,2026.06.16 16:34,2026.06.16 16:54,52092.7,51942.7,-306.0,-153.0,2.0,SL,0,False,150.0,1140,1,1
22,L_23___RR_LON+__RR_LON+__RR_LON,LONG,143552,143574,2026.06.16 16:33,2026.06.16 16:55,52081.7,51931.7,-306.0,-153.0,2.0,SL,0,False,150.0,1139,1,1
50,S_51___RR_SHO+__RR_SHO+__RR_SHO,SHORT,145184,145187,2026.06.17 21:00,2026.06.17 21:03,51986.56,51941.56,84.0,42.0,2.0,BE,1,True,150.0,1142,1,1
53,S_54___RR_SHO+__RR_SHO+__RR_SHO,SHORT,145188,145190,2026.06.17 21:04,2026.06.17 21:06,51847.8,51802.8,42.0,42.0,1.0,BE,1,True,150.0,1145,1,1
51,S_52___RR_SHO+__RR_SHO+__RR_SHO,SHORT,145186,145191,2026.06.17 21:02,2026.06.17 21:07,51931.8,51886.8,42.0,42.0,1.0,LF,3,True,150.0,1143,1,1
52,S_53___RR_SHO+__RR_SHO+__RR_SHO,SHORT,145187,145191,2026.06.17 21:03,2026.06.17 21:07,51930.8,51885.8,42.0,42.0,1.0,LF,3,True,150.0,1144,1,1
54,S_55___RR_SHO+__RR_SHO+__RR_SHO,SHORT,145189,145193,2026.06.17 21:05,2026.06.17 21:09,51786.8,51936.8,-153.0,-153.0,1.0,SL,0,False,150.0,1146,1,1
55,S_56___RR_SHO+__RR_SHO+__RR_SHO,SHORT,145190,145200,2026.06.17 21:06,2026.06.17 21:16,51852.3,51999.510574,-150.2,-150.2,1.0,SL,0,False,147.210574,1147,1,1
56,S_57___RR_SHO+__RR_SHO+__RR_SHO,SHORT,145214,145216,2026.06.17 21:30,2026.06.17 21:32,51886.8,52022.810232,-139.0,-139.0,1.0,SL,0,False,136.010232,1148,1,1
57,S_58___RR_SHO+__RR_SHO+__RR_SHO,SHORT,145254,145256,2026.06.17 22:10,2026.06.17 22:12,51801.3,51773.6688432,24.6,24.6,1.0,BE,1,True,150.0,1149,1,1
58,S_59___RR_SHO+__RR_SHO+__RR_SHO,SHORT,145255,145263,2026.06.17 22:11,2026.06.17 22:19,51756.3,51726.1818348,27.1,27.1,1.0,BE,1,True,150.0,1150,1,1
59,S_60___RR_SHO+__RR_SHO+__RR_SHO,SHORT,145261,145263,2026.06.17 22:17,2026.06.17 22:19,51773.3,51742.710528200005,27.6,27.6,1.0,BE,1,True,150.0,1151,1,1
32,S_33___RR_SHO+__RR_SHO+__RR_SHO,SHORT,145264,145266,2026.06.17 22:20,2026.06.17 22:22,51646.3,51610.9131676,32.4,32.4,1.0,BE,1,True,150.0,1154,1,1
33,S_34___RR_SHO+__RR_SHO+__RR_SHO,SHORT,145266,145268,2026.06.17 22:22,2026.06.17 22:24,51625.8,51594.7381236,28.1,28.1,1.0,BE,1,True,103.539588,1155,1,1
34,S_35___RR_SHO+__RR_SHO+__RR_SHO,SHORT,145268,145275,2026.06.17 22:24,2026.06.17 22:31,51563.3,51532.2581816,28.0,28.0,1.0,BE,1,True,150.0,1156,1,1
35,S_36___RR_SHO+__RR_SHO+__RR_SHO,SHORT,145276,145289,2026.06.17 22:32,2026.06.17 22:45,51486.8,51458.7885992,25.0,25.0,1.0,LF,3,True,150.0,1157,1,1
30,S_31___RR_SHO+__RR_SHO+__RR_SHO,SHORT,145262,145290,2026.06.17 22:18,2026.06.17 22:46,51726.3,51480.367488,242.9,242.9,1.0,LF,11,True,150.0,1152,1,1
31,S_32___RR_SHO+__RR_SHO+__RR_SHO,SHORT,145263,145290,2026.06.17 22:19,2026.06.17 22:46,51712.3,51489.081640000004,220.2,220.2,1.0,LF,11,True,150.0,1153,1,1
36,S_37___RR_SHO+__RR_SHO+__RR_SHO,SHORT,145282,145324,2026.06.17 22:38,2026.06.17 23:20,51415.3,51565.3,-153.0,-153.0,1.0,SL,0,False,150.0,1158,1,1
37,S_38___RR_SHO+__RR_SHO+__RR_SHO,SHORT,146324,146332,2026.06.18 17:15,2026.06.18 17:23,51572.3,51722.3,-153.0,-153.0,1.0,SL,0,False,150.0,1161,1,1
38,S_39___RR_SHO+__RR_SHO+__RR_SHO,SHORT,146407,146504,2026.06.18 18:38,2026.06.18 20:15,51588.35,51730.854144,-145.5,-145.5,1.0,SL,0,False,142.504144,1165,1,1
40,S_41___RR_SHO+__RR_SHO+__RR_SHO,SHORT,147860,147863,2026.06.22 01:11,2026.06.22 01:14,51360.53,51345.729044,11.8,11.8,1.0,BE,2,True,98.67304,1169,1,1
39,S_40___RR_SHO+__RR_SHO+__RR_SHO,SHORT,147857,147867,2026.06.22 01:08,2026.06.22 01:18,51415.75,51357.4140088,55.3,55.3,1.0,LF,7,True,97.226652,1168,1,1
41,S_42___RR_SHO+__RR_SHO+__RR_SHO,SHORT,147864,147984,2026.06.22 01:15,2026.06.22 03:15,51318.03,51463.273916,-148.2,-148.2,1.0,SL,0,False,145.243916,1170,1,1
25,L_26___RR_LON+__RR_LON+__RR_LON,LONG,148824,148838,2026.06.22 17:15,2026.06.22 17:29,51863.0,51757.35504,-108.6,-108.6,1.0,SL,0,False,105.64496,1173,1,1
24,L_25___RR_LON+__RR_LON+__RR_LON,LONG,148780,148839,2026.06.22 16:31,2026.06.22 17:30,51875.5,51725.5,-153.0,-153.0,1.0,SL,0,False,150.0,1172,1,1
42,S_43___RR_SHO+__RR_SHO+__RR_SHO,SHORT,150149,150154,2026.06.23 16:35,2026.06.23 16:40,51299.3,51449.3,-153.0,-153.0,1.0,SL,0,False,150.0,1175,1,1
43,S_44___RR_SHO+__RR_SHO+__RR_SHO,SHORT,150150,150155,2026.06.23 16:36,2026.06.23 16:41,51312.8,51462.8,-153.0,-153.0,1.0,SL,0,False,150.0,1176,1,1
26,L_27___RR_LON+__RR_LON+__RR_LON,LONG,150164,150170,2026.06.23 16:50,2026.06.23 16:56,51675.8,51525.8,-153.0,-153.0,1.0,SL,0,False,150.0,1177,1,1
27,L_28___RR_LON+__RR_LON+__RR_LON,LONG,150190,150194,2026.06.23 17:16,2026.06.23 17:20,51754.35,51781.1701254,23.8,23.8,1.0,BE,1,True,150.0,1178,1,1
28,L_29___RR_LON+__RR_LON+__RR_LON,LONG,150192,150194,2026.06.23 17:18,2026.06.23 17:20,51758.35,51775.2918016,13.9,13.9,1.0,BE,1,True,112.945344,1179,1,1
29,L_30___RR_LON+__RR_LON+__RR_LON,LONG,150193,150258,2026.06.23 17:19,2026.06.23 18:24,51783.35,51634.376752,-152.0,-152.0,1.0,SL,0,False,148.973248,1180,1,1
0,L_1___RR_LON+__RR_LON+__RR_LON,LONG,151566,151572,2026.06.24 17:27,2026.06.24 17:33,51900.9,51923.55999,39.3,19.7,2.0,BE,1,True,150.0,1186,1,1
1,L_2___RR_LON+__RR_LON+__RR_LON,LONG,151569,151572,2026.06.24 17:30,2026.06.24 17:33,51904.4,51921.4160102,14.0,14.0,1.0,BE,1,True,113.440068,1187,1,1
2,L_3___RR_LON+__RR_LON+__RR_LON,LONG,151583,151587,2026.06.24 17:44,2026.06.24 17:48,51958.45,51989.9257246,28.5,28.5,1.0,BE,1,True,150.0,1188,1,1
3,L_4___RR_LON+__RR_LON+__RR_LON,LONG,151585,151590,2026.06.24 17:46,2026.06.24 17:51,52000.45,52026.3804082,22.9,22.9,1.0,BE,1,True,150.0,1189,1,1
4,L_5___RR_LON+__RR_LON+__RR_LON,LONG,151589,151592,2026.06.24 17:50,2026.06.24 17:53,52015.45,52038.285078999994,19.8,19.8,1.0,BE,1,True,150.0,1190,1,1
9,L_10___RR_LON+__RR_LON+__RR_LON,LONG,151596,151599,2026.06.24 17:57,2026.06.24 18:00,52090.45,52104.278647,10.8,10.8,1.0,BE,1,True,92.19098,1195,1,1
10,L_11___RR_LON+__RR_LON+__RR_LON,LONG,151600,151607,2026.06.24 18:01,2026.06.24 18:08,52116.45,52130.0099448,10.6,10.6,1.0,BE,1,True,90.399632,1196,1,1
6,L_7___RR_LON+__RR_LON+__RR_LON,LONG,151591,151608,2026.06.24 17:52,2026.06.24 18:09,52037.4,52092.358923,52.0,52.0,1.0,LF,5,True,61.06547,1192,1,1
7,L_8___RR_LON+__RR_LON+__RR_LON,LONG,151592,151608,2026.06.24 17:53,2026.06.24 18:09,52046.4,52096.5337632,47.1,47.1,1.0,LF,7,True,83.556272,1193,1,1
8,L_9___RR_LON+__RR_LON+__RR_LON,LONG,151595,151608,2026.06.24 17:56,2026.06.24 18:09,52077.9,52095.2682576,28.7,14.4,2.0,LF,3,True,115.788384,1194,1,1
11,L_12___RR_LON+__RR_LON+__RR_LON,LONG,151605,151616,2026.06.24 18:06,2026.06.24 18:17,52124.45,52138.7891138,11.3,11.3,1.0,BE,1,True,95.594092,1197,1,1
13,L_14___RR_LON+__RR_LON+__RR_LON,LONG,151615,151617,2026.06.24 18:16,2026.06.24 18:18,52139.45,52155.636728,13.2,13.2,1.0,BE,2,True,107.91152,1199,1,1
14,L_15___RR_LON+__RR_LON+__RR_LON,LONG,151616,151619,2026.06.24 18:17,2026.06.24 18:20,52167.45,52186.498124399994,32.1,16.0,2.0,BE,1,True,126.987496,1200,1,1
15,L_16___RR_LON+__RR_LON+__RR_LON,LONG,151617,151619,2026.06.24 18:18,2026.06.24 18:20,52165.95,52180.29647759999,22.7,11.3,2.0,BE,1,True,47.821592,1201,1,1
16,L_17___RR_LON+__RR_LON+__RR_LON,LONG,151618,151621,2026.06.24 18:19,2026.06.24 18:22,52187.45,52203.292766,12.8,12.8,1.0,BE,1,True,105.61844,1202,1,1
17,L_18___RR_LON+__RR_LON+__RR_LON,LONG,151619,151621,2026.06.24 18:20,2026.06.24 18:22,52190.45,52202.6474696,9.2,9.2,1.0,BE,1,True,40.658232,1203,1,1
18,L_19___RR_LON+__RR_LON+__RR_LON,LONG,151620,151622,2026.06.24 18:21,2026.06.24 18:23,52195.95,52208.060496599996,9.1,9.1,1.0,BE,1,True,40.368322,1204,1,1
20,L_21___RR_LON+__RR_LON+__RR_LON,LONG,151622,151626,2026.06.24 18:23,2026.06.24 18:27,52204.95,52219.2702642,11.3,11.3,1.0,BE,1,True,47.734214,1206,1,1
23,L_24___RR_LON+__RR_LON+__RR_LON,LONG,151625,151627,2026.06.24 18:26,2026.06.24 18:28,52219.9,52238.908639,16.0,16.0,1.0,BE,1,True,126.72426,1207,1,1
24,L_25___RR_LON+__RR_LON+__RR_LON,LONG,151626,151629,2026.06.24 18:27,2026.06.24 18:30,52247.4,52267.368486,17.0,17.0,1.0,BE,1,True,133.12324,1208,1,1
26,L_27___RR_LON+__RR_LON+__RR_LON,LONG,151631,151634,2026.06.24 18:32,2026.06.24 18:35,52245.45,52258.2562416,9.8,9.8,1.0,BE,1,True,42.687472,1210,1,1
12,L_13___RR_LON+__RR_LON+__RR_LON,LONG,151614,151638,2026.06.24 18:15,2026.06.24 18:39,52113.95,52228.12042879999,111.2,111.2,1.0,LF,12,True,84.570688,1198,1,1
19,L_20___RR_LON+__RR_LON+__RR_LON,LONG,151621,151638,2026.06.24 18:22,2026.06.24 18:39,52204.45,52230.5012344,23.1,23.1,1.0,LF,5,True,86.837448,1205,1,1
5,L_6___RR_LON+__RR_LON+__RR_LON,LONG,151590,151643,2026.06.24 17:51,2026.06.24 18:44,52032.4,52199.506307200005,164.1,164.1,1.0,LF,11,True,139.255256,1191,1,1
27,L_28___RR_LON+__RR_LON+__RR_LON,LONG,151633,151646,2026.06.24 18:34,2026.06.24 18:47,52250.45,52163.927447999995,-89.5,-89.5,1.0,SL,0,False,86.522552,1211,1,1
25,L_26___RR_LON+__RR_LON+__RR_LON,LONG,151628,151699,2026.06.24 18:29,2026.06.24 19:40,52268.9,52118.9,-153.0,-153.0,1.0,SL,0,False,150.0,1209,1,1
28,L_29___RR_LON+__RR_LON+__RR_LON,LONG,151809,151811,2026.06.24 21:30,2026.06.24 21:32,51969.85,51984.8975992,12.0,12.0,1.0,BE,1,True,100.317328,1217,1,1
29,L_30___RR_LON+__RR_LON+__RR_LON,LONG,152874,152889,2026.06.25 16:30,2026.06.25 16:45,52236.7,52086.7,-153.0,-153.0,1.0,SL,0,False,150.0,1221,1,1
0,L_1___RR_LON+__RR_LON+__RR_LON,LONG,152880,152889,2026.06.25 16:36,2026.06.25 16:45,52216.2,52066.2,-153.0,-153.0,1.0,SL,0,False,150.0,1222,1,1
1,L_2___RR_LON+__RR_LON+__RR_LON,LONG,152913,152915,2026.06.25 17:09,2026.06.25 17:11,52402.2,52432.976286,27.8,27.8,1.0,BE,1,True,150.0,1224,1,1
3,L_4___RR_LON+__RR_LON+__RR_LON,LONG,152917,152920,2026.06.25 17:13,2026.06.25 17:16,52427.2,52448.9436496,18.7,18.7,1.0,BE,1,True,72.478832,1226,1,1
4,L_5___RR_LON+__RR_LON+__RR_LON,LONG,152918,152920,2026.06.25 17:14,2026.06.25 17:16,52408.2,52428.5655822,17.4,17.4,1.0,BE,2,True,67.885274,1227,1,1
7,L_8___RR_LON+__RR_LON+__RR_LON,LONG,152923,152925,2026.06.25 17:19,2026.06.25 17:21,52566.7,52611.7,84.0,42.0,2.0,BE,1,True,150.0,1230,1,1
9,L_10___RR_LON+__RR_LON+__RR_LON,LONG,152926,152930,2026.06.25 17:22,2026.06.25 17:26,52565.2,52587.62455,38.8,19.4,2.0,BE,1,True,74.7485,1232,1,1
10,L_11___RR_LON+__RR_LON+__RR_LON,LONG,152927,152930,2026.06.25 17:23,2026.06.25 17:26,52569.7,52590.4436116,35.5,17.7,2.0,BE,1,True,69.145372,1233,1,1
11,L_12___RR_LON+__RR_LON+__RR_LON,LONG,152928,152930,2026.06.25 17:24,2026.06.25 17:26,52564.2,52580.477487599994,26.6,13.3,2.0,BE,1,True,54.258292,1234,1,1
12,L_13___RR_LON+__RR_LON+__RR_LON,LONG,152929,152931,2026.06.25 17:25,2026.06.25 17:27,52581.2,52596.343921399995,12.1,12.1,1.0,BE,2,True,100.959476,1235,1,1
13,L_14___RR_LON+__RR_LON+__RR_LON,LONG,152930,152932,2026.06.25 17:26,2026.06.25 17:28,52605.2,52626.3083372,36.2,18.1,2.0,BE,1,True,140.722248,1236,1,1
8,L_9___RR_LON+__RR_LON+__RR_LON,LONG,152924,152936,2026.06.25 17:20,2026.06.25 17:32,52587.7,52629.991778799995,39.3,39.3,1.0,BE,1,True,150.0,1231,1,1
15,L_16___RR_LON+__RR_LON+__RR_LON,LONG,152932,152936,2026.06.25 17:28,2026.06.25 17:32,52612.2,52633.1077524,17.9,17.9,1.0,BE,1,True,139.385016,1237,1,1
17,L_18___RR_LON+__RR_LON+__RR_LON,LONG,152934,152936,2026.06.25 17:30,2026.06.25 17:32,52602.2,52620.6709364,15.5,15.5,1.0,BE,2,True,61.569788,1238,1,1
18,L_19___RR_LON+__RR_LON+__RR_LON,LONG,152935,152937,2026.06.25 17:31,2026.06.25 17:33,52622.2,52643.306186199996,18.1,18.1,1.0,BE,1,True,140.707908,1239,1,1
19,L_20___RR_LON+__RR_LON+__RR_LON,LONG,152936,152938,2026.06.25 17:32,2026.06.25 17:34,52642.2,52665.7228398,20.5,20.5,1.0,BE,1,True,150.0,1240,1,1
20,L_21___RR_LON+__RR_LON+__RR_LON,LONG,152938,152941,2026.06.25 17:34,2026.06.25 17:37,52634.7,52656.3251016,18.6,18.6,1.0,BE,1,True,144.167344,1241,1,1
23,L_24___RR_LON+__RR_LON+__RR_LON,LONG,152942,152944,2026.06.25 17:38,2026.06.25 17:40,52622.2,52645.1911822,20.0,20.0,1.0,BE,1,True,76.637274,1243,1,1
2,L_3___RR_LON+__RR_LON+__RR_LON,LONG,152916,152945,2026.06.25 17:12,2026.06.25 17:41,52438.2,52598.190768,157.0,157.0,1.0,LF,10,True,150.0,1225,1,1
5,L_6___RR_LON+__RR_LON+__RR_LON,LONG,152921,152945,2026.06.25 17:17,2026.06.25 17:41,52446.2,52588.642232,139.4,139.4,1.0,LF,8,True,150.0,1228,1,1
6,L_7___RR_LON+__RR_LON+__RR_LON,LONG,152922,152947,2026.06.25 17:18,2026.06.25 17:43,52498.2,52564.7496168,63.5,63.5,1.0,LF,5,True,150.0,1229,1,1
24,L_25___RR_LON+__RR_LON+__RR_LON,LONG,152943,152959,2026.06.25 17:39,2026.06.25 17:55,52634.7,52654.7689026,17.1,17.1,1.0,BE,1,True,133.792684,1244,1,1
25,L_26___RR_LON+__RR_LON+__RR_LON,LONG,152952,152960,2026.06.25 17:48,2026.06.25 17:56,52581.2,52598.98113199999,14.8,14.8,1.0,LF,4,True,118.54088,1245,1,1
22,L_23___RR_LON+__RR_LON+__RR_LON,LONG,152940,152963,2026.06.25 17:36,2026.06.25 17:59,52652.7,52502.7,-153.0,-153.0,1.0,SL,0,False,150.0,1242,1,1
44,S_45___RR_SHO+__RR_SHO+__RR_SHO,SHORT,154250,154255,2026.06.26 16:41,2026.06.26 16:46,51642.4,51610.3927408,29.0,29.0,1.0,BE,1,True,150.0,1256,1,1
27,L_28___RR_LON+__RR_LON+__RR_LON,LONG,158377,158379,2026.07.01 17:13,2026.07.01 17:15,52402.05,52422.627389400004,17.6,17.6,1.0,BE,1,True,137.182596,1270,1,1
26,L_27___RR_LON+__RR_LON+__RR_LON,LONG,158372,158381,2026.07.01 17:08,2026.07.01 17:17,52367.05,52391.225249200004,21.2,21.2,1.0,BE,2,True,150.0,1269,1,1
0,L_1___RR_LON+__RR_LON+__RR_LON,LONG,158391,158403,2026.07.01 17:27,2026.07.01 17:39,52398.05,52411.382670800005,10.3,10.3,1.0,BE,2,True,88.884472,1273,1,1
28,L_29___RR_LON+__RR_LON+__RR_LON,LONG,158378,158430,2026.07.01 17:14,2026.07.01 18:06,52426.05,52448.6748978,19.6,19.6,1.0,BE,1,True,150.0,1271,1,1
29,L_30___RR_LON+__RR_LON+__RR_LON,LONG,158384,158432,2026.07.01 17:20,2026.07.01 18:08,52416.1,52439.2272256,40.3,20.1,2.0,BE,2,True,150.0,1272,1,1
1,L_2___RR_LON+__RR_LON+__RR_LON,LONG,158489,158494,2026.07.01 19:05,2026.07.01 19:10,52663.1,52676.0881784,10.0,10.0,1.0,BE,1,True,86.587856,1274,1,1
2,L_3___RR_LON+__RR_LON+__RR_LON,LONG,158498,158519,2026.07.01 19:14,2026.07.01 19:35,52725.1,52642.873503999996,-170.5,-85.2,2.0,SL,0,False,82.226496,1275,1,1
3,L_4___RR_LON+__RR_LON+__RR_LON,LONG,159714,159717,2026.07.02 16:46,2026.07.02 16:49,52724.0,52747.993196,21.0,21.0,1.0,BE,1,True,150.0,1276,1,1
4,L_5___RR_LON+__RR_LON+__RR_LON,LONG,159716,159720,2026.07.02 16:48,2026.07.02 16:52,52757.5,52775.755597,15.3,15.3,1.0,BE,1,True,121.70398,1277,1,1
5,L_6___RR_LON+__RR_LON+__RR_LON,LONG,159718,159720,2026.07.02 16:50,2026.07.02 16:52,52752.5,52773.4050032,17.9,17.9,1.0,BE,1,True,139.366688,1278,1,1
6,L_7___RR_LON+__RR_LON+__RR_LON,LONG,159720,159729,2026.07.02 16:52,2026.07.02 17:01,52778.0,52628.0,-153.0,-153.0,1.0,SL,0,False,150.0,1279,1,1
7,L_8___RR_LON+__RR_LON+__RR_LON,LONG,159742,159747,2026.07.02 17:14,2026.07.02 17:19,52754.0,52770.7621496,13.8,13.8,1.0,BE,2,True,111.747664,1280,1,1
8,L_9___RR_LON+__RR_LON+__RR_LON,LONG,159746,159755,2026.07.02 17:18,2026.07.02 17:27,52782.5,52632.5,-153.0,-153.0,1.0,SL,0,False,150.0,1281,1,1
9,L_10___RR_LON+__RR_LON+__RR_LON,LONG,160078,160080,2026.07.02 22:50,2026.07.02 22:52,52748.5,52765.4641354,14.0,14.0,1.0,BE,1,True,113.094236,1285,1,1
10,L_11___RR_LON+__RR_LON+__RR_LON,LONG,160080,160083,2026.07.02 22:52,2026.07.02 22:55,52778.45,52791.3498854,19.8,9.9,2.0,BE,2,True,85.999236,1286,1,1
11,L_12___RR_LON+__RR_LON+__RR_LON,LONG,160081,160083,2026.07.02 22:53,2026.07.02 22:55,52785.45,52797.5426238,9.1,9.1,1.0,BE,1,True,80.617492,1287,1,1
13,L_14___RR_LON+__RR_LON+__RR_LON,LONG,160083,160086,2026.07.02 22:55,2026.07.02 22:58,52820.5,52839.3350086,31.7,15.8,2.0,BE,2,True,125.566724,1289,1,1
14,L_15___RR_LON+__RR_LON+__RR_LON,LONG,160084,160086,2026.07.02 22:56,2026.07.02 22:58,52824.5,52839.1777238,11.7,11.7,1.0,BE,2,True,48.925746,1290,1,1
12,L_13___RR_LON+__RR_LON+__RR_LON,LONG,160082,160088,2026.07.02 22:54,2026.07.02 23:00,52798.45,52825.236625599995,23.8,23.8,1.0,LF,5,True,89.288752,1288,1,1
15,L_16___RR_LON+__RR_LON+__RR_LON,LONG,160085,160088,2026.07.02 22:57,2026.07.02 23:00,52851.5,52870.1740742,15.7,15.7,1.0,BE,1,True,124.493828,1291,1,1
45,S_46___RR_SHO+__RR_SHO+__RR_SHO,SHORT,162109,162179,2026.07.06 15:01,2026.07.06 16:11,52777.96,52763.2589074,11.7,11.7,1.0,BE,1,True,98.007284,1292,1,1
46,S_47___RR_SHO+__RR_SHO+__RR_SHO,SHORT,162220,162222,2026.07.06 16:52,2026.07.06 16:54,52799.65,52770.018284800004,26.6,26.6,1.0,BE,2,True,150.0,1293,1,1
47,S_48___RR_SHO+__RR_SHO+__RR_SHO,SHORT,162237,162242,2026.07.06 17:09,2026.07.06 17:14,52645.15,52730.918696,-88.8,-88.8,1.0,SL,0,False,85.768696,1295,1,1
48,S_49___RR_SHO+__RR_SHO+__RR_SHO,SHORT,163602,163608,2026.07.07 17:10,2026.07.07 17:16,52990.0,52970.3462704,16.7,16.7,1.0,LF,3,True,131.024864,1298,1,1
49,S_50___RR_SHO+__RR_SHO+__RR_SHO,SHORT,163604,163610,2026.07.07 17:12,2026.07.07 17:18,52998.5,52981.9040678,13.6,13.6,1.0,LF,4,True,110.639548,1299,1,1
51,S_52___RR_SHO+__RR_SHO+__RR_SHO,SHORT,163608,163612,2026.07.07 17:16,2026.07.07 17:20,52960.95,53046.929262,-89.0,-89.0,1.0,SL,0,False,85.979262,1301,1,1
52,S_53___RR_SHO+__RR_SHO+__RR_SHO,SHORT,163625,163627,2026.07.07 17:33,2026.07.07 17:35,52959.0,52941.0731742,14.9,14.9,1.0,BE,1,True,119.512172,1302,1,1
50,S_51___RR_SHO+__RR_SHO+__RR_SHO,SHORT,163606,163632,2026.07.07 17:14,2026.07.07 17:40,52940.95,52905.1865548,32.8,32.8,1.0,BE,1,True,150.0,1300,1,1
53,S_54___RR_SHO+__RR_SHO+__RR_SHO,SHORT,163630,163633,2026.07.07 17:38,2026.07.07 17:41,52917.0,52900.089042,13.9,13.9,1.0,BE,1,True,112.73972,1303,1,1
54,S_55___RR_SHO+__RR_SHO+__RR_SHO,SHORT,163635,163650,2026.07.07 17:43,2026.07.07 17:58,52907.5,52890.6716086,13.8,13.8,1.0,BE,1,True,112.189276,1305,1,1
56,S_57___RR_SHO+__RR_SHO+__RR_SHO,SHORT,163666,163668,2026.07.07 18:14,2026.07.07 18:16,52780.0,52765.0108606,12.0,12.0,1.0,BE,1,True,99.927596,1307,1,1
55,S_56___RR_SHO+__RR_SHO+__RR_SHO,SHORT,163640,163673,2026.07.07 17:48,2026.07.07 18:21,52896.95,52830.390465799996,63.6,63.6,1.0,LF,6,True,147.910076,1306,1,1
57,S_58___RR_SHO+__RR_SHO+__RR_SHO,SHORT,164623,164625,2026.07.08 11:26,2026.07.08 11:28,52459.76,52445.6739698,11.1,11.1,1.0,BE,2,True,46.953434,1308,1,1
59,S_60___RR_SHO+__RR_SHO+__RR_SHO,SHORT,164626,164628,2026.07.08 11:29,2026.07.08 11:31,52395.26,52370.8946804,21.4,21.4,1.0,BE,1,True,150.0,1310,1,1
30,S_31___RR_SHO+__RR_SHO+__RR_SHO,SHORT,164632,164638,2026.07.08 11:35,2026.07.08 11:41,52306.26,52275.376219800004,27.9,27.9,1.0,BE,1,True,150.0,1311,1,1
58,S_59___RR_SHO+__RR_SHO+__RR_SHO,SHORT,164624,164643,2026.07.08 11:27,2026.07.08 11:46,52438.26,52324.8886692,110.4,110.4,1.0,LF,10,True,107.972696,1309,1,1
31,S_32___RR_SHO+__RR_SHO+__RR_SHO,SHORT,165005,165007,2026.07.08 17:48,2026.07.08 17:50,52184.3,52169.203174400005,12.1,12.1,1.0,BE,2,True,100.645504,1315,1,1
32,S_33___RR_SHO+__RR_SHO+__RR_SHO,SHORT,165006,165008,2026.07.08 17:49,2026.07.08 17:51,52156.25,52138.0461662,15.2,15.2,1.0,BE,1,True,121.358892,1316,1,1
33,S_34___RR_SHO+__RR_SHO+__RR_SHO,SHORT,167701,167703,2026.07.10 17:14,2026.07.10 17:16,52439.9,52426.510068200005,10.4,10.4,1.0,BE,1,True,89.266212,1321,1,1
34,S_35___RR_SHO+__RR_SHO+__RR_SHO,SHORT,167719,167721,2026.07.10 17:32,2026.07.10 17:34,52320.45,52275.45,42.0,42.0,1.0,BE,2,True,150.0,1322,1,1
35,S_36___RR_SHO+__RR_SHO+__RR_SHO,SHORT,168097,168282,2026.07.13 01:05,2026.07.13 04:10,52525.05,52480.05,42.0,42.0,1.0,BE,1,True,150.0,1324,1,1
16,L_17___RR_LON+__RR_LON+__RR_LON,LONG,169022,169024,2026.07.13 16:30,2026.07.13 16:32,52717.85,52759.459191199996,38.6,38.6,1.0,BE,1,True,150.0,1325,1,1
36,S_37___RR_SHO+__RR_SHO+__RR_SHO,SHORT,170237,170240,2026.07.14 14:00,2026.07.14 14:03,52177.66,52132.66,42.0,42.0,1.0,BE,1,True,150.0,1329,1,1
37,S_38___RR_SHO+__RR_SHO+__RR_SHO,SHORT,170238,170240,2026.07.14 14:01,2026.07.14 14:03,52172.16,52127.16,42.0,42.0,1.0,BE,1,True,150.0,1330,1,1
38,S_39___RR_SHO+__RR_SHO+__RR_SHO,SHORT,170245,170248,2026.07.14 14:08,2026.07.14 14:11,52041.66,52022.651181600006,16.0,16.0,1.0,BE,1,True,63.362728,1331,1,1
39,S_40___RR_SHO+__RR_SHO+__RR_SHO,SHORT,170247,170261,2026.07.14 14:10,2026.07.14 14:24,52010.16,52104.422208,-97.3,-97.3,1.0,SL,0,False,94.262208,1332,1,1
17,L_18___RR_LON+__RR_LON+__RR_LON,LONG,170327,170331,2026.07.14 15:30,2026.07.14 15:34,52629.16,52479.16,-153.0,-153.0,1.0,SL,0,False,150.0,1333,1,1
18,L_19___RR_LON+__RR_LON+__RR_LON,LONG,171758,171760,2026.07.15 16:36,2026.07.15 16:38,52774.45,52819.45,42.0,42.0,1.0,BE,1,True,150.0,1337,1,1
40,S_41___RR_SHO+__RR_SHO+__RR_SHO,SHORT,174480,174482,2026.07.17 16:29,2026.07.17 16:31,52001.26,51964.25692,34.0,34.0,1.0,BE,1,True,150.0,1343,1,1
19,L_20___RR_LON+__RR_LON+__RR_LON,LONG,174498,174518,2026.07.17 16:47,2026.07.17 17:07,52474.45,52513.102914999996,35.7,35.7,1.0,BE,1,True,150.0,1345,1,1
20,L_21___RR_LON+__RR_LON+__RR_LON,LONG,174523,174527,2026.07.17 17:12,2026.07.17 17:16,52553.15,52572.541610600005,16.4,16.4,1.0,BE,2,True,129.277404,1346,1,1
21,L_22___RR_LON+__RR_LON+__RR_LON,LONG,174524,174527,2026.07.17 17:13,2026.07.17 17:16,52552.15,52570.9768696,15.8,15.8,1.0,BE,2,True,62.756232,1347,1,1
22,L_23___RR_LON+__RR_LON+__RR_LON,LONG,174526,174573,2026.07.17 17:15,2026.07.17 18:02,52588.15,52438.15,-153.0,-153.0,1.0,SL,0,False,150.0,1348,1,1
41,S_42___RR_SHO+__RR_SHO+__RR_SHO,SHORT,175885,175887,2026.07.20 17:09,2026.07.20 17:11,52044.8,52030.761242600005,11.0,11.0,1.0,BE,1,True,93.591716,1353,1,1
42,S_43___RR_SHO+__RR_SHO+__RR_SHO,SHORT,175895,175897,2026.07.20 17:19,2026.07.20 17:21,52032.8,52019.3057972,10.5,10.5,1.0,LF,3,True,89.961352,1354,1,1
43,S_44___RR_SHO+__RR_SHO+__RR_SHO,SHORT,175896,175910,2026.07.20 17:20,2026.07.20 17:34,52008.3,51988.0810434,17.2,17.2,1.0,BE,1,True,134.793044,1355,1,1
44,S_45___RR_SHO+__RR_SHO+__RR_SHO,SHORT,175908,175911,2026.07.20 17:32,2026.07.20 17:35,52001.75,51980.7049514,18.0,18.0,1.0,BE,1,True,140.300324,1356,1,1
